key,place,form,script,searchable,caution,names_n_places
pl-915090919,"""Gymnasium"" at Eleusis","""Gymnasium"" at Eleusis",latin,yes,,1
pl-720770008,"""Mithraeum"" at Eleusis","""Mithraeum"" at Eleusis",latin,yes,,1
pl-570271,(H)Aimoniai,(H)Aimoniai,latin,yes,,1
pl-570271,(H)Aimoniai,Aimoniai,latin,yes,,1
pl-570271,(H)Aimoniai,Haimoniai,latin,yes,,1
pl-570276,(H)Alkyonis Sinus,(H)Alkyonis Sinus,latin,yes,,1
pl-570276,(H)Alkyonis Sinus,Alkyonis Sinus,latin,yes,,1
pl-570276,(H)Alkyonis Sinus,Halkyonis Sinus,latin,yes,,1
pl-540811,(H)Ellopia (Euboea),(H)Ellopia (Euboea),latin,yes,,1
pl-540811,(H)Ellopia (Euboea),Ellopia,latin,yes,,1
pl-540811,(H)Ellopia (Euboea),Hellopia,latin,yes,,1
pl-540811,(H)Ellopia (Euboea),Ελλοπια,greek,yes,,1
pl-540811,(H)Ellopia (Euboea),Ἑλλοπία,greek,yes,,1
pl-540752,*Ekarra,*Ekarra,latin,yes,,1
pl-540752,*Ekarra,Acharrae,latin,yes,,1
pl-540752,*Ekarra,Ekarra,latin,yes,,1
pl-540752,*Ekarra,Ekkarreis,latin,yes,,1
pl-540752,*Ekarra,Εκκαρρεις,greek,yes,,1
pl-540752,*Ekarra,Ἐκκαρρεις,greek,yes,,1
pl-570085,A(n)thene,A(n)thene,latin,yes,,1
pl-570085,A(n)thene,Anthene,latin,yes,,1
pl-570085,A(n)thene,Athene,latin,yes,,1
pl-540582,Abai,Abai,latin,,too short to search,1
pl-540582,Abai,Αβαι,greek,,too short to search,1
pl-540582,Abai,Ἀβαὶ,greek,,too short to search,1
pl-540583,Abantes,Abantes,latin,yes,,1
pl-570027,Abia,Abia,latin,,too short to search,1
pl-570027,Abia,Avias,latin,yes,,1
pl-570027,Abia,Palaiochora,latin,,names 2 places in this box,2
pl-570027,Abia,Αβία,greek,,too short to search,1
pl-570027,Abia,Αβια,greek,,too short to search,1
pl-479670108,Academy/Akademeia/Akademia,Academy,latin,yes,,1
pl-479670108,Academy/Akademeia/Akademia,Academy/Akademeia/Akademia,latin,yes,,1
pl-479670108,Academy/Akademeia/Akademia,Akademeia,latin,yes,,1
pl-479670108,Academy/Akademeia/Akademia,Akademia,latin,yes,,1
pl-479670108,Academy/Akademeia/Akademia,Akadēmia,latin,yes,,1
pl-479670108,Academy/Akademeia/Akademia,Akadḗmia,latin,yes,,1
pl-479670108,Academy/Akademeia/Akademia,Hekademeia,latin,yes,,1
pl-479670108,Academy/Akademeia/Akademia,Hekadēmeia,latin,yes,,1
pl-479670108,Academy/Akademeia/Akademia,Platonic Academy,latin,yes,,1
pl-479670108,Academy/Akademeia/Akademia,Platonische Akademie,latin,yes,,1
pl-479670108,Academy/Akademeia/Akademia,Ακαδημεια,greek,yes,,1
pl-479670108,Academy/Akademeia/Akademia,Ακαδημια,greek,yes,,1
pl-479670108,Academy/Akademeia/Akademia,Εκαδημεια,greek,yes,,1
pl-479670108,Academy/Akademeia/Akademia,Ἀκαδήμεια,greek,yes,,1
pl-479670108,Academy/Akademeia/Akademia,Ἀκαδήμια,greek,yes,,1
pl-479670108,Academy/Akademeia/Akademia,Ἑκαδήμεια,greek,yes,,1
pl-745058964,Acamantis,Acamantis,latin,yes,,1
pl-745058964,Acamantis,Akamantis,latin,yes,,1
pl-745058964,Acamantis,Akamantís,latin,yes,,1
pl-745058964,Acamantis,Ακαμαντις,greek,yes,,1
pl-745058964,Acamantis,Ἀκαμαντίς,greek,yes,,1
pl-540585,Achaea Phthiotis,Achaea Phthiotis,latin,yes,,1
pl-104777482,Achaean League (Second),Achaean League,latin,yes,,1
pl-104777482,Achaean League (Second),Achaean League (Second),latin,yes,,1
pl-981502,Achaia (province),Achaia,latin,,names 2 places in this box,2
pl-981502,Achaia (province),Achaia (province),latin,yes,,1
pl-981502,Achaia (province),Αχαια,greek,yes,,1
pl-981502,Achaia (province),Ἀχαία,greek,yes,,1
pl-991372,"Achaia (province, late)",Achaia,latin,,names 2 places in this box,2
pl-991372,"Achaia (province, late)","Achaia (province, late)",latin,yes,,1
pl-579842,Acharnai (N),Acharnai,latin,,names 2 places in this box,2
pl-579842,Acharnai (N),Acharnai (N),latin,yes,,1
pl-579842,Acharnai (N),Acharnai N,latin,yes,,1
pl-579842,Acharnai (N),Acharnaí,latin,yes,,1
pl-579842,Acharnai (N),Acharnes,latin,yes,,1
pl-579842,Acharnai (N),Acharnés,latin,yes,,1
pl-579842,Acharnai (N),Menidhi,latin,yes,,1
pl-579842,Acharnai (N),Menidi,latin,yes,,1
pl-579842,Acharnai (N),Αχαρναι,greek,yes,,1
pl-579842,Acharnai (N),Μενίδι,greek,yes,,1
pl-579842,Acharnai (N),Μενιδι,greek,yes,,1
pl-579842,Acharnai (N),Ἀχαρναί,greek,yes,,1
pl-579843,Acharnai (S),Acharnai,latin,,names 2 places in this box,2
pl-579843,Acharnai (S),Acharnai (S),latin,yes,,1
pl-579843,Acharnai (S),Acharnai S,latin,yes,,1
pl-735036201,Acharnes ancient theater,Acharnes ancient theater,latin,yes,,1
pl-249767015,Acharnian Gate,Acharnian Gate,latin,yes,,1
pl-249767015,Acharnian Gate,Gate VI,latin,yes,,1
pl-249767015,Acharnian Gate,he Acharnike pule,latin,yes,,1
pl-249767015,Acharnian Gate,he Acharnike pyle,latin,yes,,1
pl-249767015,Acharnian Gate,hē Acharnikḕ púlē,latin,yes,,1
pl-249767015,Acharnian Gate,η Αχαρνικη πυλη,greek,yes,,1
pl-249767015,Acharnian Gate,ἡ Ἀχαρνικὴ πύλη,greek,yes,,1
pl-540587,Acheloos (river),Acheloos,latin,yes,,1
pl-540587,Acheloos (river),Acheloos (river),latin,yes,,1
pl-543604,Achilleion,Achilleion,latin,,names 2 places in this box,2
pl-200503614,Achilleion,Achilleion,latin,,names 2 places in this box,2
pl-540589,Achilleion Sinus,Achilleion Sinus,latin,yes,,1
pl-638356144,Acropolis of Athens,Acropolis of Athens,latin,yes,,1
pl-638356144,Acropolis of Athens,Acrópolis of Athens,latin,yes,,1
pl-638356144,Acropolis of Athens,Akropolis,latin,yes,,1
pl-337621961,Acropolis of Eretria,Acropolis of Eretria,latin,yes,,1
pl-400626652,Acropolis of Halos,Acropolis of Halos,latin,yes,,1
pl-791881840,Acropolis of Lilaia,Acropolis of Lilaia,latin,yes,,1
pl-564394244,Acropolis?,Acropolis?,latin,yes,,1
pl-560221,Aegaeum Mare,Aegaeum Mare,latin,,names 2 places in this box,2
pl-560221,Aegaeum Mare,Aegaeum mare,latin,,names 2 places in this box,2
pl-560221,Aegaeum Mare,Aegaeum pelagus,latin,yes,,1
pl-560221,Aegaeum Mare,Aegean Sea,latin,yes,,1
pl-560221,Aegaeum Mare,Aigaion pelagos (to),latin,yes,,1
pl-560221,Aegaeum Mare,IGEVM MARE,latin,yes,,1
pl-560221,Aegaeum Mare,Igeum Mare,latin,yes,,1
pl-560221,Aegaeum Mare,"Αιγαιον πελαγος, το",greek,yes,,1
pl-560221,Aegaeum Mare,"Αἰγαῖον πέλαγος, τὸ",greek,yes,,1
pl-579844,Aegina (island),Aegina,latin,yes,,1
pl-579844,Aegina (island),Aegina (island),latin,yes,,1
pl-579844,Aegina (island),Aigina,latin,,names 2 places in this box,2
pl-579844,Aegina (island),Aígina,latin,yes,,1
pl-579844,Aegina (island),Oinone,latin,yes,,1
pl-579844,Aegina (island),Αιγινα,greek,,names 2 places in this box,2
pl-579844,Aegina (island),Αἴγινα,greek,,names 2 places in this box,2
pl-104777481,Aetolian League,Aetolian League,latin,yes,,1
pl-589659,Ag. Andreas (Siphnos),Ag. Andreas,latin,yes,,1
pl-589659,Ag. Andreas (Siphnos),Ag. Andreas (Siphnos),latin,yes,,1
pl-540592,Ag. Athanasios,Ag. Athanasios,latin,yes,,1
pl-540593,Ag. Demetrios,Ag. Demetrios,latin,,names 2 places in this box,2
pl-570033,Ag. Eirene,Ag. Eirene,latin,,names 2 places in this box,2
pl-570034,Ag. Eirene,Ag. Eirene,latin,,names 2 places in this box,2
pl-570033,Ag. Eirene,Ayia Irini,latin,yes,,1
pl-589663,Ag. Georgios,Ag. Georgios,latin,yes,,1
pl-570035,Ag. Helene,Ag. Helene,latin,yes,,1
pl-540594,Ag. Ilias,Ag. Ilias,latin,yes,,1
pl-570036,Ag. Ioannes,Ag. Ioannes,latin,yes,,1
pl-570037,Ag. Ioannis Khalara,Ag. Ioannis Khalara,latin,yes,,1
pl-570038,Ag. Kyriake,Ag. Kyriake,latin,yes,,1
pl-570038,Ag. Kyriake,Agia Kyriaki,latin,yes,,1
pl-570038,Ag. Kyriake,Αγία Κυριακή,greek,yes,,1
pl-570038,Ag. Kyriake,Αγια Κυριακη,greek,yes,,1
pl-570039,Ag. Marina,Ag. Marina,latin,,names 2 places in this box,2
pl-589666,Ag. Nikitas,Ag. Nikitas,latin,yes,,1
pl-589666,Ag. Nikitas,Agios Nikitas,latin,yes,,1
pl-579845,Ag. Paraskevi,Ag. Paraskevi,latin,,names 2 places in this box,2
pl-540595,Ag. Paraskevi,Ag. Paraskevi,latin,,names 2 places in this box,2
pl-589671,Ag. Sostes,Ag. Sostes,latin,yes,,1
pl-589671,Ag. Sostes,Agios Sostes,latin,yes,,1
pl-540596,Ag. Triada,Ag. Triada,latin,yes,,1
pl-540598,Ag. Vasileios (Euboea),Ag. Vasileios (Euboea),latin,yes,,1
pl-867848906,Agamemnoneion of Mycenae,Agamemnoneion of Mycenae,latin,yes,,1
pl-213957198,Agelastos Petra,Agelasta,latin,yes,,1
pl-213957198,Agelastos Petra,Agelastos (rock),latin,yes,,1
pl-213957198,Agelastos Petra,Agelastos Petra,latin,,names 2 places in this box,2
pl-213957198,Agelastos Petra,Agelastos petra,latin,,names 2 places in this box,2
pl-213957198,Agelastos Petra,Rock Agelastos,latin,yes,,1
pl-213957198,Agelastos Petra,Αγέλαστος πέτρα,greek,yes,,1
pl-213957198,Agelastos Petra,Αγελαστος πετρα,greek,yes,,1
pl-857558608,Agia Dynamis,Agia Dynamis,latin,yes,,1
pl-492082396,Agios Andreas (Siphnos),Aghios Andreas,latin,yes,,1
pl-492082396,Agios Andreas (Siphnos),"Aghios Andreas, Siphnos",latin,yes,,1
pl-492082396,Agios Andreas (Siphnos),Agios Andreas (Siphnos),latin,yes,,1
pl-492082396,Agios Andreas (Siphnos),Siphnos,latin,,names 3 places in this box,3
pl-177523747,Agios Elias Doric temple,Agios Elias Doric temple,latin,yes,,1
pl-177523747,Agios Elias Doric temple,Sanctuary of Agios Elias,latin,yes,,1
pl-403621799,"Agios Vasileios, Laconia","Agios Vasileios, Laconia",latin,yes,,1
pl-100638613,Agora Mint,Agora Mint,latin,yes,,1
pl-100638613,Agora Mint,Mint,latin,,too short to search,1
pl-807514119,Agora of Athens,Agora,latin,yes,,1
pl-807514119,Agora of Athens,Agora of Athens,latin,yes,,1
pl-958275306,Agora of Corinth,Agora of Corinth,latin,yes,,1
pl-457626875,Agora of Messene,Agora of Messene,latin,yes,,1
pl-457626875,Agora of Messene,Agora of Messenes,latin,yes,,1
pl-457626875,Agora of Messene,Αγορά της Μεσσήνης,greek,yes,,1
pl-457626875,Agora of Messene,Αγορα της Μεσσηνης,greek,yes,,1
pl-499970655,Agora of Onchestos,Agora of Onchestos,latin,yes,,1
pl-411301348,Agora of the Competaliasts or Hermaists,Agora of the Competaliasts or Hermaists,latin,yes,,1
pl-394168051,Agora of the Italians,Agora of the Italians,latin,yes,,1
pl-394168051,Agora of the Italians,Agora of the Italians (Delos),latin,yes,,1
pl-579846,Agrai,Agrai,latin,yes,,1
pl-579846,Agrai,Αγραι,greek,yes,,1
pl-579846,Agrai,Ἄγραι,greek,yes,,1
pl-579847,Agrieliki,Agrieliki,latin,yes,,1
pl-579848,Agryle Hypenerthen,Agryle Hypenerthen,latin,yes,,1
pl-579849,Agryle Kathyperthen,Agryle Kathyperthen,latin,yes,,1
pl-330217806,Ai Lia temples,Ai Lia temples,latin,yes,,1
pl-770861329,Aiakeion,Aiakeion,latin,yes,,1
pl-770861329,Aiakeion,Rectangular Peribolos,latin,yes,,1
pl-770861329,Aiakeion,Αιακειον,greek,yes,,1
pl-770861329,Aiakeion,Αἰάκειον,greek,yes,,1
pl-540600,Aianteion Pr.,Aianteion Pr.,latin,yes,,1
pl-330976685,Aiantis,Aiantis,latin,yes,,1
pl-540602,Aidepsos (spa),Aidepsos,latin,,names 2 places in this box,2
pl-540602,Aidepsos (spa),Aidepsos (spa),latin,yes,,1
pl-540601,Aidepsos? (polis),Aedepsus,latin,yes,,1
pl-540601,Aidepsos? (polis),Aidepsos,latin,,names 2 places in this box,2
pl-540601,Aidepsos? (polis),Aidepsos? (polis),latin,yes,,1
pl-570040,Aigai,Aigai,latin,,names 3 places in this box,3
pl-540603,Aigai,Aigai,latin,,names 3 places in this box,3
pl-570040,Aigai,Αιγαι,greek,yes,,1
pl-570040,Aigai,Αἰγαί,greek,yes,,1
pl-540604,Aigai (mountain),Aigai,latin,,names 3 places in this box,3
pl-540604,Aigai (mountain),Aigai (mountain),latin,yes,,1
pl-579850,Aigaleos,Aigaleos,latin,,names 2 places in this box,2
pl-579851,Aigaleos (mountain),Aigaleos,latin,,names 2 places in this box,2
pl-579851,Aigaleos (mountain),Aigaleos (mountain),latin,yes,,1
pl-579851,Aigaleos (mountain),Αιγαλεως,greek,yes,,1
pl-579851,Aigaleos (mountain),Αἰγάλεως,greek,yes,,1
pl-570043,Aigeira,Agira,latin,yes,,1
pl-570043,Aigeira,Aigeira,latin,yes,,1
pl-570043,Aigeira,Αιγειρα,greek,yes,,1
pl-570043,Aigeira,Αἰγειρα,greek,yes,,1
pl-570044,Aigiai,Aigiai,latin,yes,,1
pl-570044,Aigiai,Aigies,latin,yes,,1
pl-570044,Aigiai,Chania Koutoumous,latin,yes,,1
pl-570044,Aigiai,Koutoumou,latin,yes,,1
pl-570044,Aigiai,Koutoumous (Chania),latin,yes,,1
pl-570044,Aigiai,Αιγιές,greek,yes,,1
pl-570044,Aigiai,Αιγιαί,greek,yes,,1
pl-570044,Aigiai,Αιγιαι,greek,yes,,1
pl-570044,Aigiai,Αιγιες,greek,yes,,1
pl-570045,Aigila,Aigila,latin,yes,,1
pl-579852,Aigilia?,Aigilia,latin,,names 2 places in this box,2
pl-579852,Aigilia?,Aigilia?,latin,yes,,1
pl-540605,Aigilia? (island),Aigilia,latin,,names 2 places in this box,2
pl-540605,Aigilia? (island),Aigilia? (island),latin,yes,,1
pl-579853,Aigina (settlement),Aigina,latin,,names 2 places in this box,2
pl-579853,Aigina (settlement),Aigina (settlement),latin,yes,,1
pl-579853,Aigina (settlement),Αιγινα,greek,,names 2 places in this box,2
pl-579853,Aigina (settlement),Αἴγινα,greek,,names 2 places in this box,2
pl-570049,Aigion,Agion,latin,yes,,1
pl-570049,Aigion,Aigio,latin,yes,,1
pl-570049,Aigion,Aigion,latin,yes,,1
pl-570049,Aigion,Αίγιο,greek,yes,,1
pl-570049,Aigion,Αιγιο,greek,yes,,1
pl-570049,Aigion,Αιγιον,greek,yes,,1
pl-570049,Aigion,Αἴγιον,greek,yes,,1
pl-570050,Aigiplanktos/Geran(e)ia (mountain),Aigiplanktos,latin,yes,,1
pl-570050,Aigiplanktos/Geran(e)ia (mountain),Aigiplanktos/Geran(e)ia (mountain),latin,yes,,1
pl-570050,Aigiplanktos/Geran(e)ia (mountain),Geraneia,latin,yes,,1
pl-570050,Aigiplanktos/Geran(e)ia (mountain),Gerania M.,latin,yes,,1
pl-570050,Aigiplanktos/Geran(e)ia (mountain),Geranion M.,latin,yes,,1
pl-570050,Aigiplanktos/Geran(e)ia (mountain),Γερανείᾳ,greek,yes,,1
pl-570050,Aigiplanktos/Geran(e)ia (mountain),Γερανεια,greek,yes,,1
pl-540608,Aigition,Aigition,latin,yes,,1
pl-540609,Aiglepheira,Aiglepheira,latin,yes,,1
pl-570051,Aigosthena,Aigosthena,latin,yes,,1
pl-570051,Aigosthena,Αιγοσθενα,greek,yes,,1
pl-570051,Aigosthena,Αἰγόσθενα,greek,yes,,1
pl-570052,Aigys,Aigys,latin,yes,,1
pl-570053,Aigytis,Aigytis,latin,yes,,1
pl-540611,Ainis,Ainianes,latin,yes,,1
pl-540611,Ainis,Ainis,latin,yes,,1
pl-540612,Aiolidai?,Aiolidai,latin,yes,,1
pl-540612,Aiolidai?,Aiolidai?,latin,yes,,1
pl-579854,Aithalidai/Hybadai?,Aithalidai,latin,yes,,1
pl-579854,Aithalidai/Hybadai?,Aithalidai/Hybadai?,latin,yes,,1
pl-579854,Aithalidai/Hybadai?,Hybadai,latin,yes,,1
pl-579854,Aithalidai/Hybadai?,Αιθαλιδαι,greek,yes,,1
pl-579854,Aithalidai/Hybadai?,Αἰθαλίδαι,greek,yes,,1
pl-579855,Aixone,Aixone,latin,yes,,1
pl-579855,Aixone,Glifada,latin,yes,,1
pl-579855,Aixone,Glyphada,latin,yes,,1
pl-579855,Aixone,Αιξωνη,greek,yes,,1
pl-579855,Aixone,Αἰξωνή,greek,yes,,1
pl-579855,Aixone,Γλυφάδα,greek,yes,,1
pl-579855,Aixone,Γλυφαδα,greek,yes,,1
pl-573061,Akakesion,Akakesion,latin,yes,,1
pl-573061,Akakesion,Ακακησιον,greek,yes,,1
pl-573061,Akakesion,Ἀκακησίον,greek,yes,,1
pl-524604228,Akontion (Boeotian mountain),Akontio oros,latin,yes,,1
pl-524604228,Akontion (Boeotian mountain),Akontion (Boeotian mountain),latin,yes,,1
pl-524604228,Akontion (Boeotian mountain),Akontion oros,latin,yes,,1
pl-524604228,Akontion (Boeotian mountain),Ακοντιο ορος,greek,yes,,1
pl-524604228,Akontion (Boeotian mountain),Ακοντιον ορος,greek,yes,,1
pl-524604228,Akontion (Boeotian mountain),Ακόντιο όρος,greek,yes,,1
pl-524604228,Akontion (Boeotian mountain),Ἀκόντιον ὄρος,greek,yes,,1
pl-540617,Akraiphiai,Akraiphiai,latin,yes,,1
pl-540617,Akraiphiai,Akraiphinion,latin,yes,,1
pl-540617,Akraiphiai,Ακραιφνιον,greek,yes,,1
pl-540617,Akraiphiai,Ἀκραίφνιόν,greek,yes,,1
pl-570058,Akriai,Acriae,latin,yes,,1
pl-570058,Akriai,Akraia,latin,yes,,1
pl-570058,Akriai,Akraiai,latin,yes,,1
pl-570058,Akriai,Akriai,latin,yes,,1
pl-570058,Akriai,Kokkinia,latin,yes,,1
pl-570058,Akriai,Kokkiniá,latin,yes,,1
pl-570058,Akriai,Ακριαι,greek,yes,,1
pl-570058,Akriai,Κοκκινιά,greek,yes,,1
pl-570058,Akriai,Κοκκινια,greek,yes,,1
pl-570058,Akriai,Ἀκρίαι,greek,yes,,1
pl-570058,Akriai,᾽Ακραίαι,greek,yes,,1
pl-570058,Akriai,᾽Ακραιαι,greek,yes,,1
pl-570059,Akrokorinthos,Akrokorinthos,latin,yes,,1
pl-570059,Akrokorinthos,Akrokórinthos,latin,yes,,1
pl-570059,Akrokorinthos,Ακροκορινθος,greek,yes,,1
pl-570059,Akrokorinthos,Ακροκόρινθος,greek,yes,,1
pl-582867,Akte Pr.,Akte Pr.,latin,yes,,1
pl-582867,Akte Pr.,Alkimos Pr.,latin,yes,,1
pl-540618,Akyphas/Pindos,Akyphas,latin,yes,,1
pl-540618,Akyphas/Pindos,Akyphas/Pindos,latin,yes,,1
pl-540618,Akyphas/Pindos,Pindos,latin,yes,,1
pl-540618,Akyphas/Pindos,Πίνδος,greek,yes,,1
pl-540618,Akyphas/Pindos,Πινδος,greek,yes,,1
pl-570061,Alagonia?,Alagonia,latin,yes,,1
pl-570061,Alagonia?,Alagonia?,latin,yes,,1
pl-540619,Alalkomenai,Alalkomenai,latin,yes,,1
pl-540619,Alalkomenai,Solinarion,latin,yes,,1
pl-570062,Alea,Alea,latin,,too short to search,1
pl-385804799,Alepotrypa,Alepotrypa,latin,yes,,1
pl-385804799,Alepotrypa,Alepotrypa cave,latin,,names 2 places in this box,2
pl-385804799,Alepotrypa,Αλεποτρυπα,greek,yes,,1
pl-385804799,Alepotrypa,Αλεπότρυπα,greek,yes,,1
pl-697499491,Alepotrypa cave ,Alepotrypa cave,latin,,names 2 places in this box,2
pl-570063,Alesiai,Ag. Ioannis,latin,yes,,1
pl-570063,Alesiai,Aghios Ioannis,latin,yes,,1
pl-570063,Alesiai,Alesiai,latin,yes,,1
pl-570063,Alesiai,Άγιος Ιωάννης,greek,yes,,1
pl-570063,Alesiai,Αγιος Ιωαννης,greek,yes,,1
pl-570063,Alesiai,Αλεσιαι,greek,yes,,1
pl-570063,Alesiai,Ἀλεσίαι,greek,yes,,1
pl-570064,Alesion (mountain),Alesion,latin,yes,,1
pl-570064,Alesion (mountain),Alesion (mountain),latin,yes,,1
pl-540621,Alope,Alope,latin,,names 3 places in this box,3
pl-540623,Alope?,Alope,latin,,names 3 places in this box,3
pl-540622,Alope?,Alope,latin,,names 3 places in this box,3
pl-540623,Alope?,Alope?,latin,,names 2 places in this box,2
pl-540622,Alope?,Alope?,latin,,names 2 places in this box,2
pl-540622,Alope?,Alpa,latin,,too short to search,1
pl-579858,Alopeke,Alopeke,latin,yes,,1
pl-579858,Alopeke,Αλωπεκη,greek,yes,,1
pl-579858,Alopeke,Ἀλωπεκή,greek,yes,,1
pl-540624,Alpenos,Alpenoi,latin,yes,,1
pl-540624,Alpenos,Alpenos,latin,yes,,1
pl-215521453,Altar at the temple of Amphiaraos,Altar at the temple of Amphiaraos,latin,yes,,1
pl-756525877,Altar of Androgeos,Altar of Androgeos,latin,yes,,1
pl-756525877,Altar of Androgeos,Androgeu bomos tou Mino,latin,yes,,1
pl-756525877,Altar of Androgeos,Androgeu bômós tou Minô,latin,yes,,1
pl-756525877,Altar of Androgeos,Ανδρογεω βωμος του Μινω,greek,yes,,1
pl-756525877,Altar of Androgeos,Ἀνδρόγεω βωμὸς τοῦ Μίνω,greek,yes,,1
pl-415460393,Altar of Zeus Agoraios,Agoraiou Dios Bomos,latin,yes,,1
pl-415460393,Altar of Zeus Agoraios,Agoraíou Diòs Bōmós,latin,yes,,1
pl-415460393,Altar of Zeus Agoraios,Altar of Zeus Agoraios,latin,yes,,1
pl-415460393,Altar of Zeus Agoraios,Αγοραιου Διος βωμος,greek,yes,,1
pl-415460393,Altar of Zeus Agoraios,Ἀγοραίου Διὸς βωμός,greek,yes,,1
pl-116485242,Altar of Zeus Polieus,Altar of Zeus Polieus,latin,yes,,1
pl-116485242,Altar of Zeus Polieus,bomon tou Polieos Dios,latin,yes,,1
pl-116485242,Altar of Zeus Polieus,bomòn toû Poliéōs Diós,latin,yes,,1
pl-116485242,Altar of Zeus Polieus,βωμον του Πολιεως Διος,greek,yes,,1
pl-116485242,Altar of Zeus Polieus,βωμὸν τοῦ Πολιέως Διός,greek,yes,,1
pl-676120270,Altar of the Twelve Gods,Altar of the Twelve Gods,latin,yes,,1
pl-676120270,Altar of the Twelve Gods,ton dodeka theon bomon,latin,yes,,1
pl-676120270,Altar of the Twelve Gods,tōn dṓdeka theōn bōmòn,latin,yes,,1
pl-676120270,Altar of the Twelve Gods,των δωδεκα θεων βωμον,greek,yes,,1
pl-676120270,Altar of the Twelve Gods,τῶν δώδεκα θεῶν βωμὸν,greek,yes,,1
pl-579859,Amarynthos,Amarynthos,latin,yes,,1
pl-579859,Amarynthos,Kato Vathia,latin,yes,,1
pl-579859,Amarynthos,Palaiokhoria,latin,yes,,1
pl-579859,Amarynthos,a-ma-ru-to,latin,yes,,1
pl-579859,Amarynthos,𐀀𐀔𐀬𐀵,latin,,too short to search,1
pl-540626,Ambrossos,Ambrossios,latin,yes,,1
pl-540626,Ambrossos,Ambrossos,latin,yes,,1
pl-540626,Ambrossos,Ambryssioi,latin,yes,,1
pl-540626,Ambrossos,Ambryssos,latin,yes,,1
pl-540626,Ambrossos,Distomo,latin,yes,,1
pl-540626,Ambrossos,Dístomo,latin,yes,,1
pl-540626,Ambrossos,Αμβροσσιος,greek,yes,,1
pl-540626,Ambrossos,Αμβροσσος,greek,yes,,1
pl-540626,Ambrossos,Αμβρυσσιοι,greek,yes,,1
pl-540626,Ambrossos,Δίστομο,greek,yes,,1
pl-540626,Ambrossos,Διστομο,greek,yes,,1
pl-540626,Ambrossos,Ἀμβρυσσίοι,greek,yes,,1
pl-540626,Ambrossos,Ἀμβρόσσιος,greek,yes,,1
pl-540626,Ambrossos,Ἄμβροσσος,greek,yes,,1
pl-570070,Aminios (river),Aminios,latin,yes,,1
pl-570070,Aminios (river),Aminios (river),latin,yes,,1
pl-570070,Aminios (river),Αμινιος,greek,yes,,1
pl-570070,Aminios (river),Ἀμίνιος,greek,yes,,1
pl-540627,Amphanai?,Amphanai,latin,yes,,1
pl-540627,Amphanai?,Amphanai?,latin,yes,,1
pl-540627,Amphanai?,Αμφαναι,greek,yes,,1
pl-540627,Amphanai?,Ἀμφαναί,greek,yes,,1
pl-570071,Ampheia,Ampheia,latin,yes,,1
pl-579860,Amphiale (promontory),Amphiale (akra),latin,yes,,1
pl-579860,Amphiale (promontory),Amphiale (promontory),latin,yes,,1
pl-579860,Amphiale (promontory),Amphiale Pr.,latin,yes,,1
pl-579860,Amphiale (promontory),akra Amphiale,latin,yes,,1
pl-579860,Amphiale (promontory),ακρα η Αμφιαλη (η),greek,yes,,1
pl-579860,Amphiale (promontory),ἄκρα ἡ Ἀμφιάλη (ἡ),greek,yes,,1
pl-540628,Amphiareion,Amphiaraeion,latin,yes,,1
pl-540628,Amphiareion,Amphiareion,latin,yes,,1
pl-540628,Amphiareion,Αμφιαραειον,greek,yes,,1
pl-540628,Amphiareion,Ἀμφιαράειον,greek,yes,,1
pl-540629,Amphikleia,Amphikaia,latin,yes,,1
pl-540629,Amphikleia,Amphikleia,latin,yes,,1
pl-540629,Amphikleia,Αμφικλεια,greek,yes,,1
pl-540629,Amphikleia,Ἀμφίκλεια,greek,yes,,1
pl-540630,Amphissa,Amphissa,latin,yes,,1
pl-540630,Amphissa,Αμφισσα,greek,yes,,1
pl-540630,Amphissa,Ἄμφισσα,greek,yes,,1
pl-629588005,Amphissa Tholos,Amphissa Tholos,latin,yes,,1
pl-629588005,Amphissa Tholos,Tholos Ampfissas,latin,yes,,1
pl-629588005,Amphissa Tholos,Tholosgrab von Amfissa,latin,yes,,1
pl-629588005,Amphissa Tholos,Θωλος Αμφισσας,greek,yes,,1
pl-629588005,Amphissa Tholos,Θώλος Άμφισσας,greek,yes,,1
pl-579862,Amphitrope?,Amphitrope,latin,yes,,1
pl-579862,Amphitrope?,Amphitrope?,latin,yes,,1
pl-252533527,Ampouria Parnassou,Ampouria Parnassou,latin,yes,,1
pl-570074,Amyklai,Amiklai,latin,yes,,1
pl-570074,Amyklai,Amyklai,latin,yes,,1
pl-570074,Amyklai,Amíklai,latin,yes,,1
pl-570074,Amyklai,Sklavochori,latin,yes,,1
pl-570074,Amyklai,Sklavochorion,latin,yes,,1
pl-570074,Amyklai,Sklavokhori,latin,yes,,1
pl-570074,Amyklai,Sklavokhóri,latin,yes,,1
pl-570074,Amyklai,Αμυκλαι,greek,yes,,1
pl-570074,Amyklai,Αμύκλαι,greek,yes,,1
pl-570074,Amyklai,Σκλαβοχωρι,greek,yes,,1
pl-573086,Amymone,Amymone,latin,yes,,1
pl-573086,Amymone,Αμυμωνη,greek,yes,,1
pl-573086,Amymone,Ἀμυμώνη,greek,yes,,1
pl-579863,Anagyrous,Anagyrous,latin,yes,,1
pl-579864,Anakaia?,Anakaia,latin,yes,,1
pl-579864,Anakaia?,Anakaia?,latin,yes,,1
pl-579864,Anakaia?,Ανακαια (η),greek,yes,,1
pl-579864,Anakaia?,Ἀνάκαια (ἡ),greek,yes,,1
pl-579866,Anaphlystos,Anabyssos,latin,yes,,1
pl-579866,Anaphlystos,Anaphlystos,latin,yes,,1
pl-579866,Anaphlystos,Anavissos,latin,yes,,1
pl-579866,Anaphlystos,Anavyssos,latin,,names 2 places in this box,2
pl-579866,Anaphlystos,Ανάβυσσος,greek,yes,,1
pl-579866,Anaphlystos,Αναβυσσος,greek,yes,,1
pl-579866,Anaphlystos,Αναφλυστος,greek,yes,,1
pl-579866,Anaphlystos,Ἀνάφλυστος,greek,yes,,1
pl-579865,Anaphlystos Limen,Anaphlystos Limen,latin,yes,,1
pl-540633,Anastasis,Anastasis,latin,yes,,1
pl-540634,Anauros (river),Anauros,latin,yes,,1
pl-540634,Anauros (river),Anauros (river),latin,yes,,1
pl-540634,Anauros (river),Αναυρος,greek,yes,,1
pl-540634,Anauros (river),Ἄναυρος,greek,yes,,1
pl-194496209,Anavyssos,Anavyssos,latin,,names 2 places in this box,2
pl-570078,Anchisia (mountain),Anchisia,latin,yes,,1
pl-570078,Anchisia (mountain),Anchisia (mountain),latin,yes,,1
pl-570078,Anchisia (mountain),Kouvelaki,latin,yes,,1
pl-570078,Anchisia (mountain),Αγχισια,greek,yes,,1
pl-570078,Anchisia (mountain),Ἀγχισία,greek,yes,,1
pl-540635,Anchoe,Anchoe,latin,yes,,1
pl-84693646,Ancient Agora of Argos,Ancient Agora of Argos,latin,yes,,1
pl-807215246,Ancient Stadium of Sikyon,Ancient Stadium of Sikyon,latin,yes,,1
pl-567146275,Ancient Theater of Argos,Ancient Theater of Argos,latin,yes,,1
pl-567146275,Ancient Theater of Argos,Ancient Theatre of Argos,latin,yes,,1
pl-567146275,Ancient Theater of Argos,Archaio Theatro Argous,latin,yes,,1
pl-567146275,Ancient Theater of Argos,Αρχαίο θέατρο Άργους,greek,yes,,1
pl-567146275,Ancient Theater of Argos,Αρχαιο θεατρο Αργους,greek,yes,,1
pl-388668362,Ancient Theater of Chaeronea,Ancient Theater of Chaeronea,latin,yes,,1
pl-201100501,Ancient harbour (submerged) at Aegina,Ancient harbour (submerged) at Aegina,latin,yes,,1
pl-75526757,Ancient theater of Eretria,Ancient theater of Eretria,latin,yes,,1
pl-570079,Andania,Andania,latin,yes,,1
pl-589693,Andros (island),Andros,latin,,names 2 places in this box,2
pl-589693,Andros (island),Andros (island),latin,yes,,1
pl-589693,Andros (island),Ανδρος,greek,yes,,1
pl-589693,Andros (island),Ἄνδρος,greek,yes,,1
pl-596828152,Andros (medieval fortification),Andros (medieval fortification),latin,yes,,1
pl-596828152,Andros (medieval fortification),Chora of Andros,latin,yes,,1
pl-596828152,Andros (medieval fortification),Χωρα Ανδρου,greek,yes,,1
pl-596828152,Andros (medieval fortification),Χώρα Άνδρου,greek,yes,,1
pl-589692,Andros (settlement),Andros,latin,,names 2 places in this box,2
pl-589692,Andros (settlement),Andros (settlement),latin,yes,,1
pl-570080,Anemosa,Anemosa,latin,yes,,1
pl-570081,Angathia,Angathia,latin,yes,,1
pl-540636,Angeia,Angeia,latin,yes,,1
pl-579867,Angele,Angele,latin,yes,,1
pl-579867,Angele,Angelḗ,latin,yes,,1
pl-579867,Angele,Αγγελη,greek,yes,,1
pl-579867,Angele,Ἀγγελή,greek,yes,,1
pl-134456168,Angelika tholos tomb (Mykonos),Angelika tholos tomb (Mykonos),latin,yes,,1
pl-570083,Anigraia,Anigraia,latin,yes,,1
pl-579868,Ankesmos (mountain),Ankesmos,latin,yes,,1
pl-579868,Ankesmos (mountain),Ankesmos (mountain),latin,yes,,1
pl-579869,Ankyle Hypenerthen,Ankyle Hypenerthen,latin,yes,,1
pl-579870,Ankyle Kathyperthen,Ankyle Kathyperthen,latin,yes,,1
pl-540637,Ano Ktimeni,Ano Ktimeni,latin,yes,,1
pl-540638,Ano Phteri,Ano Phteri,latin,yes,,1
pl-540639,Anthedon,Anthedon,latin,yes,,1
pl-540639,Anthedon,Ανθηδων,greek,yes,,1
pl-540639,Anthedon,Ανθηδών,greek,yes,,1
pl-540640,Anthela,Anthela,latin,yes,,1
pl-540642,Antikyra,Anticirra,latin,yes,,1
pl-540642,Antikyra,Antikyra,latin,,names 2 places in this box,2
pl-540642,Antikyra,Kastro tou Stenou,latin,yes,,1
pl-540642,Antikyra,Αντικυρα,greek,yes,,1
pl-540642,Antikyra,Ἀντίκυρα,greek,yes,,1
pl-540641,Antikyra?,Antikyra,latin,,names 2 places in this box,2
pl-540641,Antikyra?,Antikyra?,latin,yes,,1
pl-540644,Antron(es),Antron,latin,yes,,1
pl-540644,Antron(es),Antron(es),latin,yes,,1
pl-540644,Antron(es),Antrones,latin,yes,,1
pl-579871,Anydros (mountain),Anydros,latin,yes,,1
pl-579871,Anydros (mountain),Anydros (mountain),latin,yes,,1
pl-570088,Apelauron,Apelauron,latin,yes,,1
pl-570088,Apelauron,Απελαυρον,greek,yes,,1
pl-570088,Apelauron,Ἀπέλαυρον,greek,yes,,1
pl-570089,Aperopia (island),Aperopia,latin,yes,,1
pl-570089,Aperopia (island),Aperopia (island),latin,yes,,1
pl-570089,Aperopia (island),Απεροπια,greek,yes,,1
pl-570089,Aperopia (island),Ἀπεροπία,greek,yes,,1
pl-570090,Apesas (mountain),Apesas (mountain),latin,yes,,1
pl-570090,Apesas (mountain),Apesas M.,latin,yes,,1
pl-570090,Apesas (mountain),Foukas,latin,yes,,1
pl-570090,Apesas (mountain),Foukás,latin,yes,,1
pl-570090,Apesas (mountain),oros Apesas,latin,yes,,1
pl-570090,Apesas (mountain),Φουκάς,greek,yes,,1
pl-570090,Apesas (mountain),Φουκας,greek,yes,,1
pl-570090,Apesas (mountain),ορος Απεσας,greek,yes,,1
pl-570090,Apesas (mountain),ὄρος Ἀπέσας,greek,yes,,1
pl-540645,Aphetai?,Aphetai,latin,yes,,1
pl-540645,Aphetai?,Aphetai?,latin,yes,,1
pl-540645,Aphetai?,Αφεται,greek,yes,,1
pl-540645,Aphetai?,Ἀφέται,greek,yes,,1
pl-579873,Aphidna,Aphidna,latin,yes,,1
pl-579873,Aphidna,Aphidnai,latin,yes,,1
pl-579873,Aphidna,Aphídnai,latin,yes,,1
pl-579873,Aphidna,Áphidna,latin,yes,,1
pl-579873,Aphidna,"Αφιδνα, Αφιδναι",greek,yes,,1
pl-579873,Aphidna,"Ἄφιδνα, Ἀφίδναι",greek,yes,,1
pl-573101,Aphrodisias/Aphrodisia,Aphrodisia,latin,yes,,1
pl-573101,Aphrodisias/Aphrodisia,Aphrodisias,latin,yes,,1
pl-573101,Aphrodisias/Aphrodisia,Aphrodisias/Aphrodisia,latin,yes,,1
pl-570093,Aphrodision,Aphrodision,latin,,names 2 places in this box,2
pl-570094,Aphrodision (mountain),Aphrodision,latin,,names 2 places in this box,2
pl-570094,Aphrodision (mountain),Aphrodision (mountain),latin,yes,,1
pl-570094,Aphrodision (mountain),Αφροδισιον,greek,yes,,1
pl-570094,Aphrodision (mountain),Ἀφροδίσιον,greek,yes,,1
pl-579874,Aphrodite sanctuary at Dafni,Aphrodite T.,latin,yes,,1
pl-579874,Aphrodite sanctuary at Dafni,Aphrodite sanctuary at Dafni,latin,yes,,1
pl-579874,Aphrodite sanctuary at Dafni,"Aphrodite, T.",latin,yes,,1
pl-579874,Aphrodite sanctuary at Dafni,Aphrodites naos,latin,yes,,1
pl-579874,Aphrodite sanctuary at Dafni,Dafni,latin,yes,,1
pl-579874,Aphrodite sanctuary at Dafni,Dafní,latin,,too short to search,1
pl-579874,Aphrodite sanctuary at Dafni,Daphne,latin,yes,,1
pl-579874,Aphrodite sanctuary at Dafni,Αφροδιτης ναος,greek,yes,,1
pl-579874,Aphrodite sanctuary at Dafni,Δάφνη,greek,yes,,1
pl-579874,Aphrodite sanctuary at Dafni,Δαφνη,greek,yes,,1
pl-579874,Aphrodite sanctuary at Dafni,Ἀφροδίτης ναός,greek,yes,,1
pl-540647,Apidanos (river),Apidanos,latin,yes,,1
pl-540647,Apidanos (river),Apidanos (river),latin,yes,,1
pl-792912222,Apidima Cave,Apidima Cave,latin,yes,,1
pl-792912222,Apidima Cave,Spilaio Apidima,latin,yes,,1
pl-792912222,Apidima Cave,Σπήλαιο Απήδημα,greek,yes,,1
pl-792912222,Apidima Cave,Σπηλαιο Απηδημα,greek,yes,,1
pl-599502,Aplomata,Aplomata,latin,yes,,1
pl-570096,Apollo Korythos Sanctuary,Agios Andreas,latin,yes,,1
pl-570096,Apollo Korythos Sanctuary,Apollo Korythos,latin,yes,,1
pl-570096,Apollo Korythos Sanctuary,Apollo Korythos Sanctuary,latin,yes,,1
pl-570096,Apollo Korythos Sanctuary,"Apollo Korythos, T.",latin,yes,,1
pl-570096,Apollo Korythos Sanctuary,Kandianika,latin,yes,,1
pl-570096,Apollo Korythos Sanctuary,Longa Pylias,latin,yes,,1
pl-570096,Apollo Korythos Sanctuary,T.,latin,,names 43 places in this box,43
pl-570096,Apollo Korythos Sanctuary,Άγιος Ανδρέας,greek,yes,,1
pl-570096,Apollo Korythos Sanctuary,Αγιος Ανδρεας,greek,yes,,1
pl-570097,"Apollo Maleatas, T.",Apollo Maleatas,latin,yes,,1
pl-570097,"Apollo Maleatas, T.","Apollo Maleatas, T.",latin,yes,,1
pl-570097,"Apollo Maleatas, T.",T.,latin,,names 43 places in this box,43
pl-540653,"Apollo Nasiotas, T.",Apollo Nasiotas,latin,yes,,1
pl-540653,"Apollo Nasiotas, T.","Apollo Nasiotas, T.",latin,yes,,1
pl-540653,"Apollo Nasiotas, T.",T.,latin,,names 43 places in this box,43
pl-540654,"Apollo Tegyraios, T.",Apollo Tegyraios,latin,yes,,1
pl-540654,"Apollo Tegyraios, T.","Apollo Tegyraios, T.",latin,yes,,1
pl-540654,"Apollo Tegyraios, T.",T.,latin,,names 43 places in this box,43
pl-540655,"Apollo Thourios, T.",Apollo Thourios,latin,yes,,1
pl-540655,"Apollo Thourios, T.","Apollo Thourios, T.",latin,yes,,1
pl-540655,"Apollo Thourios, T.",T.,latin,,names 43 places in this box,43
pl-540655,"Apollo Thourios, T.",neos Apollonos Thouriouνεως,greek,yes,,1
pl-540655,"Apollo Thourios, T.",neos Apollonos Thouriouνεὼς,greek,yes,,1
pl-540655,"Apollo Thourios, T.",νεως Απολλωνος Θουριου,greek,yes,,1
pl-540655,"Apollo Thourios, T.",νεὼς Ἀπόλλωνος Θουρίου,greek,yes,,1
pl-540650,"Apollo, T.",Apollo,latin,,names 7 places in this box,7
pl-540651,"Apollo, T.",Apollo,latin,,names 7 places in this box,7
pl-540652,"Apollo, T.",Apollo,latin,,names 7 places in this box,7
pl-540649,"Apollo, T.",Apollo,latin,,names 7 places in this box,7
pl-540650,"Apollo, T.","Apollo, T.",latin,,names 5 places in this box,5
pl-540651,"Apollo, T.","Apollo, T.",latin,,names 5 places in this box,5
pl-540652,"Apollo, T.","Apollo, T.",latin,,names 5 places in this box,5
pl-540649,"Apollo, T.","Apollo, T.",latin,,names 5 places in this box,5
pl-540650,"Apollo, T.",T.,latin,,names 43 places in this box,43
pl-540651,"Apollo, T.",T.,latin,,names 43 places in this box,43
pl-540652,"Apollo, T.",T.,latin,,names 43 places in this box,43
pl-540649,"Apollo, T.",T.,latin,,names 43 places in this box,43
pl-599508,Apollonas (quarry),Apollonas,latin,yes,,1
pl-599508,Apollonas (quarry),Apollonas (quarry),latin,yes,,1
pl-599508,Apollonas (quarry),Απολλωνας,greek,yes,,1
pl-599508,Apollonas (quarry),Απόλλωνας,greek,yes,,1
pl-594947,Apollonia,Apollonia,latin,yes,,1
pl-599509,Apollonion,Apollonion,latin,yes,,1
pl-570098,Arachnaion (mountain),Arachnaion,latin,yes,,1
pl-570098,Arachnaion (mountain),Arachnaion (mountain),latin,yes,,1
pl-570098,Arachnaion (mountain),Arachnaion M.,latin,yes,,1
pl-570098,Arachnaion (mountain),Arachneo,latin,yes,,1
pl-570098,Arachnaion (mountain),Profetes Elias,latin,yes,,1
pl-570098,Arachnaion (mountain),Profitis Ilias,latin,yes,,1
pl-570098,Arachnaion (mountain),Prophitis Ilias,latin,yes,,1
pl-570098,Arachnaion (mountain),Αραχναίο,greek,yes,,1
pl-570098,Arachnaion (mountain),Αραχναιο,greek,yes,,1
pl-570098,Arachnaion (mountain),Αραχναιον,greek,yes,,1
pl-570098,Arachnaion (mountain),Προφήτης Ηλίας,greek,yes,,1
pl-570098,Arachnaion (mountain),Προφητης Ηλιας,greek,yes,,1
pl-570098,Arachnaion (mountain),Ἀραχναῖον,greek,yes,,1
pl-570099,Arainon,Arainon,latin,yes,,1
pl-579876,Araphen,Araphen,latin,yes,,1
pl-579876,Araphen,Araphḗn,latin,yes,,1
pl-579876,Araphen,Αραφην,greek,yes,,1
pl-579876,Araphen,Ἀραφήν,greek,yes,,1
pl-570102,Arcadia,Arcadia,latin,yes,,1
pl-570102,Arcadia,Arkadia,latin,yes,,1
pl-570102,Arcadia,Arkadía,latin,yes,,1
pl-570102,Arcadia,Drymodes,latin,yes,,1
pl-570102,Arcadia,Pelasgia,latin,,names 2 places in this box,2
pl-570102,Arcadia,Αρκαδια,greek,yes,,1
pl-570102,Arcadia,Ἀρκαδία,greek,yes,,1
pl-435916987,Arcadian Gate,Arcadian Gate,latin,yes,,1
pl-235795850,Arch of Hadrian at Athens,Apsida tou Adrianou,latin,yes,,1
pl-235795850,Arch of Hadrian at Athens,Arch of Hadrian at Athens,latin,yes,,1
pl-235795850,Arch of Hadrian at Athens,Kamaroporta,latin,yes,,1
pl-235795850,Arch of Hadrian at Athens,Porta tis Vasilopoulas,latin,yes,,1
pl-235795850,Arch of Hadrian at Athens,Pyle tou Adrianou,latin,yes,,1
pl-235795850,Arch of Hadrian at Athens,Αψίδα του Αδριανού,greek,yes,,1
pl-235795850,Arch of Hadrian at Athens,Αψιδα του Αδριανου,greek,yes,,1
pl-235795850,Arch of Hadrian at Athens,Καμαροπορτα,greek,yes,,1
pl-235795850,Arch of Hadrian at Athens,Καμαρόπορτα,greek,yes,,1
pl-235795850,Arch of Hadrian at Athens,Πορτα της Βασιλοπουλας,greek,yes,,1
pl-235795850,Arch of Hadrian at Athens,Πυλη του Αδριανου,greek,yes,,1
pl-235795850,Arch of Hadrian at Athens,Πόρτα της Βασιλοπούλας,greek,yes,,1
pl-235795850,Arch of Hadrian at Athens,Πύλη του Αδριανού,greek,yes,,1
pl-226716587,Archaeological Site at Plasi of Marathon,Archaeological Site at Plasi of Marathon,latin,yes,,1
pl-499782907,Archaic Temple at Ai Lia,Archaic Temple at Ai Lia,latin,yes,,1
pl-430178769,Archaic tholos tomb at Pharsalos,Archaic tholos tomb at Pharsalos,latin,yes,,1
pl-430178769,Archaic tholos tomb at Pharsalos,Tholotos taphos Pharsalon,latin,yes,,1
pl-430178769,Archaic tholos tomb at Pharsalos,Tholotos taphos Pharslon,latin,yes,,1
pl-430178769,Archaic tholos tomb at Pharsalos,Tholotós táphos Pharsálon,latin,yes,,1
pl-430178769,Archaic tholos tomb at Pharsalos,Θολωτος ταφος φαρσαλων,greek,yes,,1
pl-430178769,Archaic tholos tomb at Pharsalos,Θολωτός τάφος φαρσάλων,greek,yes,,1
pl-540657,"Archegetes, T.",Archegetes,latin,yes,,1
pl-540657,"Archegetes, T.","Archegetes, T.",latin,yes,,1
pl-540657,"Archegetes, T.",T.,latin,,names 43 places in this box,43
pl-599512,Archilocheion,Archilocheion,latin,yes,,1
pl-599512,Archilocheion,"Archilocheion, T.",latin,yes,,1
pl-599512,Archilocheion,T.,latin,,names 43 places in this box,43
pl-523926373,Arcuated Building,Arctuated Building,latin,yes,,1
pl-523926373,Arcuated Building,Arcuated Building,latin,yes,,1
pl-523926373,Arcuated Building,So-called Agoranomion,latin,yes,,1
pl-582870,Ardettos,Ardettos,latin,yes,,1
pl-582870,Ardettos,Ardettos M.,latin,yes,,1
pl-582870,Ardettos,Ardēttós,latin,yes,,1
pl-582870,Ardettos,Αρδηττος,greek,yes,,1
pl-582870,Ardettos,Ἀρδηττός,greek,yes,,1
pl-969121823,Areopagus,Areios Pagos,latin,yes,,1
pl-969121823,Areopagus,Areopagus,latin,yes,,1
pl-969121823,Areopagus,Areos Pagos,latin,yes,,1
pl-969121823,Areopagus,Αρειος Παγος,greek,yes,,1
pl-969121823,Areopagus,Ἄρειος Πάγος,greek,yes,,1
pl-116805959,Argive Plain,Argive Plain,latin,yes,,1
pl-570103,Argolicus Sinus,Argolicus Sinus,latin,yes,,1
pl-570103,Argolicus Sinus,sinus Argolicus,latin,yes,,1
pl-570104,Argolis,Argea,latin,yes,,1
pl-570104,Argolis,Argolis,latin,yes,,1
pl-570105,Argon Pedion,Argon Pedion,latin,yes,,1
pl-570105,Argon Pedion,Αργον πεδιον,greek,yes,,1
pl-570105,Argon Pedion,Ἀργὸν πεδίον,greek,yes,,1
pl-570106,Argos,Argos,latin,yes,famous name — confirm the referent,1
pl-570106,Argos,Pelasgia,latin,,names 2 places in this box,2
pl-570106,Argos,Árgos,latin,,too short to search,1
pl-570106,Argos,Αργος,greek,yes,,1
pl-570106,Argos,Ἄργος,greek,yes,,1
pl-540660,Argoura,Argoura,latin,yes,,1
pl-540660,Argoura,Argyra,latin,yes,,1
pl-570107,Aris (river),Aris,latin,,too short to search,1
pl-570107,Aris (river),Aris (river),latin,yes,,1
pl-570108,Aristera Ins.,Aristera,latin,yes,,1
pl-570108,Aristera Ins.,Aristera Ins.,latin,yes,,1
pl-570109,Aristonautai,Aristonautai,latin,yes,,1
pl-770053487,Arkadiko Bridge,Arkadiko Bridge,latin,yes,,1
pl-540661,Arkhampolis,Arkhampolis,latin,yes,,1
pl-540663,Arne,Arne,latin,,too short to search,1
pl-540663,Arne,Árnē,latin,,too short to search,1
pl-540663,Arne,Αρνη,greek,,too short to search,1
pl-540663,Arne,Ἄρνη,greek,,too short to search,1
pl-570112,Aroania (mountain),Aroania,latin,yes,,1
pl-570112,Aroania (mountain),Aroania (mountain),latin,yes,,1
pl-570112,Aroania (mountain),Aroania M.,latin,yes,,1
pl-570112,Aroania (mountain),Αροανια,greek,yes,,1
pl-570112,Aroania (mountain),Ἀροάνια,greek,yes,,1
pl-570114,Aroanios (Arcadia: river above Kleitor),Aroanios,latin,yes,,1
pl-570114,Aroanios (Arcadia: river above Kleitor),Aroanios (Arcadia: river above Kleitor),latin,yes,,1
pl-570114,Aroanios (Arcadia: river above Kleitor),Olbios,latin,yes,,1
pl-570114,Aroanios (Arcadia: river above Kleitor),Phoniatiko,latin,yes,,1
pl-570114,Aroanios (Arcadia: river above Kleitor),Αροάνιος,greek,yes,,1
pl-570114,Aroanios (Arcadia: river above Kleitor),Αροανιος,greek,yes,,1
pl-540664,"Artemis Diktynnaia, T.",Artemis Diktynnaia,latin,yes,,1
pl-540664,"Artemis Diktynnaia, T.","Artemis Diktynnaia, T.",latin,yes,,1
pl-540664,"Artemis Diktynnaia, T.",T.,latin,,names 43 places in this box,43
pl-540665,"Artemis Elaphebolia, T.",Artemis Elaphebolia,latin,yes,,1
pl-540665,"Artemis Elaphebolia, T.","Artemis Elaphebolia, T.",latin,yes,,1
pl-540665,"Artemis Elaphebolia, T.",T.,latin,,names 43 places in this box,43
pl-579878,Artemis Tauropolos temple,Artemis,latin,yes,,1
pl-579878,Artemis Tauropolos temple,Artemis Tauropolos temple,latin,yes,,1
pl-579878,Artemis Tauropolos temple,"Artemis, T.",latin,yes,,1
pl-579878,Artemis Tauropolos temple,T.,latin,,names 43 places in this box,43
pl-599525,Artemision,Artemision,latin,,names 3 places in this box,3
pl-540667,Artemision,Artemision,latin,,names 3 places in this box,3
pl-540667,Artemision,Oritanum,latin,yes,,1
pl-570121,Artemision (mountain),Artemision,latin,,names 3 places in this box,3
pl-570121,Artemision (mountain),Artemision (mountain),latin,yes,,1
pl-570121,Artemision (mountain),Αρτεμισιον,greek,yes,,1
pl-570121,Artemision (mountain),Ἀρτεμίσιον,greek,yes,,1
pl-570122,Asea,Asea,latin,,too short to search,1
pl-570122,Asea,Ασεα,greek,,too short to search,1
pl-570122,Asea,Ἀσέα,greek,,too short to search,1
pl-673950517,Asea Vigla,Asea Vigla,latin,yes,,1
pl-673950517,Asea Vigla,Asea Vigla temple,latin,yes,,1
pl-535233377,Ash Altar of Zeus Lykaios,Ash Altar of Zeus Lykaios,latin,yes,,1
pl-570123,Asinaeus/Coronaeus Sinus,Asinaeus,latin,yes,,1
pl-570123,Asinaeus/Coronaeus Sinus,Asinaeus/Coronaeus Sinus,latin,yes,,1
pl-570123,Asinaeus/Coronaeus Sinus,Coronaeus Sinua,latin,yes,,1
pl-570123,Asinaeus/Coronaeus Sinus,Coronaeus Sinus,latin,yes,,1
pl-570123,Asinaeus/Coronaeus Sinus,Messeniakos Kolpos,latin,yes,,1
pl-570123,Asinaeus/Coronaeus Sinus,sinus Asinaeus,latin,yes,,1
pl-570123,Asinaeus/Coronaeus Sinus,Μεσσηνιακος κολπος,greek,yes,,1
pl-570123,Asinaeus/Coronaeus Sinus,Μεσσηνιακὸς κόλπος,greek,yes,,1
pl-570124,Asine,Asinaia,latin,yes,,1
pl-570126,Asine,Asine,latin,,names 3 places in this box,3
pl-570124,Asine,Asine,latin,,names 3 places in this box,3
pl-570125,Asine,Asine,latin,,names 3 places in this box,3
pl-570125,Asine,Koroni,latin,,names 2 places in this box,2
pl-570124,Asine,Ασιναια,greek,yes,,1
pl-570126,Asine,Ασινη,greek,,names 2 places in this box,2
pl-570124,Asine,Ασινη,greek,,names 2 places in this box,2
pl-570125,Asine,Κορωνη,greek,,names 2 places in this box,2
pl-570125,Asine,Κορώνη,greek,,names 2 places in this box,2
pl-570126,Asine,Ἀσίνη,greek,,names 2 places in this box,2
pl-570124,Asine,Ἀσίνη,greek,,names 2 places in this box,2
pl-570124,Asine,Ἀσιναία,greek,yes,,1
pl-322517289,Asklepieion and Lerna,Asklepieion and Lerna,latin,yes,,1
pl-322517289,Asklepieion and Lerna,Asklepieion of Corinth,latin,yes,,1
pl-322517289,Asklepieion and Lerna,Temple of Asklepios and Lerna Spring,latin,yes,,1
pl-91539310,Asklepieion at Eleusis,Asklepieion at Eleusis,latin,yes,,1
pl-346004679,Asklepieion at Zea,Asklepieion,latin,,names 4 places in this box,4
pl-346004679,Asklepieion at Zea,Asklepieion at Zea,latin,yes,,1
pl-346004679,Asklepieion at Zea,Asklēpieion,latin,yes,,1
pl-346004679,Asklepieion at Zea,Ασκληπιειον,greek,,names 2 places in this box,2
pl-346004679,Asklepieion at Zea,Ἀσκληπιεῖον,greek,,names 2 places in this box,2
pl-52154983,Asklepieion of Messene,Asklepieion of Messene,latin,yes,,1
pl-627870063,Asklepieion of Pheneos,Asklepieion of Pheneos,latin,yes,,1
pl-599529,"Asklepieion, Thesmophorion?, Apollo, T.",Apollo,latin,,names 7 places in this box,7
pl-599529,"Asklepieion, Thesmophorion?, Apollo, T.",Asklepieion,latin,,names 4 places in this box,4
pl-599529,"Asklepieion, Thesmophorion?, Apollo, T.","Asklepieion, Thesmophorion?, Apollo, T.",latin,yes,,1
pl-599529,"Asklepieion, Thesmophorion?, Apollo, T.",Thesmophorion,latin,yes,,1
pl-540670,Askra,Askra,latin,yes,,1
pl-570129,Asopos,Asopos,latin,,names 5 places in this box,5
pl-570129,Asopos,Plitra,latin,yes,,1
pl-570129,Asopos,Plytra,latin,yes,,1
pl-570129,Asopos,Ασωπος,greek,,names 4 places in this box,4
pl-570129,Asopos,Πλυτρα,greek,yes,,1
pl-570129,Asopos,Πλύτρα,greek,yes,,1
pl-570129,Asopos,Ἀσωπός,greek,,names 2 places in this box,2
pl-606274,Asopos (river),Asopos,latin,,names 5 places in this box,5
pl-579880,Asopos (river),Asopos,latin,,names 5 places in this box,5
pl-570131,Asopos (river),Asopos,latin,,names 5 places in this box,5
pl-540672,Asopos (river),Asopos,latin,,names 5 places in this box,5
pl-606274,Asopos (river),Asopos (river),latin,,names 4 places in this box,4
pl-579880,Asopos (river),Asopos (river),latin,,names 4 places in this box,4
pl-570131,Asopos (river),Asopos (river),latin,,names 4 places in this box,4
pl-540672,Asopos (river),Asopos (river),latin,,names 4 places in this box,4
pl-606274,Asopos (river),Ασωπος,greek,,names 4 places in this box,4
pl-570131,Asopos (river),Ασωπος,greek,,names 4 places in this box,4
pl-540672,Asopos (river),Ασωπος,greek,,names 4 places in this box,4
pl-540672,Asopos (river),Ἀσωπός,greek,,names 2 places in this box,2
pl-606274,Asopos (river),Ἀσωπὸς,greek,,names 2 places in this box,2
pl-570131,Asopos (river),Ἀσωπὸς,greek,,names 2 places in this box,2
pl-570132,Aspis (island),Aspis,latin,yes,,1
pl-570132,Aspis (island),Aspis (island),latin,yes,,1
pl-540673,Aspledon/Eudeielos,Aspledon,latin,yes,,1
pl-540673,Aspledon/Eudeielos,Aspledon/Eudeielos,latin,yes,,1
pl-540673,Aspledon/Eudeielos,Eudeielos,latin,yes,,1
pl-540673,Aspledon/Eudeielos,Ασπληδων,greek,yes,,1
pl-540673,Aspledon/Eudeielos,Ἀσπληδών,greek,yes,,1
pl-589714,Aspros Pyrgos,Aspros Pyrgos,latin,yes,,1
pl-570133,Asterion (river),Asterion,latin,yes,,1
pl-570133,Asterion (river),Asterion (river),latin,yes,,1
pl-570133,Asterion (river),Taksiarchis,latin,yes,,1
pl-570133,Asterion (river),Αστεριων,greek,yes,,1
pl-570133,Asterion (river),Ταξιάρχης,greek,yes,,1
pl-570133,Asterion (river),Ταξιαρχης,greek,yes,,1
pl-570133,Asterion (river),Ἀστερίων,greek,yes,,1
pl-570134,Astron,Astron,latin,yes,,1
pl-570134,Astron,Paralio Astros,latin,yes,,1
pl-570134,Astron,Parálio Ástros,latin,yes,,1
pl-570134,Astron,Αστρον,greek,yes,,1
pl-570134,Astron,Παράλιο Άστρος,greek,yes,,1
pl-570134,Astron,Παραλιο Αστρος,greek,yes,,1
pl-570134,Astron,Ἂστρον,greek,yes,,1
pl-579881,Asty,Asty,latin,,too short to search,1
pl-579882,Astypalaia (promontory),Astypalaia (promontory),latin,yes,,1
pl-579882,Astypalaia (promontory),Astypalaia Pr.,latin,yes,,1
pl-540675,Atalante (island),Atalante,latin,yes,,1
pl-540675,Atalante (island),Atalante (island),latin,yes,,1
pl-579883,Atene,Atene,latin,yes,,1
pl-579883,Atene,Atḗnē,latin,,too short to search,1
pl-579883,Atene,Ατηνη,greek,yes,,1
pl-579883,Atene,Ἀτήνη,greek,yes,,1
pl-540678,"Athena Itonia?, T.",Athena Itonia,latin,,names 2 places in this box,2
pl-540678,"Athena Itonia?, T.","Athena Itonia?, T.",latin,yes,,1
pl-540678,"Athena Itonia?, T.",Itonias Athenas hieron,latin,yes,,1
pl-540678,"Athena Itonia?, T.",T.,latin,,names 43 places in this box,43
pl-540678,"Athena Itonia?, T.",Ιτωνιας Αθηνας ιερον,greek,yes,,1
pl-540678,"Athena Itonia?, T.",Ἰτωνίας Ἀθηνᾶς ἱερὸν,greek,yes,,1
pl-540679,Athena Kranaia (temple),Athena Kranaia,latin,yes,,1
pl-540679,Athena Kranaia (temple),Athena Kranaia (temple),latin,yes,,1
pl-540679,Athena Kranaia (temple),Athenas Kranaias hieron,latin,yes,,1
pl-540679,Athena Kranaia (temple),T.,latin,,names 43 places in this box,43
pl-540679,Athena Kranaia (temple),hieron Athenas Kranaias,latin,yes,,1
pl-540679,Athena Kranaia (temple),Αθηνας Κραναιας ιερον,greek,yes,,1
pl-540679,Athena Kranaia (temple),Ἀθηνᾶς Κραναίας ἱερόν,greek,yes,,1
pl-599540,"Athena Poliouchos, T.",Athena Poliouchos,latin,yes,,1
pl-599540,"Athena Poliouchos, T.","Athena Poliouchos, T.",latin,yes,,1
pl-599540,"Athena Poliouchos, T.",T.,latin,,names 43 places in this box,43
pl-540680,"Athena, T.",Athena,latin,,names 2 places in this box,2
pl-540680,"Athena, T.","Athena, T.",latin,yes,,1
pl-540680,"Athena, T.",T.,latin,,names 43 places in this box,43
pl-579885,Athenae,Athen,latin,yes,,1
pl-579885,Athenae,Athenae,latin,yes,,1
pl-579885,Athenae,Athenai,latin,yes,,1
pl-579885,Athenae,Athenas,latin,yes,,1
pl-579885,Athenae,Athens,latin,yes,famous name — confirm the referent,1
pl-579885,Athenae,Athina,latin,yes,,1
pl-579885,Athenae,Athína,latin,yes,,1
pl-579885,Athenae,Athēnai,latin,yes,,1
pl-579885,Athenae,Atina,latin,yes,,1
pl-579885,Athenae,Aysina,latin,yes,,1
pl-579885,Athenae,Aysinas,latin,yes,,1
pl-579885,Athenae,Ays̱ina,latin,yes,,1
pl-579885,Athenae,Ays̱inās̱,latin,yes,,1
pl-579885,Athenae,Aythina,latin,yes,,1
pl-579885,Athenae,Αθηνα,greek,yes,,1
pl-579885,Athenae,Αθηναι,greek,yes,,1
pl-579885,Athenae,Αθήνα,greek,yes,,1
pl-579885,Athenae,Ἀθῆναι,greek,yes,,1
pl-540681,Athenai Diades,Athenai Diades,latin,yes,,1
pl-540681,Athenai Diades,Αθηναι Διαδες,greek,yes,,1
pl-540681,Athenai Diades,Ἀθῆναι Διάδες,greek,yes,,1
pl-570138,Athenaion (fortification),Athenaion,latin,,names 2 places in this box,2
pl-570138,Athenaion (fortification),Athenaion (fortification),latin,yes,,1
pl-570137,Athenaion (settlement),Alika,latin,yes,,1
pl-570137,Athenaion (settlement),Alíka,latin,,too short to search,1
pl-570137,Athenaion (settlement),Athenaion,latin,,names 2 places in this box,2
pl-570137,Athenaion (settlement),Athenaion (settlement),latin,yes,,1
pl-570137,Athenaion (settlement),Athinaio,latin,yes,,1
pl-570137,Athenaion (settlement),Αθήναιο,greek,yes,,1
pl-570137,Athenaion (settlement),Αθηναιο,greek,yes,,1
pl-570137,Athenaion (settlement),Αθηναιον,greek,yes,,1
pl-570137,Athenaion (settlement),Ἀθήναιον,greek,yes,,1
pl-707804475,Athenian Treasury at Delphi,Athenian Treasury,latin,yes,,1
pl-707804475,Athenian Treasury at Delphi,Athenian Treasury at Delphi,latin,yes,,1
pl-707804475,Athenian Treasury at Delphi,Treasury of Athens,latin,yes,,1
pl-579887,Athmonon,Amarousio,latin,yes,,1
pl-579887,Athmonon,Athmonon,latin,yes,,1
pl-579887,Athmonon,Marousi,latin,yes,,1
pl-579887,Athmonon,Áthmonon,latin,yes,,1
pl-579887,Athmonon,Αθμονον,greek,yes,,1
pl-579887,Athmonon,Αμαρουσιο,greek,yes,,1
pl-579887,Athmonon,Αμαρούσιο,greek,yes,,1
pl-579887,Athmonon,Μαρουσι,greek,yes,,1
pl-579887,Athmonon,Μαρούσι,greek,yes,,1
pl-579887,Athmonon,Ἄθμονον,greek,yes,,1
pl-579888,Attica,Attica,latin,yes,,1
pl-579888,Attica,Attike,latin,yes,,1
pl-579888,Attica,Attikḗ,latin,yes,,1
pl-579888,Attica,Αττικη,greek,yes,,1
pl-579888,Attica,Ἀττική,greek,yes,,1
pl-579889,Aulis,Aulis,latin,yes,,1
pl-599544,Aulon,Aulon,latin,yes,,1
pl-585892,Auridai,Auridai,latin,yes,,1
pl-585892,Auridai,Αυριδαι,greek,yes,,1
pl-585892,Auridai,Αὐρίδαι,greek,yes,,1
pl-570143,Azania,Azania,latin,yes,,1
pl-570143,Azania,Αζανια,greek,yes,,1
pl-570143,Azania,Ἀζανία,greek,yes,,1
pl-579890,Azenia?,Azenia,latin,yes,,1
pl-579890,Azenia?,Azenia?,latin,yes,,1
pl-576630079,Bakcheion,Baccheion,latin,yes,,1
pl-576630079,Bakcheion,Bakcheion,latin,yes,,1
pl-576630079,Bakcheion,Bakcheîon,latin,yes,,1
pl-576630079,Bakcheion,Βακχειον,greek,yes,,1
pl-576630079,Bakcheion,Βακχεῖον,greek,yes,,1
pl-570146,Balyra (river),Balyra,latin,yes,,1
pl-570146,Balyra (river),Balyra (river),latin,yes,,1
pl-570146,Balyra (river),Maurozoumena,latin,yes,,1
pl-570146,Balyra (river),Βαλυρα,greek,yes,,1
pl-570146,Balyra (river),Βαλύρα,greek,yes,,1
pl-570146,Balyra (river),Μαυροζουμενα,greek,,names 2 places in this box,2
pl-570146,Balyra (river),Μαυροζούμενα,greek,,names 2 places in this box,2
pl-949635163,"Barnavos, Chamber Tomb C1749","Barnavos, Chamber Tomb C1749",latin,yes,,1
pl-676120271,Basilica,Basilica,latin,yes,,1
pl-676120271,Basilica,The Northeast Complex,latin,yes,,1
pl-660349527,Basilica of Lechaion,Basilica of Lechaion,latin,yes,,1
pl-288803012,Basilica of Thyrsos,Basilica of Thyrsos,latin,yes,,1
pl-570147,Basilis,Basilis,latin,yes,,1
pl-570147,Basilis,Βασιλίς,greek,yes,,1
pl-570147,Basilis,Βασιλις,greek,yes,,1
pl-570148,Bassai,Bassae,latin,yes,,1
pl-570148,Bassai,Bassai,latin,yes,,1
pl-570148,Bassai,T. Apollo Epikourios,latin,yes,,1
pl-579892,Bate?,Bate,latin,,too short to search,1
pl-579892,Bate?,Bate?,latin,,too short to search,1
pl-276064291,Bath at northwest foot of the Areopagus,Bath at northwest foot of the Areopagus,latin,yes,,1
pl-276064291,Bath at northwest foot of the Areopagus,Southwest Bath,latin,yes,,1
pl-570149,Bathos,Bathos,latin,yes,,1
pl-570149,Bathos,Βάθος,greek,yes,,1
pl-570149,Bathos,Βαθος,greek,yes,,1
pl-570150,Belbina (island),Belbina,latin,,names 2 places in this box,2
pl-570150,Belbina (island),Belbina (island),latin,yes,,1
pl-570150,Belbina (island),Βέλβινα,greek,,names 2 places in this box,2
pl-570150,Belbina (island),Βελβινα,greek,,names 2 places in this box,2
pl-579893,Beletsi,Beletsi,latin,yes,,1
pl-570151,Belmina,Belbina,latin,,names 2 places in this box,2
pl-570151,Belmina,Belemina,latin,yes,,1
pl-570151,Belmina,Belmina,latin,yes,,1
pl-570151,Belmina,Blenina,latin,yes,,1
pl-570151,Belmina,Chelmos,latin,yes,,1
pl-570151,Belmina,Βέλβινα,greek,,names 2 places in this box,2
pl-570151,Belmina,Βέλμινα,greek,yes,,1
pl-570151,Belmina,Βελβινα,greek,,names 2 places in this box,2
pl-570151,Belmina,Βελεμίνα,greek,yes,,1
pl-570151,Belmina,Βελεμινα,greek,yes,,1
pl-570151,Belmina,Βελμινα,greek,yes,,1
pl-570151,Belmina,Βλένινα,greek,yes,,1
pl-570151,Belmina,Βλενινα,greek,yes,,1
pl-570152,Belminatis,Belbinates,latin,yes,,1
pl-570152,Belminatis,Beliminates,latin,yes,,1
pl-570152,Belminatis,Belminates Ager,latin,yes,,1
pl-570152,Belminatis,Belminatis,latin,yes,,1
pl-570152,Belminatis,Blaminae,latin,yes,,1
pl-570152,Belminatis,Bleminatis,latin,yes,,1
pl-935360966,Bema,Bema,latin,,too short to search,1
pl-935360966,Bema,to bema,latin,yes,,1
pl-935360966,Bema,tò bêma,latin,,too short to search,1
pl-935360966,Bema,το βημα,greek,yes,,1
pl-935360966,Bema,τὸ βῆμα,greek,yes,,1
pl-866381505,Bema of Phaidros,Bema of Phaidros,latin,yes,,1
pl-866381505,Bema of Phaidros,Bema theatrou Phaidros,latin,yes,,1
pl-866381505,Bema of Phaidros,Phaidrosbema im Dionysostheater,latin,yes,,1
pl-866381505,Bema of Phaidros,βημα θεητρου Φαιδρος,greek,yes,,1
pl-866381505,Bema of Phaidros,βῆμα θεήτρου Φαῖδρος,greek,yes,,1
pl-573141,Bembina,Bembina,latin,yes,,1
pl-573141,Bembina,Βέμβινα,greek,yes,,1
pl-573141,Bembina,Βεμβινα,greek,yes,,1
pl-928072777,Benches on Kolonos Agoraios,Benches on Kolonos Agoraios,latin,yes,,1
pl-928072777,Benches on Kolonos Agoraios,Poros benches,latin,yes,,1
pl-579894,Besa,Besa,latin,,too short to search,1
pl-570154,Bia(n)dyna,Bia(n)dyna,latin,yes,,1
pl-570154,Bia(n)dyna,Biadyna,latin,yes,,1
pl-570154,Bia(n)dyna,Biandyna,latin,yes,,1
pl-573142,Bias (river),Bias,latin,,too short to search,1
pl-573142,Bias (river),Bias (river),latin,yes,,1
pl-573142,Bias (river),Βίας,greek,,too short to search,1
pl-573142,Bias (river),Βιας,greek,,too short to search,1
pl-540689,Boeotia,Boeotia,latin,yes,,1
pl-540689,Boeotia,Boiotia,latin,yes,,1
pl-540689,Boeotia,Boiōtía,latin,yes,,1
pl-540689,Boeotia,Βοιωτία,greek,yes,,1
pl-540689,Boeotia,Βοιωτια,greek,yes,,1
pl-540691,Boion,Boion,latin,yes,,1
pl-570158,Boreion (mountain),Boreion,latin,yes,,1
pl-570158,Boreion (mountain),Boreion (mountain),latin,yes,,1
pl-570158,Boreion (mountain),Βορειον,greek,yes,,1
pl-570158,Boreion (mountain),Βόρειον,greek,yes,,1
pl-579896,Boudoron,Boudoron,latin,yes,,1
pl-579896,Boudoron,Βουδορον,greek,yes,,1
pl-579896,Boudoron,Βούδορον,greek,yes,,1
pl-540692,Boudoros (river),Boudoros,latin,yes,,1
pl-540692,Boudoros (river),Boudoros (river),latin,yes,,1
pl-540692,Boudoros (river),Voudoros Potamos,latin,yes,,1
pl-540692,Boudoros (river),Βουδορος ποταμος,greek,yes,,1
pl-540692,Boudoros (river),Βουδωρος Ποταμος,greek,yes,,1
pl-540692,Boudoros (river),Βούδορος ποταμὸς,greek,yes,,1
pl-540692,Boudoros (river),Βούδωρος Ποταμός,greek,yes,,1
pl-570160,Boukephala? Pr.,Boukephala Pr.,latin,yes,,1
pl-570160,Boukephala? Pr.,Boukephala? Pr.,latin,yes,,1
pl-570161,Boukephalos,Boukephalos,latin,yes,,1
pl-235166067,Bouleuterion of Onchestos,Bouleuterion of Onchestos,latin,yes,,1
pl-540694,Boulis,Boulis,latin,yes,,1
pl-540695,Boumelit(ei)a,Boumelit(ei)a,latin,yes,,1
pl-540695,Boumelit(ei)a,Boumelita,latin,yes,,1
pl-540695,Boumelit(ei)a,Boumeliteia,latin,,names 2 places in this box,2
pl-540696,Boumeliteia,Boumeliteia,latin,,names 2 places in this box,2
pl-570163,Bounali tou Barba Spiro,Bounali tou Barba Spiro,latin,yes,,1
pl-570164,Bouphagion?,Bouphagion,latin,yes,,1
pl-570164,Bouphagion?,Bouphagion?,latin,yes,,1
pl-570165,Bouporthmos (mountain),Bouporthmos,latin,yes,,1
pl-570165,Bouporthmos (mountain),Bouporthmos (mountain),latin,yes,,1
pl-570167,Bouraikos (river),Bouraikos,latin,yes,,1
pl-570167,Bouraikos (river),Bouraikos (river),latin,yes,,1
pl-32079425,Bouri cult site (Megara),Bouri cult site (Megara),latin,yes,,1
pl-448145857,Bouros-Kastri peninsula,Bouros-Kastri peninsula,latin,yes,,1
pl-579897,Boutadai,Boutadai,latin,yes,,1
pl-579879,Brauron/sanctuary of Artemis Brauronia,Artemis Brauronia,latin,yes,,1
pl-579879,Brauron/sanctuary of Artemis Brauronia,Brauron,latin,yes,,1
pl-579879,Brauron/sanctuary of Artemis Brauronia,Brauron/sanctuary of Artemis Brauronia,latin,yes,,1
pl-579879,Brauron/sanctuary of Artemis Brauronia,Braurṓn,latin,yes,,1
pl-579879,Brauron/sanctuary of Artemis Brauronia,T.,latin,,names 43 places in this box,43
pl-579879,Brauron/sanctuary of Artemis Brauronia,Βραυρων,greek,yes,,1
pl-579879,Brauron/sanctuary of Artemis Brauronia,Βραυρών,greek,yes,,1
pl-570168,Brenthe,Brenthe,latin,yes,,1
pl-570168,Brenthe,Βρένθη,greek,yes,,1
pl-570168,Brenthe,Βρενθη,greek,yes,,1
pl-855842356,Bridge at Eleonas,Bridge at Eleonas,latin,yes,,1
pl-805065997,Bronze Athena/Athena Promachos,Athena Promachos,latin,yes,,1
pl-805065997,Bronze Athena/Athena Promachos,Bronze Athena,latin,yes,,1
pl-805065997,Bronze Athena/Athena Promachos,Bronze Athena/Athena Promachos,latin,yes,,1
pl-805065997,Bronze Athena/Athena Promachos,agalma Athenas chalkoun,latin,yes,,1
pl-805065997,Bronze Athena/Athena Promachos,agalma Athenas khalkoun,latin,yes,,1
pl-805065997,Bronze Athena/Athena Promachos,he chalke he megale Athena,latin,yes,,1
pl-805065997,Bronze Athena/Athena Promachos,hē chalkê hē megálē Athēnâ,latin,yes,,1
pl-805065997,Bronze Athena/Athena Promachos,ágalma Athenâs chalkoûn,latin,yes,,1
pl-805065997,Bronze Athena/Athena Promachos,αγαλμα Αθηνας χαλκουν,greek,yes,,1
pl-805065997,Bronze Athena/Athena Promachos,η χαλκη η μεγαλη Αθηνα,greek,yes,,1
pl-805065997,Bronze Athena/Athena Promachos,ἄγαλμα Ἀθηνᾶς χαλκοῦν,greek,yes,,1
pl-805065997,Bronze Athena/Athena Promachos,ἡ χαλκῆ ἡ μεγάλη Ἀθηνᾶ,greek,yes,,1
pl-809893516,Building B,Building B,latin,yes,,1
pl-517288793,Building III on the Athenian Acropolis,Building III,latin,yes,,1
pl-517288793,Building III on the Athenian Acropolis,Building III on the Athenian Acropolis,latin,yes,,1
pl-517288793,Building III on the Athenian Acropolis,North Wall Building,latin,yes,,1
pl-747002130,Building IV on the Athenian Acropolis,Building IV,latin,yes,,1
pl-747002130,Building IV on the Athenian Acropolis,Building IV on the Athenian Acropolis,latin,yes,,1
pl-747002130,Building IV on the Athenian Acropolis,Southeast Building,latin,yes,,1
pl-747002130,Building IV on the Athenian Acropolis,hieron tou Pandionos,latin,yes,,1
pl-747002130,Building IV on the Athenian Acropolis,hieròn toû Pandíonos,latin,yes,,1
pl-747002130,Building IV on the Athenian Acropolis,ιερον του Πανδιονος,greek,yes,,1
pl-747002130,Building IV on the Athenian Acropolis,ἱερὸν τοῦ Πανδίονος,greek,yes,,1
pl-993507722,Building V on the Athenian Acropolis,Building V,latin,yes,,1
pl-993507722,Building V on the Athenian Acropolis,Building V on the Athenian Acropolis,latin,yes,,1
pl-400626651,Byzantine fort at Halos,Byzantine fort at Halos,latin,yes,,1
pl-239936126,Cadmea,Cadmea,latin,yes,,1
pl-239936126,Cadmea,Cadmeia,latin,yes,,1
pl-239936126,Cadmea,καδμεία,greek,yes,,1
pl-239936126,Cadmea,καδμεια,greek,yes,,1
pl-203037083,Castalian spring,Castalia,latin,yes,,1
pl-203037083,Castalian spring,Castalian spring,latin,yes,,1
pl-203037083,Castalian spring,Kastalia,latin,yes,,1
pl-203037083,Castalian spring,Kastalia pigi,latin,yes,,1
pl-203037083,Castalian spring,Kastalía pigí,latin,yes,,1
pl-203037083,Castalian spring,fons Castalius,latin,yes,,1
pl-203037083,Castalian spring,Κασταλία,greek,yes,,1
pl-203037083,Castalian spring,Κασταλία πηγή,greek,yes,,1
pl-203037083,Castalian spring,Κασταλια,greek,yes,,1
pl-203037083,Castalian spring,Κασταλια πηγη,greek,yes,,1
pl-996483532,Castle of Dokos,Castle of Dokos,latin,yes,,1
pl-772945364,Castle of Paralio Astros,Castle of Paralio Astros,latin,yes,,1
pl-772945364,Castle of Paralio Astros,Paralio Astros Castle,latin,yes,,1
pl-694364581,Catacombs of Trypiti,Catacombs of Trypiti,latin,yes,,1
pl-870756929,Cave of Apollo,Apollonos hieron en spelaio,latin,yes,,1
pl-870756929,Cave of Apollo,Cave Beta,latin,yes,,1
pl-870756929,Cave of Apollo,Cave of Apollo,latin,yes,,1
pl-870756929,Cave of Apollo,Cave sanctuary of Apollo Hypoakraios,latin,yes,,1
pl-870756929,Cave of Apollo,Makrai,latin,yes,,1
pl-870756929,Cave of Apollo,Απολλωνος ιερον εν σπηλαιω,greek,yes,,1
pl-870756929,Cave of Apollo,Μακραί,greek,yes,,1
pl-870756929,Cave of Apollo,Μακραι,greek,yes,,1
pl-870756929,Cave of Apollo,Ἀπόλλωνος ἱερὸν ἐν σπηλαίῳ,greek,yes,,1
pl-486617493,Cave of Pan,Cave of Pan,latin,yes,,1
pl-486617493,Cave of Pan,tou Panos to aulion,latin,yes,,1
pl-486617493,Cave of Pan,του Πανος το αυλιον,greek,yes,,1
pl-486617493,Cave of Pan,τοῦ Πανός τὸ αὐλίον,greek,yes,,1
pl-580056,Cave of Pan and the Nymphs,Archedimou (Spilaio),latin,yes,,1
pl-580056,Cave of Pan and the Nymphs,Cave of Pan and the Nymphs,latin,yes,,1
pl-580056,Cave of Pan and the Nymphs,Nymfoliptou (Spilaio),latin,yes,,1
pl-580056,Cave of Pan and the Nymphs,Nympholyptos Cave,latin,yes,,1
pl-580056,Cave of Pan and the Nymphs,Pan kai Nymphai T.,latin,yes,,1
pl-580056,Cave of Pan and the Nymphs,Panos (Spilaio),latin,yes,,1
pl-580056,Cave of Pan and the Nymphs,Panos kai Nymfon (Spilaio),latin,yes,,1
pl-580056,Cave of Pan and the Nymphs,Spilaio Archedimou,latin,yes,,1
pl-580056,Cave of Pan and the Nymphs,Spilaio Nymfoliptou,latin,yes,,1
pl-580056,Cave of Pan and the Nymphs,Spilaio Panos,latin,yes,,1
pl-580056,Cave of Pan and the Nymphs,Spilaio Panos kai Nymfon,latin,yes,,1
pl-580056,Cave of Pan and the Nymphs,Spílaio Archédimou,latin,yes,,1
pl-580056,Cave of Pan and the Nymphs,Spílaio Nymfolíptou,latin,yes,,1
pl-580056,Cave of Pan and the Nymphs,Spílaio Panós,latin,yes,,1
pl-580056,Cave of Pan and the Nymphs,Spílaio Panós kai Nymfón,latin,yes,,1
pl-580056,Cave of Pan and the Nymphs,Vari Cave,latin,yes,,1
pl-580056,Cave of Pan and the Nymphs,Σπήλαιο Αρχέδημου,greek,yes,,1
pl-580056,Cave of Pan and the Nymphs,Σπήλαιο Νυμφολήπτου,greek,yes,,1
pl-580056,Cave of Pan and the Nymphs,Σπήλαιο Πανός,greek,yes,,1
pl-580056,Cave of Pan and the Nymphs,Σπήλαιο Πανός και Νυμφών,greek,yes,,1
pl-580056,Cave of Pan and the Nymphs,Σπηλαιο Αρχεδημου,greek,yes,,1
pl-580056,Cave of Pan and the Nymphs,Σπηλαιο Νυμφοληπτου,greek,yes,,1
pl-580056,Cave of Pan and the Nymphs,Σπηλαιο Πανος,greek,yes,,1
pl-580056,Cave of Pan and the Nymphs,Σπηλαιο Πανος και Νυμφων,greek,yes,,1
pl-83772052,Cave of the Lakes,Cave of the Lakes,latin,yes,,1
pl-540700,Cephisus (river),Cephisus,latin,yes,,1
pl-540700,Cephisus (river),Cephisus (river),latin,yes,,1
pl-540701,Chaeronea,Chaeronea,latin,yes,,1
pl-540701,Chaeronea,Χαιρωνεια,greek,yes,,1
pl-540701,Chaeronea,Χαιρώνεια,greek,yes,,1
pl-540702,Chalai(on),Chalai,latin,yes,,1
pl-540702,Chalai(on),Chalai(on),latin,yes,,1
pl-540702,Chalai(on),Chalaion,latin,yes,,1
pl-30347988,Chalandriani,Chalandriani,latin,yes,,1
pl-30347988,Chalandriani,Χαλανδριανή,greek,yes,,1
pl-30347988,Chalandriani,Χαλανδριανη,greek,yes,,1
pl-540703,Chalcis,Chalcis,latin,yes,,1
pl-540703,Chalcis,Chalkis,latin,yes,,1
pl-540703,Chalcis,Chalkís,latin,yes,,1
pl-540703,Chalcis,Χαλκίς,greek,yes,,1
pl-540703,Chalcis,Χαλκις,greek,yes,,1
pl-540704,Chaleion,Chaleion,latin,yes,,1
pl-540705,Chalia,Ag. Minas,latin,yes,,1
pl-540705,Chalia,Chalia,latin,yes,,1
pl-540705,Chalia,Dhrosia,latin,yes,,1
pl-540705,Chalia,Dhrosiá,latin,yes,,1
pl-540705,Chalia,Drosia,latin,yes,,1
pl-540705,Chalia,Δροσιά,greek,yes,,1
pl-540705,Chalia,Δροσια,greek,yes,,1
pl-764971247,Chalkotheke,Building VII,latin,yes,,1
pl-764971247,Chalkotheke,Chalkotheke,latin,,names 2 places in this box,2
pl-764971247,Chalkotheke,chalkotheke,latin,,names 2 places in this box,2
pl-764971247,Chalkotheke,chalkothḗkē,latin,yes,,1
pl-764971247,Chalkotheke,khalkotheke,latin,yes,,1
pl-764971247,Chalkotheke,khalkothḗkē,latin,yes,,1
pl-764971247,Chalkotheke,χαλκοθηκη,greek,yes,,1
pl-764971247,Chalkotheke,χαλκοθήκη,greek,yes,,1
pl-570171,Chaon (mountain),Chaon,latin,yes,,1
pl-570171,Chaon (mountain),Chaon (mountain),latin,yes,,1
pl-570171,Chaon (mountain),Χάον,greek,,too short to search,1
pl-570171,Chaon (mountain),Χαον,greek,,too short to search,1
pl-540709,Charadra,Charadra,latin,,names 2 places in this box,2
pl-540709,Charadra,Χαράδρα,greek,yes,,1
pl-540709,Charadra,Χαραδρα,greek,yes,,1
pl-579900,Charadra (river),Charadra,latin,,names 2 places in this box,2
pl-579900,Charadra (river),Charadra (river),latin,yes,,1
pl-570173,Charadros (river),Charadros,latin,yes,,1
pl-570173,Charadros (river),Charadros (river),latin,yes,,1
pl-570173,Charadros (river),Χάραδρος,greek,yes,,1
pl-570173,Charadros (river),Χαραδρος,greek,yes,,1
pl-585899,Chastia,Chastia,latin,yes,,1
pl-21258154,Chelmos Castle,Chelmos Castle,latin,yes,,1
pl-21258154,Chelmos Castle,Kastro Chelmou,latin,yes,,1
pl-21258154,Chelmos Castle,Kastro Helmou,latin,yes,,1
pl-21258154,Chelmos Castle,Κάστρο Χελμού,greek,yes,,1
pl-21258154,Chelmos Castle,Καστρο Χελμου,greek,yes,,1
pl-573169,Chelydorea (mountain),Cheludorea,latin,yes,,1
pl-573169,Chelydorea (mountain),Chelydorea,latin,yes,,1
pl-573169,Chelydorea (mountain),Chelydorea (mountain),latin,yes,,1
pl-573169,Chelydorea (mountain),Χελυδορεα,greek,yes,,1
pl-573169,Chelydorea (mountain),Χελυδόρεα,greek,yes,,1
pl-570176,Chersonesos Pr.,Chersonesos Pr.,latin,,names 2 places in this box,2
pl-540710,Chersonesos? Pr.,Chersonesos Pr.,latin,,names 2 places in this box,2
pl-540710,Chersonesos? Pr.,Chersonesos? Pr.,latin,yes,,1
pl-570177,Choireios (river),Choireios,latin,yes,,1
pl-570177,Choireios (river),Choireios (river),latin,yes,,1
pl-579902,Cholargos,Cholargos,latin,yes,,1
pl-579902,Cholargos,Cholargós,latin,yes,,1
pl-579902,Cholargos,Χολαργος,greek,yes,,1
pl-579902,Cholargos,Χολαργός,greek,yes,,1
pl-579903,Choma?,Choma,latin,yes,,1
pl-579903,Choma?,Choma?,latin,yes,,1
pl-579903,Choma?,Χωμα,greek,,too short to search,1
pl-579903,Choma?,Χῶμα,greek,,too short to search,1
pl-813654446,Choragic Monument of Lysicrates,Choragic Monument of Lysicrates,latin,yes,,1
pl-540711,Chorsiai,Chorsia,latin,yes,,1
pl-540711,Chorsiai,Chorsiai,latin,yes,,1
pl-540711,Chorsiai,Chorsiaí,latin,yes,,1
pl-540711,Chorsiai,Chorsía,latin,yes,,1
pl-540711,Chorsiai,Chostia,latin,,names 3 places in this box,3
pl-540711,Chorsiai,Khorsia,latin,yes,,1
pl-540711,Chorsiai,Khorsiai,latin,yes,,1
pl-540711,Chorsiai,Khostia,latin,,names 3 places in this box,3
pl-540711,Chorsiai,Khóstia,latin,,names 3 places in this box,3
pl-540711,Chorsiai,Korsiai,latin,yes,,1
pl-540711,Chorsiai,Korsiaí,latin,yes,,1
pl-540711,Chorsiai,Korsíai,latin,yes,,1
pl-540711,Chorsiai,Prodhromos,latin,,names 3 places in this box,3
pl-540711,Chorsiai,Prodromos,latin,,names 3 places in this box,3
pl-540711,Chorsiai,Pródhromos,latin,,names 3 places in this box,3
pl-540711,Chorsiai,Pródromos,latin,,names 3 places in this box,3
pl-540711,Chorsiai,Κορσιαι,greek,yes,,1
pl-540711,Chorsiai,Προδρομος,greek,,names 3 places in this box,3
pl-540711,Chorsiai,Πρόδρομος,greek,,names 3 places in this box,3
pl-540711,Chorsiai,Χορσία,greek,yes,,1
pl-540711,Chorsiai,Χορσια,greek,yes,,1
pl-540711,Chorsiai,Χορσιαί,greek,yes,,1
pl-540711,Chorsiai,Χορσιαι,greek,yes,,1
pl-540711,Chorsiai,Χωστια,greek,,names 3 places in this box,3
pl-540711,Chorsiai,Χώστια,greek,,names 3 places in this box,3
pl-133416747,Church of St. Demetrios Katephores,Agios Dimitrios Katiforis,latin,yes,,1
pl-133416747,Church of St. Demetrios Katephores,Agios Dīmītrios Katīforīs,latin,yes,,1
pl-133416747,Church of St. Demetrios Katephores,Church of St. Demetrios Katephores,latin,yes,,1
pl-133416747,Church of St. Demetrios Katephores,Hagios Demetrios Katephores,latin,yes,,1
pl-133416747,Church of St. Demetrios Katephores,Hagios Dēmētrios Katēphorēs,latin,yes,,1
pl-133416747,Church of St. Demetrios Katephores,Αγιος Δημητριος Κατηφορης,greek,yes,,1
pl-133416747,Church of St. Demetrios Katephores,Ἅγιος Δημήτριος Κατηφόρης,greek,yes,,1
pl-540713,Cicynethus (island),Cicynethus,latin,yes,,1
pl-540713,Cicynethus (island),Cicynethus (island),latin,yes,,1
pl-540714,Cithaeron (mountain),Cithaeron,latin,yes,,1
pl-540714,Cithaeron (mountain),Cithaeron (mountain),latin,yes,,1
pl-650003009,City Eleusinion at Athens,City Eleusinion,latin,yes,,1
pl-650003009,City Eleusinion at Athens,City Eleusinion at Athens,latin,yes,,1
pl-650003009,City Eleusinion at Athens,Eleusinion,latin,,names 2 places in this box,2
pl-650003009,City Eleusinion at Athens,Eleusinion en astei,latin,yes,,1
pl-650003009,City Eleusinion at Athens,Eleusínion en astei,latin,yes,,1
pl-650003009,City Eleusinion at Athens,Ελευσίνιο,greek,yes,,1
pl-650003009,City Eleusinion at Athens,Ελευσινιο,greek,yes,,1
pl-650003009,City Eleusinion at Athens,Ελευσινιον,greek,yes,,1
pl-650003009,City Eleusinion at Athens,Ελευσινιον εν αστει,greek,yes,,1
pl-650003009,City Eleusinion at Athens,Ἐλευσίνιον,greek,yes,,1
pl-650003009,City Eleusinion at Athens,Ἐλευσίνιον ἐν ἄστει,greek,yes,,1
pl-988478845,City Wall (Salamis: Ampelaki Bay),Ampelaki Bay,latin,yes,,1
pl-988478845,City Wall (Salamis: Ampelaki Bay),City Wall (Salamis: Ampelaki Bay),latin,yes,,1
pl-691939634,Civic Offices,Civic Offices,latin,yes,,1
pl-830424823,Classical Temple at Ai Lia,Classical Temple at Ai Lia,latin,yes,,1
pl-234032029,Clepsydra of the Oropos Amphiareion,Clepsydra of the Oropos Amphiareion,latin,yes,,1
pl-540715,Copais L.,Copais L.,latin,yes,,1
pl-131418574,Corinth Canal,Corinth Canal,latin,yes,,1
pl-131418574,Corinth Canal,Dioriga Korinthou,latin,yes,,1
pl-131418574,Corinth Canal,Διωρυγα Κορινθου,greek,yes,,1
pl-131418574,Corinth Canal,Διώρυγα Κορίνθου,greek,yes,,1
pl-309736112,Corinth Theater,Corinth Theater,latin,yes,,1
pl-570180,Corinthia,Col. Laus Iulia Corinthiensis,latin,yes,,1
pl-570180,Corinthia,Corinthia,latin,yes,,1
pl-570180,Corinthia,Ephyre,latin,yes,,1
pl-570181,Corinthiacus Sinus,Corinthiacus Sinus,latin,yes,,1
pl-570182,Corinthus/Korinthos,Aigiales,latin,yes,,1
pl-570182,Corinthus/Korinthos,Aigialos,latin,yes,,1
pl-570182,Corinthus/Korinthos,Ancient Corinth,latin,yes,,1
pl-570182,Corinthus/Korinthos,Colonia Laus Iulia Corinthus,latin,yes,,1
pl-570182,Corinthus/Korinthos,Corinth,latin,yes,famous name — confirm the referent,1
pl-570182,Corinthus/Korinthos,Corintho,latin,yes,,1
pl-570182,Corinthus/Korinthos,Corinthus,latin,yes,,1
pl-570182,Corinthus/Korinthos,Corinthus/Korinthos,latin,yes,,1
pl-570182,Corinthus/Korinthos,Korinthos,latin,yes,,1
pl-570182,Corinthus/Korinthos,Sicyonia,latin,yes,,1
pl-570182,Corinthus/Korinthos,Αιγιαλεις,greek,yes,,1
pl-570182,Corinthus/Korinthos,Αιγιαλευς,greek,yes,,1
pl-570182,Corinthus/Korinthos,Αἰγιαλεὺς,greek,yes,,1
pl-570182,Corinthus/Korinthos,Αἰγιαλεῖς,greek,yes,,1
pl-570182,Corinthus/Korinthos,Κορινθος,greek,yes,,1
pl-570182,Corinthus/Korinthos,Κόρινθος,greek,yes,,1
pl-570182,Corinthus/Korinthos,Σικυωνίᾳ,greek,yes,,1
pl-570182,Corinthus/Korinthos,Σικυωνια,greek,yes,,1
pl-540717,Coronea,Coronea,latin,yes,,1
pl-540717,Coronea,Koroneia,latin,,names 2 places in this box,2
pl-540717,Coronea,Κορωνεια,greek,yes,,1
pl-540717,Coronea,Κορώνεια,greek,yes,,1
pl-991373,Creta,Creta,latin,yes,,1
pl-540718,Crisaeus Sinus,Crisaeus Sinus,latin,yes,,1
pl-540718,Crisaeus Sinus,Delphikos Kolpos,latin,yes,,1
pl-540718,Crisaeus Sinus,Iteas Gulf,latin,yes,,1
pl-251170827,Crossroads Enclosure,Crossroads Enclosure,latin,yes,,1
pl-251170827,Crossroads Enclosure,Northwest Orthostate Enclosure,latin,yes,,1
pl-560353,Cyclades Islands,Cyclades,latin,yes,,1
pl-560353,Cyclades Islands,Cyclades Islands,latin,yes,,1
pl-560353,Cyclades Islands,Kyklades nesoi,latin,yes,,1
pl-560353,Cyclades Islands,Kykládes nêsoi,latin,yes,,1
pl-560353,Cyclades Islands,Κυκλάδες νῆσοι,greek,yes,,1
pl-560353,Cyclades Islands,Κυκλαδες νησοι,greek,yes,,1
pl-682104977,Cyclopean Bridge of Agios Ioannis ,Cyclopean Bridge of Agios Ioannis,latin,yes,,1
pl-540719,Cynoscephalae,Cynoscephalae,latin,yes,,1
pl-540719,Cynoscephalae,Kynoskephalai,latin,yes,,1
pl-540719,Cynoscephalae,Κυνος κεφαλαι,greek,yes,,1
pl-540719,Cynoscephalae,Κυνὸς κεφαλαί,greek,yes,,1
pl-61966026,Dafni Pan cave (Attica),Dafni Pan cave (Attica),latin,yes,,1
pl-579905,Daidalidai,Daidalidai,latin,yes,,1
pl-579905,Daidalidai,Daidalídai,latin,yes,,1
pl-579905,Daidalidai,Δαιδαλίδαι,greek,yes,,1
pl-579905,Daidalidai,Δαιδαλιδαι,greek,yes,,1
pl-606653928,Daphni Monastery,Daphni Monastery,latin,yes,,1
pl-540721,Daphnos (river),Daphnos,latin,yes,,1
pl-540721,Daphnos (river),Daphnos (river),latin,yes,,1
pl-540722,Daphnous,Daphnous,latin,yes,,1
pl-540722,Daphnous,Daphnus,latin,yes,,1
pl-540722,Daphnous,Δαφνους,greek,yes,,1
pl-540722,Daphnous,Δαφνοῦς,greek,yes,,1
pl-570188,Dasea(i),Apiditsa,latin,yes,,1
pl-570188,Dasea(i),Dasea,latin,yes,,1
pl-570188,Dasea(i),Dasea(i),latin,yes,,1
pl-570188,Dasea(i),Daseai,latin,yes,,1
pl-570188,Dasea(i),Απιδίτσα,greek,yes,,1
pl-570188,Dasea(i),Απιδιτσα,greek,yes,,1
pl-540723,Daulis,Dauleia,latin,yes,,1
pl-540723,Daulis,Daulis,latin,yes,,1
pl-540723,Daulis,Δαυλίς,greek,yes,,1
pl-540723,Daulis,Δαυλεια,greek,yes,,1
pl-540723,Daulis,Δαυλις,greek,yes,,1
pl-540723,Daulis,Δαύλεια,greek,yes,,1
pl-579906,Deiradiotai?,Deiradiotai,latin,yes,,1
pl-579906,Deiradiotai?,Deiradiotai?,latin,yes,,1
pl-579906,Deiradiotai?,Deiradiôtai,latin,yes,,1
pl-579906,Deiradiotai?,Δειραδιωται,greek,yes,,1
pl-579906,Deiradiotai?,Δειραδιῶται,greek,yes,,1
pl-579907,Dekeleia,Dekeleia,latin,yes,,1
pl-579907,Dekeleia,Dekeleieus,latin,yes,,1
pl-579907,Dekeleia,Δεκελεια,greek,yes,,1
pl-579907,Dekeleia,Δεκελειευς,greek,yes,,1
pl-579907,Dekeleia,Δεκελειεύς,greek,yes,,1
pl-579907,Dekeleia,Δεκέλεια,greek,yes,,1
pl-599586,Delion,Delion,latin,,names 2 places in this box,2
pl-540725,Delion,Delion,latin,,names 2 places in this box,2
pl-599588,Delos (island),Delos,latin,,names 2 places in this box,2
pl-599588,Delos (island),Delos (island),latin,yes,,1
pl-599588,Delos (island),Delus,latin,yes,,1
pl-599588,Delos (island),Δηλος,greek,yes,,1
pl-599588,Delos (island),Δῆλος,greek,yes,,1
pl-599587,Delos (settlement),Delos,latin,,names 2 places in this box,2
pl-599587,Delos (settlement),Delos (settlement),latin,yes,,1
pl-93346604,Delos Main Harbor,Delos Main Harbor,latin,yes,,1
pl-152199037,Delos Synagogue,Delos Synagogue,latin,yes,,1
pl-540726,Delphi,DLFY,latin,,too short to search,1
pl-540726,Delphi,Delfey,latin,yes,,1
pl-540726,Delphi,Delfi,latin,yes,,1
pl-540726,Delphi,Delfos,latin,yes,,1
pl-540726,Delphi,Delphes,latin,yes,,1
pl-540726,Delphi,Delphi,latin,yes,famous name — confirm the referent,1
pl-540726,Delphi,Delphoi,latin,yes,,1
pl-540726,Delphi,Dilfi,latin,yes,,1
pl-540726,Delphi,Putho,latin,yes,,1
pl-540726,Delphi,Puthō,latin,,too short to search,1
pl-540726,Delphi,Pytho,latin,yes,,1
pl-540726,Delphi,Δελφοί,greek,yes,,1
pl-540726,Delphi,Δελφοι,greek,yes,,1
pl-540726,Delphi,Πυθω,greek,,too short to search,1
pl-540726,Delphi,Πυθώ,greek,,too short to search,1
pl-540726,Delphi,دلفي,latin,,too short to search,1
pl-585725955,Delphinion,Delphinion,latin,,names 2 places in this box,2
pl-540727,Delphinion,Delphinion,latin,,names 2 places in this box,2
pl-585725955,Delphinion,Delphínion,latin,yes,,1
pl-585725955,Delphinion,Δελφίνιον,greek,yes,,1
pl-585725955,Delphinion,Δελφινιον,greek,yes,,1
pl-579909,Dema,Dema,latin,,too short to search,1
pl-726345182,Dema House,Dema House,latin,yes,,1
pl-288889217,Dema Tower,Dema Tower,latin,yes,,1
pl-585132,Dema wall,Dema Wall,latin,,names 2 places in this box,2
pl-585132,Dema wall,Dema wall,latin,,names 2 places in this box,2
pl-579910,Demeter Sanctuary (Eleusis),Demeter,latin,,names 2 places in this box,2
pl-579910,Demeter Sanctuary (Eleusis),Demeter Sanctuary (Eleusis),latin,yes,,1
pl-579910,Demeter Sanctuary (Eleusis),T.,latin,,names 43 places in this box,43
pl-540728,"Demeter, T.",Demeter,latin,,names 2 places in this box,2
pl-540728,"Demeter, T.","Demeter, T.",latin,yes,,1
pl-540728,"Demeter, T.",T.,latin,,names 43 places in this box,43
pl-540730,Demetrias (Magnesian),Bolos,latin,yes,,1
pl-540730,Demetrias (Magnesian),Demetrias,latin,,names 2 places in this box,2
pl-540730,Demetrias (Magnesian),Demetrias (Magnesian),latin,yes,,1
pl-540730,Demetrias (Magnesian),Volos,latin,yes,,1
pl-540730,Demetrias (Magnesian),Βολος,greek,yes,,1
pl-540730,Demetrias (Magnesian),Βόλος,greek,yes,,1
pl-540731,Demetrion?,Demetrion,latin,yes,,1
pl-540731,Demetrion?,Demetrion?,latin,yes,,1
pl-939242064,Demian Gate/Gate I,Demiai pulai,latin,yes,,1
pl-939242064,Demian Gate/Gate I,Demiai pylai,latin,yes,,1
pl-939242064,Demian Gate/Gate I,Demian Gate,latin,yes,,1
pl-939242064,Demian Gate/Gate I,Demian Gate/Gate I,latin,yes,,1
pl-939242064,Demian Gate/Gate I,Dēmíai púlai,latin,yes,,1
pl-939242064,Demian Gate/Gate I,Gate I,latin,yes,,1
pl-939242064,Demian Gate/Gate I,Δημίαι πύλαι,greek,yes,,1
pl-939242064,Demian Gate/Gate I,Δημιαι πυλαι,greek,yes,,1
pl-411520116,Dendra,Dendra,latin,yes,,1
pl-411520116,Dendra,Δενδρά,greek,yes,,1
pl-411520116,Dendra,Δενδρα,greek,yes,,1
pl-570194,Denthaliates (Ager),Denthaliates,latin,yes,,1
pl-570194,Denthaliates (Ager),Denthaliates (Ager),latin,yes,,1
pl-570194,Denthaliates (Ager),Denthaliates Ager,latin,yes,,1
pl-570194,Denthaliates (Ager),Denthalioi,latin,yes,,1
pl-540732,Diakria?,Diakria,latin,yes,,1
pl-540732,Diakria?,Diakria?,latin,yes,,1
pl-579911,Diakris,Diakris,latin,yes,,1
pl-570196,Didymoi,Didymoi,latin,yes,,1
pl-606287,Dimastos M.,Dimastos M.,latin,yes,,1
pl-540613,Dimini,Aison,latin,yes,,1
pl-540613,Dimini,Dimini,latin,yes,,1
pl-540613,Dimini,Αισων,greek,yes,,1
pl-540613,Dimini,Αἴσων,greek,yes,,1
pl-570197,Dine,Dine,latin,,too short to search,1
pl-570197,Dine,Δίνη,greek,,too short to search,1
pl-570197,Dine,Δινη,greek,,too short to search,1
pl-945419342,Diochares' Gate/Gate VIII,Diochares' Gate,latin,yes,,1
pl-945419342,Diochares' Gate/Gate VIII,Diochares' Gate/Gate VIII,latin,yes,,1
pl-945419342,Diochares' Gate/Gate VIII,Gate VIII,latin,yes,,1
pl-945419342,Diochares' Gate/Gate VIII,hai Diocharous pulai,latin,yes,,1
pl-945419342,Diochares' Gate/Gate VIII,hai Diocharous pylai,latin,yes,,1
pl-945419342,Diochares' Gate/Gate VIII,hai Diochárous púlai,latin,yes,,1
pl-945419342,Diochares' Gate/Gate VIII,hai pulai hai para to Diocharous ... balaneon,latin,yes,,1
pl-945419342,Diochares' Gate/Gate VIII,hai pylai hai para to Diocharous ... balaneon,latin,yes,,1
pl-945419342,Diochares' Gate/Gate VIII,hai púlai hai parà tò Diochárous ... balanéon,latin,yes,,1
pl-945419342,Diochares' Gate/Gate VIII,αι Διοχαρους πυλαι,greek,yes,,1
pl-945419342,Diochares' Gate/Gate VIII,αι πυλαι αι παρα το Διοχαρους ... βαλανεον,greek,yes,,1
pl-945419342,Diochares' Gate/Gate VIII,αἱ Διοχάρους πύλαι,greek,yes,,1
pl-945419342,Diochares' Gate/Gate VIII,αἱ πύλαι αἱ παρὰ τὸ Διοχάρους ... βαλανέον,greek,yes,,1
pl-736170760,Diogeneion,Diogeneion,latin,yes,,1
pl-736170760,Diogeneion,Διογένειον,greek,yes,,1
pl-736170760,Diogeneion,Διογενειον,greek,yes,,1
pl-570198,Diolkos,Diolkos,latin,yes,,1
pl-579912,Diomeia,Diomeia,latin,yes,,1
pl-579912,Diomeia,Diómeia,latin,yes,,1
pl-579912,Diomeia,Διομεια,greek,yes,,1
pl-579912,Diomeia,Διόμεια,greek,yes,,1
pl-543684,Dion/Orchomenos,Dion,latin,,names 2 places in this box,2
pl-543684,Dion/Orchomenos,Dion/Orchomenos,latin,yes,,1
pl-543684,Dion/Orchomenos,Orchomenos,latin,,names 2 places in this box,2
pl-540734,Dion?,Dion,latin,,names 2 places in this box,2
pl-540734,Dion?,Dion?,latin,,too short to search,1
pl-540735,"Dionysos, T.",Dionysos,latin,yes,,1
pl-540735,"Dionysos, T.","Dionysos, T.",latin,yes,,1
pl-540735,"Dionysos, T.",T.,latin,,names 43 places in this box,43
pl-570199,Dipaia,Dipaia,latin,yes,,1
pl-310115518,Dipylon Gate,Dipulon,latin,yes,,1
pl-310115518,Dipylon Gate,Dipylon,latin,yes,,1
pl-310115518,Dipylon Gate,Dipylon Gate,latin,yes,,1
pl-310115518,Dipylon Gate,Dípulon,latin,yes,,1
pl-310115518,Dipylon Gate,Thriasiai pulai,latin,yes,,1
pl-310115518,Dipylon Gate,Thriasiai pylai,latin,yes,,1
pl-310115518,Dipylon Gate,Thriasíai púlai,latin,yes,,1
pl-310115518,Dipylon Gate,Δίπυλον,greek,yes,,1
pl-310115518,Dipylon Gate,Διπυλον,greek,yes,,1
pl-310115518,Dipylon Gate,Θριασίαι πύλαι,greek,yes,,1
pl-310115518,Dipylon Gate,Θριασιαι πυλαι,greek,yes,,1
pl-540736,Dirphys (mountain),Dirphys,latin,yes,,1
pl-540736,Dirphys (mountain),Dirphys (mountain),latin,yes,,1
pl-898047097,Dolia Roman Villa,Dolia Roman Villa,latin,yes,,1
pl-540737,Dolopia,Dolopia,latin,yes,,1
pl-589764,Donakea?,Donakea,latin,yes,,1
pl-589764,Donakea?,Donakea?,latin,yes,,1
pl-540738,Donakon?,Donakon,latin,yes,,1
pl-540738,Donakon?,Donakon?,latin,yes,,1
pl-540739,Dorikon,Dorikon,latin,yes,,1
pl-540740,Doris,Doris,latin,yes,,1
pl-842459208,Double Stoa at Thorikos,Double Stoa at Thorikos,latin,yes,,1
pl-599601,Drios (mountain),Drios,latin,yes,,1
pl-599601,Drios (mountain),Drios (mountain),latin,yes,,1
pl-540742,Driskole,Driskole,latin,yes,,1
pl-540743,Drymaia,Drymaia,latin,yes,,1
pl-540743,Drymaia,Drymos,latin,yes,,1
pl-540743,Drymaia,Δρυμαία,greek,yes,,1
pl-540743,Drymaia,Δρυμαια,greek,yes,,1
pl-540744,Dryopes,Dryopes,latin,yes,,1
pl-599602,Dryos,Dryos,latin,yes,,1
pl-540745,Dyras (river),Dyras,latin,yes,,1
pl-540745,Dyras (river),Dyras (river),latin,yes,,1
pl-540746,Dystos,Dystos,latin,yes,,1
pl-540747,Dystos? L.,Dystos L.,latin,yes,,1
pl-540747,Dystos? L.,Dystos? L.,latin,yes,,1
pl-929024657,Dörpfeld foundations,Archaios Neos,latin,,names 2 places in this box,2
pl-929024657,Dörpfeld foundations,Dorpfeld foundations,latin,yes,,1
pl-929024657,Dörpfeld foundations,Dörpfeld foundations,latin,yes,,1
pl-336531570,EC building (Athens),EC building (Athens),latin,yes,,1
pl-337294882,East Building,East Building,latin,yes,,1
pl-983069784,Ecclesiasterion (Odeion) at Messene,Ecclesiasterion (Odeion) at Messene,latin,yes,,1
pl-983069784,Ecclesiasterion (Odeion) at Messene,Ecclesiasterion of Ancient Messene,latin,yes,,1
pl-983069784,Ecclesiasterion (Odeion) at Messene,Odeion of Ancient Messene,latin,yes,,1
pl-983069784,Ecclesiasterion (Odeion) at Messene,To Ekklisiastirio (Odeio),latin,yes,,1
pl-983069784,Ecclesiasterion (Odeion) at Messene,Το Εκκλησιαστήριο (Ωδείο),greek,yes,,1
pl-983069784,Ecclesiasterion (Odeion) at Messene,Το Εκκλησιαστηριο (Ωδειο),greek,yes,,1
pl-540749,Echinos,Echinos,latin,yes,,1
pl-487072545,Eetioneia,Eetioneia,latin,,names 2 places in this box,2
pl-487072545,Eetioneia,Ηετιωνεια,greek,,names 2 places in this box,2
pl-487072545,Eetioneia,Ἠετιωνεία,greek,,names 2 places in this box,2
pl-582868,Eetioneia Pr.,Eetioneia,latin,,names 2 places in this box,2
pl-582868,Eetioneia Pr.,Eetioneia Pr.,latin,yes,,1
pl-582868,Eetioneia Pr.,Ηετιωνεια,greek,,names 2 places in this box,2
pl-582868,Eetioneia Pr.,Ἠετιωνεία,greek,,names 2 places in this box,2
pl-599604,"Eileithyaia, Zeus Hypatos, Aphrodite?, T.",Aphrodite,latin,yes,,1
pl-599604,"Eileithyaia, Zeus Hypatos, Aphrodite?, T.",Eileithyaia,latin,yes,,1
pl-599604,"Eileithyaia, Zeus Hypatos, Aphrodite?, T.","Eileithyaia, Zeus Hypatos, Aphrodite, T.",latin,yes,,1
pl-599604,"Eileithyaia, Zeus Hypatos, Aphrodite?, T.","Eileithyaia, Zeus Hypatos, Aphrodite?, T.",latin,yes,,1
pl-599604,"Eileithyaia, Zeus Hypatos, Aphrodite?, T.",Zeus Hypatos,latin,,names 2 places in this box,2
pl-570207,Eileoi,Eileoi,latin,yes,,1
pl-570207,Eileoi,Ilei,latin,,too short to search,1
pl-540750,Eilesion,Eilesion,latin,yes,,1
pl-540750,Eilesion,Eilésion,latin,yes,,1
pl-540750,Eilesion,Ειλεσιον,greek,yes,,1
pl-540750,Eilesion,Εἰλέσιον,greek,yes,,1
pl-570209,Eira,Eira,latin,,too short to search,1
pl-570209,Eira,Hira,latin,,too short to search,1
pl-570209,Eira,Ira,latin,,too short to search,1
pl-570209,Eira,Ire,latin,,too short to search,1
pl-579915,Eiresidai,Eiresidai,latin,yes,,1
pl-579916,Eitea (Antiochis),Eitea,latin,yes,,1
pl-579916,Eitea (Antiochis),Eitea (Antiochis),latin,yes,,1
pl-579916,Eitea (Antiochis),Grammatiko,latin,yes,,1
pl-579916,Eitea (Antiochis),Γραμματικο,greek,yes,,1
pl-579916,Eitea (Antiochis),Γραμματικό,greek,yes,,1
pl-579916,Eitea (Antiochis),Ειτεα,greek,yes,,1
pl-579916,Eitea (Antiochis),Εἰτέα,greek,yes,,1
pl-599760363,Ekali Cave,Ekali,latin,yes,,1
pl-599760363,Ekali Cave,Ekali Cave,latin,yes,,1
pl-599760363,Ekali Cave,Εκάλη,greek,yes,,1
pl-599760363,Ekali Cave,Εκαλη,greek,,names 2 places in this box,2
pl-579917,Elaious?,Elaious,latin,,names 2 places in this box,2
pl-570211,Elaious?,Elaious,latin,,names 2 places in this box,2
pl-579917,Elaious?,Elaious?,latin,,names 2 places in this box,2
pl-570211,Elaious?,Elaious?,latin,,names 2 places in this box,2
pl-579918,Elaiousa (island),Elaiousa,latin,yes,,1
pl-579918,Elaiousa (island),Elaiousa (island),latin,yes,,1
pl-570214,Elaphos (river),Elaphos,latin,yes,,1
pl-570214,Elaphos (river),Elaphos (river),latin,yes,,1
pl-540755,Elateia,Elateia,latin,yes,,1
pl-540755,Elateia,Ελατεια,greek,yes,,1
pl-540755,Elateia,Ἐλάτεια,greek,yes,,1
pl-492759698,Electran Gate (Thebes),Electrai Pylai,latin,yes,,1
pl-492759698,Electran Gate (Thebes),Electran Gate (Thebes),latin,yes,,1
pl-492759698,Electran Gate (Thebes),Ηλεκτραι πυλαι,greek,yes,,1
pl-492759698,Electran Gate (Thebes),Ἠλέκτραι πύλαι,greek,yes,,1
pl-570215,Elektra (river of Messenia),Chouchlotos,latin,yes,,1
pl-570215,Elektra (river of Messenia),Elektra,latin,yes,,1
pl-570215,Elektra (river of Messenia),Elektra (river of Messenia),latin,yes,,1
pl-570215,Elektra (river of Messenia),Mavrozoumena,latin,yes,,1
pl-570215,Elektra (river of Messenia),Ηλεκτρα,greek,yes,,1
pl-570215,Elektra (river of Messenia),Μαυροζουμενα,greek,,names 2 places in this box,2
pl-570215,Elektra (river of Messenia),Μαυροζούμενα,greek,,names 2 places in this box,2
pl-570215,Elektra (river of Messenia),Ἠλέκτρα,greek,yes,,1
pl-579919,Eleusiniakos Kolpos,Eleusiniakos Kolpos,latin,yes,,1
pl-579919,Eleusiniakos Kolpos,κολπος Ελευσινιακος,greek,yes,,1
pl-579919,Eleusiniakos Kolpos,κόλπος Ἐλευσινιακός,greek,yes,,1
pl-579920,Eleusis,Eleusis,latin,yes,,1
pl-540756,Eleutherai,Eleutherai,latin,yes,,1
pl-540756,Eleutherai,Ελευθεραι,greek,yes,,1
pl-540756,Eleutherai,Ἐλευθεραί,greek,yes,,1
pl-540757,Elipeus (river),Elipeus,latin,yes,,1
pl-540757,Elipeus (river),Elipeus (river),latin,yes,,1
pl-570222,Elixos (river),Elixos,latin,yes,,1
pl-570222,Elixos (river),Elixos (river),latin,yes,,1
pl-570223,Elymia,Elymia,latin,yes,,1
pl-540761,Elymnion?,Elymnion,latin,yes,,1
pl-540761,Elymnion?,Elymnion?,latin,yes,,1
pl-599608,Elytas (river),Elytas,latin,yes,,1
pl-599608,Elytas (river),Elytas (river),latin,yes,,1
pl-570224,Emborio,Emborio,latin,yes,,1
pl-570224,Emborio,Empourios,latin,yes,,1
pl-570224,Emborio,Εμπουρειος,greek,yes,,1
pl-570224,Emborio,Εμπουρειός,greek,yes,,1
pl-540763,Enipeus (river),Enipeus,latin,yes,,1
pl-540763,Enipeus (river),Enipeus (river),latin,yes,,1
pl-579921,Epakria,Epakria,latin,yes,,1
pl-579921,Epakria,Επακρια,greek,yes,,1
pl-579921,Epakria,Ἐπακρία,greek,yes,,1
pl-570227,Ephyra? (island),Ephyra,latin,yes,,1
pl-570227,Ephyra? (island),Ephyra? (island),latin,yes,,1
pl-570227,Ephyra? (island),Nisida Antimilos,latin,yes,,1
pl-570227,Ephyra? (island),Nisída Antímilos,latin,yes,,1
pl-570228,Epidauros,Epidauria,latin,yes,,1
pl-570228,Epidauros,Epidauros,latin,yes,,1
pl-570228,Epidauros,Επιδαυρος,greek,yes,,1
pl-570228,Epidauros,Ἐπίδαυρος,greek,yes,,1
pl-570229,Epidauros Limera,Epidauros Limera,latin,yes,,1
pl-570229,Epidauros Limera,Palaia Monembasia,latin,yes,,1
pl-570229,Epidauros Limera,Palaia Monemvasia,latin,yes,,1
pl-570229,Epidauros Limera,Palaiá Monemvasía,latin,yes,,1
pl-570229,Epidauros Limera,Παλαιά Μονεμβασιά,greek,yes,,1
pl-570229,Epidauros Limera,Παλαια Μονεμβασια,greek,yes,,1
pl-579922,Epikephisia,Epikephisia,latin,yes,,1
pl-589778,Episkopi,Episkopi,latin,yes,,1
pl-579923,Erasinos (river),Erasinos,latin,,names 2 places in this box,2
pl-570233,Erasinos (river),Erasinos,latin,,names 2 places in this box,2
pl-579923,Erasinos (river),Erasinos (river),latin,,names 2 places in this box,2
pl-570233,Erasinos (river),Erasinos (river),latin,,names 2 places in this box,2
pl-540765,Erateini,Erateini,latin,yes,,1
pl-579924,Erchia,Erchia,latin,yes,,1
pl-750203268,Erechtheion,Erechtheion,latin,yes,,1
pl-750203268,Erechtheion,Karyatid Temple,latin,yes,,1
pl-750203268,Erechtheion,archaios neos,latin,,names 2 places in this box,2
pl-750203268,Erechtheion,archaîos neṓs,latin,yes,,1
pl-750203268,Erechtheion,arkhaios neos,latin,yes,,1
pl-750203268,Erechtheion,ho neos ho em polei en hoi to archaion agalma,latin,yes,,1
pl-750203268,Erechtheion,ho neòs ho em pólei en hoî tò archaîon ágalma,latin,yes,,1
pl-750203268,Erechtheion,Ερεχθειον,greek,yes,,1
pl-750203268,Erechtheion,αρχαιος νεως,greek,yes,,1
pl-750203268,Erechtheion,ἀρχαῖος νεώς,greek,yes,,1
pl-750203268,Erechtheion,Ἐρέχθειον,greek,yes,,1
pl-750203268,Erechtheion,ℎο νεος ℎο εμ πολει εν ℎοι το αρχαιον αγαλμα,greek,yes,,1
pl-750203268,Erechtheion,ℎο νεὸς ℎο ἐμ πόλει ἐν ℎο͂ι τὸ ἀρχαῖον ἄγαλμα,greek,yes,,1
pl-579925,Eretria (Euboea),Eretria,latin,,names 2 places in this box,2
pl-579925,Eretria (Euboea),Eretria (Euboea),latin,yes,,1
pl-579925,Eretria (Euboea),Ερέτρια,greek,yes,,1
pl-579925,Eretria (Euboea),Ερετρια,greek,yes,,1
pl-579925,Eretria (Euboea),Ἐρέτρια,greek,yes,,1
pl-540767,Eretria (Thessaly),Eretria,latin,,names 2 places in this box,2
pl-540767,Eretria (Thessaly),Eretria (Thessaly),latin,yes,,1
pl-591471666,Eridanos,Eridanos,latin,yes,,1
pl-591471666,Eridanos,Ηριδανος,greek,yes,,1
pl-591471666,Eridanos,Ηριδανός,greek,yes,,1
pl-579926,Erikeia?,Erikeia,latin,yes,,1
pl-579926,Erikeia?,Erikeia?,latin,yes,,1
pl-570236,Erineos,Erineos,latin,,names 2 places in this box,2
pl-540769,Erineos,Erineos,latin,,names 2 places in this box,2
pl-570236,Erineos,Ερινεονς,greek,yes,,1
pl-570236,Erineos,Ἐρινεὸνς,greek,yes,,1
pl-594961,Eristos,Eristos,latin,yes,,1
pl-540770,Erochos,Erochos,latin,yes,,1
pl-540770,Erochos,Erōchós,latin,yes,,1
pl-540770,Erochos,Ερωχος,greek,yes,,1
pl-540770,Erochos,Ἐρωχός,greek,yes,,1
pl-579927,Eroiadai,Eroiadai,latin,yes,,1
pl-579928,Erythrai,Erythrai,latin,,names 4 places in this box,4
pl-540771,Erythrai,Erythrai,latin,,names 4 places in this box,4
pl-540772,Erythrai?,Erythrai,latin,,names 4 places in this box,4
pl-540773,Erythrai?,Erythrai,latin,,names 4 places in this box,4
pl-540772,Erythrai?,Erythrai?,latin,,names 2 places in this box,2
pl-540773,Erythrai?,Erythrai?,latin,,names 2 places in this box,2
pl-570240,Eschatiotis? L.,Eschatiotis L.,latin,yes,,1
pl-570240,Eschatiotis? L.,Eschatiotis? L.,latin,yes,,1
pl-579929,Etosi,Etosi,latin,yes,,1
pl-570242,Eua (mountain),Eua,latin,,names 2 places in this box,2
pl-570242,Eua (mountain),Eua (mountain),latin,yes,,1
pl-570241,Eua?,Eua,latin,,names 2 places in this box,2
pl-570241,Eua?,Eua?,latin,,too short to search,1
pl-570241,Eua?,Ευα,greek,,too short to search,1
pl-570241,Eua?,Εὔα,greek,,too short to search,1
pl-540775,Euboea (island),Agrıboz Ceziresi,latin,yes,,1
pl-540775,Euboea (island),Aġrıboz Cezīresi,latin,yes,,1
pl-540775,Euboea (island),Cezire-i Egriboz,latin,yes,,1
pl-540775,Euboea (island),Cezīre-i Egriboz,latin,yes,,1
pl-540775,Euboea (island),Egriboz Ceziresi,latin,yes,,1
pl-540775,Euboea (island),Egriboz Cezīresi,latin,yes,,1
pl-540775,Euboea (island),Euboea,latin,yes,,1
pl-540775,Euboea (island),Euboea (island),latin,yes,,1
pl-540775,Euboea (island),Euboia,latin,,names 2 places in this box,2
pl-540775,Euboea (island),Eúboia,latin,yes,,1
pl-540775,Euboea (island),Ευβοια,greek,yes,,1
pl-540775,Euboea (island),Εὔβοια,greek,yes,,1
pl-570245,Euboia (mountain),Euboia,latin,,names 2 places in this box,2
pl-570245,Euboia (mountain),Euboia (mountain),latin,yes,,1
pl-579931,Euboicus Sinus,Euboicus Sinus,latin,yes,,1
pl-579931,Euboicus Sinus,Evvoikos Kolpos,latin,yes,,1
pl-579931,Euboicus Sinus,Evvoïkós Kólpos,latin,yes,,1
pl-579931,Euboicus Sinus,Ευβοικος Κολπος,greek,yes,,1
pl-579931,Euboicus Sinus,Ευβοϊκός Κόλπος,greek,yes,,1
pl-540778,Eudemia (island),Eudemia,latin,yes,,1
pl-540778,Eudemia (island),Eudemia (island),latin,yes,,1
pl-540781,Euhydrion,Euhydrion,latin,yes,,1
pl-540781,Euhydrion,Euhydrium,latin,yes,,1
pl-579932,Euonymon,Euonymon,latin,yes,,1
pl-579932,Euonymon,Euṓnymon,latin,yes,,1
pl-579932,Euonymon,Ευωνυμον,greek,yes,,1
pl-579932,Euonymon,Εὐώνυμον,greek,yes,,1
pl-597458137,Euonymos Theater,Euonymos Theater,latin,yes,,1
pl-573222,Euoras,Euoras,latin,yes,,1
pl-573222,Euoras,Ευορας,greek,yes,,1
pl-573222,Euoras,Εὐόρας,greek,yes,,1
pl-540782,Eupalion,Efpalio,latin,yes,,1
pl-540782,Eupalion,Efpálio,latin,yes,,1
pl-540782,Eupalion,Eupalia,latin,yes,,1
pl-540782,Eupalion,Eupalion,latin,yes,,1
pl-540782,Eupalion,Eupalium,latin,yes,,1
pl-540782,Eupalion,Eupálion,latin,yes,,1
pl-540782,Eupalion,Kastro Soule,latin,yes,,1
pl-540782,Eupalion,Soule (Kastro),latin,yes,,1
pl-540782,Eupalion,Ευπάλιο,greek,yes,,1
pl-540782,Eupalion,Ευπαλιο,greek,yes,,1
pl-540782,Eupalion,Ευπαλιον,greek,yes,,1
pl-540782,Eupalion,Εὐπάλιον,greek,yes,,1
pl-579933,Eupyridai,Eupyridai,latin,yes,,1
pl-579933,Eupyridai,Eupyrídai,latin,yes,,1
pl-579933,Eupyridai,Ευπυριδαι,greek,yes,,1
pl-579933,Eupyridai,Εὐπυρίδαι,greek,yes,,1
pl-879722223,Euripides cave,Euripides cave,latin,yes,,1
pl-540783,Euripos,Euripos,latin,yes,,1
pl-570248,Eurotas (river),Eurotas,latin,yes,,1
pl-570248,Eurotas (river),Eurotas (river),latin,yes,,1
pl-570248,Eurotas (river),amnis Eurotas,latin,yes,,1
pl-570248,Eurotas (river),Ευρωτας,greek,yes,,1
pl-570248,Eurotas (river),Ευρώτας,greek,yes,,1
pl-79269910,Eurysakeion,Eurusakeion,latin,yes,,1
pl-79269910,Eurysakeion,Eurusákeion,latin,yes,,1
pl-79269910,Eurysakeion,Eurysakeion,latin,yes,,1
pl-79269910,Eurysakeion,Ευρυσακειον,greek,yes,,1
pl-79269910,Eurysakeion,Εὐρυσάκειον,greek,yes,,1
pl-570249,Eutaia,Eutaia,latin,yes,,1
pl-540786,Euthia (island),Euthia,latin,yes,,1
pl-540786,Euthia (island),Euthia (island),latin,yes,,1
pl-570250,Eutresia?,Eutresia,latin,yes,,1
pl-570250,Eutresia?,Eutresia?,latin,yes,,1
pl-540787,Eutresis (Boeotia),Eutresis,latin,yes,,1
pl-540787,Eutresis (Boeotia),Eutresis (Boeotia),latin,yes,,1
pl-540787,Eutresis (Boeotia),e-u-te-re-u,latin,yes,,1
pl-540787,Eutresis (Boeotia),Ευτρησις,greek,yes,,1
pl-540787,Eutresis (Boeotia),Εὔτρησις,greek,yes,,1
pl-540787,Eutresis (Boeotia),𐀁𐀄𐀳𐀩𐀄,latin,,too short to search,1
pl-600493219,Evriokastro (Paros),Evriokastro (Paros),latin,yes,,1
pl-600493219,Evriokastro (Paros),Nisida Viokastro,latin,yes,,1
pl-600493219,Evriokastro (Paros),Nisída Viókastro,latin,yes,,1
pl-600493219,Evriokastro (Paros),Νησίδα Βιόκαστρο,greek,yes,,1
pl-600493219,Evriokastro (Paros),Νησιδα Βιοκαστρο,greek,yes,,1
pl-853662205,Exomvourgo,Exoburgo,latin,yes,,1
pl-853662205,Exomvourgo,Exombourgo,latin,yes,,1
pl-853662205,Exomvourgo,Exomburgo,latin,yes,,1
pl-853662205,Exomvourgo,Exomvourgo,latin,yes,,1
pl-853662205,Exomvourgo,Exomvourgou,latin,yes,,1
pl-853662205,Exomvourgo,Xoburgo,latin,yes,,1
pl-853662205,Exomvourgo,Xombourgo,latin,yes,,1
pl-853662205,Exomvourgo,Xomburgo,latin,yes,,1
pl-853662205,Exomvourgo,Εξωμβουργο,greek,yes,,1
pl-853662205,Exomvourgo,Εξώμβουργο,greek,yes,,1
pl-690059595,Fifth century baths at Lebadeia,Fifth century baths at Lebadeia,latin,yes,,1
pl-306693502,Floga Sculpture Workshop (Paros),Floga Sculpture Workshop (Paros),latin,yes,,1
pl-306693502,Floga Sculpture Workshop (Paros),Floga stin paroikia,latin,yes,,1
pl-306693502,Floga Sculpture Workshop (Paros),Φλογα στην Παροικια,greek,yes,,1
pl-306693502,Floga Sculpture Workshop (Paros),Φλόγα στην Παροικιά,greek,yes,,1
pl-766723266,Forum of Roman Corinth,Forum of Roman Corinth,latin,yes,,1
pl-93589647,Franchthi Cave,Franchthi Cave,latin,yes,,1
pl-589790,Galessos,Galessos,latin,yes,,1
pl-570253,Garates (river),Dholianitis Rema,latin,yes,,1
pl-570253,Garates (river),Dholianítis Réma,latin,yes,,1
pl-570253,Garates (river),Dolianitiko,latin,yes,,1
pl-570253,Garates (river),Dolianitis Rema,latin,yes,,1
pl-570253,Garates (river),Dolianítis Réma,latin,yes,,1
pl-570253,Garates (river),Garates,latin,yes,,1
pl-570253,Garates (river),Garates (river),latin,yes,,1
pl-570253,Garates (river),Γαράτης,greek,yes,,1
pl-570253,Garates (river),Γαρατης,greek,yes,,1
pl-570253,Garates (river),Δολιανίτης Ρέμα,greek,yes,,1
pl-570253,Garates (river),Δολιανιτης Ρεμα,greek,yes,,1
pl-579935,Gargettos,Gargettos,latin,yes,,1
pl-579935,Gargettos,Gargēttós,latin,yes,,1
pl-579935,Gargettos,Γαργηττος,greek,yes,,1
pl-579935,Gargettos,Γαργηττός,greek,yes,,1
pl-137478922,Gate at 25 Erechtheiou St./South Gate/Gate XIII,Gate XIII,latin,yes,,1
pl-137478922,Gate at 25 Erechtheiou St./South Gate/Gate XIII,Gate at 25 Erechtheiou St.,latin,yes,,1
pl-137478922,Gate at 25 Erechtheiou St./South Gate/Gate XIII,Gate at 25 Erechtheiou St./South Gate/Gate XIII,latin,yes,,1
pl-137478922,Gate at 25 Erechtheiou St./South Gate/Gate XIII,South Gate,latin,yes,,1
pl-551863597,Gate at 4 Dragatsaniou St./Northeast Gate,Gate VII,latin,yes,,1
pl-551863597,Gate at 4 Dragatsaniou St./Northeast Gate,Gate at 4 Dragatsaniou St.,latin,yes,,1
pl-551863597,Gate at 4 Dragatsaniou St./Northeast Gate,Gate at 4 Dragatsaniou St./Northeast Gate,latin,yes,,1
pl-551863597,Gate at 4 Dragatsaniou St./Northeast Gate,Northeast Gate,latin,yes,,1
pl-496542328,Gate at 8 Iosiph ton Rogon St/Gate XI,Gate XI,latin,yes,,1
pl-496542328,Gate at 8 Iosiph ton Rogon St/Gate XI,Gate at 8 Iosiph ton Rogon St,latin,yes,,1
pl-496542328,Gate at 8 Iosiph ton Rogon St/Gate XI,Gate at 8 Iosiph ton Rogon St/Gate XI,latin,yes,,1
pl-496542328,Gate at 8 Iosiph ton Rogon St/Gate XI,Itoniai pulai,latin,yes,,1
pl-496542328,Gate at 8 Iosiph ton Rogon St/Gate XI,Itoniai pylai,latin,yes,,1
pl-496542328,Gate at 8 Iosiph ton Rogon St/Gate XI,Itōníai púlai,latin,yes,,1
pl-496542328,Gate at 8 Iosiph ton Rogon St/Gate XI,Ιτωνιαι πυλαι,greek,yes,,1
pl-496542328,Gate at 8 Iosiph ton Rogon St/Gate XI,Ἰτωνίαι πύλαι,greek,yes,,1
pl-799093248,Gate at Hag. Dimitrios Loumbardiaris/Gate XIV,Dipylon-above-the-Gates,latin,yes,,1
pl-799093248,Gate at Hag. Dimitrios Loumbardiaris/Gate XIV,Gate XIV,latin,yes,,1
pl-799093248,Gate at Hag. Dimitrios Loumbardiaris/Gate XIV,Gate at Hag. Dimitrios Loumbardiaris,latin,yes,,1
pl-799093248,Gate at Hag. Dimitrios Loumbardiaris/Gate XIV,Gate at Hag. Dimitrios Loumbardiaris/Gate XIV,latin,yes,,1
pl-144293713,Gate north of the Olympieion/Gate IX,Gate IX,latin,yes,,1
pl-144293713,Gate north of the Olympieion/Gate IX,Gate north of the Olympieion,latin,yes,,1
pl-144293713,Gate north of the Olympieion/Gate IX,Gate north of the Olympieion/Gate IX,latin,yes,,1
pl-376031236,Gate of Athena Archegetis,Gate of Athena Archegetis,latin,yes,,1
pl-570255,Gatheai,Gatheai,latin,yes,,1
pl-570256,Gatheatas? (river),Gatheatas,latin,yes,,1
pl-570256,Gatheatas? (river),Gatheatas? (river),latin,yes,,1
pl-570256,Gatheatas? (river),Γαθεάτας,greek,yes,,1
pl-570256,Gatheatas? (river),Γαθεατας,greek,yes,,1
pl-589791,Gaurion,Gaurion,latin,yes,,1
pl-570257,Genesion/Apobathmoi,Apobathmoi,latin,yes,,1
pl-570257,Genesion/Apobathmoi,Genese,latin,yes,,1
pl-570257,Genesion/Apobathmoi,Genesion,latin,yes,,1
pl-570257,Genesion/Apobathmoi,Genesion/Apobathmoi,latin,yes,,1
pl-570258,Geraistos,Geraistos,latin,yes,,1
pl-570258,Geraistos,Γεραιστος,greek,yes,,1
pl-570258,Geraistos,Γεραιστός,greek,yes,,1
pl-570259,Geraistos Pr.,Geraistos Pr.,latin,yes,,1
pl-579936,Geravouno,Geravouno,latin,yes,,1
pl-570261,Geren(i)a,Geren(i)a,latin,yes,,1
pl-570261,Geren(i)a,Gerena,latin,yes,,1
pl-570261,Geren(i)a,Gerenia,latin,yes,,1
pl-570262,Geronteon (mountain),Geronteion,latin,yes,,1
pl-570262,Geronteon (mountain),Geronteon (mountain),latin,yes,,1
pl-570262,Geronteon (mountain),Geronteon M.,latin,yes,,1
pl-570262,Geronteon (mountain),Γεροντειον,greek,yes,,1
pl-570262,Geronteon (mountain),Γερόντειον,greek,yes,,1
pl-570263,Geronthrai,Geraki,latin,yes,,1
pl-570263,Geronthrai,Geranthrai,latin,yes,,1
pl-570263,Geronthrai,Geronthrai,latin,yes,,1
pl-570263,Geronthrai,Γεράκι,greek,yes,,1
pl-570263,Geronthrai,Γερακι,greek,yes,,1
pl-570263,Geronthrai,Γερονθραι,greek,yes,,1
pl-570263,Geronthrai,Γερόνθραι,greek,yes,,1
pl-540789,Gla,Gla,latin,,too short to search,1
pl-540791,Glisas,Glisas,latin,yes,,1
pl-873325866,Glyfa,Glyfa,latin,yes,,1
pl-570265,Glyppia,Glympes,latin,yes,,1
pl-570265,Glyppia,Glyppia,latin,yes,,1
pl-570265,Glyppia,Γλυππία,greek,yes,,1
pl-570265,Glyppia,Γλυππια,greek,yes,,1
pl-540795,Goritsa,Goritsa,latin,yes,,1
pl-570266,Gortynios/Lousios (river),Gortynios,latin,yes,,1
pl-570266,Gortynios/Lousios (river),Gortynios/Lousios (river),latin,yes,,1
pl-570266,Gortynios/Lousios (river),Lousios,latin,yes,,1
pl-570266,Gortynios/Lousios (river),Lousios potamos,latin,yes,,1
pl-570266,Gortynios/Lousios (river),Γορτυνιος,greek,yes,,1
pl-570266,Gortynios/Lousios (river),Γορτύνιος,greek,yes,,1
pl-570266,Gortynios/Lousios (river),Λουσιος,greek,yes,,1
pl-570266,Gortynios/Lousios (river),Λουσιος ποταμος,greek,yes,,1
pl-570266,Gortynios/Lousios (river),Λούσιος,greek,yes,,1
pl-570266,Gortynios/Lousios (river),Λούσιος ποταμός,greek,yes,,1
pl-570267,Gortys,Gortyna,latin,yes,,1
pl-570267,Gortys,Gortys,latin,yes,,1
pl-570267,Gortys,Γορτυς,greek,yes,,1
pl-570267,Gortys,Γόρτυς,greek,yes,,1
pl-941807582,Gourimadi Prehistoric Settlement,Gkourimadi,latin,yes,,1
pl-941807582,Gourimadi Prehistoric Settlement,Gourimadi,latin,yes,,1
pl-941807582,Gourimadi Prehistoric Settlement,Gourimadi Prehistoric Settlement,latin,yes,,1
pl-941807582,Gourimadi Prehistoric Settlement,Γκουριμάδι,greek,yes,,1
pl-941807582,Gourimadi Prehistoric Settlement,Γκουριμαδι,greek,yes,,1
pl-513030903,Graeco-Roman theater at Isthmia,Graeco-Roman theater at Isthmia,latin,yes,,1
pl-540796,Graia,Graia,latin,,names 2 places in this box,2
pl-543713,Graia,Graia,latin,,names 2 places in this box,2
pl-780715578,Grave Circle A at Mycenae,Grave Circle A,latin,yes,,1
pl-780715578,Grave Circle A at Mycenae,Grave Circle A at Mycenae,latin,yes,,1
pl-780715578,Grave Circle A at Mycenae,Mycenae,latin,,names 2 places in this box,2
pl-593460162,Grave Circle B,Grave Circle B,latin,yes,,1
pl-521295193,Great altar of Athena,Great altar of Athena,latin,yes,,1
pl-521295193,Great altar of Athena,ho bomos ho en te akropolei,latin,yes,,1
pl-521295193,Great altar of Athena,ho bomos tes Athenas ho megalos,latin,yes,,1
pl-521295193,Great altar of Athena,ho bōmòs ho en tê akropólei,latin,yes,,1
pl-521295193,Great altar of Athena,ho bōmòs tês Athēnâs ho mégalos,latin,yes,,1
pl-521295193,Great altar of Athena,ο βωμος ο εν τη ακροπολει,greek,yes,,1
pl-521295193,Great altar of Athena,ο βωμος της Αθηνας ο μεγαλος,greek,yes,,1
pl-521295193,Great altar of Athena,ὁ βωμὸς τῆς Ἀθηνᾶς ὁ μέγαλος,greek,yes,,1
pl-521295193,Great altar of Athena,ὁ βωμὸς ὁ ἐν τῇ ἀκροπόλει,greek,yes,,1
pl-720770009,"Greater Propylaia, Eleusis","Greater Propylaia, Eleusis",latin,yes,,1
pl-96151228,Gremoulias ancient sanctuary,Gkremoulas,latin,yes,,1
pl-96151228,Gremoulias ancient sanctuary,Gkremoulias,latin,yes,,1
pl-96151228,Gremoulias ancient sanctuary,Gkremoulás,latin,yes,,1
pl-96151228,Gremoulias ancient sanctuary,Gremoulas,latin,yes,,1
pl-96151228,Gremoulias ancient sanctuary,Gremoulias,latin,yes,,1
pl-96151228,Gremoulias ancient sanctuary,Gremoulias ancient sanctuary,latin,yes,,1
pl-96151228,Gremoulias ancient sanctuary,Gremoulás,latin,yes,,1
pl-96151228,Gremoulias ancient sanctuary,Γκρεμουλάς,greek,yes,,1
pl-96151228,Gremoulias ancient sanctuary,Γκρεμουλας,greek,yes,,1
pl-96151228,Gremoulias ancient sanctuary,Γκρεμουλιάς,greek,yes,,1
pl-96151228,Gremoulias ancient sanctuary,Γκρεμουλιας,greek,yes,,1
pl-599630,Grotta,Grotta,latin,yes,,1
pl-540797,Grynchai,Grynchai,latin,yes,,1
pl-589797,Gyaros (island),Gyaros,latin,yes,,1
pl-589797,Gyaros (island),Gyaros (island),latin,yes,,1
pl-589797,Gyaros (island),Gyarus,latin,yes,,1
pl-589797,Gyaros (island),Nisos Gyaros,latin,yes,,1
pl-589797,Gyaros (island),Nísos Gýaros,latin,yes,,1
pl-589797,Gyaros (island),Γυαρος,greek,yes,,1
pl-589797,Gyaros (island),Γύαρος,greek,yes,,1
pl-100913712,Gymnasium at Corinth,Gymnasium at Corinth,latin,yes,,1
pl-100913712,Gymnasium at Corinth,arkaion gymnasion (to),latin,yes,,1
pl-100913712,Gymnasium at Corinth,αρχαιον γυμνασιον (το),greek,yes,,1
pl-100913712,Gymnasium at Corinth,ἀρχαῖον γυμνάσιον (τὸ),greek,yes,,1
pl-164931929,Gymnasium at Delphi,Gymnasium at Delphi,latin,yes,,1
pl-589798,Gyras (mountain),Gyras,latin,yes,,1
pl-589798,Gyras (mountain),Gyras (mountain),latin,yes,,1
pl-589798,Gyras (mountain),Tsiknias Oros,latin,yes,,1
pl-589798,Gyras (mountain),Tsikniás Óros,latin,yes,,1
pl-589798,Gyras (mountain),Τσικνιάς Όρος,greek,yes,,1
pl-589798,Gyras (mountain),Τσικνιας Ορος,greek,yes,,1
pl-594964,Gyreon (promontory),Gyreon (promontory),latin,yes,,1
pl-594964,Gyreon (promontory),Gyreon Pr.,latin,yes,,1
pl-599631,Gyroulas,Gyroulas,latin,yes,,1
pl-570268,Gyth(e)ion,Cytmon,latin,yes,,1
pl-570268,Gyth(e)ion,Gyth(e)ion,latin,yes,,1
pl-570268,Gyth(e)ion,Gytheion,latin,yes,,1
pl-570268,Gyth(e)ion,Gytheum,latin,yes,,1
pl-570268,Gyth(e)ion,Gythion,latin,yes,,1
pl-570268,Gyth(e)ion,Gythium,latin,yes,,1
pl-573238,Hagno (spring),Hagno,latin,yes,,1
pl-573238,Hagno (spring),Hagno (spring),latin,yes,,1
pl-579938,Hagnous,Hagnous,latin,yes,,1
pl-367368802,Halade Gate/Mystai Gate/Gate XII,Gate XII,latin,yes,,1
pl-367368802,Halade Gate/Mystai Gate/Gate XII,Halade Gate,latin,yes,,1
pl-367368802,Halade Gate/Mystai Gate/Gate XII,Halade Gate/Mystai Gate/Gate XII,latin,yes,,1
pl-367368802,Halade Gate/Mystai Gate/Gate XII,Mystai Gate,latin,yes,,1
pl-367368802,Halade Gate/Mystai Gate/Gate XII,Phaleric Gate,latin,yes,,1
pl-367368802,Halade Gate/Mystai Gate/Gate XII,hai pulai hei halade exelaunousin hoi mustai,latin,yes,,1
pl-367368802,Halade Gate/Mystai Gate/Gate XII,hai pylai hei halade exelaunousin hoi mystai,latin,yes,,1
pl-367368802,Halade Gate/Mystai Gate/Gate XII,hai púlai hēi hálade exelaúnousin hoi mústai,latin,yes,,1
pl-367368802,Halade Gate/Mystai Gate/Gate XII,αι πυλαι η αλαδε εξελαυνουσιν οι μυσται,greek,yes,,1
pl-367368802,Halade Gate/Mystai Gate/Gate XII,αἱ πύλαι ᾗ ἅλαδε ἐξελαύνουσιν οἱ μύσται,greek,yes,,1
pl-540800,Halai,Halai,latin,yes,,1
pl-579939,Halai Aixonides,Boula,latin,yes,,1
pl-579939,Halai Aixonides,Halai Aixonides,latin,yes,,1
pl-579939,Halai Aixonides,Voula,latin,yes,,1
pl-579939,Halai Aixonides,Αλαι Αιξωνιδες,greek,yes,,1
pl-579939,Halai Aixonides,Βουλα,greek,yes,,1
pl-579939,Halai Aixonides,Βούλα,greek,yes,,1
pl-579939,Halai Aixonides,Ἁλαὶ Αἰξωνίδες,greek,yes,,1
pl-579940,Halai Araphenides,Artemida Attikes,latin,yes,,1
pl-579940,Halai Araphenides,Artemida Attikis,latin,yes,,1
pl-579940,Halai Araphenides,Artemida Attikēs,latin,yes,,1
pl-579940,Halai Araphenides,Halai Araphenides,latin,yes,,1
pl-579940,Halai Araphenides,Halaì Araphēnídes,latin,yes,,1
pl-579940,Halai Araphenides,Lluce,latin,yes,,1
pl-579940,Halai Araphenides,Llucë,latin,,too short to search,1
pl-579940,Halai Araphenides,Loutsa,latin,yes,,1
pl-579940,Halai Araphenides,Αλαι Αραφηνιδες,greek,yes,,1
pl-579940,Halai Araphenides,Αρτέμιδα Αττικής,greek,yes,,1
pl-579940,Halai Araphenides,Αρτεμιδα Αττικης,greek,yes,,1
pl-579940,Halai Araphenides,Λουτσα,greek,yes,,1
pl-579940,Halai Araphenides,Λούτσα,greek,yes,,1
pl-579940,Halai Araphenides,Ἁλαὶ Ἀραφηνίδες,greek,yes,,1
pl-540801,Haliartos,Haliartos,latin,yes,,1
pl-540801,Haliartos,Haliartus,latin,yes,,1
pl-540801,Haliartos,Αλιαρτος,greek,yes,,1
pl-540801,Haliartos,Ἁλίαρτος,greek,yes,,1
pl-570274,Halieis,Halias,latin,yes,,1
pl-570274,Halieis,Halieis,latin,yes,,1
pl-570274,Halieis,Halike,latin,yes,,1
pl-570274,Halieis,Αλιας,greek,yes,,1
pl-570274,Halieis,Αλιεις,greek,yes,,1
pl-570274,Halieis,Ἁλιεῖς,greek,yes,,1
pl-570274,Halieis,Ἁλιᾶς,greek,yes,,1
pl-579941,Halimous,Halimous,latin,yes,,1
pl-579941,Halimous,Halimoûs,latin,yes,,1
pl-579941,Halimous,Αλιμους,greek,yes,,1
pl-579941,Halimous,Ἁλιμοῦς,greek,yes,,1
pl-579942,Halipedon,Halipedon,latin,yes,,1
pl-579942,Halipedon,αλιπεδον,greek,yes,,1
pl-579942,Halipedon,ἁλίπεδον,greek,yes,,1
pl-540804,Halos,Halos,latin,yes,,1
pl-570277,Halous/Oryx,Halous,latin,yes,,1
pl-570277,Halous/Oryx,Halous/Oryx,latin,yes,,1
pl-570277,Halous/Oryx,Oryx,latin,,too short to search,1
pl-156534148,Halykos,Halykos,latin,yes,,1
pl-156534148,Halykos,Porto Lombardo,latin,yes,,1
pl-156534148,Halykos,Αλυκος,greek,yes,,1
pl-156534148,Halykos,Ἁλυκός,greek,yes,,1
pl-364712046,Harbor at Lechaion,Harbor at Lechaion,latin,yes,,1
pl-579943,Harma,Harma,latin,,names 2 places in this box,2
pl-540805,Harma,Harma,latin,,names 2 places in this box,2
pl-540805,Harma,Αρμα,greek,,too short to search,1
pl-540805,Harma,Ἅρμα,greek,,too short to search,1
pl-579944,Hekale?,Hekale,latin,yes,,1
pl-579944,Hekale?,Hekale?,latin,yes,,1
pl-579944,Hekale?,Koukounarti,latin,yes,,1
pl-579944,Hekale?,Εκαλη,greek,,names 2 places in this box,2
pl-579944,Hekale?,Ἑκάλη,greek,yes,,1
pl-579945,Helena (island),Helena,latin,yes,,1
pl-579945,Helena (island),Helena (island),latin,yes,,1
pl-579945,Helena (island),Makronisi,latin,yes,,1
pl-579945,Helena (island),Makronisos,latin,yes,,1
pl-579945,Helena (island),Μακρονήσι,greek,yes,,1
pl-579945,Helena (island),Μακρονησι,greek,yes,,1
pl-579945,Helena (island),Μακρονησος,greek,yes,,1
pl-579945,Helena (island),Μακρόνησος,greek,yes,,1
pl-579946,Heleon,Eleon,latin,yes,,1
pl-579946,Heleon,Heleon,latin,yes,,1
pl-579946,Heleon,e-re-o-ni,latin,yes,,1
pl-579946,Heleon,𐀁𐀩𐀃𐀛,latin,,too short to search,1
pl-540808,Helicon (mountain),Helicon,latin,yes,,1
pl-540808,Helicon (mountain),Helicon (mountain),latin,yes,,1
pl-570281,Helike,Helike,latin,yes,,1
pl-570281,Helike,Ελικη,greek,yes,,1
pl-570281,Helike,Ἑλίκη,greek,yes,,1
pl-579947,Helioupolis,Helioupolis,latin,yes,,1
pl-570282,Helisson,Alonistaina,latin,yes,,1
pl-570282,Helisson,Helisson,latin,,names 3 places in this box,3
pl-570282,Helisson,Αλωνίσταινα,greek,yes,,1
pl-570282,Helisson,Αλωνισταινα,greek,yes,,1
pl-570282,Helisson,Ελισσων,greek,,names 3 places in this box,3
pl-570282,Helisson,Ἑλισσὼν,greek,yes,,1
pl-570284,Helisson (river in modern Megalopoli),Helisson,latin,,names 3 places in this box,3
pl-570284,Helisson (river in modern Megalopoli),Helisson (river in modern Megalopoli),latin,yes,,1
pl-570284,Helisson (river in modern Megalopoli),Ελισσων,greek,,names 3 places in this box,3
pl-570284,Helisson (river in modern Megalopoli),Ἑλισσών,greek,,names 2 places in this box,2
pl-570283,Helisson (river in modern Sikyona municipality),Helisson,latin,,names 3 places in this box,3
pl-570283,Helisson (river in modern Sikyona municipality),Helisson (river in modern Sikyona municipality),latin,yes,,1
pl-570283,Helisson (river in modern Sikyona municipality),Ελισσων,greek,,names 3 places in this box,3
pl-570283,Helisson (river in modern Sikyona municipality),Ἑλισσών,greek,,names 2 places in this box,2
pl-1001896,Hellas (Late Roman province),Ellada,latin,,names 2 places in this box,2
pl-1001896,Hellas (Late Roman province),Elláda,latin,yes,,1
pl-1001896,Hellas (Late Roman province),Griechenland,latin,yes,,1
pl-1001896,Hellas (Late Roman province),Hellas,latin,yes,,1
pl-1001896,Hellas (Late Roman province),Hellas (Late Roman province),latin,yes,,1
pl-1001896,Hellas (Late Roman province),Hellás,latin,yes,,1
pl-1001896,Hellas (Late Roman province),Ελλάδα,greek,yes,,1
pl-1001896,Hellas (Late Roman province),Ελλάς,greek,yes,,1
pl-1001896,Hellas (Late Roman province),Ελλαδα,greek,,names 2 places in this box,2
pl-1001896,Hellas (Late Roman province),Ελλας,greek,yes,,1
pl-570285,Hellenika,Ellinika,latin,yes,,1
pl-570285,Hellenika,Hellenika,latin,yes,,1
pl-570285,Hellenika,Ελληνικά,greek,yes,,1
pl-570285,Hellenika,Ελληνικα,greek,yes,,1
pl-540810,Helleniko,Helleniko,latin,,names 2 places in this box,2
pl-540809,Helleniko,Helleniko,latin,,names 2 places in this box,2
pl-78993694,Hellenistic Arsenal,Hellenistic Arsenal,latin,yes,,1
pl-78993694,Hellenistic Arsenal,Hellenistic Building,latin,yes,,1
pl-814820460,Hellenistic Funerary Monument (Keryneia),Hellenistic Funerary Monument (Keryneia),latin,yes,,1
pl-570286,Helos?,Hele,latin,,too short to search,1
pl-570286,Helos?,Helos,latin,yes,,1
pl-570286,Helos?,Helos?,latin,yes,,1
pl-570286,Helos?,Ελος,greek,,too short to search,1
pl-570286,Helos?,Ἕλος,greek,,too short to search,1
pl-558659669,Hephaisteion,Hephaisteion,latin,yes,,1
pl-558659669,Hephaisteion,Hēphaisteion,latin,yes,,1
pl-558659669,Hephaisteion,Ηφαιστειον,greek,yes,,1
pl-558659669,Hephaisteion,Ἡφαιστεῖον,greek,yes,,1
pl-570288,Heraion,Heraion,latin,,names 2 places in this box,2
pl-570289,Heraion (Argolis),Heraion,latin,,names 2 places in this box,2
pl-570289,Heraion (Argolis),Heraion (Argolis),latin,yes,,1
pl-570289,Heraion (Argolis),Heraion Argolis,latin,yes,,1
pl-570289,Heraion (Argolis),Heraion of Argos,latin,yes,,1
pl-570289,Heraion (Argolis),Heraion von Argos,latin,yes,,1
pl-570289,Heraion (Argolis),το Ηραιον,greek,yes,,1
pl-570289,Heraion (Argolis),τὸ Ἡραῖον,greek,yes,,1
pl-599642,Herakleia (island),Heraclia,latin,yes,,1
pl-599642,Herakleia (island),Herakleia,latin,,names 2 places in this box,2
pl-599642,Herakleia (island),Herakleia (island),latin,yes,,1
pl-599642,Herakleia (island),Herákleia,latin,yes,,1
pl-599642,Herakleia (island),Irakleia,latin,yes,,1
pl-599642,Herakleia (island),Ηρακλειά,greek,yes,,1
pl-599642,Herakleia (island),Ηρακλεια,greek,yes,,1
pl-599642,Herakleia (island),Ἡράκλεια,greek,yes,,1
pl-579948,Herakleion,Herakleion,latin,yes,,1
pl-570291,Hermai,Hermai,latin,yes,,1
pl-570292,Hermion(e),Hermion,latin,yes,,1
pl-570292,Hermion(e),Hermion(e),latin,yes,,1
pl-570292,Hermion(e),Hermione,latin,yes,,1
pl-570292,Hermion(e),Hermiónē,latin,yes,,1
pl-570292,Hermion(e),Ερμιονη,greek,yes,,1
pl-570292,Hermion(e),Ερμιων,greek,yes,,1
pl-570292,Hermion(e),Ἑρμιόνη,greek,yes,,1
pl-570292,Hermion(e),Ἑρμιὼν,greek,yes,,1
pl-769669016,Hermos,Hermos,latin,,names 2 places in this box,2
pl-579949,Hermos,Hermos,latin,,names 2 places in this box,2
pl-769669016,Hermos,Hermós,latin,,names 2 places in this box,2
pl-579949,Hermos,Hermós,latin,,names 2 places in this box,2
pl-769669016,Hermos,Ερμος,greek,,names 2 places in this box,2
pl-579949,Hermos,Ερμος,greek,,names 2 places in this box,2
pl-769669016,Hermos,Ἑρμός,greek,,names 2 places in this box,2
pl-579949,Hermos,Ἑρμός,greek,,names 2 places in this box,2
pl-523458668,Heroon of Eretria,Heroon,latin,yes,,1
pl-523458668,Heroon of Eretria,Heroon of Eretria,latin,yes,,1
pl-523458668,Heroon of Eretria,Hérôon,latin,,too short to search,1
pl-579950,Hestiaia?,Hestiaia,latin,,names 2 places in this box,2
pl-579950,Hestiaia?,Hestiaia?,latin,yes,,1
pl-589806,Heteireia? (island),Heteireia,latin,yes,,1
pl-589806,Heteireia? (island),Heteireia? (island),latin,yes,,1
pl-589806,Heteireia? (island),Nisis Ayios Evstathios,latin,yes,,1
pl-589806,Heteireia? (island),Nisís Áyios Evstáthios,latin,yes,,1
pl-242076354,Hexamilion wall,Hexamilion tecihos,latin,yes,,1
pl-242076354,Hexamilion wall,Hexamilion wall,latin,yes,,1
pl-242076354,Hexamilion wall,Εξαμίλιον τείχος,greek,yes,,1
pl-242076354,Hexamilion wall,Εξαμιλιον τειχος,greek,yes,,1
pl-935032928,Hiera Oikia at Eleusis,Hiera Oikia,latin,yes,,1
pl-935032928,Hiera Oikia at Eleusis,Hiera Oikia at Eleusis,latin,yes,,1
pl-570293,Hierakia (island),Hierakia,latin,yes,,1
pl-570293,Hierakia (island),Hierakia (island),latin,yes,,1
pl-690970100,Hippades Gate,Eriai Gate,latin,yes,,1
pl-690970100,Hippades Gate,Gate V,latin,yes,,1
pl-690970100,Hippades Gate,Gate at Leokoriou and Dipylou Sts.,latin,yes,,1
pl-690970100,Hippades Gate,Hippades Gate,latin,yes,,1
pl-690970100,Hippades Gate,Hippades pulai,latin,yes,,1
pl-690970100,Hippades Gate,Hippades pylai,latin,yes,,1
pl-690970100,Hippades Gate,Hippádes púlai,latin,yes,,1
pl-690970100,Hippades Gate,Ιππαδες πυλαι,greek,yes,,1
pl-690970100,Hippades Gate,Ἱππάδες πύλαι,greek,yes,,1
pl-540816,Hippotai?,Hippotai,latin,yes,,1
pl-540816,Hippotai?,Hippotai?,latin,yes,,1
pl-908290183,Hippothontis,Hippothontis,latin,yes,,1
pl-908290183,Hippothontis,Ιπποθοντίς,greek,yes,,1
pl-908290183,Hippothontis,Ιπποθοντις,greek,yes,,1
pl-540817,Histiaia/Hestiaia,Hestiaia,latin,,names 2 places in this box,2
pl-540817,Histiaia/Hestiaia,Histiaia,latin,yes,,1
pl-540817,Histiaia/Hestiaia,Histiaia/Hestiaia,latin,yes,,1
pl-540818,Homilai,Homilai,latin,yes,,1
pl-132272517,Homoloid Gate (Thebes),Homoloid Gate (Thebes),latin,yes,,1
pl-132272517,Homoloid Gate (Thebes),Homoloides Pylai,latin,yes,,1
pl-132272517,Homoloid Gate (Thebes),Ομολωιδες πυλαι,greek,yes,,1
pl-132272517,Homoloid Gate (Thebes),Ὁμολωίδες πύλαι,greek,yes,,1
pl-809327743,Hosios Loukas,Hosios Loukas,latin,yes,,1
pl-633788147,House of Mikion and Menon,House of Mikion and Menon,latin,yes,,1
pl-982727687,House of Simon the Shoemaker,House of Simon the Cobbler,latin,yes,,1
pl-982727687,House of Simon the Shoemaker,House of Simon the Shoemaker,latin,yes,,1
pl-425217700,House of the Arrhephoroi,House of the Arrhephoroi,latin,yes,,1
pl-230446791,House of the Tiles,House of the Tiles,latin,yes,,1
pl-570297,Hyameia,Hyameia,latin,yes,,1
pl-570297,Hyameia,Hyameitis,latin,yes,,1
pl-540820,Hyampolis,Hyampolis,latin,yes,,1
pl-540820,Hyampolis,Υαμπολις,greek,yes,,1
pl-540820,Hyampolis,Ὑάμπολις,greek,yes,,1
pl-599654,Hydria,Hydria,latin,yes,,1
pl-579953,Hydroussa (island),Hydroussa,latin,,names 2 places in this box,2
pl-579953,Hydroussa (island),Hydroussa (island),latin,yes,,1
pl-570299,Hydroussa/Hydrea (island),Hydra,latin,yes,,1
pl-570299,Hydroussa/Hydrea (island),Hydrea,latin,yes,,1
pl-570299,Hydroussa/Hydrea (island),Hydroussa,latin,,names 2 places in this box,2
pl-570299,Hydroussa/Hydrea (island),Hydroussa/Hydrea (island),latin,yes,,1
pl-570299,Hydroussa/Hydrea (island),Ύδρα,greek,,too short to search,1
pl-570299,Hydroussa/Hydrea (island),Υδρα,greek,,too short to search,1
pl-540823,Hyettos,Hyettos,latin,yes,,1
pl-540823,Hyettos,Υηττος,greek,yes,,1
pl-540823,Hyettos,Ὑηττός,greek,yes,,1
pl-540824,Hylai,Hylai,latin,yes,,1
pl-540825,Hyle,Hyle,latin,,too short to search,1
pl-540826,Hylike (lake),Hylike (lake),latin,yes,,1
pl-540826,Hylike (lake),Hylike L.,latin,yes,,1
pl-579954,Hymettos,Hymettos,latin,,names 2 places in this box,2
pl-579955,Hymettos (mountain),Hymettos,latin,,names 2 places in this box,2
pl-579955,Hymettos (mountain),Hymettos (mountain),latin,yes,,1
pl-579955,Hymettos (mountain),Hymēttós,latin,yes,,1
pl-579955,Hymettos (mountain),Υμηττος,greek,yes,,1
pl-579955,Hymettos (mountain),Ὑμηττός,greek,yes,,1
pl-540827,Hypata,Hypata,latin,yes,,1
pl-585919,Hyperakria,Hyperakria,latin,yes,,1
pl-543727,Hypereia (spring),Hypereia (spring),latin,yes,,1
pl-543727,Hypereia (spring),Hypereia Krini,latin,yes,,1
pl-543727,Hypereia (spring),Hyperia fons,latin,yes,,1
pl-543727,Hypereia (spring),fons Hyperia,latin,yes,,1
pl-543727,Hypereia (spring),Υπερεια κρηνη,greek,yes,,1
pl-543727,Hypereia (spring),Ὑπέρεια κρήνη,greek,yes,,1
pl-570302,Hyperteleaton,Chasanaga,latin,yes,,1
pl-570302,Hyperteleaton,Chassanaga,latin,yes,,1
pl-570302,Hyperteleaton,Hyperteleaton,latin,yes,,1
pl-570302,Hyperteleaton,Phoiniki,latin,yes,,1
pl-570302,Hyperteleaton,Υπερτελεατον,greek,yes,,1
pl-570302,Hyperteleaton,Φοινίκι,greek,yes,,1
pl-570302,Hyperteleaton,Φοινικι,greek,yes,,1
pl-570302,Hyperteleaton,Ὑπερτελέατον,greek,yes,,1
pl-540828,Hypnia?,Gardiki,latin,yes,,1
pl-540828,Hypnia?,Hypnia,latin,yes,,1
pl-540828,Hypnia?,Hypnia?,latin,yes,,1
pl-540828,Hypnia?,Kolopetinitsa,latin,yes,,1
pl-540828,Hypnia?,Tritaia,latin,yes,,1
pl-589811,Hypsele,Hypsele,latin,yes,,1
pl-589811,Hypsele,Hypsili Androu,latin,yes,,1
pl-589811,Hypsele,Ypsili Androu,latin,yes,,1
pl-589811,Hypsele,Υψηλή Άνδρου,greek,yes,,1
pl-589811,Hypsele,Υψηλη Ανδρου,greek,yes,,1
pl-570304,Hypsous (mountain),Hypsous,latin,,names 2 places in this box,2
pl-570304,Hypsous (mountain),Hypsous (mountain),latin,yes,,1
pl-570304,Hypsous (mountain),Υψους,greek,yes,,1
pl-570304,Hypsous (mountain),Υψούς,greek,yes,,1
pl-570303,Hypsous (settlement),Hypsous,latin,,names 2 places in this box,2
pl-570303,Hypsous (settlement),Hypsous (settlement),latin,yes,,1
pl-570303,Hypsous (settlement),Stemnita,latin,yes,,1
pl-570303,Hypsous (settlement),Stemnitsa,latin,yes,,1
pl-570303,Hypsous (settlement),Στεμνίτσα,greek,yes,,1
pl-570303,Hypsous (settlement),Στεμνιτσα,greek,yes,,1
pl-540830,Hyria (Boeotia),Hyria,latin,yes,,1
pl-540830,Hyria (Boeotia),Hyria (Boeotia),latin,yes,,1
pl-599661,Hyria (Naxos),Hyria (Naxos),latin,yes,,1
pl-570306,Hysiai,Hysiai,latin,,names 2 places in this box,2
pl-540831,Hysiai,Hysiai,latin,,names 2 places in this box,2
pl-570306,Hysiai,Υσιαι,greek,yes,,1
pl-570306,Hysiai,Ὑσιαί,greek,yes,,1
pl-579957,Iapis (river),Iapis,latin,yes,,1
pl-579957,Iapis (river),Iapis (river),latin,yes,,1
pl-540833,Icus (island),Icus,latin,,too short to search,1
pl-540833,Icus (island),Icus (island),latin,yes,,1
pl-579958,Ikarion,Ikaria,latin,yes,,1
pl-579958,Ikarion,Ikarion,latin,yes,,1
pl-579958,Ikarion,Ικαρια,greek,yes,,1
pl-579958,Ikarion,Ικαριον,greek,yes,,1
pl-579958,Ikarion,Ἰκαρίον,greek,yes,,1
pl-579958,Ikarion,Ἰκαρία,greek,yes,,1
pl-540835,Ikos (settlement),Ikos,latin,,too short to search,1
pl-540835,Ikos (settlement),Ikos (settlement),latin,yes,,1
pl-579959,Ilissos (river),Ilissos,latin,yes,,1
pl-579959,Ilissos (river),Ilissos (river),latin,yes,,1
pl-579959,Ilissos (river),Ιλισσος,greek,yes,,1
pl-579959,Ilissos (river),Ἰλισσός,greek,yes,,1
pl-190624512,Ilissos Basilica,Ilissos Basilica,latin,yes,,1
pl-570313,Inachos (river),Inachos,latin,yes,,1
pl-570313,Inachos (river),Inachos (river),latin,yes,,1
pl-540837,Iolkos,Iolkos,latin,yes,,1
pl-540837,Iolkos,Ιωλκος,greek,yes,,1
pl-540837,Iolkos,Ἰωλκός,greek,yes,,1
pl-139315605,Ionic stoa,Ionic Stoa,latin,,names 2 places in this box,2
pl-139315605,Ionic stoa,Ionic stoa,latin,,names 2 places in this box,2
pl-579960,Ionidai?,Ionidai,latin,yes,,1
pl-579960,Ionidai?,Ionidai?,latin,yes,,1
pl-599673,Ios (island),Ios,latin,,names 2 places in this box,2
pl-599673,Ios (island),Ios (island),latin,yes,,1
pl-599672,Ios (settlement),Ios,latin,,names 2 places in this box,2
pl-599672,Ios (settlement),Ios (settlement),latin,yes,,1
pl-570314,Ioulis,Ioulis,latin,yes,,1
pl-579961,Iphistiadai,Iphistiadai,latin,yes,,1
pl-579961,Iphistiadai,Iphistiádai,latin,yes,,1
pl-579961,Iphistiadai,Ιφιστιαδαι,greek,yes,,1
pl-579961,Iphistiadai,Ἰφιστιάδαι,greek,yes,,1
pl-570315,Ipnoi (mountain),(Ι)πνοι,greek,yes,,1
pl-570315,Ipnoi (mountain),(Ἰ)πνοι,greek,yes,,1
pl-570315,Ipnoi (mountain),Ipnoi,latin,yes,,1
pl-570315,Ipnoi (mountain),Ipnoi (mountain),latin,yes,,1
pl-899305140,Ismenus (river),Ismenos,latin,yes,,1
pl-899305140,Ismenus (river),Ismenus,latin,yes,,1
pl-899305140,Ismenus (river),Ismenus (river),latin,yes,,1
pl-899305140,Ismenus (river),Ισμηνος,greek,yes,,1
pl-899305140,Ismenus (river),Ἰσμηνός,greek,yes,,1
pl-540839,Isos,Isos,latin,,too short to search,1
pl-570316,Isthmia,Isthmia,latin,yes,,1
pl-206736898,Isthmia Fortress,Isthmia Fortress,latin,yes,,1
pl-570317,Isthmos,Isthmos,latin,yes,,1
pl-570317,Isthmos,Isthmus of Corinth,latin,yes,,1
pl-540840,Itea,Itea,latin,,too short to search,1
pl-570318,Ithome (mountain),Ithome,latin,,names 2 places in this box,2
pl-570318,Ithome (mountain),Ithome (mountain),latin,yes,,1
pl-540842,Iton?,Iton,latin,,too short to search,1
pl-540842,Iton?,Iton?,latin,,too short to search,1
pl-540842,Iton?,Itonion,latin,,names 2 places in this box,2
pl-540844,Kabeirion,Kabeirion,latin,yes,,1
pl-540844,Kabeirion,Kabeiroi,latin,yes,,1
pl-540844,Kabeirion,Kabeiron,latin,yes,,1
pl-540844,Kabeirion,Κάβειροι,greek,yes,,1
pl-540844,Kabeirion,Καβείρων,greek,yes,,1
pl-540844,Kabeirion,Καβειροι,greek,yes,,1
pl-540844,Kabeirion,Καβειρων,greek,yes,,1
pl-570321,Kaiadas Spelaion,Kaiadas,latin,yes,,1
pl-570321,Kaiadas Spelaion,Kaiadas Spelaion,latin,yes,,1
pl-570321,Kaiadas Spelaion,Kaietas,latin,yes,,1
pl-570321,Kaiadas Spelaion,Kaiádas,latin,yes,,1
pl-570321,Kaiadas Spelaion,Kaiétas,latin,yes,,1
pl-570321,Kaiadas Spelaion,Keadas,latin,yes,,1
pl-570321,Kaiadas Spelaion,Keádas,latin,yes,,1
pl-570321,Kaiadas Spelaion,Καιάδας,greek,yes,,1
pl-570321,Kaiadas Spelaion,Καιέτας,greek,yes,,1
pl-570321,Kaiadas Spelaion,Καιαδας,greek,yes,,1
pl-570321,Kaiadas Spelaion,Καιετας,greek,yes,,1
pl-570321,Kaiadas Spelaion,Κεάδας,greek,yes,,1
pl-570321,Kaiadas Spelaion,Κεαδας,greek,yes,,1
pl-579963,Kaisariani,Kaisariani,latin,yes,,1
pl-570323,Kalamai,Kalamai,latin,yes,,1
pl-570323,Kalamai,Καλάμαι,greek,yes,,1
pl-570323,Kalamai,Καλαμαι,greek,yes,,1
pl-458012868,Kalamianos,Kalamianos,latin,yes,,1
pl-570324,Kalathion (mountain),Kalathion,latin,yes,,1
pl-570324,Kalathion (mountain),Kalathion (mountain),latin,yes,,1
pl-570325,Kalaureia (island),Kalaureia,latin,yes,,1
pl-570325,Kalaureia (island),Kalaureia (island),latin,yes,,1
pl-570325,Kalaureia (island),Kalauria,latin,yes,,1
pl-570325,Kalaureia (island),Poros,latin,,names 2 places in this box,2
pl-570325,Kalaureia (island),Καλαυρία,greek,yes,,1
pl-570325,Kalaureia (island),Καλαυρεια,greek,yes,,1
pl-570325,Kalaureia (island),Καλαυρια,greek,yes,,1
pl-570325,Kalaureia (island),Καλαύρεια,greek,yes,,1
pl-570325,Kalaureia (island),Πορος,greek,,names 2 places in this box,2
pl-570325,Kalaureia (island),Πόρος,greek,,names 2 places in this box,2
pl-570326,Kale/Leuke Akte,Kale,latin,,too short to search,1
pl-570326,Kale/Leuke Akte,Kale/Leuke Akte,latin,yes,,1
pl-570326,Kale/Leuke Akte,Leuke Akte,latin,yes,,1
pl-540846,Kallas (river),Kallas,latin,yes,,1
pl-540846,Kallas (river),Kallas (river),latin,yes,,1
pl-540846,Kallas (river),Xerias,latin,yes,,1
pl-540846,Kallas (river),Κάλλας,greek,yes,,1
pl-540846,Kallas (river),Καλλας,greek,yes,,1
pl-540846,Kallas (river),Ξερίας,greek,yes,,1
pl-540846,Kallas (river),Ξεριας,greek,yes,,1
pl-540847,Kalliaros,Kalliaros,latin,yes,,1
pl-540848,Kallidromon,Kallidromon,latin,yes,,1
pl-540849,Kallipolis,Kallion,latin,yes,,1
pl-540849,Kallipolis,Kallipolis,latin,yes,,1
pl-540850,Kallithea (Phokis),Kallithea,latin,yes,,1
pl-540850,Kallithea (Phokis),Kallithea (Phokis),latin,yes,,1
pl-540851,Kallithera,Kallithera,latin,yes,,1
pl-370424387,Kalloni,Kalloni,latin,yes,,1
pl-581352,Kalo Pegadi (bridge),Kalo Pegadi (bridge),latin,yes,,1
pl-570327,Kaminia,Kaminia,latin,yes,,1
pl-570327,Kaminia,Καμίνια,greek,yes,,1
pl-570327,Kaminia,Καμινια,greek,yes,,1
pl-589837,Kampanario,Kampanario,latin,yes,,1
pl-746471074,Kanakia,Kanakia,latin,yes,,1
pl-746471074,Kanakia,Mycenaean acropolis of Kanakia,latin,yes,,1
pl-579966,Kantharos Limen,Kantharos Limen,latin,yes,,1
pl-579966,Kantharos Limen,Κάνθαρος λιμέν,greek,yes,,1
pl-579966,Kantharos Limen,Κανθαρος λιμεν,greek,yes,,1
pl-540852,Kaphereus (promontory),Caphereus,latin,yes,,1
pl-540852,Kaphereus (promontory),Kaphareus,latin,yes,,1
pl-540852,Kaphereus (promontory),Kaphareús,latin,yes,,1
pl-540852,Kaphereus (promontory),Kaphereus,latin,yes,,1
pl-540852,Kaphereus (promontory),Kaphereus (promontory),latin,yes,,1
pl-540852,Kaphereus (promontory),Kaphereus Pr.,latin,yes,,1
pl-540852,Kaphereus (promontory),Kaphēreús,latin,yes,,1
pl-540852,Kaphereus (promontory),Kavo Doro,latin,yes,,1
pl-540852,Kaphereus (promontory),Kavo Ntoro,latin,yes,,1
pl-540852,Kaphereus (promontory),Kávo Dóro,latin,yes,,1
pl-540852,Kaphereus (promontory),Kávo Ntóro,latin,yes,,1
pl-540852,Kaphereus (promontory),Κάβο Ντόρο,greek,yes,,1
pl-540852,Kaphereus (promontory),Καβο Ντορο,greek,yes,,1
pl-540852,Kaphereus (promontory),Καφαρευς,greek,yes,,1
pl-540852,Kaphereus (promontory),Καφαρεύς,greek,yes,,1
pl-540852,Kaphereus (promontory),Καφηρευς,greek,yes,,1
pl-540852,Kaphereus (promontory),Καφηρεύς,greek,yes,,1
pl-570329,Kaphyai,Chotoussa,latin,yes,,1
pl-570329,Kaphyai,Kaphyai,latin,yes,,1
pl-540853,Karandai,Karandai,latin,yes,,1
pl-540854,Karatsadagli,Karatsadagli,latin,yes,,1
pl-570330,Kardamyle (Messenia),Cardamyle,latin,yes,,1
pl-570330,Kardamyle (Messenia),Kardamyle,latin,yes,,1
pl-570330,Kardamyle (Messenia),Kardamyle (Messenia),latin,yes,,1
pl-570330,Kardamyle (Messenia),Kardamyli,latin,yes,,1
pl-570330,Kardamyle (Messenia),Καρδαμυλη,greek,yes,,1
pl-570330,Kardamyle (Messenia),Καρδαμύλη,greek,yes,,1
pl-599689,Kargadousa,Kargadousa,latin,yes,,1
pl-570331,Karnasion,Karnasion,latin,yes,,1
pl-570332,Karnion (river),Karnion,latin,yes,,1
pl-570332,Karnion (river),Karnion (river),latin,yes,,1
pl-570332,Karnion (river),Καρνίων,greek,yes,,1
pl-570332,Karnion (river),Καρνιων,greek,yes,,1
pl-570333,Karthaia,Karthaia,latin,yes,,1
pl-372021189,"Karthaia, Athena Temple","Karthaia, Athena Temple",latin,yes,,1
pl-570334,Karyai?,Carya,latin,yes,,1
pl-570334,Karyai?,Karyai,latin,,names 2 places in this box,2
pl-570334,Karyai?,Karyai?,latin,yes,,1
pl-570335,Karyai?/Iasos?,Iasos,latin,yes,,1
pl-570335,Karyai?/Iasos?,Karyai,latin,,names 2 places in this box,2
pl-570335,Karyai?/Iasos?,Karyai?/Iasos?,latin,yes,,1
pl-570336,Karystos,Karystos,latin,yes,,1
pl-570336,Karystos,ka-ru-to,latin,yes,,1
pl-570336,Karystos,Κάρυστος,greek,yes,,1
pl-570336,Karystos,Καρυστος,greek,yes,,1
pl-570336,Karystos,𐀏𐀬𐀵,latin,,too short to search,1
pl-570337,Kastanies,Kastanies,latin,yes,,1
pl-579967,Kastraki,Kastraki,latin,yes,,1
pl-570338,Kastri (Keos),Kastri (Keos),latin,yes,,1
pl-30347987,Kastri (Syros),Kastri (Syros),latin,yes,,1
pl-540857,Kastriotissa,Kastriotissa,latin,yes,,1
pl-172755092,Kastro Kourounas Tower,Kastro Kourounas Tower,latin,yes,,1
pl-451513645,Kastro Phaneromenis/Kastro Kochylou,Kastro Kochylou,latin,yes,,1
pl-451513645,Kastro Phaneromenis/Kastro Kochylou,Kastro Phaneromenis,latin,yes,,1
pl-451513645,Kastro Phaneromenis/Kastro Kochylou,Kastro Phaneromenis/Kastro Kochylou,latin,yes,,1
pl-451513645,Kastro Phaneromenis/Kastro Kochylou,Κάστρο Κοχύλου,greek,yes,,1
pl-451513645,Kastro Phaneromenis/Kastro Kochylou,Κάστρο Φανερωμένης,greek,yes,,1
pl-451513645,Kastro Phaneromenis/Kastro Kochylou,Καστρο Κοχυλου,greek,yes,,1
pl-451513645,Kastro Phaneromenis/Kastro Kochylou,Καστρο Φανερωμενης,greek,yes,,1
pl-570166,Kastro ano Diakopto,Boura,latin,yes,,1
pl-570166,Kastro ano Diakopto,Kastro ano Diakopto,latin,yes,,1
pl-570166,Kastro ano Diakopto,Βουρα,greek,yes,,1
pl-570166,Kastro ano Diakopto,Βοῦρα,greek,yes,,1
pl-570339,Kato Komia,Kato Komia,latin,yes,,1
pl-661894078,Kato Phournos Tomb,Kato Phournos Tomb,latin,yes,,1
pl-579968,Katsimidi,Katsimidi,latin,yes,,1
pl-570340,Kaukasos (mountain),Kaukasos,latin,yes,,1
pl-570340,Kaukasos (mountain),Kaukasos (mountain),latin,yes,,1
pl-579969,Kedoi?,Kedoi,latin,yes,,1
pl-579969,Kedoi?,Kedoi?,latin,yes,,1
pl-579970,Keiriadai,Keiriadai,latin,yes,,1
pl-579970,Keiriadai,Keiriadai demos,latin,yes,,1
pl-579970,Keiriadai,Keiriádai dēmós,latin,yes,,1
pl-579970,Keiriadai,Κειριάδαι δῆμός,greek,yes,,1
pl-579970,Keiriadai,Κειριαδαι δημος,greek,yes,,1
pl-394382064,Kekropeion,Kekropeion,latin,yes,,1
pl-394382064,Kekropeion,Kekropion,latin,yes,,1
pl-394382064,Kekropeion,Kekrópion,latin,yes,,1
pl-394382064,Kekropeion,Κεκροπιον,greek,yes,,1
pl-394382064,Kekropeion,Κεκρόπιον,greek,yes,,1
pl-570344,Kekryphaleia (island),Kekryphaleia,latin,yes,,1
pl-570344,Kekryphaleia (island),Kekryphaleia (island),latin,yes,,1
pl-570345,Kelossa (mountain),Kelossa (mountain),latin,yes,,1
pl-570345,Kelossa (mountain),Kelossa M.,latin,yes,,1
pl-570345,Kelossa (mountain),Kelosse,latin,yes,,1
pl-570345,Kelossa (mountain),Kelusa M.,latin,yes,,1
pl-570345,Kelossa (mountain),Κηλωσση,greek,yes,,1
pl-570345,Kelossa (mountain),Κηλώσση,greek,yes,,1
pl-540858,Kenaion,Kenaion,latin,yes,,1
pl-540858,Kenaion,T.,latin,,names 43 places in this box,43
pl-540858,Kenaion,Zeus Kenaios,latin,yes,,1
pl-570347,Kenchreai,Kehria,latin,yes,,1
pl-570347,Kenchreai,Kekhriai,latin,yes,,1
pl-570346,Kenchreai,Kenchreai,latin,,names 2 places in this box,2
pl-570347,Kenchreai,Kenchreai,latin,,names 2 places in this box,2
pl-570347,Kenchreai,Κεγχρεαί,greek,yes,,1
pl-570347,Kenchreai,Κεγχρεαι,greek,yes,,1
pl-570348,Keos (island),Keos,latin,,too short to search,1
pl-570348,Keos (island),Keos (island),latin,yes,,1
pl-570348,Keos (island),Nisi Kea,latin,yes,,1
pl-570348,Keos (island),Nisí Kéa,latin,yes,,1
pl-570348,Keos (island),Νησί Κέα,greek,yes,,1
pl-570348,Keos (island),Νησι Κεα,greek,yes,,1
pl-395751423,Kephala,Kephala,latin,yes,,1
pl-579971,Kephale,Kephale,latin,yes,,1
pl-579971,Kephale,Keratea,latin,yes,,1
pl-579971,Kephale,Κερατέα,greek,yes,,1
pl-579971,Kephale,Κερατεα,greek,yes,,1
pl-579972,Kephisia,Kephisia,latin,yes,,1
pl-579972,Kephisia,Kēphisiá,latin,yes,,1
pl-579972,Kephisia,Κηφισιά,greek,yes,,1
pl-579972,Kephisia,Κηφισια,greek,yes,,1
pl-579974,Kephisos (river),Cephissus,latin,yes,,1
pl-579974,Kephisos (river),Kephisos,latin,,names 2 places in this box,2
pl-579973,Kephisos (river),Kephisos,latin,,names 2 places in this box,2
pl-579974,Kephisos (river),Kephisos (river),latin,,names 2 places in this box,2
pl-579973,Kephisos (river),Kephisos (river),latin,,names 2 places in this box,2
pl-579973,Kephisos (river),Κηφισος,greek,yes,,1
pl-579973,Kephisos (river),Κηφισὸς,greek,yes,,1
pl-540860,Kephissos (river),Kephissos,latin,yes,,1
pl-540860,Kephissos (river),Kephissos (river),latin,yes,,1
pl-97294452,Kerameikos,Kerameikos,latin,yes,,1
pl-97294452,Kerameikos,Kerameikós,latin,yes,,1
pl-97294452,Kerameikos,Κεραμεικος,greek,yes,,1
pl-97294452,Kerameikos,Κεραμεικός,greek,yes,,1
pl-579975,Kerameis,Kerameis,latin,yes,,1
pl-579976,Kerata,Kerata,latin,yes,,1
pl-579977,Kerata (mountain),Kerata (mountain),latin,yes,,1
pl-579977,Kerata (mountain),Kerata M.,latin,yes,,1
pl-579977,Kerata (mountain),Κέρατα,greek,yes,,1
pl-579977,Kerata (mountain),Κερατα,greek,yes,,1
pl-525018437,Keressos,Keressos,latin,yes,,1
pl-525018437,Keressos,Kerēssós,latin,yes,,1
pl-525018437,Keressos,Κερησσος,greek,yes,,1
pl-525018437,Keressos,Κερησσός,greek,yes,,1
pl-540861,Kerinthos,Kerinthos,latin,yes,,1
pl-570354,Keryneia,Keryneia,latin,yes,,1
pl-570354,Keryneia,Mamousia,latin,yes,,1
pl-570354,Keryneia,Κερυνεια,greek,yes,,1
pl-570354,Keryneia,Κερύνεια,greek,yes,,1
pl-570354,Keryneia,Μαμουσιά,greek,yes,,1
pl-570354,Keryneia,Μαμουσια,greek,yes,,1
pl-570355,Kerynitis (river),Kerynitis,latin,yes,,1
pl-570355,Kerynitis (river),Kerynitis (river),latin,yes,,1
pl-570355,Kerynitis (river),Κερυνίτης ποταμὸς (ὁ),greek,yes,,1
pl-570355,Kerynitis (river),Κερυνιτης ποταμος (ο),greek,yes,,1
pl-579978,Kettos?,Kettos,latin,yes,,1
pl-579978,Kettos?,Kettos?,latin,yes,,1
pl-599711,Kheimarros-Bardaki,Kheimarros-Bardaki,latin,yes,,1
pl-540863,Khili,Khili,latin,yes,,1
pl-540864,Khironisi,Khironisi,latin,yes,,1
pl-540865,Khondro Teikhos,Khondro Teikhos,latin,yes,,1
pl-540867,Kierion,Kierion,latin,yes,,1
pl-540867,Kierion,Kieros,latin,yes,,1
pl-579979,Kikynna?,Kikynna,latin,yes,,1
pl-579979,Kikynna?,Kikynna?,latin,yes,,1
pl-589868,Kimolos (island),Cimolos,latin,yes,,1
pl-589868,Kimolos (island),Kimolos,latin,,names 2 places in this box,2
pl-589868,Kimolos (island),Kimolos (island),latin,yes,,1
pl-589868,Kimolos (island),Κίμωλος,greek,yes,,1
pl-589868,Kimolos (island),Κιμωλος,greek,yes,,1
pl-589867,Kimolos (settlement),Kimolos,latin,,names 2 places in this box,2
pl-589867,Kimolos (settlement),Kimolos (settlement),latin,yes,,1
pl-11564736,Kimonian monuments,Kimonia Mnemata,latin,yes,,1
pl-11564736,Kimonian monuments,Kimonian monuments,latin,yes,,1
pl-11564736,Kimonian monuments,Kimōnia Mnēmata,latin,yes,,1
pl-11564736,Kimonian monuments,Κιμωνια μνηματα,greek,yes,,1
pl-11564736,Kimonian monuments,Κιμώνια μνήματα,greek,yes,,1
pl-630032554,Kirphis (Mountain),Ciphris,latin,yes,,1
pl-630032554,Kirphis (Mountain),Cirphis,latin,yes,,1
pl-630032554,Kirphis (Mountain),Kirphis,latin,yes,,1
pl-630032554,Kirphis (Mountain),Kirphis (Mountain),latin,yes,,1
pl-630032554,Kirphis (Mountain),Κίρφις,greek,yes,,1
pl-630032554,Kirphis (Mountain),Κιρφις,greek,yes,,1
pl-540868,Kirra,Kirra,latin,yes,,1
pl-540868,Kirra,Magoula Xeropigadas,latin,yes,,1
pl-570360,Kleitor (river),Kleitor,latin,,names 2 places in this box,2
pl-570360,Kleitor (river),Kleitor (river),latin,yes,,1
pl-570360,Kleitor (river),Kleitoras,latin,yes,,1
pl-570360,Kleitor (river),Mostitsaiiko,latin,yes,,1
pl-570360,Kleitor (river),Κλείτορας,greek,yes,,1
pl-570360,Kleitor (river),Κλείτωρ,greek,yes,,1
pl-570360,Kleitor (river),Κλειτορας,greek,yes,,1
pl-570360,Kleitor (river),Κλειτωρ,greek,yes,,1
pl-570359,Kleitor (settlement),Kleitor,latin,,names 2 places in this box,2
pl-570359,Kleitor (settlement),Kleitor (settlement),latin,yes,,1
pl-570361,Kleonai,Cleonas,latin,yes,,1
pl-570361,Kleonai,Kleonai,latin,yes,,1
pl-570361,Kleonai,Κλεωναί,greek,yes,,1
pl-570361,Kleonai,Κλεωναι,greek,yes,,1
pl-538107005,Klepsydra,Klepsudra,latin,yes,,1
pl-538107005,Klepsydra,Klepsydra,latin,yes,,1
pl-538107005,Klepsydra,Klepsúdra,latin,yes,,1
pl-538107005,Klepsydra,Κλεψυδρα,greek,yes,,1
pl-538107005,Klepsydra,Κλεψύδρα,greek,yes,,1
pl-538107005,Klepsydra,Κλεψύδρᾳ,greek,yes,,1
pl-449126342,Klima,Klima,latin,,names 2 places in this box,2
pl-570362,Klimax,Klimax,latin,yes,,1
pl-570363,Knakalos (mountain),Knakalos,latin,yes,,1
pl-570363,Knakalos (mountain),Knakalos (mountain),latin,yes,,1
pl-570363,Knakalos (mountain),Knakalos M.,latin,yes,,1
pl-570363,Knakalos (mountain),Κνάκαλος,greek,yes,,1
pl-570363,Knakalos (mountain),Κνακαλος,greek,yes,,1
pl-540870,Knemis,Knemis,latin,,names 2 places in this box,2
pl-540871,Knemis (mountain),Knemis,latin,,names 2 places in this box,2
pl-540871,Knemis (mountain),Knemis (mountain),latin,yes,,1
pl-540872,Ko(u)ralios (river),Ko(u)ralios (river),latin,yes,,1
pl-540872,Ko(u)ralios (river),Koralios,latin,,names 2 places in this box,2
pl-540872,Ko(u)ralios (river),Kouralios,latin,yes,,1
pl-540873,Koila?,Koila,latin,yes,,1
pl-540873,Koila?,Koila?,latin,yes,,1
pl-579980,Koile,Koile,latin,yes,,1
pl-579980,Koile,Koílē,latin,,too short to search,1
pl-579980,Koile,"Κοίλη, Κοιλή",greek,yes,,1
pl-579980,Koile,"Κοιλη, Κοιλη",greek,yes,,1
pl-579981,Kolias (promontory),Kolias (promontory),latin,yes,,1
pl-579981,Kolias (promontory),Kolias Pr.,latin,yes,,1
pl-582864,Kollytos,Kollytos,latin,yes,,1
pl-582864,Kollytos,Κολλυτος,greek,yes,,1
pl-582864,Kollytos,Κολλυτός,greek,yes,,1
pl-122622385,Kolona,Kolona,latin,yes,,1
pl-579984,Kolonai,Kolonai,latin,,names 2 places in this box,2
pl-579983,Kolonai,Kolonai,latin,,names 2 places in this box,2
pl-579983,Kolonai,Κολωναί,greek,yes,,1
pl-579983,Kolonai,Κολωναι,greek,yes,,1
pl-570368,Kolonides,Kolonides,latin,yes,,1
pl-579985,Kolonos,Kolonos,latin,yes,,1
pl-579985,Kolonos,Κολωνος,greek,yes,,1
pl-579985,Kolonos,Κολωνός,greek,yes,,1
pl-146086514,Kolonos Agoraios,Agoraios Kolonos,latin,yes,,1
pl-146086514,Kolonos Agoraios,Kolonos Agoraios,latin,yes,,1
pl-146086514,Kolonos Agoraios,Kolōnòs Agoraîos,latin,yes,,1
pl-146086514,Kolonos Agoraios,Αγοραίος Κολωνός,greek,yes,,1
pl-146086514,Kolonos Agoraios,Αγοραιος Κολωνος,greek,yes,,1
pl-146086514,Kolonos Agoraios,Κολωνος αγοραιος,greek,yes,,1
pl-146086514,Kolonos Agoraios,Κολωνὸς ἀγοραῖος,greek,yes,,1
pl-582869,Kolonos Hippios,Kolonos Hippios,latin,yes,,1
pl-582869,Kolonos Hippios,κολωνος ιππιος,greek,yes,,1
pl-582869,Kolonos Hippios,κολωνὸς ἵππιος,greek,yes,,1
pl-570369,Kolyergia (promuntory),Kolyergia (promuntory),latin,yes,,1
pl-570369,Kolyergia (promuntory),Kolyergia Pr.,latin,yes,,1
pl-570369,Kolyergia (promuntory),akra Colyergia,latin,yes,,1
pl-570369,Kolyergia (promuntory),ακρα Κωλυεργια,greek,yes,,1
pl-570369,Kolyergia (promuntory),ἄκρα Κωλυεργία,greek,yes,,1
pl-594467888,Komiaki Mycenaean Tholos Tomb,Komiaki Mycenaean Tholos Tomb,latin,yes,,1
pl-540877,Koniakos,Koniakos,latin,yes,,1
pl-579987,Konthyle,Konthyle,latin,yes,,1
pl-579987,Konthyle,Konthýlē,latin,yes,,1
pl-579987,Konthyle,Κονθυλη,greek,yes,,1
pl-579987,Konthyle,Κονθύλη,greek,yes,,1
pl-295845007,"Kontopigado, Alimos","Kontopigado, Alimos",latin,yes,,1
pl-540878,Kopai,Kopai,latin,yes,,1
pl-579988,Kophos Limen (Piraeus),Kophos Limen,latin,yes,,1
pl-579988,Kophos Limen (Piraeus),Kophos Limen (Piraeus),latin,yes,,1
pl-579988,Kophos Limen (Piraeus),κωφος λιμεν,greek,yes,,1
pl-579988,Kophos Limen (Piraeus),κωφὸς λιμέν,greek,yes,,1
pl-579989,Kopros,Kopros,latin,yes,,1
pl-579989,Kopros,Kópros,latin,yes,,1
pl-579989,Kopros,Κοπρος,greek,yes,,1
pl-579989,Kopros,Κόπρος,greek,yes,,1
pl-312809379,Korakou,Korakou,latin,yes,,1
pl-312809379,Korakou,Κοράκου,greek,yes,,1
pl-312809379,Korakou,Κορακου,greek,yes,,1
pl-540879,Koralios (river),Koralios,latin,,names 2 places in this box,2
pl-540879,Koralios (river),Koralios (river),latin,yes,,1
pl-540880,Korax (mountain),Aitolikon oros,latin,yes,,1
pl-540880,Korax (mountain),Corax,latin,yes,,1
pl-540880,Korax (mountain),Korax,latin,yes,,1
pl-540880,Korax (mountain),Korax (mountain),latin,yes,,1
pl-540880,Korax (mountain),Kórax,latin,,too short to search,1
pl-540880,Korax (mountain),Αιτωλικον ορος (το),greek,yes,,1
pl-540880,Korax (mountain),Αἰτωλικὸν ὄρος (τό),greek,yes,,1
pl-540880,Korax (mountain),Κοραξ,greek,yes,,1
pl-540880,Korax (mountain),Κόραξ,greek,yes,,1
pl-570370,Koresia/Arsinoe,Arsinoe,latin,,names 2 places in this box,2
pl-570370,Koresia/Arsinoe,Koresia,latin,yes,,1
pl-570370,Koresia/Arsinoe,Koresia/Arsinoe,latin,yes,,1
pl-570371,Korone,Korona,latin,yes,,1
pl-570371,Korone,Korone,latin,yes,,1
pl-570371,Korone,Petalidhi,latin,yes,,1
pl-570371,Korone,Petalidi,latin,yes,,1
pl-570371,Korone,Κορωνη,greek,,names 2 places in this box,2
pl-570371,Korone,Κορώνη,greek,,names 2 places in this box,2
pl-570371,Korone,Πεταλίδι,greek,yes,,1
pl-570371,Korone,Πεταλιδι,greek,yes,,1
pl-543756,Koroneia,Koroneia,latin,,names 2 places in this box,2
pl-579990,Koroneia (promontory),Koroneia (promontory),latin,yes,,1
pl-579990,Koroneia (promontory),Koroneia Pr.,latin,yes,,1
pl-579991,Koroni,Kal‘a-i Koron,latin,yes,,1
pl-579991,Koroni,Koroni,latin,,names 2 places in this box,2
pl-579991,Koroni,Qal‘a-i Qoron,latin,yes,,1
pl-579991,Koroni,قلعه قورون,latin,,too short to search,1
pl-579991,Koroni,Ḳal‘a-i Ḳoron,latin,yes,,1
pl-540881,Korope,Korope,latin,yes,,1
pl-570373,Korphos,Korphos,latin,yes,,1
pl-540882,Korseia,Korseia,latin,yes,,1
pl-579992,Korydallos,Korydallos,latin,,names 2 places in this box,2
pl-579992,Korydallos,Κορυδαλλος,greek,,names 2 places in this box,2
pl-579992,Korydallos,Κορυδαλλός,greek,,names 2 places in this box,2
pl-579993,Korydallos (mountain),Korydallos,latin,,names 2 places in this box,2
pl-579993,Korydallos (mountain),Korydallos (mountain),latin,yes,,1
pl-579993,Korydallos (mountain),Κορυδαλλος,greek,,names 2 places in this box,2
pl-579993,Korydallos (mountain),Κορυδαλλός,greek,,names 2 places in this box,2
pl-540883,Korykion Antron (Parnassos),Korykion Antron,latin,yes,,1
pl-540883,Korykion Antron (Parnassos),Korykion Antron (Parnassos),latin,yes,,1
pl-540883,Korykion Antron (Parnassos),Pan kai Nymphai,latin,yes,,1
pl-540883,Korykion Antron (Parnassos),T.,latin,,names 43 places in this box,43
pl-540883,Korykion Antron (Parnassos),αντρον Κωρυκιον (το),greek,yes,,1
pl-540883,Korykion Antron (Parnassos),ἄντρον Κωρύκιον (τὸ),greek,yes,,1
pl-579994,Korynos,Korynos,latin,yes,,1
pl-570376,Koryphos M.,Aion M.,latin,yes,,1
pl-570376,Koryphos M.,Koryphos M.,latin,yes,,1
pl-579995,Kothokidai?,Kothokidai,latin,yes,,1
pl-579995,Kothokidai?,Kothokidai?,latin,yes,,1
pl-579995,Kothokidai?,Kothōkídai,latin,yes,,1
pl-579995,Kothokidai?,Κοθωκίδαι,greek,yes,,1
pl-579995,Kothokidai?,Κοθωκιδαι,greek,yes,,1
pl-540884,Kotylaion,Kotylaion,latin,,names 2 places in this box,2
pl-540885,Kotylaion (mountain),Kotylaion,latin,,names 2 places in this box,2
pl-540885,Kotylaion (mountain),Kotylaion (mountain),latin,yes,,1
pl-570378,Kotyrta,Kotyrta,latin,yes,,1
pl-599729,Koukounaries,Koukounaries,latin,yes,,1
pl-875552307,Kouphovouno,Kouphovouno,latin,yes,,1
pl-570379,Kranae (island),Kranae,latin,yes,,1
pl-570379,Kranae (island),Kranae (island),latin,yes,,1
pl-570379,Kranae (island),Κρανάη,greek,yes,,1
pl-570379,Kranae (island),Κραναη,greek,yes,,1
pl-570380,Kraneion,Kraneion,latin,yes,,1
pl-570380,Kraneion,Κράνειον,greek,yes,,1
pl-570380,Kraneion,Κρανειον,greek,yes,,1
pl-102813531,Kraneion Early Christian Basilica,Kraneion Basilica,latin,yes,,1
pl-102813531,Kraneion Early Christian Basilica,Kraneion Early Christian Basilica,latin,yes,,1
pl-570382,Krathis (mountain),Krathis,latin,,names 2 places in this box,2
pl-570382,Krathis (mountain),Krathis (mountain),latin,yes,,1
pl-570381,Krathis (river),Krathis,latin,,names 2 places in this box,2
pl-570381,Krathis (river),Krathis (river),latin,yes,,1
pl-570381,Krathis (river),Κραθις,greek,yes,,1
pl-570381,Krathis (river),Κρᾶθις,greek,yes,,1
pl-540887,Kresion,Kresion,latin,yes,,1
pl-540887,Kresion,Ktesion,latin,yes,,1
pl-1001897,Krete,Krete,latin,yes,,1
pl-573309,Kretea,Kretea,latin,yes,,1
pl-540888,Kreusis,Kreusis,latin,yes,,1
pl-540888,Kreusis,Κρευσις,greek,yes,,1
pl-540888,Kreusis,Κρεῦσις,greek,yes,,1
pl-570384,Krios (river),Fonissa,latin,yes,,1
pl-570384,Krios (river),Krios,latin,yes,,1
pl-570384,Krios (river),Krios (river),latin,yes,,1
pl-570384,Krios (river),Phonissa,latin,yes,,1
pl-570384,Krios (river),Φονισσα,greek,yes,,1
pl-570384,Krios (river),Φόνισσα,greek,yes,,1
pl-540889,Krisa,Krisa,latin,yes,,1
pl-540889,Krisa,oppidum Crisa,latin,yes,,1
pl-570385,Krokeai,Krokeai,latin,yes,,1
pl-570385,Krokeai,Κροκέαι,greek,yes,,1
pl-570385,Krokeai,Κροκεαι,greek,yes,,1
pl-572298,Krokeai (quarry),Krokeai (quarry),latin,yes,,1
pl-540890,Krokion Pedion,Crocus Field,latin,yes,,1
pl-540890,Krokion Pedion,Krokion Pedion,latin,,names 2 places in this box,2
pl-540890,Krokion Pedion,Krokion pedion,latin,,names 2 places in this box,2
pl-540890,Krokion Pedion,Krokrion Pedion,latin,yes,,1
pl-540890,Krokion Pedion,Krókion pedíon,latin,yes,,1
pl-540890,Krokion Pedion,Κροκιον πεδιον,greek,yes,,1
pl-540890,Krokion Pedion,Κρόκιον πεδίον,greek,yes,,1
pl-540891,Krokyleion?,Krokyleion,latin,yes,,1
pl-540891,Krokyleion?,Krokyleion?,latin,yes,,1
pl-570386,Krommyon,Ag. Theodori,latin,yes,,1
pl-570386,Krommyon,Cremmyon,latin,yes,,1
pl-570386,Krommyon,Hagioi Theodoroi,latin,yes,,1
pl-570386,Krommyon,Kremmyon,latin,yes,,1
pl-570386,Krommyon,Krommyon,latin,yes,,1
pl-570387,Kromna,Ag. Demetrios,latin,,names 2 places in this box,2
pl-570387,Kromna,Agios Dimitrios,latin,yes,,1
pl-570387,Kromna,Kesimia,latin,yes,,1
pl-570387,Kromna,Kromna,latin,yes,,1
pl-570387,Kromna,Άγιος Δημήτριος,greek,yes,,1
pl-570387,Kromna,Αγιος Δημητριος,greek,yes,,1
pl-570387,Kromna,Κεσίμια,greek,yes,,1
pl-570387,Kromna,Κεσιμια,greek,yes,,1
pl-570387,Kromna,Κρωμνα,greek,yes,,1
pl-570387,Kromna,Κρώμνα,greek,yes,,1
pl-570388,Kromnos,Kromnos,latin,yes,,1
pl-570388,Kromnos,Kromon,latin,yes,,1
pl-579996,Kropidai,Kropidai,latin,yes,,1
pl-579996,Kropidai,Krōpídai,latin,yes,,1
pl-579996,Kropidai,Κρωπίδαι,greek,yes,,1
pl-579996,Kropidai,Κρωπιδαι,greek,yes,,1
pl-579997,Kryptos Limen,Kryptos Limen,latin,yes,,1
pl-579997,Kryptos Limen,Κρυπτος λιμην,greek,yes,,1
pl-579997,Kryptos Limen,Κρυπτός λιμήν,greek,yes,,1
pl-540894,Ktimene,Ktimene,latin,yes,,1
pl-579998,Kydantidai,Kydantidai,latin,yes,,1
pl-579998,Kydantidai,Κυδαντιδαι,greek,yes,,1
pl-579998,Kydantidai,Κυδαντίδαι,greek,yes,,1
pl-582862,Kydathenaion,Kydathenaion,latin,yes,,1
pl-582862,Kydathenaion,Kydathénaion,latin,yes,,1
pl-582862,Kydathenaion,Κυδαθήναιον,greek,yes,,1
pl-582862,Kydathenaion,Κυδαθηναιον,greek,yes,,1
pl-570391,Kyllene (mountain),Kyllene,latin,yes,,1
pl-570391,Kyllene (mountain),Kyllene (mountain),latin,yes,,1
pl-570391,Kyllene (mountain),Κυλλήνη,greek,yes,,1
pl-570391,Kyllene (mountain),Κυλληνη,greek,yes,,1
pl-580000,Kyllou Pera/Kallia,Kallia,latin,yes,,1
pl-580000,Kyllou Pera/Kallia,Kyllou Pera,latin,yes,,1
pl-580000,Kyllou Pera/Kallia,Kyllou Pera/Kallia,latin,yes,,1
pl-570392,Kynaitha(i),Kalavrita,latin,yes,,1
pl-570392,Kynaitha(i),Kalavryta,latin,yes,,1
pl-570392,Kynaitha(i),Kalávrita,latin,yes,,1
pl-570392,Kynaitha(i),Kalávryta,latin,yes,,1
pl-570392,Kynaitha(i),Kynaitha,latin,yes,,1
pl-570392,Kynaitha(i),Kynaitha(i),latin,yes,,1
pl-570392,Kynaitha(i),Kynaithai,latin,yes,,1
pl-570392,Kynaitha(i),Καλάβρυτα,greek,yes,,1
pl-570392,Kynaitha(i),Καλαβρυτα,greek,yes,,1
pl-540896,Kynos,Kynos,latin,yes,,1
pl-158698879,Kynosarges,Kunosarges,latin,yes,,1
pl-158698879,Kynosarges,Kunósarges,latin,yes,,1
pl-158698879,Kynosarges,Kynosarges,latin,yes,,1
pl-158698879,Kynosarges,Κυνοσαργες,greek,yes,,1
pl-158698879,Kynosarges,Κυνόσαργες,greek,yes,,1
pl-580001,Kynosoura,Kynosoura,latin,yes,,1
pl-580002,Kynosoura (promontory),Kynosoura (promontory),latin,,names 2 places in this box,2
pl-580003,Kynosoura (promontory),Kynosoura (promontory),latin,,names 2 places in this box,2
pl-580002,Kynosoura (promontory),Kynosoura Pr.,latin,,names 2 places in this box,2
pl-580003,Kynosoura (promontory),Kynosoura Pr.,latin,,names 2 places in this box,2
pl-573322,Kynouria (Arcadia),Kynouria,latin,,names 2 places in this box,2
pl-573322,Kynouria (Arcadia),Kynouria (Arcadia),latin,yes,,1
pl-570395,Kynouria (Eastern Peloponnese),Kynouria,latin,,names 2 places in this box,2
pl-570395,Kynouria (Eastern Peloponnese),Kynouria (Eastern Peloponnese),latin,yes,,1
pl-599741,Kynthos (mountain),Kynthos,latin,,names 2 places in this box,2
pl-599740,Kynthos (mountain),Kynthos,latin,,names 2 places in this box,2
pl-599741,Kynthos (mountain),Kynthos (mountain),latin,,names 2 places in this box,2
pl-599740,Kynthos (mountain),Kynthos (mountain),latin,,names 2 places in this box,2
pl-540897,Kypaira,Cyphaera,latin,yes,,1
pl-540897,Kypaira,Kypaira,latin,yes,,1
pl-570396,Kyparissia,Cyparissa,latin,yes,,1
pl-570396,Kyparissia,Kyparissia,latin,yes,,1
pl-570396,Kyparissia,Κυπαρισσία,greek,yes,,1
pl-570396,Kyparissia,Κυπαρισσια,greek,yes,,1
pl-570398,Kyphanta,Kyphanta,latin,yes,,1
pl-595443937,Kyrtones tower (Phthiotis),Kyrtones tower (Phthiotis),latin,yes,,1
pl-580004,Kytherros,Kytherros,latin,yes,,1
pl-580004,Kytherros,Κυθηρος,greek,yes,,1
pl-580004,Kytherros,Κύθηρος,greek,yes,,1
pl-570402,Kythnos,Bruokastro,latin,yes,,1
pl-570402,Kythnos,Kythnos,latin,,names 2 places in this box,2
pl-570402,Kythnos,Vriokastro,latin,yes,,1
pl-570402,Kythnos,Vryokastro,latin,,names 2 places in this box,2
pl-570402,Kythnos,Βρυοκαστρο,greek,yes,,1
pl-570402,Kythnos,Βρυόκαστρο,greek,yes,,1
pl-570403,Kythnos (island),Cythnus,latin,yes,,1
pl-570403,Kythnos (island),Kythnos,latin,,names 2 places in this box,2
pl-570403,Kythnos (island),Kythnos (island),latin,yes,,1
pl-570403,Kythnos (island),Κυθνος,greek,yes,,1
pl-570403,Kythnos (island),Κύθνος,greek,yes,,1
pl-540899,Kytinion,Kytinion,latin,yes,,1
pl-540899,Kytinion,Κυτίνιον,greek,yes,,1
pl-540899,Kytinion,Κυτινιον,greek,yes,,1
pl-995667313,Kástron Khóstion,Akropole Korison sta Chostia,latin,yes,,1
pl-995667313,Kástron Khóstion,Akropoli Korsion sta Chostia (Prodromos),latin,yes,,1
pl-995667313,Kástron Khóstion,Akropoli Korsion sta Khostia,latin,yes,,1
pl-995667313,Kástron Khóstion,Akrópoli Korsión sta Chóstia (Pródromos),latin,yes,,1
pl-995667313,Kástron Khóstion,Chostia,latin,,names 3 places in this box,3
pl-995667313,Kástron Khóstion,Kastron Khostion,latin,yes,,1
pl-995667313,Kástron Khóstion,Khostia,latin,,names 3 places in this box,3
pl-995667313,Kástron Khóstion,Khóstia,latin,,names 3 places in this box,3
pl-995667313,Kástron Khóstion,Kástron Khóstion,latin,yes,,1
pl-995667313,Kástron Khóstion,Prodhromos,latin,,names 3 places in this box,3
pl-995667313,Kástron Khóstion,Prodromos,latin,,names 3 places in this box,3
pl-995667313,Kástron Khóstion,Pródhromos,latin,,names 3 places in this box,3
pl-995667313,Kástron Khóstion,Pródromos,latin,,names 3 places in this box,3
pl-995667313,Kástron Khóstion,Ακροπολη Κορσιων στα Χωστια (Προδρομος),greek,yes,,1
pl-995667313,Kástron Khóstion,Ακρόπολη Κορσιών στα Χώστια (Πρόδρομος),greek,yes,,1
pl-995667313,Kástron Khóstion,Κάστρον Χώστιον,greek,yes,,1
pl-995667313,Kástron Khóstion,Καστρον Χωστιον,greek,yes,,1
pl-995667313,Kástron Khóstion,Προδρομος,greek,,names 3 places in this box,3
pl-995667313,Kástron Khóstion,Πρόδρομος,greek,,names 3 places in this box,3
pl-995667313,Kástron Khóstion,Χωστια,greek,,names 3 places in this box,3
pl-995667313,Kástron Khóstion,Χώστια,greek,,names 3 places in this box,3
pl-464482221,L-Shaped Palace at Gla,L-Shaped Palace at Gla,latin,yes,,1
pl-570417,La(s),La,latin,,too short to search,1
pl-570417,La(s),La(s),latin,,too short to search,1
pl-570417,La(s),Las,latin,,too short to search,1
pl-570417,La(s),Λα,greek,,too short to search,1
pl-570417,La(s),Λᾶ,greek,,too short to search,1
pl-570406,Lacedaemon/Laconia,Lacedaemon,latin,yes,,1
pl-570406,Lacedaemon/Laconia,Lacedaemon/Laconia,latin,yes,,1
pl-570406,Lacedaemon/Laconia,Laconia,latin,yes,,1
pl-570406,Lacedaemon/Laconia,Laconica,latin,yes,,1
pl-570406,Lacedaemon/Laconia,Lakedaimon,latin,yes,,1
pl-570406,Lacedaemon/Laconia,Lakedaímōn,latin,yes,,1
pl-570406,Lacedaemon/Laconia,Λακεδαίμων,greek,yes,,1
pl-570406,Lacedaemon/Laconia,Λακεδαιμων,greek,yes,,1
pl-570407,Laconicus Sinus,Gulf of Laconia,latin,yes,,1
pl-570407,Laconicus Sinus,Laconicus Sinus,latin,yes,,1
pl-570407,Laconicus Sinus,Lakonikos Kolpos,latin,yes,,1
pl-570407,Laconicus Sinus,Lakonikós Kólpos,latin,yes,,1
pl-570407,Laconicus Sinus,Λακωνικος Κολπος,greek,yes,,1
pl-570407,Laconicus Sinus,Λακωνικός Κόλπος,greek,yes,,1
pl-589892,Lagousa (island),Lagousa,latin,yes,,1
pl-589892,Lagousa (island),Lagousa (island),latin,yes,,1
pl-589892,Lagousa (island),Λάγουσα,greek,yes,,1
pl-589892,Lagousa (island),Λαγουσα,greek,yes,,1
pl-324369908,Lake Stymphalia,Lake Stymphalia,latin,yes,,1
pl-324369908,Lake Stymphalia,Limne Stymphalia,latin,yes,,1
pl-324369908,Lake Stymphalia,Límnē Stymphalía,latin,yes,,1
pl-324369908,Lake Stymphalia,Λίμνη Στυμφαλία,greek,yes,,1
pl-324369908,Lake Stymphalia,Λιμνη Στυμφαλια,greek,yes,,1
pl-580006,Lakiadai,Lakiadai,latin,yes,,1
pl-580006,Lakiadai,Λακιάδαι,greek,yes,,1
pl-580006,Lakiadai,Λακιαδαι,greek,yes,,1
pl-540902,Lamia,Lamia,latin,yes,,1
pl-789002570,"Lamiospito Tholos Tomb, Dimini","Lamiospito Tholos Tomb, Dimini",latin,yes,,1
pl-580008,Lamptrai Kathyperthen,Lamptrai Kathyperthen,latin,yes,,1
pl-580009,Lamptrai Paraloi/Lamptrai Hypenerthen,Kitsi,latin,yes,,1
pl-580009,Lamptrai Paraloi/Lamptrai Hypenerthen,Kítsi,latin,,too short to search,1
pl-580009,Lamptrai Paraloi/Lamptrai Hypenerthen,Lamptrai Hypenerthen,latin,yes,,1
pl-580009,Lamptrai Paraloi/Lamptrai Hypenerthen,Lamptrai Paraloi,latin,yes,,1
pl-580009,Lamptrai Paraloi/Lamptrai Hypenerthen,Lamptrai Paraloi/Lamptrai Hypenerthen,latin,yes,,1
pl-580009,Lamptrai Paraloi/Lamptrai Hypenerthen,Κίτσι,greek,yes,,1
pl-580009,Lamptrai Paraloi/Lamptrai Hypenerthen,Κιτσι,greek,yes,,1
pl-580009,Lamptrai Paraloi/Lamptrai Hypenerthen,Λαμπραι παραλιοι,greek,yes,,1
pl-580009,Lamptrai Paraloi/Lamptrai Hypenerthen,Λαμπραὶ παράλιοι,greek,yes,,1
pl-540903,Laphron?,Laphron,latin,yes,,1
pl-540903,Laphron?,Laphron?,latin,yes,,1
pl-570413,Lapithaion,Lapithaion,latin,yes,,1
pl-570413,Lapithaion,Λαπίθαιον,greek,yes,,1
pl-570413,Lapithaion,Λαπιθαιον,greek,yes,,1
pl-327455663,Larisa Castle,Castle of Argos,latin,yes,,1
pl-327455663,Larisa Castle,Kastro Argous,latin,yes,,1
pl-327455663,Larisa Castle,Kastro Larisa,latin,yes,,1
pl-327455663,Larisa Castle,Larisa Castle,latin,yes,,1
pl-327455663,Larisa Castle,Κάστρο Άργους,greek,yes,,1
pl-327455663,Larisa Castle,Κάστρο Λάρισα,greek,yes,,1
pl-327455663,Larisa Castle,Καστρο Αργους,greek,yes,,1
pl-327455663,Larisa Castle,Καστρο Λαρισα,greek,yes,,1
pl-492759697,Larisa Fortress (Argolid),Larisa,latin,yes,,1
pl-492759697,Larisa Fortress (Argolid),Larisa Fortress (Argolid),latin,yes,,1
pl-492759697,Larisa Fortress (Argolid),Larisa arx,latin,yes,,1
pl-492759697,Larisa Fortress (Argolid),Λάρισα,greek,yes,,1
pl-492759697,Larisa Fortress (Argolid),Λαρισα,greek,yes,,1
pl-540904,Larisa Kremaste/Pelasgia,Larisa Kremaste,latin,yes,,1
pl-540904,Larisa Kremaste/Pelasgia,Larisa Kremaste/Pelasgia,latin,yes,,1
pl-540904,Larisa Kremaste/Pelasgia,Larisaios,latin,yes,,1
pl-540904,Larisa Kremaste/Pelasgia,Lárisa Kremastḗ,latin,yes,,1
pl-540904,Larisa Kremaste/Pelasgia,Pelasgia Larisa,latin,yes,,1
pl-540904,Larisa Kremaste/Pelasgia,Λάρισα κρεμαστή,greek,yes,,1
pl-540904,Larisa Kremaste/Pelasgia,Λαρισα κρεμαστη,greek,yes,,1
pl-540904,Larisa Kremaste/Pelasgia,Λαρισαιος,greek,yes,,1
pl-540904,Larisa Kremaste/Pelasgia,Λαρισαῖος,greek,yes,,1
pl-540904,Larisa Kremaste/Pelasgia,Πελασγία Λάρισα,greek,yes,,1
pl-540904,Larisa Kremaste/Pelasgia,Πελασγια Λαρισα,greek,yes,,1
pl-540906,Larymna (Boeotia),Larymna,latin,yes,,1
pl-540906,Larymna (Boeotia),Larymna (Boeotia),latin,yes,,1
pl-540906,Larymna (Boeotia),Λάρυμνά,greek,yes,,1
pl-540906,Larymna (Boeotia),Λαρυμνα,greek,yes,,1
pl-570416,Larysion (mountain),Larysion,latin,yes,,1
pl-570416,Larysion (mountain),Larysion (mountain),latin,yes,,1
pl-570416,Larysion (mountain),Λαρυσιον,greek,yes,,1
pl-570416,Larysion (mountain),Λαρύσιον,greek,yes,,1
pl-341010947,Late Roman Building,Late Roman Building,latin,yes,,1
pl-341010947,Late Roman Building,Square Building,latin,yes,,1
pl-675812634,Late Roman Round Building,Late Roman Round Building,latin,yes,,1
pl-580010,Laureion,Laureion,latin,yes,,1
pl-580010,Laureion,Laúreion,latin,yes,,1
pl-580010,Laureion,Λαυρειον,greek,yes,,1
pl-580010,Laureion,Λαύρειον,greek,yes,,1
pl-884693054,Lazarides,Lazarides,latin,yes,,1
pl-540907,Lebadeia,Lebadeia,latin,yes,,1
pl-540907,Lebadeia,Livadeia,latin,yes,,1
pl-540907,Lebadeia,Λεβάδεια,greek,yes,,1
pl-540907,Lebadeia,Λεβαδεια,greek,yes,,1
pl-540907,Lebadeia,Λιβαδειά,greek,yes,,1
pl-540907,Lebadeia,Λιβαδεια,greek,yes,,1
pl-570420,Lechaion,Lechaion,latin,yes,,1
pl-540908,Ledon,Ledon,latin,yes,,1
pl-540908,Ledon,Λέδων,greek,yes,,1
pl-540908,Ledon,Λεδων,greek,yes,,1
pl-540909,Lefkandi,Lefkandi,latin,yes,,1
pl-176836030,Lefkandi Heroon(?),Lefkandi Heroon(?),latin,yes,,1
pl-176836030,Lefkandi Heroon(?),Toumba Building,latin,yes,,1
pl-580011,Leipsydrion,Gaitana,latin,yes,,1
pl-580011,Leipsydrion,Leipsydrion,latin,yes,,1
pl-580011,Leipsydrion,Λειψυδριον,greek,yes,,1
pl-580011,Leipsydrion,Λειψύδριον,greek,yes,,1
pl-540911,Lelant(i)on Pedion,Lelant(i)on Pedion,latin,yes,,1
pl-540911,Lelant(i)on Pedion,Lelantine Plain,latin,yes,,1
pl-540911,Lelant(i)on Pedion,Lelantion Pedion,latin,yes,,1
pl-540911,Lelant(i)on Pedion,Lelanton Pedion,latin,yes,,1
pl-540911,Lelant(i)on Pedion,Λήλαντον πεδίον,greek,yes,,1
pl-540911,Lelant(i)on Pedion,Ληλάντιον πεδίον,greek,yes,,1
pl-540911,Lelant(i)on Pedion,Ληλαντιον πεδιον,greek,yes,,1
pl-540911,Lelant(i)on Pedion,Ληλαντον πεδιον,greek,yes,,1
pl-540912,Lelantus (river),Lelantus,latin,yes,,1
pl-540912,Lelantus (river),Lelantus (river),latin,yes,,1
pl-570421,Leon,Akra Vigles,latin,yes,,1
pl-570421,Leon,Cape Vigla,latin,yes,,1
pl-570421,Leon,Leon,latin,,too short to search,1
pl-570421,Leon,Leon akron,latin,yes,,1
pl-570421,Leon,Léōn ákron,latin,yes,,1
pl-570421,Leon,Vigla (Cape),latin,yes,,1
pl-570421,Leon,Ákra Vígles,latin,yes,,1
pl-570421,Leon,Άκρα Βίγλες,greek,yes,,1
pl-570421,Leon,Ακρα Βιγλες,greek,yes,,1
pl-570421,Leon,Λέων ἄκρον,greek,yes,,1
pl-570421,Leon,Λεων ακρον,greek,yes,,1
pl-570422,Leontion,Leontion,latin,yes,,1
pl-570424,Lerna,Lerna,latin,yes,,1
pl-570424,Lerna,Lérna,latin,,too short to search,1
pl-570424,Lerna,Λέρνα,greek,yes,,1
pl-570424,Lerna,Λερνα,greek,yes,,1
pl-580012,Leros Ins.,Leros,latin,yes,,1
pl-580012,Leros Ins.,Leros Ins.,latin,yes,,1
pl-661181030,Lesche of the Cnidians (Delphi),Lesche of the Cnidians (Delphi),latin,yes,,1
pl-570426,Lessa,Lessa,latin,yes,,1
pl-570426,Lessa,Λησσα,greek,yes,,1
pl-570426,Lessa,Λῆσσα,greek,yes,,1
pl-680601466,Leuctra tropaion,Leuctra tropaion,latin,yes,,1
pl-570428,Leukai (Laconia),Leukai,latin,yes,,1
pl-570428,Leukai (Laconia),Leukai (Laconia),latin,yes,,1
pl-570429,Leuke,Leuke,latin,yes,,1
pl-570429,Leuke,Λευκη,greek,yes,,1
pl-570429,Leuke,Λεύκη,greek,yes,,1
pl-580013,Leukonoion,Leukonoion,latin,yes,,1
pl-540913,Leuktra,Leuktra,latin,,names 3 places in this box,3
pl-540913,Leuktra,Λευκτρα,greek,,names 2 places in this box,2
pl-540913,Leuktra,Λεῦκτρά,greek,yes,,1
pl-570433,Leuktron,Leuktra,latin,,names 3 places in this box,3
pl-570431,Leuktron,Leuktra,latin,,names 3 places in this box,3
pl-570433,Leuktron,Leuktron,latin,,names 2 places in this box,2
pl-570431,Leuktron,Leuktron,latin,,names 2 places in this box,2
pl-570431,Leuktron,Λευκτρα,greek,,names 2 places in this box,2
pl-570433,Leuktron,Λευκτρον,greek,yes,,1
pl-570431,Leuktron,Λεῦκτρα,greek,yes,,1
pl-570433,Leuktron,Λεῦκτρον,greek,yes,,1
pl-589911,Libeia? Ins.,Libeia,latin,yes,,1
pl-589911,Libeia? Ins.,Libeia? Ins.,latin,yes,,1
pl-728329644,Library of Hadrian at Athens,Hadrian's Library,latin,yes,,1
pl-728329644,Library of Hadrian at Athens,Library of Hadrian,latin,yes,,1
pl-728329644,Library of Hadrian at Athens,Library of Hadrian at Athens,latin,yes,,1
pl-582559069,Library of Pantainos,Library of Pantainos,latin,yes,,1
pl-573313209,Lichades Islands,Lichades,latin,yes,,1
pl-573313209,Lichades Islands,Lichades Islands,latin,yes,,1
pl-573313209,Lichades Islands,Λιχάδες,greek,yes,,1
pl-573313209,Lichades Islands,Λιχαδες,greek,yes,,1
pl-540914,Lidorikion,Lidorikion,latin,yes,,1
pl-540915,Lilaia,Lilaia,latin,yes,,1
pl-580014,Limiko (Attica),Limiko,latin,yes,,1
pl-580014,Limiko (Attica),Limiko (Attica),latin,yes,,1
pl-766613993,Limiko Kapsalon dragon house,Limiko Kapsalon dragon house,latin,yes,,1
pl-500721867,Limiko blockhouse (Argolid),Limiko blockhouse (Argolid),latin,yes,,1
pl-570435,Limnai,Limnai,latin,yes,,1
pl-345163903,Lino Tower (Mykonos),Lino Tower (Mykonos),latin,yes,,1
pl-448885234,Lion Gate at Mycenae,Lion Gate at Mycenae,latin,yes,,1
pl-570436,Liparos,Liparos,latin,yes,,1
pl-705446488,Little Metropolis church (Athens),Little Metropolis,latin,yes,,1
pl-705446488,Little Metropolis church (Athens),Little Metropolis church (Athens),latin,yes,,1
pl-705446488,Little Metropolis church (Athens),Mikri Mitropoli,latin,yes,,1
pl-705446488,Little Metropolis church (Athens),Naos tis Theotokou Gorgoepikoou kai Agiou Eleftheriou,latin,yes,,1
pl-705446488,Little Metropolis church (Athens),Μικρή Μητρόπολη,greek,yes,,1
pl-705446488,Little Metropolis church (Athens),Μικρη Μητροπολη,greek,yes,,1
pl-705446488,Little Metropolis church (Athens),Ναος της Θεοτοκου Γοργοεπηκοου και Αγιου Ελευθεριου,greek,yes,,1
pl-705446488,Little Metropolis church (Athens),Ναός της Θεοτόκου Γοργοεπήκοου και Αγίου Ελευθερίου,greek,yes,,1
pl-540917,Locris Epiknemidia,Locris Epiknemidia,latin,yes,,1
pl-540918,Locris Opuntia,Locris Opuntia,latin,yes,,1
pl-570437,Loukou,Loukou,latin,yes,,1
pl-570437,Loukou,Luku,latin,,too short to search,1
pl-570437,Loukou,Λουκου,greek,yes,,1
pl-570437,Loukou,Λουκού,greek,yes,,1
pl-580015,Lousia,Lousia,latin,yes,,1
pl-570438,Lousoi,Lousoi,latin,yes,,1
pl-570438,Lousoi,Λουσοί,greek,yes,,1
pl-570438,Lousoi,Λουσοι,greek,yes,,1
pl-570439,Loutra,Loutra,latin,yes,,1
pl-570440,Loutra Helenes,Loutra Helenes,latin,yes,,1
pl-540920,Loutra Hypatis Early Christian basilica and bath,Loutra Hypatis,latin,yes,,1
pl-540920,Loutra Hypatis Early Christian basilica and bath,Loutra Hypatis Early Christian basilica and bath,latin,yes,,1
pl-122572945,Lyceum,Lyceum,latin,yes,,1
pl-122572945,Lyceum,Lykeion,latin,yes,,1
pl-122572945,Lyceum,Λυκειον,greek,yes,,1
pl-122572945,Lyceum,Λύκειον,greek,yes,,1
pl-582871,Lykabettos (mountain),Lykabettos,latin,yes,,1
pl-582871,Lykabettos (mountain),Lykabettos (mountain),latin,yes,,1
pl-582871,Lykabettos (mountain),Lykabettos M.,latin,yes,,1
pl-582871,Lykabettos (mountain),Lykavittos,latin,yes,,1
pl-582871,Lykabettos (mountain),Λυκαβηττος,greek,yes,,1
pl-582871,Lykabettos (mountain),Λυκαβηττός,greek,yes,,1
pl-570441,Lykaion (mountain),Lykaion,latin,yes,,1
pl-570441,Lykaion (mountain),Lykaion (mountain),latin,yes,,1
pl-570441,Lykaion (mountain),Λυκαιον,greek,yes,,1
pl-570441,Lykaion (mountain),Λύκαιον,greek,yes,,1
pl-570442,Lykoa,Lykoa,latin,yes,,1
pl-570442,Lykoa,Λυκοα,greek,yes,,1
pl-570442,Lykoa,Λυκόα,greek,yes,,1
pl-570443,Lykone (mountain),Lykone,latin,yes,,1
pl-570443,Lykone (mountain),Lykone (mountain),latin,yes,,1
pl-570443,Lykone (mountain),Λυκωνη,greek,yes,,1
pl-570443,Lykone (mountain),Λυκώνη,greek,yes,,1
pl-570444,Lykosoura,Lykosoura,latin,yes,,1
pl-570444,Lykosoura,Λυκοσουρα,greek,yes,,1
pl-570444,Lykosoura,Λυκόσουρα,greek,yes,,1
pl-570445,Lykouria?,Lykouria,latin,yes,,1
pl-570445,Lykouria?,Lykouria?,latin,yes,,1
pl-570445,Lykouria?,Λυκουρία,greek,yes,,1
pl-570445,Lykouria?,Λυκουρια,greek,yes,,1
pl-570446,Lyrkeia,Lynkea,latin,yes,,1
pl-570446,Lyrkeia,Lyrkeia,latin,yes,,1
pl-570447,Lyrkeion (mountain),Lyrkeion,latin,yes,,1
pl-570447,Lyrkeion (mountain),Lyrkeion (mountain),latin,yes,,1
pl-570447,Lyrkeion (mountain),Λυρκειον,greek,yes,,1
pl-570447,Lyrkeion (mountain),Λύρκειον,greek,yes,,1
pl-570449,Mainalion (mountain),Mainalion,latin,yes,,1
pl-570449,Mainalion (mountain),Mainalion (mountain),latin,yes,,1
pl-570449,Mainalion (mountain),Mainalos,latin,,names 2 places in this box,2
pl-570449,Mainalion (mountain),Maínalos,latin,yes,,1
pl-570449,Mainalion (mountain),Μαίναλος,greek,,names 2 places in this box,2
pl-570449,Mainalion (mountain),Μαιναλος,greek,,names 2 places in this box,2
pl-570450,Mainalion Pedion,Mainalion Pedion,latin,yes,,1
pl-570451,Mainalos,Mainalos,latin,,names 2 places in this box,2
pl-570451,Mainalos,Μαίναλος,greek,,names 2 places in this box,2
pl-570451,Mainalos,Μαιναλος,greek,,names 2 places in this box,2
pl-570452,Makareia,Makareai,latin,yes,,1
pl-570452,Makareia,Makareia,latin,yes,,1
pl-570452,Makareia,Makariai,latin,yes,,1
pl-580018,Makaria,Makaria,latin,yes,,1
pl-580018,Makaria,Μακαρία,greek,yes,,1
pl-580018,Makaria,Μακαρια,greek,yes,,1
pl-540925,Makkarai?,Makkarai,latin,yes,,1
pl-540925,Makkarai?,Makkarai?,latin,yes,,1
pl-540925,Makkarai?,Μακκαραι,greek,yes,,1
pl-540925,Makkarai?,Μακκάραι,greek,yes,,1
pl-540926,Makra Kome,Makra Kome,latin,yes,,1
pl-540926,Makra Kome,Makrakomi,latin,yes,,1
pl-540926,Makra Kome,Varibopi,latin,yes,,1
pl-540926,Makra Kome,Varybopi,latin,yes,,1
pl-540926,Makra Kome,Varympopi,latin,yes,,1
pl-540926,Makra Kome,Βαρυμποπη,greek,yes,,1
pl-540926,Makra Kome,Βαρυμπόπη,greek,yes,,1
pl-540926,Makra Kome,Μακρακωμης,greek,yes,,1
pl-540926,Makra Kome,Μακρακώμης,greek,yes,,1
pl-585128,Makra Teiche,Makra Teiche,latin,yes,,1
pl-585128,Makra Teiche,μακρα τειχη,greek,yes,,1
pl-585128,Makra Teiche,μακρὰ τείχη,greek,yes,,1
pl-820778148,Makri Louri,Makri Louri,latin,yes,,1
pl-342066276,Makri St. peristyle,Makri St. peristyle,latin,yes,,1
pl-342066276,Makri St. peristyle,Makri St. peristyle (Athens),latin,yes,,1
pl-496995888,Makrygiannis domus,Makrygiannis domus,latin,yes,,1
pl-496995888,Makrygiannis domus,Makrygiannis domus (Athens),latin,yes,,1
pl-570454,Malea,Malaia,latin,yes,,1
pl-570454,Malea,Malea,latin,yes,,1
pl-570454,Malea,Μαλέα,greek,yes,,1
pl-570454,Malea,Μαλεα,greek,yes,,1
pl-540928,Mali,Chostia,latin,,names 3 places in this box,3
pl-540928,Mali,Khostia,latin,,names 3 places in this box,3
pl-540928,Mali,Khóstia,latin,,names 3 places in this box,3
pl-540928,Mali,Mali,latin,,too short to search,1
pl-540928,Mali,Máli,latin,,too short to search,1
pl-540928,Mali,Prodhromos,latin,,names 3 places in this box,3
pl-540928,Mali,Prodromos,latin,,names 3 places in this box,3
pl-540928,Mali,Pródhromos,latin,,names 3 places in this box,3
pl-540928,Mali,Pródromos,latin,,names 3 places in this box,3
pl-540928,Mali,Προδρομος,greek,,names 3 places in this box,3
pl-540928,Mali,Πρόδρομος,greek,,names 3 places in this box,3
pl-540928,Mali,Χωστια,greek,,names 3 places in this box,3
pl-540928,Mali,Χώστια,greek,,names 3 places in this box,3
pl-540929,Maliacus Sinus,Maliacus Sinus,latin,yes,,1
pl-540930,Malis,Malis,latin,yes,,1
pl-570457,Maloitas (river),Maloita,latin,yes,,1
pl-570457,Maloitas (river),Maloitas,latin,yes,,1
pl-570457,Maloitas (river),Maloitas (river),latin,yes,,1
pl-570457,Maloitas (river),Maloíta,latin,yes,,1
pl-570457,Maloitas (river),Μαλοίτα,greek,yes,,1
pl-570457,Maloitas (river),Μαλοιτα,greek,yes,,1
pl-580020,Mandra,Mandra,latin,yes,,1
pl-854812387,Mandra (Despotiko),Archaiologikos Choros Despotikou,latin,yes,,1
pl-854812387,Mandra (Despotiko),Archaiologikós Chóros Despotikoú,latin,yes,,1
pl-854812387,Mandra (Despotiko),Mandra (Despotiko),latin,yes,,1
pl-854812387,Mandra (Despotiko),Αρχαιολογικος Χωρος Δεσποτικου,greek,yes,,1
pl-854812387,Mandra (Despotiko),Αρχαιολογικός Χώρος Δεσποτικού,greek,yes,,1
pl-540932,Manika,Manika,latin,yes,,1
pl-570458,Manthouria,Manthouria,latin,yes,,1
pl-570459,Mantineia/Antigoneia,Antigoneia,latin,yes,,1
pl-570459,Mantineia/Antigoneia,Mantineia,latin,yes,,1
pl-570459,Mantineia/Antigoneia,Mantineia/Antigoneia,latin,yes,,1
pl-570459,Mantineia/Antigoneia,Μαντίνεια,greek,yes,,1
pl-570459,Mantineia/Antigoneia,Μαντινεια,greek,yes,,1
pl-599785,Marathion,Marathion,latin,yes,,1
pl-580021,Marathon,Marathon,latin,yes,famous name — confirm the referent,1
pl-580021,Marathon,Marathṓn,latin,yes,,1
pl-580021,Marathon,Μαραθων,greek,yes,,1
pl-580021,Marathon,Μαραθών,greek,yes,,1
pl-580022,Marathonian Pedion,Marathonian Pedion,latin,yes,,1
pl-163292061,Marble Quarries at Karystos,Marble Quarries at Karystos,latin,yes,,1
pl-570461,Marios,Marios,latin,yes,,1
pl-570461,Marios,Μαριος,greek,yes,,1
pl-570461,Marios,Μαριός,greek,yes,,1
pl-540934,Markesi,Markesi,latin,yes,,1
pl-540936,Marmara,Marmara,latin,yes,,1
pl-716756355,Marmara sanctuary,Marmara sanctuary,latin,yes,,1
pl-570462,Marmarion,Marmarion,latin,yes,,1
pl-599788,Marpessa (mountain),Marpessa,latin,yes,,1
pl-599788,Marpessa (mountain),Marpessa (mountain),latin,yes,,1
pl-570463,Mases,Mases,latin,yes,,1
pl-540937,Mauragani,Mauragani,latin,yes,,1
pl-570465,Mausos,Mausos,latin,yes,,1
pl-540938,Mavrovouni,Mavrovouni,latin,yes,,1
pl-580023,Mazi,Mazi,latin,,too short to search,1
pl-540939,Medeon,Medeon,latin,,names 2 places in this box,2
pl-540939,Medeon,Μεδεων,greek,yes,,1
pl-540939,Medeon,Μεδεών,greek,yes,,1
pl-540940,Medeon?,Medeon,latin,,names 2 places in this box,2
pl-540940,Medeon?,Medeon?,latin,yes,,1
pl-580024,Mega Helos,Mega Helos,latin,yes,,1
pl-75275879,Megali Koryfi,Megali Koryfi,latin,yes,,1
pl-775133290,Megali Magoula,Megali Magoula,latin,yes,,1
pl-570467,Megalopolis,Megalopolis,latin,yes,,1
pl-538278634,Megalopolis Lignite Mines,Marathoussa,latin,yes,,1
pl-538278634,Megalopolis Lignite Mines,Marathoússa,latin,yes,,1
pl-538278634,Megalopolis Lignite Mines,Megalopolis Lignite Mines,latin,yes,,1
pl-538278634,Megalopolis Lignite Mines,Μαραθουσσα,greek,yes,,1
pl-538278634,Megalopolis Lignite Mines,Μαραθούσσα,greek,yes,,1
pl-570468,Megara,Megara,latin,yes,famous name — confirm the referent,1
pl-570468,Megara,Μέγαρα,greek,yes,,1
pl-570468,Megara,Μεγαρα,greek,yes,,1
pl-570469,Megaricus Sinus,Megaricus Sinus,latin,yes,,1
pl-570470,Megaris,Megaris,latin,yes,,1
pl-570470,Megaris,Μεγαρίς,greek,yes,,1
pl-570470,Megaris,Μεγαρις,greek,yes,,1
pl-570471,Meiganitas (river),Meiganitas,latin,yes,,1
pl-570471,Meiganitas (river),Meiganitas (river),latin,yes,,1
pl-570471,Meiganitas (river),Μειγανίτας,greek,yes,,1
pl-570471,Meiganitas (river),Μειγανιτας,greek,yes,,1
pl-599791,Melanes,Melanes,latin,yes,,1
pl-570473,Melangeia,Melangeia,latin,yes,,1
pl-570473,Melangeia,Pikernis,latin,yes,,1
pl-570473,Melangeia,Μελαγγεια,greek,yes,,1
pl-570473,Melangeia,Μελαγγεῖα,greek,yes,,1
pl-570473,Melangeia,Πικέρνης,greek,yes,,1
pl-570473,Melangeia,Πικερνης,greek,yes,,1
pl-599794,Melas?,Melas,latin,yes,,1
pl-599794,Melas?,Melas?,latin,yes,,1
pl-582863,Melite,Melite,latin,yes,,1
pl-582863,Melite,Μελιτη,greek,yes,,1
pl-582863,Melite,Μελίτη,greek,yes,,1
pl-540941,Meliteia,Melitaieis,latin,yes,,1
pl-540941,Meliteia,Melitaieîs,latin,yes,,1
pl-540941,Meliteia,Meliteia,latin,yes,,1
pl-540941,Meliteia,Melíteia,latin,yes,,1
pl-540941,Meliteia,Μελίτεια,greek,yes,,1
pl-540941,Meliteia,Μελιταιεις,greek,yes,,1
pl-540941,Meliteia,Μελιταιεῖς,greek,yes,,1
pl-540941,Meliteia,Μελιτεια,greek,yes,,1
pl-570475,Melos (island),Melos,latin,,names 2 places in this box,2
pl-570475,Melos (island),Melos (island),latin,yes,,1
pl-570475,Melos (island),Μαλος,greek,yes,,1
pl-570475,Melos (island),Μηλος,greek,yes,,1
pl-570475,Melos (island),Μᾶλος,greek,yes,,1
pl-570475,Melos (island),Μῆλος,greek,yes,,1
pl-570474,Melos (settlement),Klima,latin,,names 2 places in this box,2
pl-570474,Melos (settlement),Melos,latin,,names 2 places in this box,2
pl-570474,Melos (settlement),Melos (settlement),latin,yes,,1
pl-570474,Melos (settlement),Mimblida,latin,yes,,1
pl-570474,Melos (settlement),Κλήμα,greek,yes,,1
pl-570474,Melos (settlement),Κλημα,greek,yes,,1
pl-570476,Melpeia,Melpeia,latin,yes,,1
pl-570476,Melpeia,Μέλπεια,greek,yes,,1
pl-570476,Melpeia,Μελπεια,greek,yes,,1
pl-540942,Mendenitsa,Mendenitsa,latin,yes,,1
pl-570477,Menelaion,Menelaion,latin,yes,,1
pl-570477,Menelaion,Μενελάιον (τὸ),greek,yes,,1
pl-570477,Menelaion,Μενελαιον (το),greek,yes,,1
pl-580026,Merenda,Merenda,latin,yes,,1
pl-540943,Mesochoros,Mesochoros,latin,yes,,1
pl-580027,Mesogaia,Mesogaia,latin,yes,,1
pl-543787,Messapion (mountain),Messapion (mountain),latin,yes,,1
pl-543787,Messapion (mountain),Messapion oros,latin,yes,,1
pl-543787,Messapion (mountain),Μεσσάπιον ὄρος,greek,yes,,1
pl-543787,Messapion (mountain),Μεσσαπιον ορος,greek,yes,,1
pl-570479,Messene,Ithome,latin,,names 2 places in this box,2
pl-570479,Messene,Mavromati,latin,yes,,1
pl-570479,Messene,Mavrommati,latin,yes,,1
pl-570479,Messene,Mavrommáti,latin,yes,,1
pl-570479,Messene,Messene,latin,yes,,1
pl-570479,Messene,Μαυρομμάτι,greek,yes,,1
pl-570479,Messene,Μαυρομματι,greek,yes,,1
pl-570481,Methana/Anthana?,Anthana,latin,yes,,1
pl-570481,Methana/Anthana?,Methana,latin,,names 2 places in this box,2
pl-570481,Methana/Anthana?,Methana/Anthana?,latin,yes,,1
pl-570482,Methana/Arsinoe,Arsinoe,latin,,names 2 places in this box,2
pl-570482,Methana/Arsinoe,Methana,latin,,names 2 places in this box,2
pl-570482,Methana/Arsinoe,Methana/Arsinoe,latin,yes,,1
pl-570482,Methana/Arsinoe,Αρσινοε,greek,yes,,1
pl-570482,Methana/Arsinoe,Μέθανα,greek,yes,,1
pl-570482,Methana/Arsinoe,Μεθανα,greek,yes,,1
pl-570482,Methana/Arsinoe,Ἀρσινοε,greek,yes,,1
pl-540946,Methone (Magnesian),Methone,latin,yes,,1
pl-540946,Methone (Magnesian),Methone (Magnesian),latin,yes,,1
pl-540946,Methone (Magnesian),Methṓnē,latin,yes,,1
pl-540946,Methone (Magnesian),Nebestiki,latin,yes,,1
pl-540946,Methone (Magnesian),Nevestiki,latin,yes,,1
pl-540946,Methone (Magnesian),Μεθωνη,greek,yes,,1
pl-540946,Methone (Magnesian),Μεθώνη,greek,yes,,1
pl-540946,Methone (Magnesian),Νεβεστίκι,greek,yes,,1
pl-540946,Methone (Magnesian),Νεβεστικι,greek,yes,,1
pl-570484,Methydrion,Methydrio,latin,yes,,1
pl-570484,Methydrion,Methydrion,latin,yes,,1
pl-570484,Methydrion,Nemnitsa,latin,yes,,1
pl-570484,Methydrion,Μεθυδριο,greek,yes,,1
pl-570484,Methydrion,Μεθύδριο,greek,yes,,1
pl-543789,Methylion,Methylion,latin,yes,,1
pl-337294881,Middle Stoa,Middle Stoa,latin,yes,,1
pl-570485,Midea,Midea,latin,yes,,1
pl-580028,Mikron Helos,Mikron Helos,latin,yes,,1
pl-963101156,Mine of Laureion,Mine of Laureion,latin,,names 41 places in this box,41
pl-963101140,Mine of Laureion,Mine of Laureion,latin,,names 41 places in this box,41
pl-963101137,Mine of Laureion,Mine of Laureion,latin,,names 41 places in this box,41
pl-963101160,Mine of Laureion,Mine of Laureion,latin,,names 41 places in this box,41
pl-963101176,Mine of Laureion,Mine of Laureion,latin,,names 41 places in this box,41
pl-963101161,Mine of Laureion,Mine of Laureion,latin,,names 41 places in this box,41
pl-963101141,Mine of Laureion,Mine of Laureion,latin,,names 41 places in this box,41
pl-963101157,Mine of Laureion,Mine of Laureion,latin,,names 41 places in this box,41
pl-963101166,Mine of Laureion,Mine of Laureion,latin,,names 41 places in this box,41
pl-963101170,Mine of Laureion,Mine of Laureion,latin,,names 41 places in this box,41
pl-963101150,Mine of Laureion,Mine of Laureion,latin,,names 41 places in this box,41
pl-963101146,Mine of Laureion,Mine of Laureion,latin,,names 41 places in this box,41
pl-963101147,Mine of Laureion,Mine of Laureion,latin,,names 41 places in this box,41
pl-963101151,Mine of Laureion,Mine of Laureion,latin,,names 41 places in this box,41
pl-963101171,Mine of Laureion,Mine of Laureion,latin,,names 41 places in this box,41
pl-963101167,Mine of Laureion,Mine of Laureion,latin,,names 41 places in this box,41
pl-963101172,Mine of Laureion,Mine of Laureion,latin,,names 41 places in this box,41
pl-963101164,Mine of Laureion,Mine of Laureion,latin,,names 41 places in this box,41
pl-963101148,Mine of Laureion,Mine of Laureion,latin,,names 41 places in this box,41
pl-963101168,Mine of Laureion,Mine of Laureion,latin,,names 41 places in this box,41
pl-963101144,Mine of Laureion,Mine of Laureion,latin,,names 41 places in this box,41
pl-963101152,Mine of Laureion,Mine of Laureion,latin,,names 41 places in this box,41
pl-963101153,Mine of Laureion,Mine of Laureion,latin,,names 41 places in this box,41
pl-963101145,Mine of Laureion,Mine of Laureion,latin,,names 41 places in this box,41
pl-963101169,Mine of Laureion,Mine of Laureion,latin,,names 41 places in this box,41
pl-963101149,Mine of Laureion,Mine of Laureion,latin,,names 41 places in this box,41
pl-963101165,Mine of Laureion,Mine of Laureion,latin,,names 41 places in this box,41
pl-963101173,Mine of Laureion,Mine of Laureion,latin,,names 41 places in this box,41
pl-963101139,Mine of Laureion,Mine of Laureion,latin,,names 41 places in this box,41
pl-963101142,Mine of Laureion,Mine of Laureion,latin,,names 41 places in this box,41
pl-963101154,Mine of Laureion,Mine of Laureion,latin,,names 41 places in this box,41
pl-963101174,Mine of Laureion,Mine of Laureion,latin,,names 41 places in this box,41
pl-963101162,Mine of Laureion,Mine of Laureion,latin,,names 41 places in this box,41
pl-963101158,Mine of Laureion,Mine of Laureion,latin,,names 41 places in this box,41
pl-963101159,Mine of Laureion,Mine of Laureion,latin,,names 41 places in this box,41
pl-963101163,Mine of Laureion,Mine of Laureion,latin,,names 41 places in this box,41
pl-963101175,Mine of Laureion,Mine of Laureion,latin,,names 41 places in this box,41
pl-963101155,Mine of Laureion,Mine of Laureion,latin,,names 41 places in this box,41
pl-963101143,Mine of Laureion,Mine of Laureion,latin,,names 41 places in this box,41
pl-963101138,Mine of Laureion,Mine of Laureion,latin,,names 41 places in this box,41
pl-583623,Mine of Laureion,Mine of Laureion,latin,,names 41 places in this box,41
pl-963101039,Mine on Euboea,Mine on Euboea,latin,,names 5 places in this box,5
pl-963101038,Mine on Euboea,Mine on Euboea,latin,,names 5 places in this box,5
pl-963101037,Mine on Euboea,Mine on Euboea,latin,,names 5 places in this box,5
pl-963101040,Mine on Euboea,Mine on Euboea,latin,,names 5 places in this box,5
pl-638269272,Mine on Euboea,Mine on Euboea,latin,,names 5 places in this box,5
pl-570486,Minoa (island),Minoa,latin,yes,,1
pl-570486,Minoa (island),Minoa (island),latin,yes,,1
pl-570486,Minoa (island),Μινωα,greek,yes,,1
pl-570486,Minoa (island),Μινώα,greek,yes,,1
pl-570487,Minoa (promontory),Minoa (promontory),latin,yes,,1
pl-570487,Minoa (promontory),Minoa Pr.,latin,yes,,1
pl-570487,Minoa (promontory),Monemvasia,latin,,names 2 places in this box,2
pl-570487,Minoa (promontory),akra Minoa,latin,yes,,1
pl-570487,Minoa (promontory),Μονεμβασία,greek,yes,,1
pl-570487,Minoa (promontory),Μονεμβασια,greek,yes,,1
pl-570487,Minoa (promontory),ακρα Μινωα,greek,yes,,1
pl-570487,Minoa (promontory),ἄκρα Μινῴα,greek,yes,,1
pl-645204824,Mitrou,Mitrou,latin,yes,,1
pl-775947099,Monachou/Palio Chorio,Monachou,latin,yes,,1
pl-775947099,Monachou/Palio Chorio,Monachou/Palio Chorio,latin,yes,,1
pl-775947099,Monachou/Palio Chorio,Palaiokatound,latin,yes,,1
pl-775947099,Monachou/Palio Chorio,Palio Chorio,latin,yes,,1
pl-775947099,Monachou/Palio Chorio,Μοναχου,greek,yes,,1
pl-775947099,Monachou/Palio Chorio,Παλιο Χωριο,greek,yes,,1
pl-838574332,Monastery of Agnountos,Monastery of Agnountos,latin,yes,,1
pl-838574332,Monastery of Agnountos,Mone Agnountos,latin,yes,,1
pl-838574332,Monastery of Agnountos,Monē Agnountos,latin,yes,,1
pl-838574332,Monastery of Agnountos,Μονή Αγνούντος,greek,yes,,1
pl-838574332,Monastery of Agnountos,Μονη Αγνουντος,greek,yes,,1
pl-109466300,Monemvasia,Monemvasia,latin,,names 2 places in this box,2
pl-87615187,Monopteros,Monopteros,latin,yes,,1
pl-573299846,Monument of Eumenes II/Agrippa,Monument of Agrippa,latin,yes,,1
pl-573299846,Monument of Eumenes II/Agrippa,Monument of Eumenes II,latin,yes,,1
pl-573299846,Monument of Eumenes II/Agrippa,Monument of Eumenes II/Agrippa,latin,yes,,1
pl-920967112,Monument of Kallimachos,Monument of Kallimachos,latin,yes,,1
pl-920967112,Monument of Kallimachos,Nike of Kallimachos,latin,yes,,1
pl-660025690,Monument of the Eponymous Heroes,Fenced peribolos,latin,yes,,1
pl-660025690,Monument of the Eponymous Heroes,Monument of the Eponymous Heroes,latin,yes,,1
pl-660025690,Monument of the Eponymous Heroes,Periphragma,latin,yes,,1
pl-660025690,Monument of the Eponymous Heroes,hoi eponumoi,latin,yes,,1
pl-660025690,Monument of the Eponymous Heroes,hoi eponymoi,latin,yes,,1
pl-660025690,Monument of the Eponymous Heroes,hoi epṓnumoi,latin,yes,,1
pl-660025690,Monument of the Eponymous Heroes,hoi epṓnymoi,latin,yes,,1
pl-660025690,Monument of the Eponymous Heroes,οι επωνυμοι,greek,yes,,1
pl-660025690,Monument of the Eponymous Heroes,οἱ ἐπώνυμοι,greek,yes,,1
pl-580029,Mounichia Limen,Mounichia Limen,latin,yes,,1
pl-580029,Mounichia Limen,Μουνυχίᾳ λιμὴν,greek,yes,,1
pl-580029,Mounichia Limen,Μουνυχια λιμην,greek,yes,,1
pl-968858713,Mouseion Hill,Mouseion,latin,yes,,1
pl-968858713,Mouseion Hill,Mouseion Hill,latin,yes,,1
pl-968858713,Mouseion Hill,Philopappus Hill,latin,yes,,1
pl-968858713,Mouseion Hill,Μουσειον,greek,yes,,1
pl-968858713,Mouseion Hill,Μουσεῖον,greek,yes,,1
pl-116035285,Munychia,Mounichia,latin,yes,,1
pl-116035285,Munychia,Munychia,latin,yes,,1
pl-116035285,Munychia,Μουνιχία,greek,yes,,1
pl-116035285,Munychia,Μουνιχια,greek,yes,,1
pl-116035285,Munychia,Μουνυχίᾳ,greek,yes,,1
pl-116035285,Munychia,Μουνυχια,greek,yes,,1
pl-540952,Myania,Myania,latin,yes,,1
pl-570491,Mycenae,Micenas,latin,yes,,1
pl-570491,Mycenae,Micene,latin,yes,,1
pl-570491,Mycenae,Micenis,latin,yes,,1
pl-570491,Mycenae,Mukenai,latin,yes,,1
pl-570491,Mycenae,Mukênai,latin,yes,,1
pl-570491,Mycenae,Mycenae,latin,,names 2 places in this box,2
pl-570491,Mycenae,Mycenes,latin,yes,,1
pl-570491,Mycenae,Mycènes,latin,yes,,1
pl-570491,Mycenae,Mykenai,latin,yes,,1
pl-570491,Mycenae,Mykene,latin,yes,,1
pl-570491,Mycenae,Μυκηναι,greek,yes,,1
pl-570491,Mycenae,Μυκῆναι,greek,yes,,1
pl-515156430,Mycenaean Fountain,Mycenaean Fountain,latin,yes,,1
pl-720628459,Mycenaean cemetery at Aidonia,Aidhonia,latin,yes,,1
pl-720628459,Mycenaean cemetery at Aidonia,Aidonia,latin,yes,,1
pl-720628459,Mycenaean cemetery at Aidonia,Aïdhónia,latin,yes,,1
pl-720628459,Mycenaean cemetery at Aidonia,Mycenaean cemetery at Aidonia,latin,yes,,1
pl-720628459,Mycenaean cemetery at Aidonia,Αηδονια,greek,yes,,1
pl-720628459,Mycenaean cemetery at Aidonia,Αηδόνια,greek,yes,,1
pl-909179853,"Mycenaean necropolis, Elateia","Mycenaean necropolis, Elateia",latin,yes,,1
pl-291344339,Mygdaleza basilica,Mygdaleza basilica,latin,yes,,1
pl-291344339,Mygdaleza basilica,Vasiliki tis Stamatas,latin,yes,,1
pl-291344339,Mygdaleza basilica,Βασιλική της Σταμάτας,greek,yes,,1
pl-291344339,Mygdaleza basilica,Βασιλικη της Σταματας,greek,yes,,1
pl-540953,Mykalessos,Mykalessos,latin,yes,,1
pl-540953,Mykalessos,Μυκαλησσος,greek,yes,,1
pl-540953,Mykalessos,Μυκαλησσὸς,greek,yes,,1
pl-599808,Mykonos (island),Myconus,latin,yes,,1
pl-599808,Mykonos (island),Mykonos,latin,,names 2 places in this box,2
pl-599808,Mykonos (island),Mykonos (island),latin,yes,,1
pl-599808,Mykonos (island),Μυκονος,greek,yes,,1
pl-599808,Mykonos (island),Μύκονος,greek,yes,,1
pl-599807,Mykonos (settlement),Mykonos,latin,,names 2 places in this box,2
pl-599807,Mykonos (settlement),Mykonos (settlement),latin,yes,,1
pl-570492,Mylaon? (river),Mylaon,latin,yes,,1
pl-570492,Mylaon? (river),Mylaon? (river),latin,yes,,1
pl-540955,Myonessos (island),Myonessos,latin,yes,,1
pl-540955,Myonessos (island),Myonessos (island),latin,yes,,1
pl-580030,Myrrinous,Murrhinous,latin,yes,,1
pl-580030,Myrrinous,Murrhinoûs,latin,yes,,1
pl-580030,Myrrinous,Myrrhinous,latin,yes,,1
pl-580030,Myrrinous,Myrrhinus,latin,yes,,1
pl-580030,Myrrinous,Myrrinous,latin,yes,,1
pl-580030,Myrrinous,Μυρρινους,greek,yes,,1
pl-580030,Myrrinous,Μυρρινοῦς,greek,yes,,1
pl-580031,Myrrinoutta,Myrrinoutta,latin,yes,,1
pl-599814,Myrsineai,Myrsineai,latin,yes,,1
pl-570495,Myrtoion Mare,Myrtoion Mare,latin,yes,,1
pl-570495,Myrtoion Mare,Myrtoion pelagos (to),latin,yes,,1
pl-570495,Myrtoion Mare,"Μυρτωον πελαγος, το",greek,yes,,1
pl-570495,Myrtoion Mare,"Μυρτῷον πέλαγος, τὸ",greek,yes,,1
pl-570496,Myrtos (island),Myrtos,latin,yes,,1
pl-570496,Myrtos (island),Myrtos (island),latin,yes,,1
pl-570498,Mysia (settlement),Mysia,latin,yes,,1
pl-570498,Mysia (settlement),Mysia (settlement),latin,yes,,1
pl-570498,Mysia (settlement),Μυσία,greek,yes,,1
pl-570498,Mysia (settlement),Μυσια,greek,yes,,1
pl-410249370,Mystras,Mystras,latin,yes,,1
pl-580033,Nape,Nape,latin,,too short to search,1
pl-540957,Narthakion,Narthakion,latin,yes,,1
pl-540958,Naryka/Tarphe?,Naryka,latin,yes,,1
pl-540958,Naryka/Tarphe?,Naryka/Tarphe?,latin,yes,,1
pl-540958,Naryka/Tarphe?,Tarphe,latin,yes,,1
pl-570500,Nasoi,Nasoi,latin,yes,,1
pl-570500,Nasoi,Nesoi,latin,yes,,1
pl-540959,Naulochos?,Naulochos,latin,yes,,1
pl-540959,Naulochos?,Naulochos?,latin,yes,,1
pl-570501,Nauplia,Nafplio,latin,yes,,1
pl-570501,Nauplia,Nauplia,latin,yes,,1
pl-570501,Nauplia,Nauplion,latin,yes,,1
pl-570501,Nauplia,Náfplio,latin,yes,,1
pl-570501,Nauplia,Ναυπλία,greek,yes,,1
pl-570501,Nauplia,Ναυπλια,greek,yes,,1
pl-570501,Nauplia,Ναυπλιο,greek,yes,,1
pl-570501,Nauplia,Ναύπλιο,greek,yes,,1
pl-599820,Naxiakos? Sinus,Naxiakos Sinus,latin,yes,,1
pl-599820,Naxiakos? Sinus,Naxiakos? Sinus,latin,yes,,1
pl-599822,Naxos (island),Naxios,latin,yes,,1
pl-599822,Naxos (island),Naxos,latin,,names 2 places in this box,2
pl-599822,Naxos (island),Naxos (island),latin,yes,,1
pl-599822,Naxos (island),Naxos Ins.,latin,yes,,1
pl-599822,Naxos (island),Naxos Insula,latin,yes,,1
pl-599822,Naxos (island),Naxus,latin,yes,,1
pl-599822,Naxos (island),Nisos Naxos,latin,yes,,1
pl-599822,Naxos (island),Nísos Náxos,latin,yes,,1
pl-599822,Naxos (island),Νάξιός,greek,yes,,1
pl-599822,Naxos (island),Νάχος,greek,yes,,1
pl-599822,Naxos (island),Ναξιος,greek,yes,,1
pl-599822,Naxos (island),Ναχος,greek,yes,,1
pl-599821,Naxos (settlement),Naxos,latin,,names 2 places in this box,2
pl-599821,Naxos (settlement),Naxos (settlement),latin,yes,,1
pl-570502,Neda (river),Bouzi,latin,yes,,1
pl-570502,Neda (river),Boúzi,latin,,too short to search,1
pl-570502,Neda (river),Neda,latin,,too short to search,1
pl-570502,Neda (river),Neda (river),latin,yes,,1
pl-570502,Neda (river),Neda Potamos,latin,yes,,1
pl-570502,Neda (river),Néda Potamós,latin,yes,,1
pl-570502,Neda (river),Νέδα,greek,,too short to search,1
pl-570502,Neda (river),Νέδα Ποταμός,greek,yes,,1
pl-570502,Neda (river),Νεδα,greek,,too short to search,1
pl-570502,Neda (river),Νεδα Ποταμος,greek,yes,,1
pl-570503,Nedon (river),Nedon,latin,yes,,1
pl-570503,Nedon (river),Nedon (river),latin,yes,,1
pl-907860743,Neistan Gate (Thebes),Neistan Gate (Thebes),latin,yes,,1
pl-907860743,Neistan Gate (Thebes),Neistas Pylai,latin,yes,,1
pl-907860743,Neistan Gate (Thebes),Νηίστας πύλαι,greek,yes,,1
pl-907860743,Neistan Gate (Thebes),Νηιστας πυλαι,greek,yes,,1
pl-570504,Nemea,Nemea,latin,yes,,1
pl-570504,Nemea,Νεμέα,greek,yes,,1
pl-570504,Nemea,Νεμεα,greek,yes,,1
pl-570505,Nemea (river),Nemea (potamos),latin,yes,,1
pl-570505,Nemea (river),Nemea (river),latin,yes,,1
pl-570505,Nemea (river),Nemeas,latin,yes,,1
pl-570505,Nemea (river),Zapantis,latin,yes,,1
pl-570505,Nemea (river),potamos Nemea,latin,yes,,1
pl-570505,Nemea (river),ποταμος Νεμεα,greek,yes,,1
pl-570505,Nemea (river),ποταμὸς Νεμέα,greek,yes,,1
pl-328243339,Nemea Early Christian basilica,Nemea Early Christian basilica,latin,yes,,1
pl-570506,Neris?,Neris,latin,yes,,1
pl-570506,Neris?,Neris?,latin,yes,,1
pl-570506,Neris?,Νηρίς,greek,yes,,1
pl-570506,Neris?,Νηρις,greek,yes,,1
pl-286572421,Nesiotic League (First),Nesiotic League (First),latin,yes,,1
pl-286572421,Nesiotic League (First),koinon ton nesioton,latin,yes,,1
pl-286572421,Nesiotic League (First),koinon tōn nēsiōtōn,latin,yes,,1
pl-286572421,Nesiotic League (First),κοινον των νησιωτων,greek,yes,,1
pl-286572421,Nesiotic League (First),κοινὸν τῶν νησιωτῶν,greek,yes,,1
pl-570507,Nestane,Nestane,latin,yes,,1
pl-599826,Nestos (river),Nestos,latin,yes,,1
pl-599826,Nestos (river),Nestos (river),latin,yes,,1
pl-502723225,New Bouleuterion,New Bouleuterion,latin,yes,,1
pl-502723225,New Bouleuterion,to bouleuterion,latin,yes,,1
pl-502723225,New Bouleuterion,to bouleuterion ton pentakosion,latin,yes,,1
pl-502723225,New Bouleuterion,to bouleutḗrion,latin,yes,,1
pl-502723225,New Bouleuterion,to bouleutḗrion tōn pentakosíon,latin,yes,,1
pl-502723225,New Bouleuterion,το βουλευτηριον,greek,yes,,1
pl-502723225,New Bouleuterion,το βουλευτηριον των πεντακοσιων,greek,yes,,1
pl-502723225,New Bouleuterion,τὸ βουλευτήριον,greek,yes,,1
pl-502723225,New Bouleuterion,τὸ βουλευτήριον τῶν πεντακοσίων,greek,yes,,1
pl-423679103,Nichoria,Nichoria,latin,yes,,1
pl-423679103,Nichoria,ti-mi-to a-ke-e,latin,yes,,1
pl-423679103,Nichoria,ti-mi-to-a-ke-e,latin,yes,,1
pl-423679103,Nichoria,𐀴𐀖𐀵𐀀𐀐𐀁,latin,,too short to search,1
pl-540963,Nikaia,Nikaia,latin,yes,,1
pl-580035,Nike (Monument at Marathon),Monu.,latin,,too short to search,1
pl-580035,Nike (Monument at Marathon),Nike,latin,,too short to search,1
pl-580035,Nike (Monument at Marathon),Nike (Monument at Marathon),latin,yes,,1
pl-580035,Nike (Monument at Marathon),"Nike, Monu.",latin,yes,,1
pl-580035,Nike (Monument at Marathon),tropaion lithou leukou,latin,yes,,1
pl-580035,Nike (Monument at Marathon),τροπαιον λιθου λευκου,greek,yes,,1
pl-580035,Nike (Monument at Marathon),τρόπαιον λίθου λευκού,greek,yes,,1
pl-570508,Nisaia,Nisaia,latin,yes,,1
pl-570508,Nisaia,Νίσαια,greek,yes,,1
pl-570508,Nisaia,Νισαια,greek,yes,,1
pl-928443165,Nisaki,Nisaki,latin,yes,,1
pl-570509,Nomia (mountain),Nomia,latin,yes,,1
pl-570509,Nomia (mountain),Nomia (mountain),latin,yes,,1
pl-570510,Nonakris,Nonakris,latin,yes,,1
pl-335229932,Northern sanctuary at Kythnos,Northern sanctuary at Kythnos,latin,yes,,1
pl-753898783,Northwest Building,Building I,latin,yes,,1
pl-753898783,Northwest Building,Northwest Building,latin,yes,,1
pl-610659128,Ntourmiza Corinth Aqueduct arches,Ntourmiza Corinth Aqueduct arches,latin,yes,,1
pl-145651853,Nymphaion in the Athenian Agora,Nymphaion,latin,yes,,1
pl-145651853,Nymphaion in the Athenian Agora,Nymphaion in the Athenian Agora,latin,yes,,1
pl-606343,Nysa,Nysa,latin,,too short to search,1
pl-580037,Oai,Oai,latin,,too short to search,1
pl-540965,Oche (mountain),Oche,latin,,too short to search,1
pl-540965,Oche (mountain),Oche (mountain),latin,yes,,1
pl-540965,Oche (mountain),Ochi,latin,,too short to search,1
pl-540965,Oche (mountain),Okhe,latin,,too short to search,1
pl-540965,Oche (mountain),Okhi,latin,,too short to search,1
pl-540965,Oche (mountain),Όχη,greek,,too short to search,1
pl-540965,Oche (mountain),Οχη,greek,,too short to search,1
pl-832198698,Odeion of Agrippa,Agrippeion,latin,yes,,1
pl-832198698,Odeion of Agrippa,Odeion,latin,,names 2 places in this box,2
pl-832198698,Odeion of Agrippa,Odeion of Agrippa,latin,yes,,1
pl-832198698,Odeion of Agrippa,Oideion,latin,,names 3 places in this box,3
pl-832198698,Odeion of Agrippa,Ōdeion,latin,yes,,1
pl-832198698,Odeion of Agrippa,Ōideion,latin,yes,,1
pl-832198698,Odeion of Agrippa,Αγριππειον,greek,yes,,1
pl-832198698,Odeion of Agrippa,Ωιδειον,greek,,names 2 places in this box,2
pl-832198698,Odeion of Agrippa,Ἀγριππεῖον,greek,yes,,1
pl-832198698,Odeion of Agrippa,Ὠιδεῖον,greek,,names 2 places in this box,2
pl-44151680,Odeion of Perikles,Odeion of Perikles,latin,yes,,1
pl-44151680,Odeion of Perikles,Oideion,latin,,names 3 places in this box,3
pl-44151680,Odeion of Perikles,Ōideîon,latin,,names 2 places in this box,2
pl-44151680,Odeion of Perikles,Ωιδειον,greek,,names 2 places in this box,2
pl-44151680,Odeion of Perikles,Ὠιδεῖον,greek,,names 2 places in this box,2
pl-154745711,Odeon of Herodes Atticus,Irodeio,latin,yes,,1
pl-154745711,Odeon of Herodes Atticus,Odeio Irodou tou Attikou,latin,yes,,1
pl-154745711,Odeon of Herodes Atticus,Odeion of Herodes Atticus,latin,yes,,1
pl-154745711,Odeon of Herodes Atticus,Odeon of Herodes Atticus,latin,yes,,1
pl-154745711,Odeon of Herodes Atticus,to epi Regille theatron,latin,yes,,1
pl-154745711,Odeon of Herodes Atticus,tò epì Rēgíllē théatron,latin,yes,,1
pl-154745711,Odeon of Herodes Atticus,Ηρωδειο,greek,yes,,1
pl-154745711,Odeon of Herodes Atticus,Ηρώδειο,greek,yes,,1
pl-154745711,Odeon of Herodes Atticus,Ωδείο Ηρώδου του Αττικού,greek,yes,,1
pl-154745711,Odeon of Herodes Atticus,Ωδειο Ηρωδου του Αττικου,greek,yes,,1
pl-154745711,Odeon of Herodes Atticus,το επι Ρηγιλλη θεατρον,greek,yes,,1
pl-154745711,Odeon of Herodes Atticus,τὸ ἐπὶ Ῥηγίλλῃ θέατρον,greek,yes,,1
pl-580038,Oe?,Oe,latin,,too short to search,1
pl-580038,Oe?,Oe?,latin,,too short to search,1
pl-580038,Oe?,Oie,latin,,too short to search,1
pl-580038,Oe?,Oíē,latin,,too short to search,1
pl-580038,Oe?,Oḗ,latin,,too short to search,1
pl-580038,Oe?,"Οη, Οιη",greek,yes,,1
pl-580038,Oe?,"Ὀή, Οἴη",greek,yes,,1
pl-218651082,Oedipodia,Oedipodia,latin,yes,,1
pl-540967,Oeroe (river),Oeroe,latin,yes,,1
pl-540967,Oeroe (river),Oeroe (river),latin,yes,,1
pl-540967,Oeroe (river),Ωεροη,greek,yes,,1
pl-540967,Oeroe (river),Ὠερόη,greek,yes,,1
pl-540968,Oeta (mountain),Oeta (mountain),latin,yes,,1
pl-540968,Oeta (mountain),Oeta M.,latin,yes,,1
pl-540968,Oeta (mountain),Oeta mons,latin,yes,,1
pl-540968,Oeta (mountain),Oite,latin,,too short to search,1
pl-540968,Oeta (mountain),Oítē,latin,,too short to search,1
pl-540968,Oeta (mountain),Οιτη,greek,,too short to search,1
pl-540968,Oeta (mountain),Οἴτη,greek,,too short to search,1
pl-370424386,Ogas,Ogas,latin,,too short to search,1
pl-540969,Oiantheia/Euantheia?,Euantheia,latin,yes,,1
pl-540969,Oiantheia/Euantheia?,Evamtria,latin,yes,,1
pl-540969,Oiantheia/Euantheia?,Oiantheia,latin,yes,,1
pl-540969,Oiantheia/Euantheia?,Oiantheia/Euantheia?,latin,yes,,1
pl-540969,Oiantheia/Euantheia?,Tolofon,latin,yes,,1
pl-540969,Oiantheia/Euantheia?,Vitrinitsa,latin,yes,,1
pl-540969,Oiantheia/Euantheia?,Οιανθεια,greek,yes,,1
pl-540969,Oiantheia/Euantheia?,Οἰάνθεια,greek,yes,,1
pl-540971,Oichalia?,Oechalia,latin,yes,,1
pl-540971,Oichalia?,Oichalia,latin,yes,,1
pl-540971,Oichalia?,Oichalia?,latin,yes,,1
pl-599835,Oikonomos,Oikonomos,latin,yes,,1
pl-540972,Oineon,Oineon,latin,yes,,1
pl-570518,Oinoa,Oine,latin,,too short to search,1
pl-570518,Oinoa,Oinoa,latin,yes,,1
pl-580040,Oinoe (Attica),Oinoe,latin,,names 3 places in this box,3
pl-580040,Oinoe (Attica),Oinoe (Attica),latin,yes,,1
pl-580040,Oinoe (Attica),Οινοη,greek,yes,,1
pl-580040,Oinoe (Attica),Οἰνόη,greek,yes,,1
pl-570519,Oinoe (Corinthia),Oinoe,latin,,names 3 places in this box,3
pl-570519,Oinoe (Corinthia),Oinoe (Corinthia),latin,yes,,1
pl-580039,Oinoe (Marathon),Oinoe,latin,,names 3 places in this box,3
pl-580039,Oinoe (Marathon),Oinoe (Marathon),latin,yes,,1
pl-540975,Oinophyta?,Oinophyta,latin,yes,,1
pl-540975,Oinophyta?,Oinophyta?,latin,yes,,1
pl-570523,Oinous (river),Knakion,latin,yes,,1
pl-570523,Oinous (river),Oinous,latin,yes,,1
pl-570523,Oinous (river),Oinous (river),latin,yes,,1
pl-570523,Oinous (river),Oinous Potamos,latin,yes,,1
pl-570523,Oinous (river),Oinoús Potamós,latin,yes,,1
pl-570523,Oinous (river),Οινους,greek,yes,,1
pl-570523,Oinous (river),Οἰνοῦς,greek,yes,,1
pl-570525,Oion,Oion,latin,,names 2 places in this box,2
pl-580041,Oion Dekeleikon,Oion Dekeleikon,latin,yes,,1
pl-540977,Oion?,Oion,latin,,names 2 places in this box,2
pl-540977,Oion?,Oion?,latin,,too short to search,1
pl-570527,Oitylos,Baitylos,latin,yes,,1
pl-570527,Oitylos,Oitylos,latin,yes,,1
pl-570527,Oitylos,Οιτυλος,greek,yes,,1
pl-570527,Oitylos,Οἴτυλός,greek,yes,,1
pl-540978,Okaleia?,Okaleia,latin,yes,,1
pl-540978,Okaleia?,Okaleia?,latin,yes,,1
pl-415689443,Old Bouleuterion/Metroon,Metroon,latin,yes,,1
pl-415689443,Old Bouleuterion/Metroon,Mētrōon,latin,yes,,1
pl-415689443,Old Bouleuterion/Metroon,Old Bouleuterion,latin,yes,,1
pl-415689443,Old Bouleuterion/Metroon,Old Bouleuterion/Metroon,latin,yes,,1
pl-415689443,Old Bouleuterion/Metroon,to boleuterion,latin,yes,,1
pl-415689443,Old Bouleuterion/Metroon,to boleutérion,latin,yes,,1
pl-415689443,Old Bouleuterion/Metroon,Μητρωον,greek,yes,,1
pl-415689443,Old Bouleuterion/Metroon,Μητρῷον,greek,yes,,1
pl-415689443,Old Bouleuterion/Metroon,το βολευτεριον,greek,yes,,1
pl-415689443,Old Bouleuterion/Metroon,τὸ βολευτέριον,greek,yes,,1
pl-164552991,Old Temple of Athena Polias at Athens,Athinas ieron archaios o tis Poliados,latin,yes,,1
pl-164552991,Old Temple of Athena Polias at Athens,Athinás ierón archaíos o tís Poliádos,latin,yes,,1
pl-164552991,Old Temple of Athena Polias at Athens,Old Temple of Athena Polias at Athens,latin,yes,,1
pl-164552991,Old Temple of Athena Polias at Athens,Αθηνας ιερον αρχαιος ο της Πολιαδος,greek,yes,,1
pl-164552991,Old Temple of Athena Polias at Athens,Ἀθηνᾶς ἱερὸν ἀρχαῖος ὁ τῆς Πολιάδος,greek,yes,,1
pl-832255771,Older Parthenon,Older Parthenon,latin,yes,,1
pl-832255771,Older Parthenon,Pre-Parthenon,latin,yes,,1
pl-832255772,Older Propylaea,Older Propylaea,latin,yes,,1
pl-589958,Oliaros (island),Oliaros,latin,yes,,1
pl-589958,Oliaros (island),Oliaros (island),latin,yes,,1
pl-589958,Oliaros (island),Ōlíaros,latin,yes,,1
pl-589958,Oliaros (island),Ωλιαρος,greek,yes,,1
pl-589958,Oliaros (island),Ὠλίαρος,greek,yes,,1
pl-540979,Olizon,Olizon,latin,yes,,1
pl-540979,Olizon,Ολιζων,greek,yes,,1
pl-540979,Olizon,Ὀλιζὼν,greek,yes,,1
pl-570529,Olmiai Pr.,Olmiai,latin,yes,,1
pl-570529,Olmiai Pr.,Olmiai Pr.,latin,yes,,1
pl-570529,Olmiai Pr.,Ολμιαι,greek,yes,,1
pl-570529,Olmiai Pr.,Ὀλμιαὶ,greek,yes,,1
pl-540980,Olmones,Olmones,latin,yes,,1
pl-540980,Olmones,Pavlon,latin,yes,,1
pl-540980,Olmones,Pavlos,latin,yes,,1
pl-540980,Olmones,Ολμωνες,greek,yes,,1
pl-540980,Olmones,Παυλος,greek,yes,,1
pl-540980,Olmones,Παύλος,greek,yes,,1
pl-540980,Olmones,Ὄλμωνες,greek,yes,,1
pl-570530,Olygyrtos (mountain),Oligyrtos Oros,latin,yes,,1
pl-570530,Olygyrtos (mountain),Olygyrtos,latin,yes,,1
pl-570530,Olygyrtos (mountain),Olygyrtos (mountain),latin,yes,,1
pl-570530,Olygyrtos (mountain),Olígyrtos Óros,latin,yes,,1
pl-570530,Olygyrtos (mountain),Ολίγυρτος Όρος,greek,yes,,1
pl-570530,Olygyrtos (mountain),Ολιγυρτος Ορος,greek,yes,,1
pl-580042,Olympos (mountain),Olympos,latin,,names 2 places in this box,2
pl-540983,Olympos (mountain),Olympos,latin,,names 2 places in this box,2
pl-580042,Olympos (mountain),Olympos (mountain),latin,,names 2 places in this box,2
pl-540983,Olympos (mountain),Olympos (mountain),latin,,names 2 places in this box,2
pl-367412638,Omega House,Omega House,latin,yes,,1
pl-540984,Onchestos,Onchestos,latin,yes,,1
pl-540984,Onchestos,Ογχηστος,greek,yes,,1
pl-540984,Onchestos,Ὀγχηστὸς,greek,yes,,1
pl-570532,Oneon (mountain),Oneon,latin,yes,,1
pl-570532,Oneon (mountain),Oneon (mountain),latin,yes,,1
pl-570532,Oneon (mountain),Ονειον,greek,yes,,1
pl-570532,Oneon (mountain),Ὄνειον,greek,yes,,1
pl-540985,Onochonos (river),Kalentsis,latin,yes,,1
pl-540985,Onochonos (river),Kalentzis,latin,yes,,1
pl-540985,Onochonos (river),Kaléntzis,latin,yes,,1
pl-540985,Onochonos (river),Onochonos,latin,yes,,1
pl-540985,Onochonos (river),Onochonos (river),latin,yes,,1
pl-540985,Onochonos (river),Καλέντζης,greek,yes,,1
pl-540985,Onochonos (river),Καλεντζης,greek,yes,,1
pl-540985,Onochonos (river),᾽Ονοχωνος,greek,yes,,1
pl-540985,Onochonos (river),᾽Ονοχωνός,greek,yes,,1
pl-570534,Ophis (river),Ophis,latin,yes,,1
pl-570534,Ophis (river),Ophis (river),latin,yes,,1
pl-570534,Ophis (river),Οφις,greek,,too short to search,1
pl-570534,Ophis (river),Ὄφις,greek,,too short to search,1
pl-540986,Opous,Opous,latin,yes,,1
pl-365374286,Oracular sanctuary at Oinoe,Oracular sanctuary at Oinoe,latin,yes,,1
pl-368305524,Orchestra in the Agora of Athens,Ikria,latin,yes,,1
pl-368305524,Orchestra in the Agora of Athens,Odeion,latin,,names 2 places in this box,2
pl-368305524,Orchestra in the Agora of Athens,Oideion,latin,,names 3 places in this box,3
pl-368305524,Orchestra in the Agora of Athens,Orchestra,latin,yes,,1
pl-368305524,Orchestra in the Agora of Athens,Orchestra in the Agora of Athens,latin,yes,,1
pl-368305524,Orchestra in the Agora of Athens,Orchḗstra,latin,yes,,1
pl-368305524,Orchestra in the Agora of Athens,Ōdeîon,latin,,too short to search,1
pl-368305524,Orchestra in the Agora of Athens,Ōideîon,latin,,names 2 places in this box,2
pl-368305524,Orchestra in the Agora of Athens,Όρχήστρα,greek,yes,,1
pl-368305524,Orchestra in the Agora of Athens,Ικρια,greek,yes,,1
pl-368305524,Orchestra in the Agora of Athens,Ορχηστρα,greek,yes,,1
pl-368305524,Orchestra in the Agora of Athens,Ωδειον,greek,yes,,1
pl-368305524,Orchestra in the Agora of Athens,Ἴκρια,greek,yes,,1
pl-368305524,Orchestra in the Agora of Athens,ᾮδεῖον,greek,yes,,1
pl-570535,Orchomenos (Arcadia),Orchomenos,latin,,names 2 places in this box,2
pl-570535,Orchomenos (Arcadia),Orchomenos (Arcadia),latin,yes,,1
pl-570535,Orchomenos (Arcadia),Ορχομενος,greek,,names 2 places in this box,2
pl-570535,Orchomenos (Arcadia),Ὀρχομενὸς,greek,yes,,1
pl-540987,Orchomenos/Orchomenus (Boeotia),Orchomenos/Orchomenus (Boeotia),latin,yes,,1
pl-540987,Orchomenos/Orchomenus (Boeotia),Orchomenus,latin,yes,,1
pl-540987,Orchomenos/Orchomenus (Boeotia),Ορχομενος,greek,,names 2 places in this box,2
pl-540987,Orchomenos/Orchomenus (Boeotia),Ὀρχομενός,greek,yes,,1
pl-540988,Oreos,Oreos,latin,yes,,1
pl-570536,Oresthasion,Oresteion,latin,yes,,1
pl-570536,Oresthasion,Oresthasion,latin,yes,,1
pl-570536,Oresthasion,Orestheion,latin,yes,,1
pl-570536,Oresthasion,Orestheon,latin,yes,,1
pl-570537,Orneai,Orneai,latin,yes,,1
pl-570537,Orneai,Ορνειαι,greek,yes,,1
pl-570537,Orneai,Ὀρνειάι,greek,yes,,1
pl-540989,Orobiai,Orobiai,latin,yes,,1
pl-540989,Orobiai,Oróbiai,latin,yes,,1
pl-540989,Orobiai,Οροβιαι,greek,yes,,1
pl-540989,Orobiai,Ὀρόβιαι,greek,yes,,1
pl-580043,Oropia,Oropia,latin,yes,,1
pl-580044,Oropos,Oropos,latin,yes,,1
pl-580044,Oropos,Skala Oropou,latin,yes,,1
pl-580044,Oropos,Σκάλα Ωρωπού,greek,yes,,1
pl-580044,Oropos,Σκαλα Ωρωπου,greek,yes,,1
pl-580044,Oropos,Ωρωπος,greek,yes,,1
pl-580044,Oropos,Ὠρωπὸς,greek,yes,,1
pl-540991,Ortha,Ortha,latin,yes,,1
pl-570540,Oryx(is) (mountain),Oryx M.,latin,yes,,1
pl-570540,Oryx(is) (mountain),Oryx(is) (mountain),latin,yes,,1
pl-570540,Oryx(is) (mountain),Oryxis M.,latin,yes,,1
pl-573421,Ostrakina (mountain),Ostrakina,latin,yes,,1
pl-573421,Ostrakina (mountain),Ostrakina (mountain),latin,yes,,1
pl-573421,Ostrakina (mountain),Ostrakina M.,latin,yes,,1
pl-573421,Ostrakina (mountain),Οστρακινα (η),greek,yes,,1
pl-573421,Ostrakina (mountain),Ὀστρακίνα (ἡ),greek,yes,,1
pl-540994,Othrys (mountain),Othrys,latin,yes,,1
pl-540994,Othrys (mountain),Othrys (mountain),latin,yes,,1
pl-570543,Pagai,Pache,latin,yes,,1
pl-570543,Pagai,Pagai,latin,yes,,1
pl-570543,Pagai,Pegae,latin,yes,,1
pl-570543,Pagai,Pegai,latin,yes,,1
pl-570543,Pagai,Pēgaí,latin,,too short to search,1
pl-570543,Pagai,Παγαι,greek,yes,,1
pl-570543,Pagai,Παγαὶ,greek,yes,,1
pl-570543,Pagai,Πηγαί,greek,yes,,1
pl-570543,Pagai,Πηγαι,greek,yes,,1
pl-248247811,"Pagania Sanctuary (Aigies, Laconia)",Malliare Sykia,latin,yes,,1
pl-248247811,"Pagania Sanctuary (Aigies, Laconia)",Malliari Sikia,latin,yes,,1
pl-248247811,"Pagania Sanctuary (Aigies, Laconia)",Pagania,latin,yes,,1
pl-248247811,"Pagania Sanctuary (Aigies, Laconia)","Pagania Sanctuary (Aigies, Laconia)",latin,yes,,1
pl-248247811,"Pagania Sanctuary (Aigies, Laconia)",Μαλλιαρή Συκιά,greek,yes,,1
pl-248247811,"Pagania Sanctuary (Aigies, Laconia)",Μαλλιαρη Συκια,greek,yes,,1
pl-248247811,"Pagania Sanctuary (Aigies, Laconia)",Παγανιά,greek,yes,,1
pl-248247811,"Pagania Sanctuary (Aigies, Laconia)",Παγανια,greek,yes,,1
pl-540997,Pagasaeus/Demetriacus Sinus,Demetriacus Sinus,latin,yes,,1
pl-540997,Pagasaeus/Demetriacus Sinus,Pagasaeus sinus,latin,yes,,1
pl-540997,Pagasaeus/Demetriacus Sinus,Pagasaeus/Demetriacus Sinus,latin,yes,,1
pl-540997,Pagasaeus/Demetriacus Sinus,Pagasetikos Kolpos,latin,yes,,1
pl-540997,Pagasaeus/Demetriacus Sinus,Pagasicus sinus,latin,yes,,1
pl-540997,Pagasaeus/Demetriacus Sinus,Pelasgikos Kolpos,latin,yes,,1
pl-540998,Pagasai,Pagasai,latin,yes,,1
pl-540998,Pagasai,Παγασαί,greek,yes,,1
pl-540998,Pagasai,Παγασαι,greek,yes,,1
pl-580046,Paiania Hypenerthen,Paiania Hypenerthen,latin,yes,,1
pl-580047,Paiania Kathyperthen,Paiania Kathyperthen,latin,yes,,1
pl-580048,Paionidai,Paionidai,latin,yes,,1
pl-1001898,Palaia Epeiros,Palaia Epeiros,latin,yes,,1
pl-570545,Palaia/Pleiai,Palaia,latin,yes,,1
pl-570545,Palaia/Pleiai,Palaia/Pleiai,latin,yes,,1
pl-570545,Palaia/Pleiai,Pleiai,latin,yes,,1
pl-570545,Palaia/Pleiai,Παλαια,greek,yes,,1
pl-570545,Palaia/Pleiai,Παλαιὰ,greek,yes,,1
pl-580049,Palaikastro,Palaikastro,latin,yes,,1
pl-580049,Palaikastro,Palaiochori,latin,yes,,1
pl-884693053,Palaiochora,Palaiochora,latin,,names 2 places in this box,2
pl-155598151,Palaiokastro,Palaiokastro,latin,,names 2 places in this box,2
pl-599848,Palaiokastro,Palaiokastro,latin,,names 2 places in this box,2
pl-541000,Palaiokastro Koniakou,Palaiokastro Koniakou,latin,yes,,1
pl-570546,Palaiokhori,Palaiokhori,latin,,names 2 places in this box,2
pl-541002,Palaiokhori,Palaiokhori,latin,,names 2 places in this box,2
pl-580050,Palaiokoundoura,Palaiokoundoura,latin,yes,,1
pl-437726118,Palaiophiva,Palaia Phiba,latin,yes,,1
pl-437726118,Palaiophiva,Palaia Phiva,latin,yes,,1
pl-437726118,Palaiophiva,Palaiaphiva,latin,yes,,1
pl-437726118,Palaiophiva,Palaiophiva,latin,yes,,1
pl-437726118,Palaiophiva,Paliophiva,latin,yes,,1
pl-437726118,Palaiophiva,Παλαια Φηβα,greek,yes,,1
pl-437726118,Palaiophiva,Παλαιὰ Φήβα,greek,yes,,1
pl-599850,Palaiopyrgos,Palaiopyrgos,latin,yes,,1
pl-541004,Palaipharsalos,Palaipharsalos,latin,yes,,1
pl-263405328,Palamari,Palamari,latin,,names 2 places in this box,2
pl-26337957,Paleochristian basilica at Vravrona,Early Christian Basilica of Brauron,latin,yes,,1
pl-26337957,Paleochristian basilica at Vravrona,Paleochristian basilica at Vravrona,latin,yes,,1
pl-226445170,Paliopyrgos tower,Paliopyrgos tower,latin,yes,,1
pl-271882541,Palladion,Palladion,latin,yes,,1
pl-271882541,Palladion,Palládion,latin,yes,,1
pl-271882541,Palladion,epi Palladio,latin,yes,,1
pl-271882541,Palladion,epì Palladíō,latin,yes,,1
pl-271882541,Palladion,Παλλάδιον,greek,yes,,1
pl-271882541,Palladion,Παλλαδιον,greek,yes,,1
pl-271882541,Palladion,επι Παλλαδιω,greek,yes,,1
pl-271882541,Palladion,ἐπὶ Παλλαδίῳ,greek,yes,,1
pl-570548,Pallantion,Berbati,latin,yes,,1
pl-570548,Pallantion,Besiri,latin,yes,,1
pl-570548,Pallantion,Pallantion,latin,yes,,1
pl-570548,Pallantion,Παλλάντιον,greek,yes,,1
pl-570548,Pallantion,Παλλαντιον,greek,yes,,1
pl-580051,Pallene,Charvati,latin,yes,,1
pl-580051,Pallene,Pallene,latin,yes,,1
pl-580051,Pallene,Palleneus,latin,yes,,1
pl-580051,Pallene,Pallēneús,latin,yes,,1
pl-580051,Pallene,Pallēnē,latin,yes,,1
pl-580051,Pallene,Pallḗnē,latin,yes,,1
pl-580051,Pallene,Παλληνευς,greek,yes,,1
pl-580051,Pallene,Παλληνεύς,greek,yes,,1
pl-580051,Pallene,Παλληνη,greek,yes,,1
pl-580051,Pallene,Παλλήνη,greek,yes,,1
pl-580051,Pallene,Χαρβάτι,greek,yes,,1
pl-580051,Pallene,Χαρβατι,greek,yes,,1
pl-570551,Pamisos (river of Messenia),Pamisos,latin,,names 2 places in this box,2
pl-570551,Pamisos (river of Messenia),Pamisos (river of Messenia),latin,yes,,1
pl-570551,Pamisos (river of Messenia),Pamisos Potamos,latin,yes,,1
pl-570551,Pamisos (river of Messenia),Pámisos Potamós,latin,yes,,1
pl-570551,Pamisos (river of Messenia),Πάμισος,greek,yes,,1
pl-570551,Pamisos (river of Messenia),Πάμισος Ποταμός,greek,yes,,1
pl-570551,Pamisos (river of Messenia),Παμισος,greek,yes,,1
pl-570551,Pamisos (river of Messenia),Παμισος Ποταμος,greek,yes,,1
pl-570550,Pamisos (river),Pamisos,latin,,names 2 places in this box,2
pl-570550,Pamisos (river),Pamisos (river),latin,yes,,1
pl-570550,Pamisos (river),Παμισος ποταμος (ο),greek,yes,,1
pl-570550,Pamisos (river),Παμισὸς ποταμός (ὁ),greek,yes,,1
pl-580052,"Pan, Cave of",Pan (Cave of),latin,yes,,1
pl-580052,"Pan, Cave of","Pan, Cave of",latin,yes,,1
pl-580052,"Pan, Cave of",Phyle Cave,latin,yes,,1
pl-484690690,Panagia Ekatontapiliani,Panagia Ekatontapiliani,latin,yes,,1
pl-921892403,Panagitsa,Panaghitsa,latin,yes,,1
pl-921892403,Panagitsa,Panagitsa,latin,yes,,1
pl-921892403,Panagitsa,Παναγίτσα,greek,yes,,1
pl-921892403,Panagitsa,Παναγιτσα,greek,yes,,1
pl-580053,Panakton (Attika),Panakton,latin,yes,,1
pl-580053,Panakton (Attika),Panakton (Attika),latin,yes,,1
pl-580053,Panakton (Attika),Prasino,latin,yes,,1
pl-580053,Panakton (Attika),Πάνακτον,greek,yes,,1
pl-580053,Panakton (Attika),Πανακτον,greek,yes,,1
pl-580053,Panakton (Attika),Πράσινο,greek,yes,,1
pl-580053,Panakton (Attika),Πρασινο,greek,yes,,1
pl-433457819,Panathenaic Stadium,Kallimarmaro,latin,yes,,1
pl-433457819,Panathenaic Stadium,Panathenaic Stadium,latin,yes,,1
pl-433457819,Panathenaic Stadium,Panathinaiko Stadio,latin,yes,,1
pl-433457819,Panathenaic Stadium,to stadion to Panathenaikon,latin,yes,,1
pl-433457819,Panathenaic Stadium,tò stádion tò Panathēnaikón,latin,yes,,1
pl-433457819,Panathenaic Stadium,Καλλιμάρμαρο,greek,yes,,1
pl-433457819,Panathenaic Stadium,Καλλιμαρμαρο,greek,yes,,1
pl-433457819,Panathenaic Stadium,Παναθηναικο Σταδιο,greek,yes,,1
pl-433457819,Panathenaic Stadium,Παναθηναϊκό Στάδιο,greek,yes,,1
pl-433457819,Panathenaic Stadium,το σταδιον το Παναθηναικον,greek,yes,,1
pl-433457819,Panathenaic Stadium,τὸ στάδιον τὸ Παναθηναϊκόν,greek,yes,,1
pl-639740331,Panathenaic Way,Panathenaic Way,latin,yes,,1
pl-639740331,Panathenaic Way,Panathenaion hodos,latin,yes,,1
pl-639740331,Panathenaic Way,Weg des panathenaischen Festzuges,latin,yes,,1
pl-639740331,Panathenaic Way,Weg des panathenäischen Festzuges,latin,yes,,1
pl-639740331,Panathenaic Way,Παναθηναίων Οδός,greek,yes,,1
pl-639740331,Panathenaic Way,Παναθηναιων Οδος,greek,yes,,1
pl-936968680,Pandroseion,Pandroseion,latin,yes,,1
pl-936968680,Pandroseion,Pandróseion,latin,yes,,1
pl-936968680,Pandroseion,Πανδροσειον,greek,yes,,1
pl-936968680,Pandroseion,Πανδρόσειον,greek,yes,,1
pl-580054,Paneion (mountain),Paneion,latin,yes,,1
pl-580054,Paneion (mountain),Paneion (mountain),latin,yes,,1
pl-580055,Panhellenios (mountain),Oros,latin,,too short to search,1
pl-580055,Panhellenios (mountain),Oros M.,latin,yes,,1
pl-580055,Panhellenios (mountain),Panhellenios (mountain),latin,yes,,1
pl-580055,Panhellenios (mountain),Panhellenios M.,latin,yes,,1
pl-580055,Panhellenios (mountain),Όρος,greek,,too short to search,1
pl-580055,Panhellenios (mountain),Ορος,greek,,too short to search,1
pl-541008,Panopeos/Phanotis,Ag. Vlasios,latin,yes,,1
pl-541008,Panopeos/Phanotis,Agios Vlasios,latin,yes,,1
pl-541008,Panopeos/Phanotis,Hagios Vlasios,latin,yes,,1
pl-541008,Panopeos/Phanotis,Panopeos,latin,yes,,1
pl-541008,Panopeos/Phanotis,Panopeos/Phanotis,latin,yes,,1
pl-541008,Panopeos/Phanotis,Panopeus,latin,yes,,1
pl-541008,Panopeos/Phanotis,Phanoteia,latin,yes,,1
pl-541008,Panopeos/Phanotis,Phanoteoi,latin,yes,,1
pl-541008,Panopeos/Phanotis,Phanoteus,latin,yes,,1
pl-541008,Panopeos/Phanotis,Phanotis,latin,yes,,1
pl-541008,Panopeos/Phanotis,Άγιος Βλάσιος,greek,yes,,1
pl-541008,Panopeos/Phanotis,Αγιος Βλασιος,greek,yes,,1
pl-541008,Panopeos/Phanotis,Πανοπευς,greek,yes,,1
pl-541008,Panopeos/Phanotis,Πανοπεύς,greek,yes,,1
pl-541008,Panopeos/Phanotis,Φανοτεια,greek,yes,,1
pl-541008,Panopeos/Phanotis,Φανοτεοι,greek,yes,,1
pl-541008,Panopeos/Phanotis,Φανοτευς,greek,yes,,1
pl-541008,Panopeos/Phanotis,Φανοτεύς,greek,yes,,1
pl-541008,Panopeos/Phanotis,Φανότεια,greek,yes,,1
pl-580057,Panormos,Panormos,latin,,names 5 places in this box,5
pl-541010,Panormos,Panormos,latin,,names 5 places in this box,5
pl-570557,Panormos (Megarid),Panormos,latin,,names 5 places in this box,5
pl-570557,Panormos (Megarid),Panormos (Megarid),latin,yes,,1
pl-599856,Panormos (Mykonos),Panormos,latin,,names 5 places in this box,5
pl-599856,Panormos (Mykonos),Panormos (Mykonos),latin,yes,,1
pl-599857,Panormos (Naxos),Kalantou,latin,yes,,1
pl-599857,Panormos (Naxos),Panermos Naxou,latin,yes,,1
pl-599857,Panormos (Naxos),Panormos,latin,,names 5 places in this box,5
pl-599857,Panormos (Naxos),Panormos (Naxos),latin,yes,,1
pl-599857,Panormos (Naxos),Πάνερμος Νάξου,greek,yes,,1
pl-599857,Panormos (Naxos),Πανερμος Ναξου,greek,yes,,1
pl-570558,Paos,Neon Paos,latin,yes,,1
pl-570558,Paos,Neos Paos,latin,yes,,1
pl-570558,Paos,Paion,latin,yes,,1
pl-570558,Paos,Paos,latin,,too short to search,1
pl-570558,Paos,Νέος Πάος,greek,yes,,1
pl-570558,Paos,Νεος Παος,greek,yes,,1
pl-570559,Parameria,Parameria,latin,yes,,1
pl-570559,Parameria,Pera Meria,latin,yes,,1
pl-570559,Parameria,Πέρα Μεριά,greek,yes,,1
pl-570559,Parameria,Περα Μερια,greek,yes,,1
pl-541011,Parapotamioi,Parapotamioi,latin,yes,,1
pl-541011,Parapotamioi,Παραποτάμιοι,greek,yes,,1
pl-541011,Parapotamioi,Παραποταμιοι,greek,yes,,1
pl-589978,Paraskeues to Petali,Paraskeues to Petali,latin,yes,,1
pl-541012,Parnassus (mountain),Parnassus,latin,yes,,1
pl-541012,Parnassus (mountain),Parnassus (mountain),latin,yes,,1
pl-580059,Parnes (mountain),Parnes,latin,yes,,1
pl-580059,Parnes (mountain),Parnes (mountain),latin,yes,,1
pl-580059,Parnes (mountain),Πάρνης,greek,yes,,1
pl-580059,Parnes (mountain),Παρνης,greek,yes,,1
pl-570561,Parnon (mountain),Parnon,latin,yes,,1
pl-570561,Parnon (mountain),Parnon (mountain),latin,yes,,1
pl-570562,Paroria,Paroria,latin,yes,,1
pl-599868,Paros (island),Paros,latin,,names 2 places in this box,2
pl-599868,Paros (island),Paros (island),latin,yes,,1
pl-599867,Paros (settlement),Paros,latin,,names 2 places in this box,2
pl-599867,Paros (settlement),Paros (settlement),latin,yes,,1
pl-570563,Parparos (mountain),Parparos,latin,yes,,1
pl-570563,Parparos (mountain),Parparos (mountain),latin,yes,,1
pl-570564,Parrasia,Parrasia,latin,yes,,1
pl-570564,Parrasia,Parrasii,latin,yes,,1
pl-570564,Parrasia,Παρρασίᾳ,greek,yes,,1
pl-570564,Parrasia,Παρρασια,greek,yes,,1
pl-541013,Parthenion,Parthenion,latin,,names 2 places in this box,2
pl-570566,Parthenion (mountain),Parthenion,latin,,names 2 places in this box,2
pl-570566,Parthenion (mountain),Parthenion (mountain),latin,yes,,1
pl-168254096,Parthenon,Parthenon,latin,yes,,1
pl-168254096,Parthenon,neos hekatompedos,latin,yes,,1
pl-168254096,Parthenon,νεως εκατομπεδος (ο),greek,yes,,1
pl-168254096,Parthenon,νεὼς ἑκατόμπεδος (ὁ),greek,yes,,1
pl-580060,Patroklou Charax (island),Nisis Gaidothroniso,latin,yes,,1
pl-580060,Patroklou Charax (island),Nisis Gaidouroniso,latin,yes,,1
pl-580060,Patroklou Charax (island),Nisís Gaïdouróniso,latin,yes,,1
pl-580060,Patroklou Charax (island),Patroklos,latin,yes,,1
pl-580060,Patroklou Charax (island),Patroklou Charax,latin,yes,,1
pl-580060,Patroklou Charax (island),Patroklou Charax (island),latin,yes,,1
pl-580060,Patroklou Charax (island),Patroklou nesos,latin,yes,,1
pl-580060,Patroklou Charax (island),Νησίς Γαϊδοθρόνησο,greek,yes,,1
pl-580060,Patroklou Charax (island),Νησις Γαιδοθρονησο,greek,yes,,1
pl-580060,Patroklou Charax (island),Πάτροκλος,greek,yes,,1
pl-580060,Patroklou Charax (island),Πατροκλος,greek,yes,,1
pl-580060,Patroklou Charax (island),Πατροκλου νησος,greek,yes,,1
pl-580060,Patroklou Charax (island),Πατρόκλου νῆσος,greek,yes,,1
pl-580061,Pedion,Pedion,latin,yes,,1
pl-230559831,Peiraic Gate,Gate II,latin,yes,,1
pl-230559831,Peiraic Gate,Peiraic Gate,latin,yes,,1
pl-230559831,Peiraic Gate,Peiraike pule,latin,yes,,1
pl-230559831,Peiraic Gate,Peiraike pyle,latin,yes,,1
pl-230559831,Peiraic Gate,Peiraikḕ púlē,latin,yes,,1
pl-230559831,Peiraic Gate,Πειραικη πυλη,greek,yes,,1
pl-230559831,Peiraic Gate,Πειραϊκὴ πύλη,greek,yes,,1
pl-580062,Peiraieus/Piraeus,Peiraeus,latin,yes,,1
pl-580062,Peiraieus/Piraeus,Peiraieus,latin,yes,,1
pl-580062,Peiraieus/Piraeus,Peiraieus/Piraeus,latin,yes,,1
pl-580062,Peiraieus/Piraeus,Piraeea,latin,yes,,1
pl-580062,Peiraieus/Piraeus,Piraeeus,latin,yes,,1
pl-580062,Peiraieus/Piraeus,Piraeus,latin,yes,,1
pl-580062,Peiraieus/Piraeus,Piraus,latin,yes,,1
pl-580062,Peiraieus/Piraeus,Piräus,latin,yes,,1
pl-580062,Peiraieus/Piraeus,Pyreo,latin,yes,,1
pl-580062,Peiraieus/Piraeus,Πειραευς,greek,yes,,1
pl-580062,Peiraieus/Piraeus,Πειραεὐς,greek,yes,,1
pl-580062,Peiraieus/Piraeus,Πειραιευς,greek,yes,,1
pl-580062,Peiraieus/Piraeus,Πειραιεύς,greek,yes,,1
pl-570571,Peiraion,Peiraion,latin,yes,,1
pl-570571,Peiraion,Peraia,latin,yes,,1
pl-570571,Peiraion,Piraian,latin,yes,,1
pl-570571,Peiraion,Piraion,latin,yes,,1
pl-992770796,Pelargikon wall,Pelargikon wall,latin,yes,,1
pl-992770796,Pelargikon wall,Pelasgikon,latin,yes,,1
pl-992770796,Pelargikon wall,Πελασγικον,greek,yes,,1
pl-992770796,Pelargikon wall,Πελασγικόν,greek,yes,,1
pl-580063,Pelekes?,Pelekes,latin,yes,,1
pl-580063,Pelekes?,Pelekes?,latin,yes,,1
pl-580063,Pelekes?,Pḗlēkes,latin,yes,,1
pl-580063,Pelekes?,Πήληκες,greek,yes,,1
pl-580063,Pelekes?,Πηληκες,greek,yes,,1
pl-570574,Pelekoudi,Pelekouda,latin,yes,,1
pl-570574,Pelekoudi,Pelekoudi,latin,yes,,1
pl-570574,Pelekoudi,Πελεκουδα,greek,yes,,1
pl-570574,Pelekoudi,Πελεκούδα,greek,yes,,1
pl-541021,Pelion (mountain),Pelion,latin,yes,,1
pl-541021,Pelion (mountain),Pelion (mountain),latin,yes,,1
pl-541021,Pelion (mountain),Pēlion,latin,yes,,1
pl-541021,Pelion (mountain),Πήλιον,greek,yes,,1
pl-541021,Pelion (mountain),Πηλιον,greek,yes,,1
pl-570575,Pellana,Kalyvia Georgitsi,latin,yes,,1
pl-570575,Pellana,Pellana,latin,yes,,1
pl-570575,Pellana,Pellene,latin,,names 3 places in this box,3
pl-570575,Pellana,Καλυβια Γεωργιτσι,greek,yes,,1
pl-570575,Pellana,Καλύβια Γεωργίτσι,greek,yes,,1
pl-570575,Pellana,Πελλάνα,greek,yes,,1
pl-570575,Pellana,Πελλανα,greek,yes,,1
pl-584742245,Pellana (Mycenaean cemetery),Pellana (Mycenaean cemetery),latin,yes,,1
pl-584742245,Pellana (Mycenaean cemetery),Pellana tombs (Lakonia),latin,yes,,1
pl-570576,Pellene,Pellene,latin,,names 3 places in this box,3
pl-573434,Pellene,Pellene,latin,,names 3 places in this box,3
pl-570576,Pellene,Πελλήνη,greek,,names 2 places in this box,2
pl-573434,Pellene,Πελλήνη,greek,,names 2 places in this box,2
pl-570576,Pellene,Πελληνη,greek,,names 2 places in this box,2
pl-573434,Pellene,Πελληνη,greek,,names 2 places in this box,2
pl-570577,Peloponnesus/Peloponnesos/Peloponnese,Apia,latin,,too short to search,1
pl-570577,Peloponnesus/Peloponnesos/Peloponnese,Inachia,latin,yes,,1
pl-570577,Peloponnesus/Peloponnesos/Peloponnese,Mora Ceziresi,latin,yes,,1
pl-570577,Peloponnesus/Peloponnesos/Peloponnese,Mora Cezīresi,latin,yes,,1
pl-570577,Peloponnesus/Peloponnesos/Peloponnese,Morea,latin,yes,,1
pl-570577,Peloponnesus/Peloponnesos/Peloponnese,Peloponnasos,latin,yes,,1
pl-570577,Peloponnesus/Peloponnesos/Peloponnese,Peloponnese,latin,yes,,1
pl-570577,Peloponnesus/Peloponnesos/Peloponnese,Peloponnesos,latin,yes,,1
pl-570577,Peloponnesus/Peloponnesos/Peloponnese,Peloponnesus,latin,yes,,1
pl-570577,Peloponnesus/Peloponnesos/Peloponnese,Peloponnesus/Peloponnesos/Peloponnese,latin,yes,,1
pl-570577,Peloponnesus/Peloponnesos/Peloponnese,Peloponnisos,latin,yes,,1
pl-570577,Peloponnesus/Peloponnesos/Peloponnese,Pelopónnasos,latin,yes,,1
pl-570577,Peloponnesus/Peloponnesos/Peloponnese,Pelopónnisos,latin,yes,,1
pl-570577,Peloponnesus/Peloponnesos/Peloponnese,Pelopónnēsos,latin,yes,,1
pl-570577,Peloponnesus/Peloponnesos/Peloponnese,Απια,greek,,too short to search,1
pl-570577,Peloponnesus/Peloponnesos/Peloponnese,Μωρέας,greek,yes,,1
pl-570577,Peloponnesus/Peloponnesos/Peloponnese,Μωρεας,greek,yes,,1
pl-570577,Peloponnesus/Peloponnesos/Peloponnese,Πελοποννήσος,greek,yes,,1
pl-570577,Peloponnesus/Peloponnesos/Peloponnese,Πελοποννασος,greek,yes,,1
pl-570577,Peloponnesus/Peloponnesos/Peloponnese,Πελοποννησος,greek,yes,,1
pl-570577,Peloponnesus/Peloponnesos/Peloponnese,Πελοπόννασος,greek,yes,,1
pl-570577,Peloponnesus/Peloponnesos/Peloponnese,Πελοπόννησος,greek,yes,,1
pl-570577,Peloponnesus/Peloponnesos/Peloponnese,Ἀπία,greek,,too short to search,1
pl-570577,Peloponnesus/Peloponnesos/Peloponnese,’Ιναχια,greek,yes,,1
pl-570577,Peloponnesus/Peloponnesos/Peloponnese,’Ιναχία,greek,yes,,1
pl-570578,Pelos Pyrgaki,Pelos Pyrgaki,latin,yes,,1
pl-580064,Pentele,Pentele,latin,yes,,1
pl-580065,Pentelikon/Brilessos (mountain),Brilessos,latin,yes,,1
pl-580065,Pentelikon/Brilessos (mountain),Mount Pentelicus,latin,yes,,1
pl-580065,Pentelikon/Brilessos (mountain),Pentelikon oros (to),latin,yes,,1
pl-580065,Pentelikon/Brilessos (mountain),Pentelikon/Brilessos (mountain),latin,yes,,1
pl-580065,Pentelikon/Brilessos (mountain),Pentelikòn óros (tò),latin,yes,,1
pl-580065,Pentelikon/Brilessos (mountain),Βριλησσος,greek,yes,,1
pl-580065,Pentelikon/Brilessos (mountain),Βριλησσὸς,greek,yes,,1
pl-580065,Pentelikon/Brilessos (mountain),Πεντελικον ορος (το),greek,yes,,1
pl-580065,Pentelikon/Brilessos (mountain),Πεντελικὸν ὄρος (τὸ),greek,yes,,1
pl-842094502,Penteskouphia,Penteskouphia,latin,yes,,1
pl-541023,Peparethos,Evoenus,latin,yes,,1
pl-541023,Peparethos,Peparethos,latin,yes,,1
pl-541024,Peparethus (island),Peparethus,latin,yes,,1
pl-541024,Peparethus (island),Peparethus (island),latin,yes,,1
pl-541024,Peparethus (island),Skepola,latin,yes,,1
pl-541024,Peparethus (island),Skopelos,latin,yes,,1
pl-570581,Pephnos,Pephnos,latin,yes,,1
pl-570582,Pera Milous,Pera Milous,latin,yes,,1
pl-570583,Peraithea,Peraithea,latin,yes,,1
pl-570583,Peraithea,Peraithenses,latin,yes,,1
pl-541025,Pereia,Pereia,latin,yes,,1
pl-580066,Pergase Hypenerthen,Pergase Hypenerthen,latin,yes,,1
pl-580067,Pergase Kathyperthen,Pergase Kathyperthen,latin,yes,,1
pl-580068,Perithoidai,Perithoidai,latin,yes,,1
pl-580068,Perithoidai,Perithoides,latin,yes,,1
pl-580068,Perithoidai,Perithoîdai,latin,yes,,1
pl-580068,Perithoidai,Περιθοιδαι,greek,yes,,1
pl-580068,Perithoidai,Περιθοιδης,greek,yes,,1
pl-580068,Perithoidai,Περιθοίδης,greek,yes,,1
pl-580068,Perithoidai,Περιθοῖδαι,greek,yes,,1
pl-570584,Petaliai (islands),Petaliai,latin,yes,,1
pl-570584,Petaliai (islands),Petaliai (islands),latin,yes,,1
pl-541028,Peteon,Peteon,latin,yes,,1
pl-570585,Petras,Petras,latin,yes,,1
pl-541030,Peuma(ta),Peuma,latin,yes,,1
pl-541030,Peuma(ta),Peuma(ta),latin,yes,,1
pl-541030,Peuma(ta),Peumata,latin,yes,,1
pl-580069,Phabra (island),Nisida Fleves,latin,yes,,1
pl-580069,Phabra (island),Nisída Fléves,latin,yes,,1
pl-580069,Phabra (island),Phabra,latin,yes,,1
pl-580069,Phabra (island),Phabra (island),latin,yes,,1
pl-580069,Phabra (island),Phabra Ins.,latin,yes,,1
pl-580069,Phabra (island),Νησίδα Φλέβες,greek,yes,,1
pl-580069,Phabra (island),Νησιδα Φλεβες,greek,yes,,1
pl-580069,Phabra (island),Φάβρα,greek,yes,,1
pl-580069,Phabra (island),Φαβρα,greek,yes,,1
pl-541032,Phaistinos,Phaistinos,latin,yes,,1
pl-570587,Phalaisiai,Phalaisiai,latin,yes,,1
pl-570588,Phalanthon M.,Phalanthon M.,latin,yes,,1
pl-570588,Phalanthon M.,Phalanthon oros,latin,yes,,1
pl-570588,Phalanthon M.,ορος Φαλανθον,greek,yes,,1
pl-570588,Phalanthon M.,ὄρος Φάλανθον,greek,yes,,1
pl-541034,Phalara,Falera,latin,yes,,1
pl-541034,Phalara,Phalara,latin,yes,,1
pl-541035,Phalassia (promontory),Phalas(s)ia akra,latin,yes,,1
pl-541035,Phalassia (promontory),Phalasia akra,latin,yes,,1
pl-541035,Phalassia (promontory),Phalassia (promontory),latin,yes,,1
pl-541035,Phalassia (promontory),Phalassia Pr.,latin,yes,,1
pl-541035,Phalassia (promontory),Phalassia αkra,greek,yes,,1
pl-541035,Phalassia (promontory),Φαλα(σ)σία ἄκρα,greek,yes,,1
pl-541035,Phalassia (promontory),Φαλα(σ)σια ακρα,greek,yes,,1
pl-585129,Phalerikon Teichos,Phaleric Wall,latin,yes,,1
pl-585129,Phalerikon Teichos,Phalerikon Teichos,latin,yes,,1
pl-585129,Phalerikon Teichos,﻿Φαληρικον τειχος,greek,yes,,1
pl-585129,Phalerikon Teichos,﻿Φαληρικὸν τεῖχος,greek,yes,,1
pl-580072,Phaleron,Phaleron,latin,yes,,1
pl-580072,Phaleron,Phalerum,latin,yes,,1
pl-580072,Phaleron,Phálēron,latin,yes,,1
pl-580072,Phaleron,Φάληρον,greek,yes,,1
pl-580072,Phaleron,Φαληρον,greek,yes,,1
pl-580071,Phaleron Limen,Phaleron Limen,latin,yes,,1
pl-992770797,Phaleron cemetery (Attica),Phaleron cemetery,latin,yes,,1
pl-992770797,Phaleron cemetery (Attica),Phaleron cemetery (Attica),latin,yes,,1
pl-541036,Phalika?,Phalika,latin,,names 2 places in this box,2
pl-541037,Phalika?,Phalika,latin,,names 2 places in this box,2
pl-541036,Phalika?,Phalika?,latin,,names 2 places in this box,2
pl-541037,Phalika?,Phalika?,latin,,names 2 places in this box,2
pl-755162814,Phaneromeni Burials (Chiliomodi),Camareta - Faneromeni,latin,yes,,1
pl-755162814,Phaneromeni Burials (Chiliomodi),Kamareta - Phaneromeni,latin,yes,,1
pl-755162814,Phaneromeni Burials (Chiliomodi),Phaneromeni Burials (Chiliomodi),latin,yes,,1
pl-755162814,Phaneromeni Burials (Chiliomodi),Καμαρέτα - Φανερωμένη,greek,yes,,1
pl-755162814,Phaneromeni Burials (Chiliomodi),Καμαρετα - Φανερωμενη,greek,yes,,1
pl-541040,Pharai?,Pharai,latin,,names 2 places in this box,2
pl-541040,Pharai?,Pharai?,latin,yes,,1
pl-570591,Pharis,Ag. Vasilios,latin,yes,,1
pl-570591,Pharis,Bapheio,latin,yes,,1
pl-570591,Pharis,Pharis,latin,yes,,1
pl-570591,Pharis,Pherae,latin,,names 2 places in this box,2
pl-570591,Pharis,Pherai,latin,,names 3 places in this box,3
pl-570591,Pharis,Vapheio,latin,yes,,1
pl-570591,Pharis,Βαφειο,greek,yes,,1
pl-570591,Pharis,Βαφειό,greek,yes,,1
pl-570591,Pharis,Φαρις,greek,yes,,1
pl-570591,Pharis,Φᾶρις,greek,yes,,1
pl-580073,Pharmakoussai/Choirades (islands),Choirades,latin,yes,,1
pl-580073,Pharmakoussai/Choirades (islands),Nisides Kyrades,latin,yes,,1
pl-580073,Pharmakoussai/Choirades (islands),Nisídes Kyrádes,latin,yes,,1
pl-580073,Pharmakoussai/Choirades (islands),Pharmakoussai,latin,yes,,1
pl-580073,Pharmakoussai/Choirades (islands),Pharmakoussai/Choirades (islands),latin,yes,,1
pl-580073,Pharmakoussai/Choirades (islands),Νησίδες Κυράδες,greek,yes,,1
pl-580073,Pharmakoussai/Choirades (islands),Νησιδες Κυραδες,greek,yes,,1
pl-541042,Pharsalus,Pharsalos,latin,yes,,1
pl-541042,Pharsalus,Pharsalus,latin,yes,,1
pl-541042,Pharsalus,Φαρσάλος,greek,yes,,1
pl-541042,Pharsalus,Φαρσαλος,greek,yes,,1
pl-580074,Phegaia,Phegaia,latin,yes,,1
pl-570594,Phelloe,Phelloe,latin,yes,,1
pl-570595,Pheneos,Pheneos,latin,yes,,1
pl-570595,Pheneos,Φένεος,greek,yes,,1
pl-570595,Pheneos,Φενεος,greek,yes,,1
pl-570596,Pherai,Pharai,latin,,names 2 places in this box,2
pl-541044,Pherai,Pherae,latin,,names 2 places in this box,2
pl-570596,Pherai,Pherai,latin,,names 3 places in this box,3
pl-541044,Pherai,Pherai,latin,,names 3 places in this box,3
pl-541044,Pherai,Pheraios,latin,yes,,1
pl-541044,Pherai,Phérai,latin,yes,,1
pl-541044,Pherai,Φέραι,greek,yes,,1
pl-541044,Pherai,Φεραι,greek,yes,,1
pl-541044,Pherai,Φεραιος,greek,yes,,1
pl-541044,Pherai,Φεραῖος,greek,yes,,1
pl-541046,Philagra,Philagra,latin,yes,,1
pl-580075,Philaidai,Philaidai,latin,yes,,1
pl-580075,Philaidai,Philaïdai,latin,yes,,1
pl-580075,Philaidai,Φιλαΐδαι,greek,yes,,1
pl-580075,Philaidai,Φιλαιδαι,greek,yes,,1
pl-570601,Philanorion,Philanorion,latin,yes,,1
pl-570601,Philanorion,Φιλανοριον,greek,yes,,1
pl-570601,Philanorion,Φιλανόριόν,greek,yes,,1
pl-599882,Philitzi,Philitzi,latin,yes,,1
pl-491444298,Philopappos Monument,Grabmonument des C. Iulius Antiochos Philopappos,latin,yes,,1
pl-491444298,Philopappos Monument,Philopappos Monument,latin,yes,,1
pl-570602,Phleious,Phleious,latin,yes,,1
pl-570602,Phleious,Phliasia,latin,yes,,1
pl-570602,Phleious,Φλιασία,greek,yes,,1
pl-570602,Phleious,Φλιασια,greek,yes,,1
pl-580076,Phlya,Phlya,latin,yes,,1
pl-541047,Phlygonion?,Phlygonion,latin,yes,,1
pl-541047,Phlygonion?,Phlygonion?,latin,yes,,1
pl-529934476,Phocian Wall,Phocian Wall,latin,yes,,1
pl-541048,Phocis,Phocis,latin,yes,,1
pl-541048,Phocis,Φωκίς,greek,yes,,1
pl-541048,Phocis,Φωκις,greek,yes,,1
pl-570604,Phoibaia,Phoibaia,latin,yes,,1
pl-541049,Phoinix? (river),Phoinix,latin,yes,,1
pl-541049,Phoinix? (river),Phoinix? (river),latin,yes,,1
pl-541050,Phokai?,Phokai,latin,yes,,1
pl-541050,Phokai?,Phokai?,latin,yes,,1
pl-541051,Phokikon,Phokikon,latin,yes,,1
pl-589996,Pholegandros (island),Pholegandros,latin,,names 2 places in this box,2
pl-589996,Pholegandros (island),Pholegandros (island),latin,yes,,1
pl-589996,Pholegandros (island),Φολέγανδρος,greek,yes,,1
pl-589996,Pholegandros (island),Φολεγανδρος,greek,yes,,1
pl-589995,Pholegandros (settlement),Pholegandros,latin,,names 2 places in this box,2
pl-589995,Pholegandros (settlement),Pholegandros (settlement),latin,yes,,1
pl-599886,Phorbia? Pr.,Phorbia,latin,yes,,1
pl-599886,Phorbia? Pr.,Phorbia Pr.,latin,yes,,1
pl-599886,Phorbia? Pr.,Phorbia? Pr.,latin,yes,,1
pl-599886,Phorbia? Pr.,Φορβία,greek,yes,,1
pl-599886,Phorbia? Pr.,Φορβια,greek,yes,,1
pl-580077,Phrearroi,Phrearrhioi,latin,yes,,1
pl-580077,Phrearroi,Phrearroi,latin,yes,,1
pl-580077,Phrearroi,Phreárrhioi,latin,yes,,1
pl-580077,Phrearroi,Φρεάρριοι,greek,yes,,1
pl-580077,Phrearroi,Φρεαρριοι,greek,yes,,1
pl-580078,Phreatto?,Phreatto,latin,yes,,1
pl-580078,Phreatto?,Phreatto?,latin,yes,,1
pl-580078,Phreatto?,Phreattys,latin,yes,,1
pl-580078,Phreatto?,Φρεαττυς,greek,yes,,1
pl-580078,Phreatto?,Φρεαττύς,greek,yes,,1
pl-573461,Phrixos (river),Phrixos (river),latin,yes,,1
pl-573461,Phrixos (river),Phrixos potamos (ho),latin,yes,,1
pl-573461,Phrixos (river),Φρίξος ποταμὀς (ὅ),greek,yes,,1
pl-573461,Phrixos (river),Φριξος ποταμος (ο),greek,yes,,1
pl-541052,Phthiotis,Phthia,latin,yes,,1
pl-541052,Phthiotis,Phthiotis,latin,yes,,1
pl-570610,Phylake,Phylake,latin,,names 2 places in this box,2
pl-541053,Phylake,Phylake,latin,,names 2 places in this box,2
pl-541053,Phylake,Φυλάκη,greek,yes,,1
pl-541053,Phylake,Φυλακη,greek,yes,,1
pl-280341406,Phylakopi,Phylakopi,latin,yes,,1
pl-580079,Phyle,Phyle,latin,yes,,1
pl-580079,Phyle,Φυλή,greek,,too short to search,1
pl-580079,Phyle,Φυλη,greek,,too short to search,1
pl-541055,Phyliadon,Phyliadon,latin,yes,,1
pl-541056,Phyllos,Phyllos,latin,yes,,1
pl-541056,Phyllos,Φυλλος,greek,yes,,1
pl-541056,Phyllos,Φύλλος,greek,yes,,1
pl-541057,Physkeis,Physkeis,latin,yes,,1
pl-570614,Pityonesos (island),Pityonesos,latin,yes,,1
pl-570614,Pityonesos (island),Pityonesos (island),latin,yes,,1
pl-570615,Pityoussa (island),Pityoussa,latin,yes,,1
pl-570615,Pityoussa (island),Pityoussa (island),latin,yes,,1
pl-570615,Pityoussa (island),Spetsai,latin,yes,,1
pl-570615,Pityoussa (island),Spetses,latin,yes,,1
pl-570615,Pityoussa (island),Πιτυουσσα,greek,yes,,1
pl-570615,Pityoussa (island),Πιτυοῦσσα,greek,yes,,1
pl-570615,Pityoussa (island),Σπέτσαι,greek,yes,,1
pl-570615,Pityoussa (island),Σπέτσες,greek,yes,,1
pl-570615,Pityoussa (island),Σπετσαι,greek,yes,,1
pl-570615,Pityoussa (island),Σπετσες,greek,yes,,1
pl-664676167,Plakomenos,Plakomenos,latin,yes,,1
pl-580080,Plakoto (settlement),Plakoto (settlement),latin,yes,,1
pl-580081,Plakoto fort,Plakoto fort,latin,yes,,1
pl-541063,Plataea,Plataea,latin,yes,,1
pl-541063,Plataea,Plataiai,latin,yes,,1
pl-541063,Plataea,Plátaiai,latin,yes,,1
pl-541063,Plataea,Πλάταιαι,greek,yes,,1
pl-541063,Plataea,Πλαταιαι,greek,yes,,1
pl-774102407,Plataean Tumulus (Marathon),Plataean Tumulus (Marathon),latin,yes,,1
pl-774102407,Plataean Tumulus (Marathon),taphos Plataieusi,latin,yes,,1
pl-774102407,Plataean Tumulus (Marathon),τάφος Πλαταιεῦσι,greek,yes,,1
pl-774102407,Plataean Tumulus (Marathon),ταφος Πλαταιευσι,greek,yes,,1
pl-580082,Plotheia,Plotheia,latin,yes,,1
pl-205264674,Pnyx,Pnux,latin,,too short to search,1
pl-205264674,Pnyx,Pnyx,latin,,too short to search,1
pl-205264674,Pnyx,Pnúx,latin,,too short to search,1
pl-205264674,Pnyx,Πνυξ,greek,,too short to search,1
pl-205264674,Pnyx,Πνύξ,greek,,too short to search,1
pl-136008628,Pnyx fountain,Dorpfeldʼs Enneakrounos,latin,yes,,1
pl-136008628,Pnyx fountain,Dörpfeldʼs Enneakrounos,latin,yes,,1
pl-136008628,Pnyx fountain,Enneakrounos,latin,,names 2 places in this box,2
pl-136008628,Pnyx fountain,Enneákrounos,latin,,names 2 places in this box,2
pl-136008628,Pnyx fountain,Kallirrhoe,latin,yes,,1
pl-136008628,Pnyx fountain,Kallirrhóē,latin,yes,,1
pl-136008628,Pnyx fountain,Kallirroe,latin,yes,,1
pl-136008628,Pnyx fountain,Pnyx fountain,latin,yes,,1
pl-136008628,Pnyx fountain,Εννεακρουνος,greek,,names 2 places in this box,2
pl-136008628,Pnyx fountain,Καλλιρροη,greek,yes,,1
pl-136008628,Pnyx fountain,Καλλιρρόη,greek,yes,,1
pl-136008628,Pnyx fountain,Ἐννεάκρουνος,greek,,names 2 places in this box,2
pl-570622,Pogon,Pogon,latin,yes,,1
pl-570623,Poiessa,Poiessa,latin,yes,,1
pl-585950,Poikilon (mountain),Poikilon (mountain),latin,yes,,1
pl-585950,Poikilon (mountain),Poikilon M.,latin,yes,,1
pl-570624,Polichna,Polichna,latin,yes,,1
pl-599895,Polichne,Polichne,latin,yes,,1
pl-541065,Polis,Polis,latin,yes,,1
pl-570626,Pollonia,Pollonia,latin,yes,,1
pl-570626,Pollonia,Πολλωνια,greek,yes,,1
pl-570626,Pollonia,Πολλώνια,greek,yes,,1
pl-541066,Polyaegos (island),Cezire-i Polya,latin,yes,,1
pl-541066,Polyaegos (island),Cezīre-i Polya,latin,yes,,1
pl-541066,Polyaegos (island),Polya Ceziresi,latin,yes,,1
pl-541066,Polyaegos (island),Polya Cezīresi,latin,yes,,1
pl-541066,Polyaegos (island),Polyaegos,latin,yes,,1
pl-541066,Polyaegos (island),Polyaegos (island),latin,yes,,1
pl-541066,Polyaegos (island),Polyaigos,latin,,names 2 places in this box,2
pl-541066,Polyaegos (island),Tsougria,latin,yes,,1
pl-541066,Polyaegos (island),Tsoukgria,latin,yes,,1
pl-541066,Polyaegos (island),Τσουγκριά,greek,yes,,1
pl-541066,Polyaegos (island),Τσουγκρια,greek,yes,,1
pl-590002,Polyaigos (island),Nisi Polyaigos,latin,yes,,1
pl-590002,Polyaigos (island),Nisí Polýaigos,latin,yes,,1
pl-590002,Polyaigos (island),Polyaegas,latin,yes,,1
pl-590002,Polyaigos (island),Polyaigos,latin,,names 2 places in this box,2
pl-590002,Polyaigos (island),Polyaigos (island),latin,yes,,1
pl-590002,Polyaigos (island),Polyaigos Ins.,latin,yes,,1
pl-590002,Polyaigos (island),Νησί Πολύαιγος,greek,yes,,1
pl-590002,Polyaigos (island),Νησι Πολυαιγος,greek,yes,,1
pl-973421832,Pompeion,Pompeion,latin,yes,,1
pl-973421832,Pompeion,Pompeîon,latin,yes,,1
pl-973421832,Pompeion,Πομπειον,greek,yes,,1
pl-973421832,Pompeion,Πομπεῖον,greek,yes,,1
pl-573475,Pontinos (mountain),Pontinos,latin,yes,,1
pl-573475,Pontinos (mountain),Pontinos (mountain),latin,yes,,1
pl-573475,Pontinos (mountain),Pontinos M.,latin,yes,,1
pl-573475,Pontinos (mountain),Ποντινος,greek,yes,,1
pl-573475,Pontinos (mountain),Ποντῖνος,greek,yes,,1
pl-573474,Pontinos (river),Pontinos (river),latin,yes,,1
pl-573474,Pontinos (river),Pontinos potamos,latin,yes,,1
pl-573474,Pontinos (river),Ποντινος ποταμος,greek,yes,,1
pl-573474,Pontinos (river),Ποντῖνος ποταμός,greek,yes,,1
pl-585794923,Poros Building,Poros Building,latin,yes,,1
pl-585794923,Poros Building,State Prison,latin,yes,,1
pl-585794923,Poros Building,desmoterion,latin,yes,,1
pl-585794923,Poros Building,desmōtḗrion,latin,yes,,1
pl-585794923,Poros Building,δεσμωτήριον,greek,yes,,1
pl-585794923,Poros Building,δεσμωτηριον,greek,yes,,1
pl-580083,Poros?,Poros,latin,,names 2 places in this box,2
pl-580083,Poros?,Poros?,latin,yes,,1
pl-580083,Poros?,Póros,latin,,too short to search,1
pl-580083,Poros?,Πορος,greek,,names 2 places in this box,2
pl-580083,Poros?,Πόρος,greek,,names 2 places in this box,2
pl-593460163,Portara on Naxos,Portara,latin,yes,,1
pl-593460163,Portara on Naxos,Portara on Naxos,latin,yes,,1
pl-580084,Porthmos,Porthmos,latin,,names 2 places in this box,2
pl-580085,Porthmos,Porthmos,latin,,names 2 places in this box,2
pl-541068,Poseidion,Poseidion,latin,yes,,1
pl-599899,"Poseidon Phytalmios?, T.",Poseidon Phytalmios,latin,yes,,1
pl-599899,"Poseidon Phytalmios?, T.","Poseidon Phytalmios?, T.",latin,yes,,1
pl-599899,"Poseidon Phytalmios?, T.",T.,latin,,names 43 places in this box,43
pl-599901,"Poseidon?, T.",Poseidon,latin,,names 2 places in this box,2
pl-599901,"Poseidon?, T.","Poseidon?, T.",latin,yes,,1
pl-599901,"Poseidon?, T.",T.,latin,,names 43 places in this box,43
pl-588883629,Possible heroön (Salamis),Possible heroön (Salamis),latin,yes,,1
pl-580087,Potamos Deiradiotes,Potamos Deiradiotes,latin,yes,,1
pl-580088,Potamos Hypenerthen,Potamos Hypenerthen,latin,yes,,1
pl-580089,Potamos Kathyperthen,Potamos Kathyperthen,latin,yes,,1
pl-541069,Poteidania,Poteidania,latin,yes,,1
pl-541069,Poteidania,Potidania,latin,yes,,1
pl-541069,Poteidania,Ποτιδανία,greek,yes,,1
pl-541069,Poteidania,Ποτιδανια,greek,yes,,1
pl-541070,Potniai,Potniai,latin,yes,,1
pl-580090,Prasia,Prasia,latin,yes,,1
pl-580090,Prasia,Prasiai,latin,,names 2 places in this box,2
pl-580090,Prasia,Πρασία,greek,yes,,1
pl-580090,Prasia,Πρασια,greek,yes,,1
pl-580090,Prasia,Πρασιαί,greek,yes,,1
pl-580090,Prasia,Πρασιαι,greek,yes,,1
pl-570629,Prasiai,Brasiai,latin,yes,,1
pl-570629,Prasiai,Oreiatai,latin,yes,,1
pl-570629,Prasiai,Prasiai,latin,,names 2 places in this box,2
pl-418714190,Pre-Erechtheion,Erechtheos neos,latin,yes,,1
pl-418714190,Pre-Erechtheion,Erechthéos nēós,latin,yes,,1
pl-418714190,Pre-Erechtheion,Pre-Erechtheion,latin,yes,,1
pl-418714190,Pre-Erechtheion,Ερεχθεος νηος,greek,yes,,1
pl-418714190,Pre-Erechtheion,Ἐρεχθέος νηός,greek,yes,,1
pl-21797994,Preclassical naiskos in the Parthenon,Preclassical naiskos in the Parthenon,latin,yes,,1
pl-590012,Prepesinthos (island),Despotiko,latin,yes,,1
pl-590012,Prepesinthos (island),Despotikó,latin,yes,,1
pl-590012,Prepesinthos (island),Prepesinthos,latin,yes,,1
pl-590012,Prepesinthos (island),Prepesinthos (island),latin,yes,,1
pl-590012,Prepesinthos (island),Prepesinthus,latin,yes,,1
pl-590012,Prepesinthos (island),Δεσποτικο,greek,yes,,1
pl-590012,Prepesinthos (island),Δεσποτικό,greek,yes,,1
pl-590012,Prepesinthos (island),Πρεπέσινθος,greek,yes,,1
pl-590012,Prepesinthos (island),Πρεπεσινθος,greek,yes,,1
pl-570630,Prinos,Prinos,latin,yes,,1
pl-541071,Priounos,Priounos,latin,yes,,1
pl-525587318,Prison of Sokrates,Gefangnis des Sokrates,latin,yes,,1
pl-525587318,Prison of Sokrates,Gefängnis des Sokrates,latin,yes,,1
pl-525587318,Prison of Sokrates,Prison of Sokrates,latin,yes,,1
pl-525587318,Prison of Sokrates,Φυλακές Σωκράτους,greek,yes,,1
pl-525587318,Prison of Sokrates,Φυλακες Σωκρατους,greek,yes,,1
pl-580091,Probalinthos,Probalinthos,latin,yes,,1
pl-580091,Probalinthos,Προβάλινθος,greek,yes,,1
pl-580091,Probalinthos,Προβαλινθος,greek,yes,,1
pl-570632,Probatas,Probatas,latin,yes,,1
pl-541073,Proerna,Proerna,latin,yes,,1
pl-291401357,Proitidian Gate (Thebes),Proitid Gate,latin,yes,,1
pl-291401357,Proitidian Gate (Thebes),Proitides pylai,latin,yes,,1
pl-291401357,Proitidian Gate (Thebes),Proitidian Gate (Thebes),latin,yes,,1
pl-291401357,Proitidian Gate (Thebes),Προιτίδες πύλαι,greek,yes,,1
pl-291401357,Proitidian Gate (Thebes),Προιτιδες πυλαι,greek,yes,,1
pl-541074,Prokopion,Prokopion,latin,yes,,1
pl-590014,Prophetes Elias Troullakiou,Prophetes Elias Troullakiou,latin,yes,,1
pl-541075,Prophitis Elias,Prophitis Elias,latin,yes,,1
pl-648120846,Propylaea at Athens,Propylaea (Acropolis of Athens),latin,yes,,1
pl-648120846,Propylaea at Athens,Propylaea at Athens,latin,yes,,1
pl-648120846,Propylaea at Athens,Propylaia,latin,yes,,1
pl-648120846,Propylaea at Athens,Προπυλαια,greek,yes,,1
pl-648120846,Propylaea at Athens,Προπύλαια,greek,yes,,1
pl-580092,Prospalta,Prospalta,latin,yes,,1
pl-751681995,Prosymna tholos,Prosymna tholos,latin,yes,,1
pl-720198157,Prytanikon at Athens,Prytanikon,latin,yes,,1
pl-720198157,Prytanikon at Athens,Prytanikon at Athens,latin,yes,,1
pl-720198157,Prytanikon at Athens,Πρυτανικον (Prytanikon; modern),greek,yes,,1
pl-720198157,Prytanikon at Athens,Πρυτανικόν (Prytanikon; modern),greek,yes,,1
pl-580093,Psaphis,Psaphis,latin,yes,,1
pl-599909,Psaropyrgos,Psaropyrgos,latin,,names 2 places in this box,2
pl-570637,Psaropyrgos,Psaropyrgos,latin,,names 2 places in this box,2
pl-403301547,Psatha tower (Megarid),Psatha tower (Megarid),latin,yes,,1
pl-541015,Psilo Kastro (Ag. Marina),Ag. Marina,latin,,names 2 places in this box,2
pl-541015,Psilo Kastro (Ag. Marina),Agia Marina,latin,,names 2 places in this box,2
pl-541015,Psilo Kastro (Ag. Marina),Ayia Marina,latin,yes,,1
pl-541015,Psilo Kastro (Ag. Marina),Ayía Marína,latin,yes,,1
pl-541015,Psilo Kastro (Ag. Marina),Lofos Kastro,latin,yes,,1
pl-541015,Psilo Kastro (Ag. Marina),Patronis,latin,yes,,1
pl-541015,Psilo Kastro (Ag. Marina),Psili Kastro,latin,yes,,1
pl-541015,Psilo Kastro (Ag. Marina),Psilo Kastro,latin,yes,,1
pl-541015,Psilo Kastro (Ag. Marina),Psilo Kastro (Ag. Marina),latin,yes,,1
pl-541015,Psilo Kastro (Ag. Marina),Psílo Kástro,latin,yes,,1
pl-541015,Psilo Kastro (Ag. Marina),Tronis,latin,yes,,1
pl-541015,Psilo Kastro (Ag. Marina),Αγία Μαρίνα,greek,,names 2 places in this box,2
pl-541015,Psilo Kastro (Ag. Marina),Αγια Μαρινα,greek,,names 2 places in this box,2
pl-541015,Psilo Kastro (Ag. Marina),Λοφος Καστρο,greek,yes,,1
pl-541015,Psilo Kastro (Ag. Marina),Λόφος Κάστρο,greek,yes,,1
pl-580094,Psyttaleia (island),Psyttalea,latin,yes,,1
pl-580094,Psyttaleia (island),Psyttaleia,latin,yes,,1
pl-580094,Psyttaleia (island),Psyttaleia (island),latin,yes,,1
pl-580094,Psyttaleia (island),Ψυττάλεια,greek,yes,,1
pl-580094,Psyttaleia (island),Ψυτταλεια,greek,yes,,1
pl-580095,Ptelea,Ptelea,latin,yes,,1
pl-580095,Ptelea,Pteléa,latin,yes,,1
pl-580095,Ptelea,Πτελέα,greek,yes,,1
pl-580095,Ptelea,Πτελεα,greek,yes,,1
pl-541077,Pteleon,Ftelio,latin,yes,,1
pl-541077,Pteleon,Ftelió,latin,yes,,1
pl-541077,Pteleon,Pteleon,latin,yes,,1
pl-541077,Pteleon,Pteleos,latin,yes,,1
pl-541077,Pteleon,Pteleós,latin,yes,,1
pl-541077,Pteleon,Πτελεον,greek,yes,,1
pl-541077,Pteleon,Πτελεος,greek,yes,,1
pl-541077,Pteleon,Πτελεόν,greek,yes,,1
pl-541077,Pteleon,Πτελεός,greek,yes,,1
pl-541077,Pteleon,Φτελιο,greek,yes,,1
pl-541077,Pteleon,Φτελιό,greek,yes,,1
pl-408303888,Ptolemaion gymnasion,Ptolemaion gumnasion,latin,yes,,1
pl-408303888,Ptolemaion gymnasion,Ptolemaion gymnasion,latin,yes,,1
pl-408303888,Ptolemaion gymnasion,gumnasion Ptolemaiou,latin,yes,,1
pl-408303888,Ptolemaion gymnasion,gymnasion Ptolemaiou,latin,yes,,1
pl-408303888,Ptolemaion gymnasion,Πτολεμαιον γυμνασιον,greek,yes,,1
pl-408303888,Ptolemaion gymnasion,Πτολεμαῖον γυμνάσιον,greek,yes,,1
pl-408303888,Ptolemaion gymnasion,γυμνάσιον Πτολεμαίου,greek,yes,,1
pl-408303888,Ptolemaion gymnasion,γυμνασιον Πτολεμαιου,greek,yes,,1
pl-372660434,Public building (?) area at Halos,Public building (?) area at Halos,latin,yes,,1
pl-541080,Pyra,Herakles,latin,yes,,1
pl-541080,Pyra,Pyra,latin,,too short to search,1
pl-541080,Pyra,T.,latin,,names 43 places in this box,43
pl-37452547,Pyramid of Kenchreai,Pyramid of Kenchreai,latin,yes,,1
pl-541081,Pyrasos,Nea Anchialos,latin,yes,,1
pl-541081,Pyrasos,Néa Anchiálos,latin,yes,,1
pl-541081,Pyrasos,Pyrasos,latin,yes,,1
pl-541081,Pyrasos,Νέα Αγχιάλος,greek,yes,,1
pl-541081,Pyrasos,Νεα Αγχιαλος,greek,yes,,1
pl-541081,Pyrasos,Πυρασος,greek,yes,,1
pl-541081,Pyrasos,Πύρασος,greek,yes,,1
pl-599913,Pyrgos Kheimarrou,Pyrgos Kheimarrou,latin,yes,,1
pl-410857095,Pyrgouthi,Pyrgouthi,latin,yes,,1
pl-570642,Pyrrichos,Pyrrichos,latin,yes,,1
pl-815693600,Pythion,Puthion,latin,yes,,1
pl-815693600,Pythion,Pythion,latin,yes,,1
pl-815693600,Pythion,Púthion,latin,yes,,1
pl-815693600,Pythion,Πυθιον,greek,yes,,1
pl-815693600,Pythion,Πύθιον,greek,yes,,1
pl-568838229,Quartier du Stade at Delos,Quartier du Stade at Delos,latin,yes,,1
pl-570644,Rema,Rema,latin,,too short to search,1
pl-580097,Rhamnous,Rhamnous,latin,yes,,1
pl-580097,Rhamnous,Ραμνους,greek,yes,,1
pl-580097,Rhamnous,Ῥαμνοῦς,greek,yes,,1
pl-585954,Rharion Pedion,Rharion Pedion,latin,yes,,1
pl-585954,Rharion Pedion,Ραριον πεδιον,greek,yes,,1
pl-585954,Rharion Pedion,Ῥάριον πεδίον,greek,yes,,1
pl-580098,Rheitoi (river),Rheitoi,latin,yes,,1
pl-580098,Rheitoi (river),Rheitoi (river),latin,yes,,1
pl-580098,Rheitoi (river),Ρειτοι,greek,yes,,1
pl-580098,Rheitoi (river),Ῥειτοί,greek,yes,,1
pl-599919,Rheneia (island),Rhenea,latin,yes,,1
pl-599919,Rheneia (island),Rheneia,latin,,names 2 places in this box,2
pl-599919,Rheneia (island),Rheneia (island),latin,yes,,1
pl-599919,Rheneia (island),Rhḗneia,latin,yes,,1
pl-599919,Rheneia (island),Ρηνεια,greek,yes,,1
pl-599919,Rheneia (island),Ῥήνεια,greek,yes,,1
pl-599918,Rheneia (settlement),Rheneia,latin,,names 2 places in this box,2
pl-599918,Rheneia (settlement),Rheneia (settlement),latin,yes,,1
pl-541086,Rhodountia,Rhodountia,latin,yes,,1
pl-570647,Rhypes,Rhypai,latin,yes,,1
pl-570647,Rhypes,Rhypes,latin,yes,,1
pl-570648,Ribari,Ribari,latin,yes,,1
pl-773761100,Roman Agora of Athens,Romaiki Agora Athinon,latin,yes,,1
pl-773761100,Roman Agora of Athens,Roman Agora,latin,yes,,1
pl-773761100,Roman Agora of Athens,Roman Agora of Athens,latin,yes,,1
pl-773761100,Roman Agora of Athens,Rōmaikī Agora Athīnōn,latin,yes,,1
pl-773761100,Roman Agora of Athens,Ρωμαικη Αγορα Αθηνων,greek,yes,,1
pl-773761100,Roman Agora of Athens,Ρωμαϊκή Αγορά Αθηνών,greek,yes,,1
pl-675812635,Roman Double Stoa,Roman Double Stoa,latin,yes,,1
pl-675812635,Roman Double Stoa,Stoa on the Panathenaic Way,latin,yes,,1
pl-755162815,Roman Mausoleum at Palio Scholeio (Chiliomedio),Palio Scholeio,latin,yes,,1
pl-755162815,Roman Mausoleum at Palio Scholeio (Chiliomedio),Roman Mausoleum at Palio Scholeio (Chiliomedio),latin,yes,,1
pl-755162815,Roman Mausoleum at Palio Scholeio (Chiliomedio),Παλιο Σχολειο,greek,yes,,1
pl-755162815,Roman Mausoleum at Palio Scholeio (Chiliomedio),Παλιό Σχολείο,greek,yes,,1
pl-45246736,Roman Odeion at Corinth,Roman Odeion at Corinth,latin,yes,,1
pl-54081048,Roman amphitheater at Corinth,Corinth amphitheatre,latin,yes,,1
pl-54081048,Roman amphitheater at Corinth,Roman amphitheater at Corinth,latin,yes,,1
pl-901991632,Roman aqueduct bridge at Loukou,Roman aqueduct bridge at Loukou,latin,yes,,1
pl-757663383,Roman theater at Sparta,Roman theater at Sparta,latin,yes,,1
pl-192761443,Royal Stoa,Royal Stoa,latin,yes,,1
pl-192761443,Royal Stoa,Stoa Basileios,latin,,names 2 places in this box,2
pl-192761443,Royal Stoa,stoa basileios,latin,,names 2 places in this box,2
pl-192761443,Royal Stoa,στοα βασιλειος,greek,yes,,1
pl-192761443,Royal Stoa,στοὰ βασίλειος,greek,yes,,1
pl-717754998,Sacred Gate/Hiera Pyle,Gate III,latin,yes,,1
pl-717754998,Sacred Gate/Hiera Pyle,Hiera pule,latin,yes,,1
pl-717754998,Sacred Gate/Hiera Pyle,Hierà púlē,latin,yes,,1
pl-717754998,Sacred Gate/Hiera Pyle,Sacred Gate,latin,yes,,1
pl-717754998,Sacred Gate/Hiera Pyle,Sacred Gate/Hiera Pyle,latin,yes,,1
pl-717754998,Sacred Gate/Hiera Pyle,hiera pyle,latin,yes,,1
pl-717754998,Sacred Gate/Hiera Pyle,Ιερα πυλη,greek,yes,,1
pl-717754998,Sacred Gate/Hiera Pyle,Ἱερὰ πύλη,greek,yes,,1
pl-580101,Salamis (island),Salamis,latin,,names 2 places in this box,2
pl-580101,Salamis (island),Salamis (island),latin,yes,,1
pl-580100,Salamis (settlement),Ambelaki,latin,yes,,1
pl-580100,Salamis (settlement),Ambelakia,latin,yes,,1
pl-580100,Salamis (settlement),Ampelakia,latin,yes,,1
pl-580100,Salamis (settlement),Salamis,latin,,names 2 places in this box,2
pl-580100,Salamis (settlement),Salamis (settlement),latin,yes,,1
pl-580100,Salamis (settlement),Αμπελάκια,greek,yes,,1
pl-580100,Salamis (settlement),Αμπελακια,greek,yes,,1
pl-629239338,Salamis sea-fight tumulus (Salamis) ,Salamis sea-fight tumulus (Salamis),latin,yes,,1
pl-541088,Salganeus,Salganeus,latin,yes,,1
pl-678427807,Saliagos,Nisida Saliagkos,latin,yes,,1
pl-678427807,Saliagos,Nisída Sáliagkos,latin,yes,,1
pl-678427807,Saliagos,Saliagos,latin,yes,,1
pl-678427807,Saliagos,Νησίδα Σάλιαγκος,greek,yes,,1
pl-678427807,Saliagos,Νησιδα Σαλιαγκος,greek,yes,,1
pl-939076786,Sanctuaries of Apollo Deiradiotes and Athena Oxyderkes,Sanctuaries of Apollo Deiradiotes and Athena Oxyderkes,latin,yes,,1
pl-865726154,Sanctuary at Agios Konstantinos (Methana),Sanctuary at Agios Konstantinos (Methana),latin,yes,,1
pl-965050506,Sanctuary of Aglauros,Aglaurou temenos,latin,yes,,1
pl-965050506,Sanctuary of Aglauros,Aglaúrou témenos,latin,yes,,1
pl-965050506,Sanctuary of Aglauros,Sanctuary of Aglauros,latin,yes,,1
pl-965050506,Sanctuary of Aglauros,hieron tes Aglaurou,latin,yes,,1
pl-965050506,Sanctuary of Aglauros,hieròn tēs Aglaúrou,latin,yes,,1
pl-965050506,Sanctuary of Aglauros,Αγλαυρου τεμενος,greek,yes,,1
pl-965050506,Sanctuary of Aglauros,ιερον της Αγλαυρου,greek,yes,,1
pl-965050506,Sanctuary of Aglauros,Ἀγλαύρου τέμενος,greek,yes,,1
pl-965050506,Sanctuary of Aglauros,ἱερὸν τῆς Ἀγλαύρου,greek,yes,,1
pl-122735558,Sanctuary of Akamas,Sanctuary of Akamas,latin,yes,,1
pl-122735558,Sanctuary of Akamas,hieron tou Akamantos,latin,yes,,1
pl-122735558,Sanctuary of Akamas,hieròn toû Akámantos,latin,yes,,1
pl-122735558,Sanctuary of Akamas,ιερον του Ακαμαντος,greek,yes,,1
pl-122735558,Sanctuary of Akamas,ἱερὸν τοῦ Ἀκάμαντος,greek,yes,,1
pl-122735559,Sanctuary of Amynos and Asklepios,Amyneion,latin,yes,,1
pl-122735559,Sanctuary of Amynos and Asklepios,Sanctuary of Amynos and Asklepios,latin,yes,,1
pl-122735559,Sanctuary of Amynos and Asklepios,hieron tou Amunou kai Asklepiou,latin,yes,,1
pl-122735559,Sanctuary of Amynos and Asklepios,hieròn toû Amúnou kaì Asklepioû,latin,yes,,1
pl-122735559,Sanctuary of Amynos and Asklepios,ιερον του Αμυνου και Ασκληπιου,greek,yes,,1
pl-122735559,Sanctuary of Amynos and Asklepios,ἱερὸν τοῦ Ἀμύνου καὶ Ἀσκληπιοῦ,greek,yes,,1
pl-435244729,Sanctuary of Aphrodite Ourania,Altar and sanctuary of Aphrodite Ourania,latin,yes,,1
pl-435244729,Sanctuary of Aphrodite Ourania,Sanctuary of Aphrodite Ourania,latin,yes,,1
pl-435244729,Sanctuary of Aphrodite Ourania,hieron Aphrodites Ouranias,latin,yes,,1
pl-435244729,Sanctuary of Aphrodite Ourania,hieròn Aphrodítēs Ouranías,latin,yes,,1
pl-435244729,Sanctuary of Aphrodite Ourania,ιερον Αφροδιτης Ουρανιας,greek,yes,,1
pl-435244729,Sanctuary of Aphrodite Ourania,ἱερὸν Ἀφροδίτης Οὐρανίας,greek,yes,,1
pl-365016220,Sanctuary of Aphrodite Pandemos,Aphrodites pandemou hieron,latin,yes,,1
pl-365016220,Sanctuary of Aphrodite Pandemos,Aphrodítēs pandḗmou hierón,latin,yes,,1
pl-365016220,Sanctuary of Aphrodite Pandemos,Sanctuary of Aphrodite Pandemos,latin,yes,,1
pl-365016220,Sanctuary of Aphrodite Pandemos,Αφροδιτης πανδημου ιερον,greek,yes,,1
pl-365016220,Sanctuary of Aphrodite Pandemos,Ἀφροδίτης πανδήμου ἱερόν,greek,yes,,1
pl-831413464,Sanctuary of Aphrodite/Isis,Aphrodites en hippoluteioi,latin,yes,,1
pl-831413464,Sanctuary of Aphrodite/Isis,Eiseion,latin,yes,,1
pl-831413464,Sanctuary of Aphrodite/Isis,Sanctuary of Aphrodite/Isis,latin,yes,,1
pl-831413464,Sanctuary of Aphrodite/Isis,Sanctuary of Isis,latin,yes,,1
pl-831413464,Sanctuary of Aphrodite/Isis,Αφροδιτες εν ℎιππολυτειοι,greek,yes,,1
pl-831413464,Sanctuary of Aphrodite/Isis,Εισειον,greek,yes,,1
pl-831413464,Sanctuary of Aphrodite/Isis,Εἰσεῖον,greek,yes,,1
pl-831413464,Sanctuary of Aphrodite/Isis,Ἀφροδίτες ἐν ℎιππολυτείοι,greek,yes,,1
pl-73644851,Sanctuary of Apollo,Sanctuary of Apollo,latin,yes,,1
pl-116141527,"Sanctuary of Apollo Ismenios, Thebes","Sanctuary of Apollo Ismenios, Thebes",latin,yes,,1
pl-804115670,Sanctuary of Apollo Pythios,Sanctuary of Apollo Pythios,latin,yes,,1
pl-448145858,Sanctuary of Apollo at Halieis,Sanctuary of Apollo at Halieis,latin,yes,,1
pl-599506,Sanctuary of Apollo on Delos,Apollo,latin,,names 7 places in this box,7
pl-599506,Sanctuary of Apollo on Delos,Sanctuary of Apollo on Delos,latin,yes,,1
pl-599506,Sanctuary of Apollo on Delos,T.,latin,,names 43 places in this box,43
pl-42368654,Sanctuary of Artemis Aristoboule,Sanctuary of Artemis Aristoboule,latin,yes,,1
pl-573299847,Sanctuary of Artemis Brauronia on the Acropolis,Artemidos Brauronias hieron,latin,yes,,1
pl-573299847,Sanctuary of Artemis Brauronia on the Acropolis,Artémidos Braurōnías hierón,latin,yes,,1
pl-573299847,Sanctuary of Artemis Brauronia on the Acropolis,Sanctuary of Artemis Brauronia,latin,yes,,1
pl-573299847,Sanctuary of Artemis Brauronia on the Acropolis,Sanctuary of Artemis Brauronia on the Acropolis,latin,yes,,1
pl-573299847,Sanctuary of Artemis Brauronia on the Acropolis,Αρτεμιδος Βραυρωνιας ιερον,greek,yes,,1
pl-573299847,Sanctuary of Artemis Brauronia on the Acropolis,Ἀρτέμιδος Βραυρωνίας ἱερόν,greek,yes,,1
pl-287975074,Sanctuary of Artemis Limnatis at Messene,Sanctuary of Artemis Limnatis at Messene,latin,yes,,1
pl-287975074,Sanctuary of Artemis Limnatis at Messene,Tempel der Artemis Limnatis,latin,,names 2 places in this box,2
pl-570120,Sanctuary of Artemis Limnatis in the Taygetos,Artemis Limnatis,latin,yes,,1
pl-570120,Sanctuary of Artemis Limnatis in the Taygetos,Limnatis Artemis,latin,yes,,1
pl-570120,Sanctuary of Artemis Limnatis in the Taygetos,Sanctuary of Artemis Limnatis in the Taygetos,latin,yes,,1
pl-570120,Sanctuary of Artemis Limnatis in the Taygetos,T.,latin,,names 43 places in this box,43
pl-570120,Sanctuary of Artemis Limnatis in the Taygetos,Tempel der Artemis Limnatis,latin,,names 2 places in this box,2
pl-570120,Sanctuary of Artemis Limnatis in the Taygetos,Λιμνάτις Άρτεμις,greek,yes,,1
pl-570120,Sanctuary of Artemis Limnatis in the Taygetos,Λιμνατις Αρτεμις,greek,yes,,1
pl-380378608,Sanctuary of Artemis Munychia (Piraeus),Mounychias naos Artemidos,latin,yes,,1
pl-380378608,Sanctuary of Artemis Munychia (Piraeus),Sanctuary of Artemis Munychia (Piraeus),latin,yes,,1
pl-380378608,Sanctuary of Artemis Munychia (Piraeus),hieron Mounychias Artemidos,latin,yes,,1
pl-380378608,Sanctuary of Artemis Munychia (Piraeus),hieròn Mounychías Artémidos,latin,yes,,1
pl-380378608,Sanctuary of Artemis Munychia (Piraeus),Μουνυχίας ναὸς Ἀρτέμιδος,greek,yes,,1
pl-380378608,Sanctuary of Artemis Munychia (Piraeus),Μουνυχιας ναος Αρτεμιδος,greek,yes,,1
pl-380378608,Sanctuary of Artemis Munychia (Piraeus),ιερον Μουνιχιας Αρτεμιδος,greek,yes,,1
pl-380378608,Sanctuary of Artemis Munychia (Piraeus),ἱερὸν Μουνιχίας Ἀρτέμιδος,greek,yes,,1
pl-643083926,Sanctuary of Artemis Soteira in the Kerameikos,Hekateion,latin,yes,,1
pl-643083926,Sanctuary of Artemis Soteira in the Kerameikos,Sanctuary of Artemis Soteira,latin,yes,,1
pl-643083926,Sanctuary of Artemis Soteira in the Kerameikos,Sanctuary of Artemis Soteira in the Kerameikos,latin,yes,,1
pl-954340915,Sanctuary of Asklepios at Athens,Asclepeion,latin,yes,,1
pl-954340915,Sanctuary of Asklepios at Athens,Asklepieion,latin,,names 4 places in this box,4
pl-954340915,Sanctuary of Asklepios at Athens,Sanctuary of Asklepios at Athens,latin,yes,,1
pl-954340915,Sanctuary of Asklepios at Athens,Ασκληπιειον,greek,,names 2 places in this box,2
pl-954340915,Sanctuary of Asklepios at Athens,Ἀσκληπιεῖον,greek,,names 2 places in this box,2
pl-570127,Sanctuary of Asklepios at Epidauros,Asklepieion,latin,,names 4 places in this box,4
pl-570127,Sanctuary of Asklepios at Epidauros,Sanctuary of Asklepios at Epidauros,latin,yes,,1
pl-570127,Sanctuary of Asklepios at Epidauros,T.,latin,,names 43 places in this box,43
pl-894656845,Sanctuary of Athena Chalkioikos,Sanctuary of Athena Chalkioikos,latin,yes,,1
pl-894656845,Sanctuary of Athena Chalkioikos,ieron tis chalkioikou,latin,yes,,1
pl-894656845,Sanctuary of Athena Chalkioikos,ierón tís chalkioíkou,latin,yes,,1
pl-894656845,Sanctuary of Athena Chalkioikos,ιερον της Χαλκιοικου,greek,yes,,1
pl-894656845,Sanctuary of Athena Chalkioikos,ἱερὸν τῆς Χαλκιοίκου,greek,yes,,1
pl-130769474,Sanctuary of Athena Hygieia,Sanctuary of Athena Hygieia,latin,yes,,1
pl-130769474,Sanctuary of Athena Hygieia,agalma tes Hugieias Athenas,latin,yes,,1
pl-130769474,Sanctuary of Athena Hygieia,agalma tes Hygieias Athenas,latin,yes,,1
pl-130769474,Sanctuary of Athena Hygieia,ágalma tês Hugieías Athenâs,latin,yes,,1
pl-130769474,Sanctuary of Athena Hygieia,αγαλμα της Υγιειας Αθηνας,greek,yes,,1
pl-130769474,Sanctuary of Athena Hygieia,ἄγαλμα τῆς Ὑγιείας Ἀθηνᾶς,greek,yes,,1
pl-540677,Sanctuary of Athena Itonia,Athena Itonia,latin,,names 2 places in this box,2
pl-540677,Sanctuary of Athena Itonia,"Athena Itonia, T.",latin,yes,,1
pl-540677,Sanctuary of Athena Itonia,Filia,latin,yes,,1
pl-540677,Sanctuary of Athena Itonia,Filía,latin,,too short to search,1
pl-540677,Sanctuary of Athena Itonia,Itonion,latin,,names 2 places in this box,2
pl-540677,Sanctuary of Athena Itonia,Philia Karditsis,latin,yes,,1
pl-540677,Sanctuary of Athena Itonia,Sanctuary of Athena Itonia,latin,yes,,1
pl-540677,Sanctuary of Athena Itonia,Φιλία,greek,yes,,1
pl-540677,Sanctuary of Athena Itonia,Φιλια,greek,yes,,1
pl-278568881,Sanctuary of Bendis,Sanctuary of Bendis,latin,yes,,1
pl-29727643,Sanctuary of Despoina at Lykosoura,Sanctuary of Despoina at Lykosoura,latin,yes,,1
pl-29727643,Sanctuary of Despoina at Lykosoura,Sanctuary of the Mistress at Lykosoura,latin,yes,,1
pl-982593692,Sanctuary of Dionysos,Sanctuary of Dionysos,latin,yes,,1
pl-271533805,Sanctuary of Dionysus (Sicyon),Dionysou Naos,latin,yes,,1
pl-271533805,Sanctuary of Dionysus (Sicyon),Sanctuary of Dionysus (Sicyon),latin,yes,,1
pl-271533805,Sanctuary of Dionysus (Sicyon),Διονυσου ναος,greek,yes,,1
pl-271533805,Sanctuary of Dionysus (Sicyon),Διονύσου ναός,greek,yes,,1
pl-570216,Sanctuary of Eleusinian Demeter in Laconia,Eleusinion,latin,,names 2 places in this box,2
pl-570216,Sanctuary of Eleusinian Demeter in Laconia,Kalyvia Sochas,latin,yes,,1
pl-570216,Sanctuary of Eleusinian Demeter in Laconia,Kalyvia Sokhas,latin,yes,,1
pl-570216,Sanctuary of Eleusinian Demeter in Laconia,Kalývia Sokhás,latin,yes,,1
pl-570216,Sanctuary of Eleusinian Demeter in Laconia,Sanctuary of Eleusinian Demeter in Laconia,latin,yes,,1
pl-570216,Sanctuary of Eleusinian Demeter in Laconia,Καλυβια Σοχας,greek,yes,,1
pl-570216,Sanctuary of Eleusinian Demeter in Laconia,Καλύβια Σοχάς,greek,yes,,1
pl-925585578,Sanctuary of Eros and Aphrodite,Sanctuary of Eros and Aphrodite,latin,yes,,1
pl-496501628,Sanctuary of Herakles Hippodetos,Herakleous hieron mega epikleisin Hippodetou,latin,yes,,1
pl-496501628,Sanctuary of Herakles Hippodetos,Sanctuary of Herakles Hippodetos,latin,yes,,1
pl-496501628,Sanctuary of Herakles Hippodetos,Ηρακλεους ιερον μεγα επικλησιν Ιπποδετου,greek,yes,,1
pl-496501628,Sanctuary of Herakles Hippodetos,Ἡρακλέους ἱερὸν μέγα ἐπίκλησιν Ἱπποδέτου,greek,yes,,1
pl-249767014,Sanctuary of Kalliste,Sanctuary of Kalliste,latin,yes,,1
pl-249767014,Sanctuary of Kalliste,hieron tes Kallistes,latin,yes,,1
pl-249767014,Sanctuary of Kalliste,hieròn tēs Kallístēs,latin,yes,,1
pl-249767014,Sanctuary of Kalliste,peribolos Artemidos,latin,yes,,1
pl-249767014,Sanctuary of Kalliste,períbolos Artémidos,latin,yes,,1
pl-249767014,Sanctuary of Kalliste,ιερον της Καλλιστης,greek,yes,,1
pl-249767014,Sanctuary of Kalliste,περίβολος Ἀρτέμιδος,greek,yes,,1
pl-249767014,Sanctuary of Kalliste,περιβολος Αρτεμιδος,greek,yes,,1
pl-249767014,Sanctuary of Kalliste,ἱερὸν τῆς Καλλίστης,greek,yes,,1
pl-935764097,"Sanctuary of Kodros, Neleus and Basile at Athens",Sanctuary of Kodros and Neleus and Basile,latin,yes,,1
pl-935764097,"Sanctuary of Kodros, Neleus and Basile at Athens","Sanctuary of Kodros, Neleus and Basile at Athens",latin,yes,,1
pl-935764097,"Sanctuary of Kodros, Neleus and Basile at Athens",ℎιερον το Κοδρο και το Νελεος και τες Βασιλες,greek,yes,,1
pl-935764097,"Sanctuary of Kodros, Neleus and Basile at Athens",ℎιερὸν το͂ Κόδρο καὶ το͂ Νελέος καὶ τε͂ς Βασίλες,greek,yes,,1
pl-160459928,Sanctuary of Metaneira,Sanctuary of Metaneira,latin,yes,,1
pl-160459928,Sanctuary of Metaneira,hieron Metaneiras,latin,yes,,1
pl-160459928,Sanctuary of Metaneira,hieron Metneiras,latin,yes,,1
pl-160459928,Sanctuary of Metaneira,hieròn Metneiras,latin,yes,,1
pl-160459928,Sanctuary of Metaneira,ιερον Μετανειρας,greek,yes,,1
pl-160459928,Sanctuary of Metaneira,ἱερὸν Μετανείρας,greek,yes,,1
pl-343393024,Sanctuary of Palaimon (Palaimonium),Sanctuary of Palaimon (Palaimonium),latin,yes,,1
pl-308818183,Sanctuary of Pankrates,Pankrates-Heiligtum,latin,yes,,1
pl-308818183,Sanctuary of Pankrates,Sanctuary of Pankrates,latin,yes,,1
pl-925825063,Sanctuary of Phrontis(?),Sanctuary of Phrontis(?),latin,yes,,1
pl-162490152,Sanctuary of Poseidon (Onchestos),Sanctuary of Poseidon (Onchestos),latin,yes,,1
pl-162490152,Sanctuary of Poseidon (Onchestos),naos kai agalma Poseidonos Onchestiouναος και αγαλμα Ποσειδωνος Ογχηστιου,greek,yes,,1
pl-162490152,Sanctuary of Poseidon (Onchestos),naos kai agalma Poseidonos Onchestiouναός καὶ ἄγαλμα Ποσειδῶνος Ὀγχηστίου,greek,yes,,1
pl-162490152,Sanctuary of Poseidon (Onchestos),ναος και αγαλμα Ποσειδωνος Ογχηστιου,greek,yes,,1
pl-162490152,Sanctuary of Poseidon (Onchestos),ναός καὶ ἄγαλμα Ποσειδῶνος Ὀγχηστίου,greek,yes,,1
pl-252314017,Sanctuary of Poseidon Hippios (Mantineia),Sanctuary of Poseidon Hippios (Mantineia),latin,yes,,1
pl-705163201,"Sanctuary of Poseidon at Kalaureia, Poros",Sanctuary of Poseidon at Kalaureia,latin,yes,,1
pl-705163201,"Sanctuary of Poseidon at Kalaureia, Poros","Sanctuary of Poseidon at Kalaureia, Poros",latin,yes,,1
pl-541078,Sanctuary of Ptoan Apollo,Apollonos Ptoon to hieron,latin,yes,,1
pl-541078,Sanctuary of Ptoan Apollo,Apollonos Ptōon to hieron,latin,yes,,1
pl-541078,Sanctuary of Ptoan Apollo,Ptoios,latin,yes,,1
pl-541078,Sanctuary of Ptoan Apollo,"Ptoios, T.",latin,yes,,1
pl-541078,Sanctuary of Ptoan Apollo,Sanctuary of Ptoan Apollo,latin,yes,,1
pl-541078,Sanctuary of Ptoan Apollo,T.,latin,,names 43 places in this box,43
pl-541078,Sanctuary of Ptoan Apollo,Απολλωνος Πτωου το ιερον,greek,yes,,1
pl-541078,Sanctuary of Ptoan Apollo,Ἀπόλλωνός Πτώου τὸ ἱερόν,greek,yes,,1
pl-658982769,Sanctuary of Themis,Sanctuary of Themis,latin,yes,,1
pl-658982769,Sanctuary of Themis,Themidos naos,latin,yes,,1
pl-658982769,Sanctuary of Themis,Θέμιδος ναός,greek,yes,,1
pl-658982769,Sanctuary of Themis,Θεμιδος ναος,greek,yes,,1
pl-526009671,Sanctuary of Zeus Aphesios (Megarid),Dios Aphesiou naos,latin,yes,,1
pl-526009671,Sanctuary of Zeus Aphesios (Megarid),Diós Aphesíou naós,latin,yes,,1
pl-526009671,Sanctuary of Zeus Aphesios (Megarid),Sanctuary of Zeus Aphesios (Megarid),latin,yes,,1
pl-526009671,Sanctuary of Zeus Aphesios (Megarid),Διος Αφεσιου ναος,greek,yes,,1
pl-526009671,Sanctuary of Zeus Aphesios (Megarid),Διός Ἀφεσίου ναός,greek,yes,,1
pl-570764,Sanctuary of Zeus Lykaios,Sanctuary of Zeus Lykaios,latin,yes,,1
pl-570764,Sanctuary of Zeus Lykaios,T.,latin,,names 43 places in this box,43
pl-570764,Sanctuary of Zeus Lykaios,Zeus Lykaios,latin,yes,,1
pl-570764,Sanctuary of Zeus Lykaios,"Zeus Lykaios, T.",latin,yes,,1
pl-982681751,Sanctuary of the Dioscouri at Athens,Anakeion,latin,yes,,1
pl-982681751,Sanctuary of the Dioscouri at Athens,Sanctuary of the Dioscouri at Athens,latin,yes,,1
pl-982681751,Sanctuary of the Dioscouri at Athens,Ανακειον,greek,yes,,1
pl-982681751,Sanctuary of the Dioscouri at Athens,Ἀνάκειον,greek,yes,,1
pl-887311735,Sanctuary of the Egyptian gods (Nea Makri),Sanctuary of the Egyptian gods (Nea Makri),latin,yes,,1
pl-540951,Sanctuary of the Muses,Musae Heliconiae,latin,yes,,1
pl-540951,Sanctuary of the Muses,Sanctuary of the Muses,latin,yes,,1
pl-540951,Sanctuary of the Muses,T.,latin,,names 43 places in this box,43
pl-407584240,Sanctuary of the People and Graces,Sanctuary of Demos and the Charites,latin,yes,,1
pl-407584240,Sanctuary of the People and Graces,Sanctuary of the People and Graces,latin,yes,,1
pl-407584240,Sanctuary of the People and Graces,to temenos tou Demou kai ton Chariton,latin,yes,,1
pl-407584240,Sanctuary of the People and Graces,tò témenos toû Dḗmou kaì tōn Charítōn,latin,yes,,1
pl-407584240,Sanctuary of the People and Graces,το τεμενος του Δημου και των Χαριτων,greek,yes,,1
pl-407584240,Sanctuary of the People and Graces,τὸ τέμενος τοῦ Δήμου καὶ τῶν Χαρίτων,greek,yes,,1
pl-267762471,Sarakenos Cave,Sarakenos Cave,latin,yes,,1
pl-267762471,Sarakenos Cave,Sarakinos Cave,latin,yes,,1
pl-732220285,Sarapieion A,Sarapieion A,latin,yes,,1
pl-732220284,Sarapieion C at Delos,Sarapieion C at Delos,latin,yes,,1
pl-570654,Saronicus Sinus,Salaminiakos Kolpos,latin,yes,,1
pl-570654,Saronicus Sinus,Saronic Gulf,latin,yes,,1
pl-570654,Saronicus Sinus,Saronicus Sinus,latin,yes,,1
pl-570654,Saronicus Sinus,Saronikos kolpos,latin,yes,,1
pl-570654,Saronicus Sinus,Saronikós kólpos,latin,yes,,1
pl-570654,Saronicus Sinus,sinus Saronicus,latin,yes,,1
pl-570654,Saronicus Sinus,Σαλαμινιακος κολπος,greek,yes,,1
pl-570654,Saronicus Sinus,Σαλαμινιακὸς κόλπος,greek,yes,,1
pl-570654,Saronicus Sinus,Σαρωνικος κολπος,greek,yes,,1
pl-570654,Saronicus Sinus,Σαρωνικός κόλπος,greek,yes,,1
pl-541089,Scandira (island),Scandira,latin,yes,,1
pl-541089,Scandira (island),Scandira (island),latin,yes,,1
pl-541090,Schedia?,Schedia,latin,yes,,1
pl-541090,Schedia?,Schedia?,latin,yes,,1
pl-599928,Schinoussa (island),Schinoussa,latin,yes,,1
pl-599928,Schinoussa (island),Schinoussa (island),latin,yes,,1
pl-570656,Schoino(u)s,Schoino(u)s,latin,yes,,1
pl-570656,Schoino(u)s,Schoinos,latin,,names 2 places in this box,2
pl-570656,Schoino(u)s,Schoinous,latin,yes,,1
pl-541091,Schoinos,Schoinos,latin,,names 2 places in this box,2
pl-541093,Scyrus (island),Scyrus,latin,yes,,1
pl-541093,Scyrus (island),Scyrus (island),latin,yes,,1
pl-580103,Selenia,Selenia,latin,yes,,1
pl-570660,Selinous,Selinous,latin,,names 3 places in this box,3
pl-541094,Selinous,Selinous,latin,,names 3 places in this box,3
pl-570661,Selinous (river),Selinous,latin,,names 3 places in this box,3
pl-570661,Selinous (river),Selinous (river),latin,yes,,1
pl-570661,Selinous (river),Σελινους,greek,yes,,1
pl-570661,Selinous (river),Σελινοῦς,greek,yes,,1
pl-570662,Sellasia,Sellasia,latin,yes,,1
pl-570662,Sellasia,Σελλασία,greek,yes,,1
pl-570662,Sellasia,Σελλασια,greek,yes,,1
pl-570664,Selleis? (river),Selleis,latin,yes,,1
pl-570664,Selleis? (river),Selleis? (river),latin,yes,,1
pl-570664,Selleis? (river),Σελλήεις,greek,yes,,1
pl-570664,Selleis? (river),Σελληεις,greek,yes,,1
pl-580104,Semachidai?,Semachidai,latin,yes,,1
pl-580104,Semachidai?,Semachidai?,latin,yes,,1
pl-580104,Semachidai?,Sēmachídai,latin,yes,,1
pl-580104,Semachidai?,Σημαχίδαι,greek,yes,,1
pl-580104,Semachidai?,Σημαχιδαι,greek,yes,,1
pl-59196349,Serapieion B at Delos,Serapieion B at Delos,latin,yes,,1
pl-541098,"Serapis, T.",Serapis,latin,yes,,1
pl-541098,"Serapis, T.","Serapis, T.",latin,yes,,1
pl-541098,"Serapis, T.",T.,latin,,names 43 places in this box,43
pl-590044,Seriphos (island),Nisos Serifos,latin,yes,,1
pl-590044,Seriphos (island),Nísos Sérifos,latin,yes,,1
pl-590044,Seriphos (island),Seriphos,latin,,names 2 places in this box,2
pl-590044,Seriphos (island),Seriphos (island),latin,yes,,1
pl-590044,Seriphos (island),Seriphus,latin,yes,,1
pl-590044,Seriphos (island),Sériphos,latin,yes,,1
pl-590044,Seriphos (island),Νήσος Σέριφος,greek,yes,,1
pl-590044,Seriphos (island),Νησος Σεριφος,greek,yes,,1
pl-590044,Seriphos (island),Σέριφος,greek,yes,,1
pl-590044,Seriphos (island),Σεριφος,greek,yes,,1
pl-590043,Seriphos (settlement),Seriphos,latin,,names 2 places in this box,2
pl-590043,Seriphos (settlement),Seriphos (settlement),latin,yes,,1
pl-937883502,Sesklo,Sesklo,latin,yes,,1
pl-546484819,Shrine of Dionysos,Dionysos Schrein,latin,yes,,1
pl-546484819,Shrine of Dionysos,Shrine of Dionysos,latin,yes,,1
pl-570668,Sicyon/Demetrias,Aigialeia,latin,yes,,1
pl-570668,Sicyon/Demetrias,Demetrias,latin,,names 2 places in this box,2
pl-570668,Sicyon/Demetrias,Mekora,latin,yes,,1
pl-570668,Sicyon/Demetrias,Sicyon,latin,yes,,1
pl-570668,Sicyon/Demetrias,Sicyon/Demetrias,latin,yes,,1
pl-570668,Sicyon/Demetrias,Vasiliko,latin,yes,,1
pl-541099,Side,Side,latin,,too short to search,1
pl-570670,Sidero,Sidero,latin,yes,,1
pl-570671,Sidous,Sidous,latin,yes,,1
pl-570671,Sidous,Sousaki,latin,yes,,1
pl-541100,Sigditsa,Sigditsa,latin,yes,,1
pl-585959,Sikelia hill,Sikelia,latin,yes,,1
pl-585959,Sikelia hill,Sikelia hill,latin,yes,,1
pl-585959,Sikelia hill,Σικελία,greek,yes,,1
pl-585959,Sikelia hill,Σικελια,greek,yes,,1
pl-590047,Sikinos (island),Sikinos,latin,,names 2 places in this box,2
pl-590047,Sikinos (island),Sikinos (island),latin,yes,,1
pl-590047,Sikinos (island),Σίκινος,greek,yes,,1
pl-590047,Sikinos (island),Σικινος,greek,yes,,1
pl-590046,Sikinos (settlement),Agia Marina,latin,,names 2 places in this box,2
pl-590046,Sikinos (settlement),Hagia Marina,latin,yes,,1
pl-590046,Sikinos (settlement),Sikinos,latin,,names 2 places in this box,2
pl-590046,Sikinos (settlement),Sikinos (settlement),latin,yes,,1
pl-590046,Sikinos (settlement),Αγία Μαρίνα,greek,,names 2 places in this box,2
pl-590046,Sikinos (settlement),Αγια Μαρινα,greek,,names 2 places in this box,2
pl-503211161,Silver Mine at Thorikos,Silver Mine at Thorikos,latin,yes,,1
pl-541101,Sindouka,Sindouka,latin,yes,,1
pl-541102,Siphai/Tipha,Siphai,latin,yes,,1
pl-541102,Siphai/Tipha,Siphai/Tipha,latin,yes,,1
pl-541102,Siphai/Tipha,Tipha,latin,yes,,1
pl-541102,Siphai/Tipha,Σιφαι,greek,yes,,1
pl-541102,Siphai/Tipha,Σῖφαι,greek,yes,,1
pl-541102,Siphai/Tipha,Τίφα,greek,,too short to search,1
pl-541102,Siphai/Tipha,Τιφα,greek,,too short to search,1
pl-590049,Siphnos (island),Acis,latin,,too short to search,1
pl-590049,Siphnos (island),Meropia,latin,yes,,1
pl-590049,Siphnos (island),Meropía,latin,yes,,1
pl-590049,Siphnos (island),Nisi Sifnos,latin,yes,,1
pl-590049,Siphnos (island),Nisí Sífnos,latin,yes,,1
pl-590049,Siphnos (island),Siphnos,latin,,names 3 places in this box,3
pl-590049,Siphnos (island),Siphnos (island),latin,yes,,1
pl-590049,Siphnos (island),Siphnos Ins.,latin,yes,,1
pl-590049,Siphnos (island),Siphnos Insula,latin,yes,,1
pl-590049,Siphnos (island),Siphnus,latin,yes,,1
pl-590049,Siphnos (island),Síphnos,latin,yes,,1
pl-590049,Siphnos (island),Σίφνος,greek,,names 2 places in this box,2
pl-590049,Siphnos (island),Σιφνος,greek,,names 2 places in this box,2
pl-590048,Siphnos (settlement),Kastro,latin,yes,,1
pl-590048,Siphnos (settlement),Kastron,latin,yes,,1
pl-590048,Siphnos (settlement),Kástro,latin,yes,,1
pl-590048,Siphnos (settlement),Kástron,latin,yes,,1
pl-590048,Siphnos (settlement),Siphnos,latin,,names 3 places in this box,3
pl-590048,Siphnos (settlement),Siphnos (settlement),latin,yes,,1
pl-590048,Siphnos (settlement),Κάστρο,greek,yes,,1
pl-590048,Siphnos (settlement),Καστρο,greek,yes,,1
pl-590048,Siphnos (settlement),Σίφνος,greek,,names 2 places in this box,2
pl-590048,Siphnos (settlement),Σιφνος,greek,,names 2 places in this box,2
pl-582865,Skambonidai,Skambonidai,latin,yes,,1
pl-582865,Skambonidai,Skambōnídai,latin,yes,,1
pl-582865,Skambonidai,Σκαμβωνίδαι,greek,yes,,1
pl-582865,Skambonidai,Σκαμβωνιδαι,greek,yes,,1
pl-309176138,Skarkos Hill,Skarkos Hill,latin,yes,,1
pl-541103,Skarpheia,Scarpias,latin,yes,,1
pl-541103,Skarpheia,Skarpheia,latin,yes,,1
pl-541103,Skarpheia,Σκάρφεια,greek,yes,,1
pl-541103,Skarpheia,Σκαρφεια,greek,yes,,1
pl-541104,Skiathos (settlement),Skiathos,latin,,names 2 places in this box,2
pl-541104,Skiathos (settlement),Skiathos (settlement),latin,yes,,1
pl-541092,Skiathos/Sciathus (island),Sciathus,latin,yes,,1
pl-541092,Skiathos/Sciathus (island),Skiathos,latin,,names 2 places in this box,2
pl-541092,Skiathos/Sciathus (island),Skiathos/Sciathus (island),latin,yes,,1
pl-541092,Skiathos/Sciathus (island),Skíathos,latin,yes,,1
pl-541092,Skiathos/Sciathus (island),Σκίαθος,greek,yes,,1
pl-541092,Skiathos/Sciathus (island),Σκιαθος,greek,yes,,1
pl-570675,Skiritis,Skiritis,latin,yes,,1
pl-541106,Skolos,Skolos,latin,yes,,1
pl-541106,Skolos,Σκωλος,greek,yes,,1
pl-541106,Skolos,Σκῶλος,greek,yes,,1
pl-570678,Skotitas,Skotina,latin,yes,,1
pl-570678,Skotitas,Skotitas,latin,yes,,1
pl-541107,Skotoussa (Thessaly),Skotossaios,latin,yes,,1
pl-541107,Skotoussa (Thessaly),Skotoussa,latin,yes,,1
pl-541107,Skotoussa (Thessaly),Skotoussa (Thessaly),latin,yes,,1
pl-541107,Skotoussa (Thessaly),Σκοτοσσαιος,greek,yes,,1
pl-541107,Skotoussa (Thessaly),Σκοτοσσαῖος,greek,yes,,1
pl-541107,Skotoussa (Thessaly),Σκοτουσσα,greek,yes,,1
pl-541107,Skotoussa (Thessaly),Σκοτούσσα,greek,yes,,1
pl-570679,Skyllaion (promontory),Akra Spathi,latin,yes,,1
pl-570679,Skyllaion (promontory),Cape Spathi,latin,yes,,1
pl-570679,Skyllaion (promontory),Skyllaion (promontory),latin,yes,,1
pl-570679,Skyllaion (promontory),Skyllaion Pr.,latin,yes,,1
pl-570679,Skyllaion (promontory),akra Skyllaion,latin,yes,,1
pl-570679,Skyllaion (promontory),Ákra Spathí,latin,yes,,1
pl-570679,Skyllaion (promontory),Άκρα Σπαθί,greek,yes,,1
pl-570679,Skyllaion (promontory),Ακρα Σπαθι,greek,yes,,1
pl-570679,Skyllaion (promontory),ακρα Σκυλλαιον,greek,yes,,1
pl-570679,Skyllaion (promontory),ἄκρα Σκυλλαῖον,greek,yes,,1
pl-486617494,Skyphoi sanctuary,Skyphoi sanctuary,latin,yes,,1
pl-541108,Skyros (settlement),Skyros,latin,yes,,1
pl-541108,Skyros (settlement),Skyros (settlement),latin,yes,,1
pl-541108,Skyros (settlement),Σκυρος,greek,yes,,1
pl-541108,Skyros (settlement),Σκῦρος,greek,yes,,1
pl-570680,Smenos (river),Smenos,latin,yes,,1
pl-570680,Smenos (river),Smenos (river),latin,yes,,1
pl-570681,Soleta,Soleta,latin,yes,,1
pl-570682,Solygeia,Solygeia,latin,yes,,1
pl-580106,Soros,Soros,latin,yes,,1
pl-580106,Soros,taphos Athenaion,latin,yes,,1
pl-580106,Soros,τάφος Ἀθηναίων,greek,yes,,1
pl-580106,Soros,ταφος Αθηναιων,greek,yes,,1
pl-541109,Sosthenis?,Sosthenis,latin,yes,,1
pl-541109,Sosthenis?,Sosthenis?,latin,yes,,1
pl-580108,Sounion (Attica: cape),Akra Sounio,latin,yes,,1
pl-580108,Sounion (Attica: cape),Akrotirio Sounio,latin,yes,,1
pl-580108,Sounion (Attica: cape),Akrotírio Soúnio,latin,yes,,1
pl-580108,Sounion (Attica: cape),Cape Colonna,latin,yes,,1
pl-580108,Sounion (Attica: cape),Colonna (Cape),latin,yes,,1
pl-580108,Sounion (Attica: cape),Kavo Kolones,latin,yes,,1
pl-580108,Sounion (Attica: cape),Kolonnes,latin,yes,,1
pl-580108,Sounion (Attica: cape),Kávo Kolónes,latin,yes,,1
pl-580108,Sounion (Attica: cape),Sounion (Attica: cape),latin,yes,,1
pl-580108,Sounion (Attica: cape),Sounion Pr.,latin,,names 3 places in this box,3
pl-580108,Sounion (Attica: cape),Sounion akron,latin,,names 2 places in this box,2
pl-580108,Sounion (Attica: cape),Ákra Soúnio,latin,yes,,1
pl-580108,Sounion (Attica: cape),Άκρα Σούνιο,greek,yes,,1
pl-580108,Sounion (Attica: cape),Ακρα Σουνιο,greek,yes,,1
pl-580108,Sounion (Attica: cape),Ακρωτήριο Σούνιο,greek,yes,,1
pl-580108,Sounion (Attica: cape),Ακρωτηριο Σουνιο,greek,yes,,1
pl-580108,Sounion (Attica: cape),Σουνιον ακρον,greek,,names 2 places in this box,2
pl-580108,Sounion (Attica: cape),Σούνιον ἄκρον,greek,,names 2 places in this box,2
pl-580107,Sounion (Attica: settlement and deme),Sounion,latin,,names 2 places in this box,2
pl-580107,Sounion (Attica: settlement and deme),Sounion (Attica: settlement and deme),latin,yes,,1
pl-580107,Sounion (Attica: settlement and deme),Σουνιον,greek,,names 2 places in this box,2
pl-580107,Sounion (Attica: settlement and deme),Σούνιον,greek,,names 2 places in this box,2
pl-599943,Sounion (Paros),Sounion (Paros),latin,yes,,1
pl-599943,Sounion (Paros),Sounion Pr.,latin,,names 3 places in this box,3
pl-599943,Sounion (Paros),Sounion akron,latin,,names 2 places in this box,2
pl-599943,Sounion (Paros),Σουνιον ακρον,greek,,names 2 places in this box,2
pl-599943,Sounion (Paros),Σούνιον ἄκρον,greek,,names 2 places in this box,2
pl-590057,Sounion? (Siphnos),Akra Filippos,latin,yes,,1
pl-590057,Sounion? (Siphnos),Akra Philippos,latin,yes,,1
pl-590057,Sounion? (Siphnos),Philippos (akra),latin,yes,,1
pl-590057,Sounion? (Siphnos),Sounion,latin,,names 2 places in this box,2
pl-590057,Sounion? (Siphnos),Sounion Pr.,latin,,names 3 places in this box,3
pl-590057,Sounion? (Siphnos),Sounion? (Siphnos),latin,yes,,1
pl-590057,Sounion? (Siphnos),Ákra Fílippos,latin,yes,,1
pl-590057,Sounion? (Siphnos),Άκρα Φίλιππος,greek,yes,,1
pl-590057,Sounion? (Siphnos),Ακρα Φιλιππος,greek,yes,,1
pl-590057,Sounion? (Siphnos),Σουνιον,greek,,names 2 places in this box,2
pl-590057,Sounion? (Siphnos),Σούνιον,greek,,names 2 places in this box,2
pl-567540780,South Slope Spring,South Slope Spring,latin,yes,,1
pl-710563473,South Square,South Square,latin,yes,,1
pl-730466010,South Stoa I,South Stoa I,latin,yes,,1
pl-792574637,South Stoa II,South Stoa II,latin,yes,,1
pl-885470680,Southeast Stoa,Southeast Stoa,latin,yes,,1
pl-124501558,Southeast fountain house,Enneakrounos,latin,,names 2 places in this box,2
pl-124501558,Southeast fountain house,Enneákrounos,latin,,names 2 places in this box,2
pl-124501558,Southeast fountain house,Southeast fountain house,latin,yes,,1
pl-124501558,Southeast fountain house,Sudostliches Brunnenhaus,latin,yes,,1
pl-124501558,Southeast fountain house,Südöstliches Brunnenhaus,latin,yes,,1
pl-124501558,Southeast fountain house,Εννεακρουνος,greek,,names 2 places in this box,2
pl-124501558,Southeast fountain house,Ἐννεάκρουνος,greek,,names 2 places in this box,2
pl-34983805,Southeast temple of the Athenian Agora,Southeast Temple,latin,yes,,1
pl-34983805,Southeast temple of the Athenian Agora,Southeast temple of the Athenian Agora,latin,yes,,1
pl-162463494,Southwest Temple in the Agora of Athens,Southwest Temple,latin,yes,,1
pl-162463494,Southwest Temple in the Agora of Athens,Southwest Temple in the Agora of Athens,latin,yes,,1
pl-935991896,Southwest fountain house,Southwest fountain house,latin,yes,,1
pl-541110,Spalauthra,Spalauthra,latin,yes,,1
pl-570685,Sparta,Lacedemone,latin,yes,,1
pl-570685,Sparta,Sparta,latin,yes,famous name — confirm the referent,1
pl-570685,Sparta,Sparti,latin,yes,,1
pl-570685,Sparta,Σπάρτη,greek,yes,,1
pl-570685,Sparta,Σπαρτη,greek,yes,,1
pl-541111,Spercheiai,Spercheiai,latin,yes,,1
pl-541112,Spercheios,Alemanna,latin,yes,,1
pl-541112,Spercheios,Ellada,latin,,names 2 places in this box,2
pl-541112,Spercheios,Elladha,latin,yes,,1
pl-541112,Spercheios,Elládha,latin,yes,,1
pl-541112,Spercheios,Hellada,latin,yes,,1
pl-541112,Spercheios,Spercheios,latin,yes,,1
pl-541112,Spercheios,Αλεμαννα,greek,yes,,1
pl-541112,Spercheios,Ελλαδα,greek,,names 2 places in this box,2
pl-541112,Spercheios,Σπερχειος,greek,yes,,1
pl-541112,Spercheios,Σπερχειός,greek,yes,,1
pl-541112,Spercheios,Ἀλεμάννα,greek,yes,,1
pl-541112,Spercheios,Ἑλλάδα,greek,yes,,1
pl-585963,Sphendale,Sphendale,latin,yes,,1
pl-585963,Sphendale,Σφενδάλη,greek,yes,,1
pl-585963,Sphendale,Σφενδαλη,greek,yes,,1
pl-580109,Sphettos,Sphettos,latin,yes,,1
pl-580109,Sphettos,Sphēttós,latin,yes,,1
pl-580109,Sphettos,Σφηττος,greek,yes,,1
pl-580109,Sphettos,Σφηττός,greek,yes,,1
pl-570688,Spiraion (promuntory),Piraeon,latin,yes,,1
pl-570688,Spiraion (promuntory),Spiraion (promuntory),latin,yes,,1
pl-570688,Spiraion (promuntory),Spiraion Pr.,latin,yes,,1
pl-570688,Spiraion (promuntory),Stiri,latin,yes,,1
pl-599944,Sporades (archipelago),Sporades,latin,yes,,1
pl-599944,Sporades (archipelago),Sporades (archipelago),latin,yes,,1
pl-230617790,Spring at Amphiareion,Spring at Amphiareion,latin,yes,,1
pl-841476129,Square Peristyle,Square Peristyle,latin,yes,,1
pl-570689,Sta Glastria,Sta Glastria,latin,yes,,1
pl-695542935,Stadium at Epidaurus,Stadium at Epidaurus,latin,yes,,1
pl-301013826,Stadium at Nemea,Stadium at Nemea,latin,yes,,1
pl-210745099,Stadium of Delos,Stadium of Delos,latin,yes,,1
pl-333036426,Stadium of Delphi,Stadium of Delphi,latin,yes,,1
pl-278785543,Stadium-Gymnasium Complex at Messene,Stadium-Gymnasium Complex at Messene,latin,yes,,1
pl-999238742,Statues of Harmodios and Aristogeiton,Harmodios kai Aristogeiton,latin,yes,,1
pl-999238742,Statues of Harmodios and Aristogeiton,Harmódios kaì Aristogeítōn,latin,yes,,1
pl-999238742,Statues of Harmodios and Aristogeiton,Statues of Harmodios and Aristogeiton,latin,yes,,1
pl-999238742,Statues of Harmodios and Aristogeiton,Αρμοδιος και Αριστογειτων,greek,yes,,1
pl-999238742,Statues of Harmodios and Aristogeiton,Ἁρμόδιος καὶ Ἀριστογείτων,greek,yes,,1
pl-580110,Steiria,Steiria,latin,yes,,1
pl-580110,Steiria,Στειρια,greek,yes,,1
pl-580110,Steiria,Στειριὰ,greek,yes,,1
pl-507121565,Stelida,Stelida,latin,yes,,1
pl-570690,Stenykleros (plain),Stenykleros,latin,yes,,1
pl-570690,Stenykleros (plain),Stenykleros (plain),latin,yes,,1
pl-541114,Stephon?,Stephon,latin,yes,,1
pl-541114,Stephon?,Stephon?,latin,yes,,1
pl-541113,Stiris/Steiris,Steirioi,latin,yes,,1
pl-541113,Stiris/Steiris,Steiris,latin,yes,,1
pl-541113,Stiris/Steiris,Stiris,latin,yes,,1
pl-541113,Stiris/Steiris,Stiris/Steiris,latin,yes,,1
pl-541113,Stiris/Steiris,Stirís,latin,yes,,1
pl-541113,Stiris/Steiris,Stîris,latin,yes,,1
pl-541113,Stiris/Steiris,Στειριοι,greek,yes,,1
pl-541113,Stiris/Steiris,Στιρίς,greek,yes,,1
pl-541113,Stiris/Steiris,Στιρις,greek,yes,,1
pl-541113,Stiris/Steiris,Στῖρις,greek,yes,,1
pl-143098101,Stoa Poikile,Painted Stoa,latin,yes,,1
pl-143098101,Stoa Poikile,Peisianakteios stoa,latin,yes,,1
pl-143098101,Stoa Poikile,Peisianákteios stoá,latin,yes,,1
pl-143098101,Stoa Poikile,Poecile porticus,latin,yes,,1
pl-143098101,Stoa Poikile,Stoa Poikile,latin,yes,,1
pl-143098101,Stoa Poikile,he poikile stoa,latin,yes,,1
pl-143098101,Stoa Poikile,hē poikíle stoá,latin,yes,,1
pl-143098101,Stoa Poikile,Πεισιανάκτειος στοά,greek,yes,,1
pl-143098101,Stoa Poikile,Πεισιανακτειος στοα,greek,yes,,1
pl-143098101,Stoa Poikile,η ποικιλη στοα,greek,yes,,1
pl-143098101,Stoa Poikile,ἡ ποικίλη στοά,greek,yes,,1
pl-840019989,Stoa at Brauron,Stoa at Brauron,latin,yes,,1
pl-424010351,Stoa in the sanctuary of Zeus Lykaios,Stoa in the sanctuary of Zeus Lykaios,latin,yes,,1
pl-759679649,Stoa of Attalos,Stoa of Attalos,latin,yes,,1
pl-759679649,Stoa of Attalos,Stoa of Attalus,latin,yes,,1
pl-759679649,Stoa of Attalos,stoa,latin,,too short to search,1
pl-759679649,Stoa of Attalos,στοά,greek,,too short to search,1
pl-759679649,Stoa of Attalos,στοα,greek,,too short to search,1
pl-3347126,Stoa of Eumenes,Stoa of Eumenes,latin,yes,,1
pl-3347126,Stoa of Eumenes,porticus Eumenicae,latin,yes,,1
pl-649966334,Stoa of Zeus (Eleutherios),Stoa of Zeus (Eleutherios),latin,yes,,1
pl-649966334,Stoa of Zeus (Eleutherios),stoa tou Eleutheriou Dios,latin,yes,,1
pl-649966334,Stoa of Zeus (Eleutherios),stoà toû Eleutheríou Diòs,latin,yes,,1
pl-649966334,Stoa of Zeus (Eleutherios),στοα του Ελευθεριου Διος,greek,yes,,1
pl-649966334,Stoa of Zeus (Eleutherios),στοὰ τοῦ Ἐλευθερίου Διὸς,greek,yes,,1
pl-570692,Stoloi,Stoloi,latin,yes,,1
pl-613118646,Street to the Roman Agora,Pikilis,latin,yes,,1
pl-613118646,Street to the Roman Agora,Poikiles,latin,yes,,1
pl-613118646,Street to the Roman Agora,Poikilēs,latin,yes,,1
pl-613118646,Street to the Roman Agora,Street to the Roman Agora,latin,yes,,1
pl-613118646,Street to the Roman Agora,he plateia,latin,yes,,1
pl-613118646,Street to the Roman Agora,hē plateîa,latin,yes,,1
pl-613118646,Street to the Roman Agora,Ποικίλης,greek,yes,,1
pl-613118646,Street to the Roman Agora,Ποικιλης,greek,yes,,1
pl-613118646,Street to the Roman Agora,η πλατεια,greek,yes,,1
pl-613118646,Street to the Roman Agora,ἡ πλατεῖα,greek,yes,,1
pl-650138313,Strongylo Aqueduct bridge,Strongylo Aqueduct bridge,latin,yes,,1
pl-392437877,Strophilas ,Strophilas,latin,yes,,1
pl-392437877,Strophilas ,Στροφιλας,greek,yes,,1
pl-392437877,Strophilas ,Στρόφιλας,greek,yes,,1
pl-570694,Strouthos? (promontory),Strouthos Pr.,latin,yes,,1
pl-570694,Strouthos? (promontory),Strouthos? (promontory),latin,yes,,1
pl-380437088,Stroviki Helladic Settlement,Stroviki,latin,yes,,1
pl-380437088,Stroviki Helladic Settlement,Stroviki Helladic Settlement,latin,yes,,1
pl-380437088,Stroviki Helladic Settlement,Στροβίκι,greek,yes,,1
pl-380437088,Stroviki Helladic Settlement,Στροβικι,greek,yes,,1
pl-570696,Stymphalos,Stymphalos,latin,yes,,1
pl-541117,Styra,Styra,latin,yes,,1
pl-541117,Styra,Στυρα,greek,yes,,1
pl-541117,Styra,Στύρα,greek,yes,,1
pl-570698,Styx (river),Styx,latin,,too short to search,1
pl-570698,Styx (river),Styx (river),latin,yes,,1
pl-580112,Sypalettos,Sypalettos,latin,yes,,1
pl-580112,Sypalettos,Sypalēttós,latin,yes,,1
pl-580112,Sypalettos,Συπαληττος,greek,yes,,1
pl-580112,Sypalettos,Συπαληττός,greek,yes,,1
pl-590066,Syros,Syros,latin,,names 2 places in this box,2
pl-590067,Syros (island),Sire,latin,,too short to search,1
pl-590067,Syros (island),Siroz,latin,yes,,1
pl-590067,Syros (island),Syros,latin,,names 2 places in this box,2
pl-590067,Syros (island),Syros (island),latin,yes,,1
pl-590067,Syros (island),Sŷros,latin,,too short to search,1
pl-590067,Syros (island),Συρος,greek,yes,,1
pl-590067,Syros (island),Σῦρος,greek,yes,,1
pl-590067,Syros (island),سيروز,latin,,too short to search,1
pl-570700,Sythas (river),Syos,latin,,too short to search,1
pl-570700,Sythas (river),Sythas,latin,yes,,1
pl-570700,Sythas (river),Sythas (river),latin,yes,,1
pl-570700,Sythas (river),Συθας,greek,yes,,1
pl-570700,Sythas (river),Σύθας,greek,yes,,1
pl-573541,Taleton Akra,Taleton Akra,latin,yes,,1
pl-573541,Taleton Akra,Ταλετον ακρα,greek,yes,,1
pl-573541,Taleton Akra,Ταλετὸν ἄκρα,greek,yes,,1
pl-541121,Tamynai,Tamynai,latin,yes,,1
pl-570704,Tan(a)os (river),Tan(a)os (river),latin,yes,,1
pl-570704,Tan(a)os (river),Tanaos,latin,yes,,1
pl-570704,Tan(a)os (river),Tanos,latin,yes,,1
pl-570704,Tan(a)os (river),Τάναος,greek,yes,,1
pl-570704,Tan(a)os (river),Ταναος,greek,yes,,1
pl-580114,Tanagra,Poimandris,latin,yes,,1
pl-580114,Tanagra,Tanagra,latin,yes,,1
pl-580114,Tanagra,Ποιμανδρις,greek,yes,,1
pl-580114,Tanagra,Ποιμανδρὶς,greek,yes,,1
pl-580114,Tanagra,Τανάγρᾳ,greek,yes,,1
pl-580114,Tanagra,Ταναγρα,greek,yes,,1
pl-570706,Taygetos (mountain),Taygetos,latin,yes,,1
pl-570706,Taygetos (mountain),Taygetos (mountain),latin,yes,,1
pl-570706,Taygetos (mountain),mons Taygetus,latin,yes,,1
pl-570707,Tegea,Tegea,latin,yes,,1
pl-570707,Tegea,Tegeas,latin,yes,,1
pl-570707,Tegea,Τεγέα,greek,yes,,1
pl-570707,Tegea,Τεγεα,greek,yes,,1
pl-541126,Tegyra,Tegyra,latin,yes,,1
pl-541127,Teichion?,Teichion,latin,yes,,1
pl-541127,Teichion?,Teichion?,latin,yes,,1
pl-541128,Teichious,Teichious,latin,yes,,1
pl-580115,Teithras,Teithras,latin,yes,,1
pl-541129,Teleidai,Teleidai,latin,yes,,1
pl-408217405,Telesterion,Telesterion,latin,yes,,1
pl-541130,Telethrion (mountain),Telethrion,latin,yes,,1
pl-541130,Telethrion (mountain),Telethrion (mountain),latin,yes,,1
pl-570710,Temenion,Temenion,latin,yes,,1
pl-570710,Temenion,Τημένιον,greek,yes,,1
pl-570710,Temenion,Τημενιον,greek,yes,,1
pl-71107898,Temple of Amphiaraus,Temple of Amphiaraos,latin,yes,,1
pl-71107898,Temple of Amphiaraus,Temple of Amphiaraus,latin,yes,,1
pl-579872,Temple of Aphaia on Aegina,Naos Afaias,latin,yes,,1
pl-579872,Temple of Aphaia on Aegina,Naós Afaías,latin,yes,,1
pl-579872,Temple of Aphaia on Aegina,Temple of Afea,latin,yes,,1
pl-579872,Temple of Aphaia on Aegina,Temple of Aphaia,latin,yes,,1
pl-579872,Temple of Aphaia on Aegina,Temple of Aphaia on Aegina,latin,yes,,1
pl-579872,Temple of Aphaia on Aegina,Ναος Αφαιας,greek,yes,,1
pl-579872,Temple of Aphaia on Aegina,Ναός Αφαίας,greek,yes,,1
pl-516817907,Temple of Aphrodite on the Acrocorinth,Temple of Aphrodite on the Acrocorinth,latin,yes,,1
pl-462127127,Temple of Apollo Daphnephoros,Temple of Apollo Daphnephoros,latin,yes,,1
pl-240065109,Temple of Apollo Patroos,Temple of Apollo Patroos,latin,yes,,1
pl-579875,Temple of Apollo Zoster,Apollo,latin,,names 7 places in this box,7
pl-579875,Temple of Apollo Zoster,"Apollo, T.",latin,,names 5 places in this box,5
pl-579875,Temple of Apollo Zoster,T.,latin,,names 43 places in this box,43
pl-579875,Temple of Apollo Zoster,Temple of Apollo Zoster,latin,yes,,1
pl-570500582,Temple of Apollo at Corinth,Temple of Apollo at Corinth,latin,yes,,1
pl-464482219,Temple of Apollo at Delphi,Temple of Apollo at Delphi,latin,yes,,1
pl-468194251,Temple of Ares,Areos Hieron,latin,yes,,1
pl-468194251,Temple of Ares,Hieron (Areos),latin,yes,,1
pl-468194251,Temple of Ares,Temple of Ares,latin,yes,,1
pl-468194251,Temple of Ares,Áreōs Hieron,latin,yes,,1
pl-468194251,Temple of Ares,Αρεως ιερον,greek,yes,,1
pl-468194251,Temple of Ares,Ἄρεώς ἱερόν,greek,yes,,1
pl-741537853,Temple of Artemis (Aulis),Temple of Artemis (Aulis),latin,yes,,1
pl-277534797,Temple of Artemis Agrotera,Naos Agroteras Artemidos,latin,yes,,1
pl-277534797,Temple of Artemis Agrotera,Naós Agrotéras Artémidos,latin,yes,,1
pl-277534797,Temple of Artemis Agrotera,Temple of Artemis Agrotera,latin,yes,,1
pl-277534797,Temple of Artemis Agrotera,Ναος Αγροτερας Αρτεμιδος,greek,yes,,1
pl-277534797,Temple of Artemis Agrotera,Ναός Αγροτέρας Αρτέμιδος,greek,yes,,1
pl-139216315,Temple of Artemis Orthia,Temple of Artemis Orthia,latin,yes,,1
pl-845103545,Temple of Artemis Orthosia,Temple of Artemis Orthosia,latin,yes,,1
pl-955675680,Temple of Artemis and Apollo,Kalapodi,latin,yes,,1
pl-955675680,Temple of Artemis and Apollo,Temple of Artemis and Apollo,latin,yes,,1
pl-955675680,Temple of Artemis and Apollo,Καλαποδι,greek,yes,,1
pl-955675680,Temple of Artemis and Apollo,Καλαπόδι,greek,yes,,1
pl-372843530,Temple of Athena Alea at Tegea,Temple of Athena Alea (Tegea),latin,yes,,1
pl-372843530,Temple of Athena Alea at Tegea,Temple of Athena Alea at Tegea,latin,yes,,1
pl-118337619,Temple of Athena Nike,Naos Athinas Nikis,latin,yes,,1
pl-118337619,Temple of Athena Nike,Naós Athinás Níkis,latin,yes,,1
pl-118337619,Temple of Athena Nike,Nikes Apterou naos,latin,yes,,1
pl-118337619,Temple of Athena Nike,Níkēs Aptérou naós,latin,yes,,1
pl-118337619,Temple of Athena Nike,Temple of Athena Nike,latin,yes,,1
pl-118337619,Temple of Athena Nike,Νίκης Ἀπτέρου ναός,greek,yes,,1
pl-118337619,Temple of Athena Nike,Ναος Αθηνας Νικης,greek,yes,,1
pl-118337619,Temple of Athena Nike,Ναός Αθηνάς Νίκης,greek,yes,,1
pl-118337619,Temple of Athena Nike,Νικης Απτερου ναος,greek,yes,,1
pl-42288211,Temple of Athena Pallenis,Pallenidos Athenaies hiron,latin,yes,,1
pl-42288211,Temple of Athena Pallenis,Pallēnídos Athēnaíēs hirón,latin,yes,,1
pl-42288211,Temple of Athena Pallenis,Temple of Athena Pallenis,latin,yes,,1
pl-42288211,Temple of Athena Pallenis,Παλληνίδος Ἀθηναίης ἱρόν,greek,yes,,1
pl-42288211,Temple of Athena Pallenis,Παλληνιδος Αθηναιης ιρον,greek,yes,,1
pl-513711610,Temple of Athena Pronaia,Temple of Athena Pronaia,latin,yes,,1
pl-397011004,Temple of Athena Skiras at Phaleron,Skirados Athenas naos,latin,yes,,1
pl-397011004,Temple of Athena Skiras at Phaleron,Temple of Athena Skiras at Phaleron,latin,yes,,1
pl-397011004,Temple of Athena Skiras at Phaleron,Σκιράδος Ἀθηνᾶς ναός,greek,yes,,1
pl-397011004,Temple of Athena Skiras at Phaleron,Σκιραδος Αθηνας ναος,greek,yes,,1
pl-579886,Temple of Athena Skiras on Salamis,Athena Skiras,latin,yes,,1
pl-579886,Temple of Athena Skiras on Salamis,"Athena Skiras, T.",latin,yes,,1
pl-579886,Temple of Athena Skiras on Salamis,Hieron Athenais Skirados,latin,yes,,1
pl-579886,Temple of Athena Skiras on Salamis,T.,latin,,names 43 places in this box,43
pl-579886,Temple of Athena Skiras on Salamis,Temple of Athena Skiras on Salamis,latin,yes,,1
pl-579886,Temple of Athena Skiras on Salamis,ιρον Αθηναιης Σκιραδος,greek,yes,,1
pl-579886,Temple of Athena Skiras on Salamis,ἱρὸν Ἀθηναίης Σκιράδος,greek,yes,,1
pl-579884,Temple of Athena at Sounion,Athena,latin,,names 2 places in this box,2
pl-579884,Temple of Athena at Sounion,"Athena, T",latin,yes,,1
pl-579884,Temple of Athena at Sounion,T,latin,,too short to search,1
pl-579884,Temple of Athena at Sounion,Temple of Athena at Cape Sounion,latin,yes,,1
pl-579884,Temple of Athena at Sounion,Temple of Athena at Sounion,latin,yes,,1
pl-189946519,Temple of Dionysos at Eretria,Temple of Dionysos at Eretria,latin,yes,,1
pl-33738912,Temple of Dionysus Lysios (Thebes),Temple of Dionysus Lysios (Thebes),latin,yes,,1
pl-786277755,Temple of Enodia,Temple of Enodia,latin,yes,,1
pl-518758744,Temple of Kronos and Rhea,Kronion temenos,latin,yes,,1
pl-518758744,Temple of Kronos and Rhea,Krónion témenos,latin,yes,,1
pl-518758744,Temple of Kronos and Rhea,Temple of Kronos and Rhea,latin,yes,,1
pl-518758744,Temple of Kronos and Rhea,naos Kronou kai Reas,latin,yes,,1
pl-518758744,Temple of Kronos and Rhea,naos Kronou kai Rheas,latin,yes,,1
pl-518758744,Temple of Kronos and Rhea,naòs Krónou kaì Réas,latin,yes,,1
pl-518758744,Temple of Kronos and Rhea,Κρονιον τεμενος,greek,yes,,1
pl-518758744,Temple of Kronos and Rhea,Κρόνιον τέμενος,greek,yes,,1
pl-518758744,Temple of Kronos and Rhea,ναος Κρονου και Ρεας,greek,yes,,1
pl-518758744,Temple of Kronos and Rhea,ναὸς Κρόνου καὶ Ῥέας,greek,yes,,1
pl-580034,Temple of Nemesis,Nemesis,latin,yes,,1
pl-580034,Temple of Nemesis,Temple of Nemesis,latin,yes,,1
pl-659771158,"Temple of Olympian Zeus, Athens",Temple of Olympian Zeus,latin,yes,,1
pl-659771158,"Temple of Olympian Zeus, Athens","Temple of Olympian Zeus, Athens",latin,yes,,1
pl-659771158,"Temple of Olympian Zeus, Athens",to ieron tou Dios tou Olumpiou,latin,yes,,1
pl-659771158,"Temple of Olympian Zeus, Athens",το ιερον του Διος του Ολυμπιου,greek,yes,,1
pl-659771158,"Temple of Olympian Zeus, Athens",τὸ ἱερὸν τοῦ Διὸς τοῦ Ὀλυμπίου,greek,yes,,1
pl-590006,Temple of Poseidon and Amphitrite on Tenos,Amphitrite,latin,yes,,1
pl-590006,Temple of Poseidon and Amphitrite on Tenos,Poseidon,latin,,names 2 places in this box,2
pl-590006,Temple of Poseidon and Amphitrite on Tenos,"Poseidon, Amphitrite",latin,yes,,1
pl-590006,Temple of Poseidon and Amphitrite on Tenos,Temple of Poseidon and Amphitrite on Tenos,latin,yes,,1
pl-107524051,Temple of Poseidon at Isthmia,Isthmiou Poseidonos hieron (to),latin,yes,,1
pl-107524051,Temple of Poseidon at Isthmia,Temple of Poseidon at Isthmia,latin,yes,,1
pl-107524051,Temple of Poseidon at Isthmia,Ισθμιου Ποσειδωνος ιερον (το),greek,yes,,1
pl-107524051,Temple of Poseidon at Isthmia,Ἰσθμίου Ποσειδῶνος ἱερόν (τὸ),greek,yes,,1
pl-580086,Temple of Poseidon at Sounion,Naos Poseidona,latin,yes,,1
pl-580086,Temple of Poseidon at Sounion,Naós Poseidóna,latin,yes,,1
pl-580086,Temple of Poseidon at Sounion,Temple of Poseidon at Cape Sounion,latin,yes,,1
pl-580086,Temple of Poseidon at Sounion,Temple of Poseidon at Sounion,latin,yes,,1
pl-580086,Temple of Poseidon at Sounion,Ναος Ποσειδωνα,greek,yes,,1
pl-580086,Temple of Poseidon at Sounion,Ναός Ποσειδώνα,greek,yes,,1
pl-226121402,Temple of Roma and Augustus (Athens),Temple of Roma and Augustus (Athens),latin,yes,,1
pl-226121402,Temple of Roma and Augustus (Athens),Temple of Rome and Augustus,latin,yes,,1
pl-226121402,Temple of Roma and Augustus (Athens),ho en Akropolei bomos ton Sebaston,latin,yes,,1
pl-226121402,Temple of Roma and Augustus (Athens),ho en Akropolei bōmos tōn Sebastōn,latin,yes,,1
pl-226121402,Temple of Roma and Augustus (Athens),ο εν ακροπ]ολει βωμος [των] Σεβαστων,greek,yes,,1
pl-226121402,Temple of Roma and Augustus (Athens),ὁ ἐν ἀκροπ]όλει βωμὸς [τῶν] Σεβαστῶν,greek,yes,,1
pl-474652024,Temple of Zeus at Lebadea,Dios Basileios naos,latin,yes,,1
pl-474652024,Temple of Zeus at Lebadea,Tempel des Zeus Basileus,latin,yes,,1
pl-474652024,Temple of Zeus at Lebadea,Temple of Zeus at Lebadea,latin,yes,,1
pl-474652024,Temple of Zeus at Lebadea,Διος Βασιλεως ναος,greek,yes,,1
pl-474652024,Temple of Zeus at Lebadea,Διὸς Βασιλέως ναός,greek,yes,,1
pl-109791198,Temple of Zeus at Nemea,Temple of Zeus at Nemea,latin,yes,,1
pl-570711,Tenea,Chiliomodi,latin,yes,,1
pl-570711,Tenea,Tenea,latin,yes,,1
pl-570711,Tenea,Τενέα,greek,yes,,1
pl-570711,Tenea,Τενεα,greek,yes,,1
pl-570711,Tenea,Χιλιομοδι,greek,yes,,1
pl-570711,Tenea,Χιλιομόδι,greek,yes,,1
pl-541132,Tenerikon Pedion,Tenerikon Pedion,latin,yes,,1
pl-590074,Tenos (island),Tenos,latin,,names 2 places in this box,2
pl-590074,Tenos (island),Tenos (island),latin,yes,,1
pl-590074,Tenos (island),Tinos,latin,,names 2 places in this box,2
pl-590074,Tenos (island),Τήνος,greek,,names 2 places in this box,2
pl-590074,Tenos (island),Τηνος,greek,,names 3 places in this box,3
pl-590074,Tenos (island),τηνος,greek,,names 3 places in this box,3
pl-590074,Tenos (island),τῆνος,greek,,names 2 places in this box,2
pl-590073,Tenos (settlement),Tenos,latin,,names 2 places in this box,2
pl-590073,Tenos (settlement),Tenos (settlement),latin,yes,,1
pl-590073,Tenos (settlement),Tinos,latin,,names 2 places in this box,2
pl-590073,Tenos (settlement),Tênos,latin,,too short to search,1
pl-590073,Tenos (settlement),Tínos,latin,,too short to search,1
pl-590073,Tenos (settlement),Τήνος,greek,,names 2 places in this box,2
pl-590073,Tenos (settlement),Τηνος,greek,,names 3 places in this box,3
pl-590073,Tenos (settlement),Τῆνος,greek,,names 2 places in this box,2
pl-818633083,Terrace of the Lions at Delos,Terrace of the Lions at Delos,latin,yes,,1
pl-580116,Tetrakomoi,Tetrakomoi,latin,yes,,1
pl-580117,Tetrapolis,Tetrapolis,latin,yes,,1
pl-541133,Teumessos,Teumessos,latin,yes,,1
pl-570713,Teuthis,Teuthis,latin,yes,,1
pl-570714,Teuthrone,Cape Skopa,latin,yes,,1
pl-570714,Teuthrone,Chersonisida Skopa,latin,yes,,1
pl-570714,Teuthrone,Kotronas,latin,yes,,1
pl-570714,Teuthrone,Skopa (Cape),latin,yes,,1
pl-570714,Teuthrone,Skopa (Chersonisida),latin,yes,,1
pl-570714,Teuthrone,Teuthrone,latin,yes,,1
pl-570714,Teuthrone,Κοτρωνας,greek,yes,,1
pl-570714,Teuthrone,Κότρωνας,greek,yes,,1
pl-570714,Teuthrone,Τευθρωνη,greek,yes,,1
pl-570714,Teuthrone,Τευθρώνη,greek,yes,,1
pl-570714,Teuthrone,Χερσονησίδα Σκοπά,greek,yes,,1
pl-570714,Teuthrone,Χερσονησιδα Σκοπα,greek,yes,,1
pl-570721,Th(e)isoa,Th(e)isoa,latin,yes,,1
pl-570721,Th(e)isoa,Theisoa,latin,,names 2 places in this box,2
pl-570721,Th(e)isoa,Thisoa,latin,yes,,1
pl-570721,Th(e)isoa,Θεισοα,greek,,names 2 places in this box,2
pl-570721,Th(e)isoa,Θεισόα,greek,,names 2 places in this box,2
pl-570715,Thalamai,Koutifari,latin,yes,,1
pl-570715,Thalamai,Koutiphari,latin,yes,,1
pl-570715,Thalamai,Koutífari,latin,yes,,1
pl-570715,Thalamai,Svina,latin,yes,,1
pl-570715,Thalamai,Thalamai,latin,yes,,1
pl-570715,Thalamai,Thalames,latin,yes,,1
pl-570715,Thalamai,Θαλάμες,greek,yes,,1
pl-570715,Thalamai,Θαλαμες,greek,yes,,1
pl-570716,Thaliades,Thaliades,latin,yes,,1
pl-541135,Thaumakia?,Thaumakia,latin,yes,,1
pl-541135,Thaumakia?,Thaumakia?,latin,yes,,1
pl-541136,Thaumakoi,Thaumakoi,latin,yes,,1
pl-541136,Thaumakoi,Θαυμακοί,greek,yes,,1
pl-541136,Thaumakoi,Θαυμακοι,greek,yes,,1
pl-573551,Thaumasion (mountain),Thaumasion,latin,yes,,1
pl-573551,Thaumasion (mountain),Thaumasion (mountain),latin,yes,,1
pl-573551,Thaumasion (mountain),Thaumásion,latin,yes,,1
pl-573551,Thaumasion (mountain),Θαυμάσιον,greek,yes,,1
pl-573551,Thaumasion (mountain),Θαυμασιον,greek,yes,,1
pl-576206943,The House of the Masks ,The House of the Masks,latin,yes,,1
pl-333036425,The Siphnian Treasury,Siphnian Treasury,latin,yes,,1
pl-333036425,The Siphnian Treasury,The Siphnian Treasury,latin,yes,,1
pl-333036424,Theater at Delphi,Theater at Delphi,latin,yes,,1
pl-958299306,Theater at Stymphalos,Theater at Stymphalos,latin,yes,,1
pl-375191030,Theater at Thorikos,Theater at Thorikos,latin,yes,,1
pl-375191030,Theater at Thorikos,Theatre of Thorikos,latin,yes,,1
pl-671846980,"Theater at the Sanctuary of Asklepios, Epidauros","Theater at the Sanctuary of Asklepios, Epidauros",latin,yes,,1
pl-686869856,Theater of Aigeira,Theater of Aigeira,latin,yes,,1
pl-917412528,Theater of Delos,Theater of Delos,latin,yes,,1
pl-649966335,Theater of Dionysus Eleuthereus,Theater of Dionysus Eleuthereus,latin,yes,,1
pl-649966335,Theater of Dionysus Eleuthereus,Theatre of Dionysos,latin,yes,,1
pl-177668735,Theater of Icarion Aegeidas (Attica),Theater of Icarion Aegeidas (Attica),latin,yes,,1
pl-528335956,Theater of Melos,Ancient theatre of Milos,latin,yes,,1
pl-528335956,Theater of Melos,Theater of Melos,latin,yes,,1
pl-297166731,Theater of Orchomenus,Theater of Orchomenus,latin,yes,,1
pl-953624202,Theater of Tegea,Theater of Tegea,latin,yes,,1
pl-58858515,Theater of Zea,Theater of Zea,latin,yes,,1
pl-542568395,Theater of ancient Sicyon,Theater of ancient Sicyon,latin,yes,,1
pl-651069708,Theater of the Muses,Theater of the Muses,latin,yes,,1
pl-596063692,Theatre of Messene,Theatre of Messene,latin,yes,,1
pl-541137,Thebai Phthiotides,Thebai Phthiotides,latin,yes,,1
pl-541138,Thebai/Thebae,Istefe,latin,yes,,1
pl-541138,Thebai/Thebae,Thebae,latin,yes,,1
pl-541138,Thebai/Thebae,Thebai,latin,yes,,1
pl-541138,Thebai/Thebae,Thebai/Thebae,latin,yes,,1
pl-541138,Thebai/Thebae,Thebes,latin,yes,famous name — confirm the referent,1
pl-541138,Thebai/Thebae,Thiva,latin,yes,,1
pl-541138,Thebai/Thebae,Thíva,latin,,too short to search,1
pl-541138,Thebai/Thebae,Thēbai,latin,yes,,1
pl-541138,Thebai/Thebae,te-qa-,latin,,too short to search,1
pl-541138,Thebai/Thebae,te-qa-de,latin,yes,,1
pl-541138,Thebai/Thebae,te-qa-i,latin,yes,,1
pl-541138,Thebai/Thebae,İstefe,latin,yes,,1
pl-541138,Thebai/Thebae,Θήβα,greek,,too short to search,1
pl-541138,Thebai/Thebae,Θηβα,greek,,too short to search,1
pl-541138,Thebai/Thebae,Θηβαι,greek,yes,,1
pl-541138,Thebai/Thebae,Θῆβαι,greek,yes,,1
pl-541138,Thebai/Thebae,"𐀳𐀣𐀆, 𐀳𐀣𐀂",latin,,too short to search,1
pl-570719,Theious (river),Theious,latin,yes,,1
pl-570719,Theious (river),Theious (river),latin,yes,,1
pl-570720,Theisoa,Labda,latin,yes,,1
pl-570720,Theisoa,Lavda,latin,yes,,1
pl-570720,Theisoa,Theisoa,latin,,names 2 places in this box,2
pl-570720,Theisoa,Θεισοα,greek,,names 2 places in this box,2
pl-570720,Theisoa,Θεισόα,greek,,names 2 places in this box,2
pl-570720,Theisoa,Θεισόᾳ,greek,yes,,1
pl-570720,Theisoa,Λάβδα,greek,yes,,1
pl-570720,Theisoa,Λαβδα,greek,yes,,1
pl-830927276,Themistoklean Wall,Themistoklean Wall,latin,yes,,1
pl-830927276,Themistoklean Wall,Themistokleische Stadtmauer,latin,yes,,1
pl-830927276,Themistoklean Wall,ho kuklos tou asteos,latin,yes,,1
pl-830927276,Themistoklean Wall,ho kyklos tou asteos,latin,yes,,1
pl-830927276,Themistoklean Wall,ho kúklos toû ásteōs,latin,yes,,1
pl-830927276,Themistoklean Wall,ο κυκλος του αστεως,greek,yes,,1
pl-830927276,Themistoklean Wall,ὁ κύκλος τοῦ ἄστεως,greek,yes,,1
pl-570723,Therapne,Therapne,latin,yes,,1
pl-570723,Therapne,θεράπνη,greek,yes,,1
pl-570723,Therapne,θεραπνη,greek,yes,,1
pl-570724,Thermasia,Thermasia,latin,yes,,1
pl-570724,Thermasia,Thermesion,latin,yes,,1
pl-570724,Thermasia,Thermisia,latin,yes,,1
pl-570724,Thermasia,Θερμησία,greek,yes,,1
pl-570724,Thermasia,Θερμησια,greek,yes,,1
pl-570725,Therme,Therme,latin,yes,,1
pl-541140,Thermopylae,Thermopilai,latin,yes,,1
pl-541140,Thermopylae,Thermopylae,latin,yes,,1
pl-541140,Thermopylae,Thermopylai,latin,yes,,1
pl-541140,Thermopylae,Thermopýlai,latin,yes,,1
pl-541140,Thermopylae,Θερμοπυλαι,greek,yes,,1
pl-541140,Thermopylae,Θερμοπύλαι,greek,yes,,1
pl-17374034,Theseion,Theseion,latin,yes,,1
pl-17374034,Theseion,Θησειον,greek,yes,,1
pl-17374034,Theseion,Θησεῖον,greek,yes,,1
pl-541141,Thespiai,Thespia,latin,yes,,1
pl-541141,Thespiai,Thespiai,latin,yes,,1
pl-541141,Thespiai,Θέσπια,greek,yes,,1
pl-541141,Thespiai,Θεσπια,greek,yes,,1
pl-35638987,Thespian Polyandrion (Boeotia),Thespian Polyandrion (Boeotia),latin,yes,,1
pl-991374,Thessalia (late Roman province),Thessalia,latin,yes,,1
pl-991374,Thessalia (late Roman province),Thessalia (late Roman province),latin,yes,,1
pl-541144,Thetideion,Thetideion,latin,yes,,1
pl-541145,Thetonion,Thetonion,latin,yes,,1
pl-541146,Thisbe,Thisbe,latin,yes,,1
pl-541146,Thisbe,Θίσβη,greek,yes,,1
pl-541146,Thisbe,Θισβη,greek,yes,,1
pl-570730,Thoknia,Bromosela,latin,yes,,1
pl-570730,Thoknia,Thoknia,latin,yes,,1
pl-570730,Thoknia,Vromosela,latin,yes,,1
pl-570730,Thoknia,Vromoséla,latin,yes,,1
pl-570730,Thoknia,Βρωμοσέλα,greek,yes,,1
pl-570730,Thoknia,Βρωμοσελα,greek,yes,,1
pl-570730,Thoknia,Θωκνία,greek,yes,,1
pl-570730,Thoknia,Θωκνια,greek,yes,,1
pl-570731,Tholos,Tholos,latin,,names 3 places in this box,3
pl-995644788,"Tholos at the Sanctuary of Asklepios, Epidauros",Epidaurus,latin,yes,,1
pl-995644788,"Tholos at the Sanctuary of Asklepios, Epidauros",Tholos,latin,,names 3 places in this box,3
pl-995644788,"Tholos at the Sanctuary of Asklepios, Epidauros",Tholos at the Sanctuary of Asklepios,latin,yes,,1
pl-995644788,"Tholos at the Sanctuary of Asklepios, Epidauros","Tholos at the Sanctuary of Asklepios, Epidauros",latin,yes,,1
pl-995644788,"Tholos at the Sanctuary of Asklepios, Epidauros",Θολος,greek,,names 2 places in this box,2
pl-995644788,"Tholos at the Sanctuary of Asklepios, Epidauros",Θόλος,greek,,names 2 places in this box,2
pl-274083926,Tholos of Athena Pronaia,Tholos of Athena Pronaia,latin,yes,,1
pl-274083926,Tholos of Athena Pronaia,Tholos of Delphi,latin,yes,,1
pl-91288718,Tholos of Athens,Tholos,latin,,names 3 places in this box,3
pl-91288718,Tholos of Athens,Tholos of Athens,latin,yes,,1
pl-91288718,Tholos of Athens,he Skias,latin,yes,,1
pl-91288718,Tholos of Athens,hē Skiás,latin,yes,,1
pl-91288718,Tholos of Athens,Θολος,greek,,names 2 places in this box,2
pl-91288718,Tholos of Athens,Θόλος,greek,,names 2 places in this box,2
pl-91288718,Tholos of Athens,η Σκιας,greek,yes,,1
pl-91288718,Tholos of Athens,ἡ Σκιάς,greek,yes,,1
pl-32732054,Tholos tomb at Marathon,Tholos tomb at Marathon,latin,yes,,1
pl-580118,Thorai?,Thorai,latin,yes,,1
pl-580118,Thorai?,Thorai?,latin,yes,,1
pl-580119,Thorikos,Thorikos,latin,yes,,1
pl-580119,Thorikos,Θορικος,greek,yes,,1
pl-580119,Thorikos,Θόρικος,greek,yes,,1
pl-772835485,Thorikos Residential and Production District,Thorikos Residential and Production District,latin,yes,,1
pl-570733,Thouria,Thouria,latin,yes,,1
pl-570733,Thouria,Θουρία,greek,yes,,1
pl-570733,Thouria,Θουρια,greek,yes,,1
pl-487031708,Thourion,Thourion,latin,yes,,1
pl-487031708,Thourion,Θουριον,greek,yes,,1
pl-487031708,Thourion,Θούριον,greek,yes,,1
pl-580120,Thria,Thria,latin,yes,,1
pl-580120,Thria,Thría,latin,,too short to search,1
pl-580120,Thria,Θρία,greek,,too short to search,1
pl-580120,Thria,Θρια,greek,,too short to search,1
pl-580121,Thriasion Lager,Thriasion Lager,latin,yes,,1
pl-580122,Thriasion Pedion,Thriasion Pedion,latin,yes,,1
pl-580122,Thriasion Pedion,campus Thriasius,latin,yes,,1
pl-558185735,Throni tower,Throni tower,latin,yes,,1
pl-541147,Thronion,Thronion,latin,yes,,1
pl-580123,Thymaitadai,Thymaitadai,latin,yes,,1
pl-580123,Thymaitadai,Θυμαιτάδαι,greek,yes,,1
pl-580123,Thymaitadai,Θυμαιταδαι,greek,yes,,1
pl-570735,Thyraion,Palamari,latin,,names 2 places in this box,2
pl-570735,Thyraion,Thyraion,latin,yes,,1
pl-570735,Thyraion,Θυραιον,greek,yes,,1
pl-570735,Thyraion,Θυραῖόν,greek,yes,,1
pl-570735,Thyraion,Παλαμάρι,greek,yes,,1
pl-570735,Thyraion,Παλαμαρι,greek,yes,,1
pl-570736,Thyrea(tis),Thyrea,latin,yes,,1
pl-570736,Thyrea(tis),Thyrea(tis),latin,yes,,1
pl-570736,Thyrea(tis),Thyreatis,latin,yes,,1
pl-570738,Tiasa (river),Tiasa,latin,yes,,1
pl-570738,Tiasa (river),Tiasa (river),latin,yes,,1
pl-570738,Tiasa (river),Τίασα,greek,yes,,1
pl-570738,Tiasa (river),Τιασα,greek,yes,,1
pl-910479808,Tigani basilica,Tigani basilica,latin,yes,,1
pl-541148,Tilphosaion?,Tilphosaion,latin,yes,,1
pl-541148,Tilphosaion?,Tilphosaion?,latin,yes,,1
pl-570740,Tiryns,Tiryns,latin,yes,,1
pl-570740,Tiryns,Tiryntha,latin,yes,,1
pl-570740,Tiryns,Τίρυνθα,greek,yes,,1
pl-570740,Tiryns,Τιρυνθα,greek,yes,,1
pl-570741,Titane,Titane,latin,yes,,1
pl-570741,Titane,Titani,latin,yes,,1
pl-570741,Titane,Voivonda,latin,yes,,1
pl-570741,Titane,Τιτάνη,greek,yes,,1
pl-570741,Titane,Τιτανη,greek,yes,,1
pl-541152,Tithorea/Neon,Neon,latin,,too short to search,1
pl-541152,Tithorea/Neon,Tithorea,latin,yes,,1
pl-541152,Tithorea/Neon,Tithorea/Neon,latin,yes,,1
pl-541152,Tithorea/Neon,Tithoréa,latin,yes,,1
pl-541152,Tithorea/Neon,Velitsa,latin,yes,,1
pl-541152,Tithorea/Neon,Βελίτσα,greek,yes,,1
pl-541152,Tithorea/Neon,Βελιτσα,greek,yes,,1
pl-541152,Tithorea/Neon,Τιθορέα,greek,yes,,1
pl-541152,Tithorea/Neon,Τιθορεα,greek,yes,,1
pl-541153,Tithronion,Tethronion,latin,yes,,1
pl-541153,Tithronion,Tithronion,latin,yes,,1
pl-541153,Tithronion,Τεθρωνιον,greek,yes,,1
pl-541153,Tithronion,Τεθρώνιον,greek,yes,,1
pl-541154,Tol(o)phon,Tol(o)phon,latin,yes,,1
pl-541154,Tol(o)phon,Tolophon,latin,yes,,1
pl-541154,Tol(o)phon,Tolphon,latin,yes,,1
pl-920972287,Tomb of Epaminondas,Taphos to Epaminoda,latin,yes,,1
pl-920972287,Tomb of Epaminondas,Tomb of Epaminondas,latin,yes,,1
pl-920972287,Tomb of Epaminondas,Τάφος του Επαμεινώνδα,greek,yes,,1
pl-920972287,Tomb of Epaminondas,Ταφος του Επαμεινωνδα,greek,yes,,1
pl-513113841,Tomb of Kar (Megarid),Karos tou Phoroneus mnema,latin,yes,,1
pl-513113841,Tomb of Kar (Megarid),Karòs tou Phoroneus mnemá,latin,yes,,1
pl-513113841,Tomb of Kar (Megarid),Tomb of Kar (Megarid),latin,yes,,1
pl-513113841,Tomb of Kar (Megarid),Καρος του Φορωνεως μνημα,greek,yes,,1
pl-513113841,Tomb of Kar (Megarid),Καρὸς τοῦ Φορωνέως μνῆμά,greek,yes,,1
pl-137893603,Tomb of Menidi,Tholotos taphos stis Acharnes,latin,yes,,1
pl-137893603,Tomb of Menidi,Tomb of Menidi,latin,yes,,1
pl-137893603,Tomb of Menidi,Θολωτος ταφος στις Αχαρνες,greek,yes,,1
pl-137893603,Tomb of Menidi,Θολωτός τάφος στις Αχαρνές,greek,yes,,1
pl-219059935,Tomb of Orestes (Sparta),Tomb of Orestes (Sparta),latin,yes,,1
pl-598581244,Tomb of Themistocles,Tomb of Themistocles,latin,yes,,1
pl-598581244,Tomb of Themistocles,taphos Themistokleous,latin,yes,,1
pl-598581244,Tomb of Themistocles,τάφος Θεμιστοκλέους,greek,yes,,1
pl-598581244,Tomb of Themistocles,ταφος Θεμιστοκλεους,greek,yes,,1
pl-623023668,Tomb of the Seven against Thebes at Eleusis,Tomb of the Seven against Thebes at Eleusis,latin,yes,,1
pl-570742,Torthyneion,Torthyneion,latin,yes,,1
pl-282029780,Tower of Amfikleia,Tower of Amfikleia,latin,yes,,1
pl-688532642,Tower of Koronia,Tower of Koronia,latin,yes,,1
pl-638120044,"Tower of Oinoe, Marathon","Tower of Oinoe, Marathon",latin,yes,,1
pl-999947807,Tower of Vravrona,Tower of Vravrona,latin,,names 2 places in this box,2
pl-999947807,Tower of Vravrona,tower of Vravrona,latin,,names 2 places in this box,2
pl-89350791,Tower of the Winds,Tower of the Winds,latin,yes,,1
pl-541156,Trachin?,Trachin,latin,yes,,1
pl-541156,Trachin?,Trachin?,latin,yes,,1
pl-541157,Trachis/Herakleia,Herakleia,latin,,names 2 places in this box,2
pl-541157,Trachis/Herakleia,Trachis,latin,yes,,1
pl-541157,Trachis/Herakleia,Trachis/Herakleia,latin,yes,,1
pl-570744,Trachy (mountain),Trachy,latin,yes,,1
pl-570744,Trachy (mountain),Trachy (mountain),latin,yes,,1
pl-570745,Tragos (river),Tragos,latin,yes,,1
pl-570745,Tragos (river),Tragos (river),latin,yes,,1
pl-741077609,Trapeza/Koumari temple (Achaia),Trapeza/Koumari temple (Achaia),latin,yes,,1
pl-570746,Trapezous,Trapezous,latin,yes,,1
pl-541158,Trapheia?,Trapheia,latin,yes,,1
pl-541158,Trapheia?,Trapheia?,latin,yes,,1
pl-190863456,Treasury of Atreus,Atreus (Treasury of),latin,yes,,1
pl-190863456,Treasury of Atreus,Kuppelgrab,latin,yes,,1
pl-190863456,Treasury of Atreus,"Kuppelgrab, sog. Schatzhaus des Atreus",latin,yes,,1
pl-190863456,Treasury of Atreus,Treasury of Atreus,latin,yes,,1
pl-190863456,Treasury of Atreus,sog. Schatzhaus des Atreus,latin,yes,,1
pl-579842268,Treasury of the Massaliots,Treasury of the Massaliots,latin,yes,,1
pl-570747,Treis Ammoundas,Treis Ammoundas,latin,yes,,1
pl-541160,Trephia L.,Trephia L.,latin,yes,,1
pl-573567,Tretos,Tretos,latin,yes,,1
pl-570748,Tria Pigadia,Tria Pigadia,latin,yes,,1
pl-270173116,Triangular Shrine,Triangular Shrine,latin,,names 2 places in this box,2
pl-270173116,Triangular Shrine,Triangular shrine,latin,,names 2 places in this box,2
pl-270173116,Triangular Shrine,hieron,latin,yes,,1
pl-270173116,Triangular Shrine,hierón,latin,yes,,1
pl-270173116,Triangular Shrine,hιερον,greek,yes,,1
pl-270173116,Triangular Shrine,hιερόν,greek,yes,,1
pl-570749,Trikaranon (mountain),Trikaranon,latin,yes,,1
pl-570749,Trikaranon (mountain),Trikaranon (mountain),latin,yes,,1
pl-570749,Trikaranon (mountain),Τρικάρανον,greek,yes,,1
pl-570749,Trikaranon (mountain),Τρικαρανον,greek,yes,,1
pl-573568,Trikka,Trikka,latin,yes,,1
pl-573568,Trikka,Trikke,latin,yes,,1
pl-573568,Trikka,Trikkē,latin,yes,,1
pl-573568,Trikka,Τρίκκα,greek,yes,,1
pl-573568,Trikka,Τρίκκη,greek,yes,,1
pl-573568,Trikka,Τρικκα,greek,yes,,1
pl-573568,Trikka,Τρικκη,greek,yes,,1
pl-570750,Trikolonoi,Trikolonoi,latin,yes,,1
pl-580124,Trikomoi,Trikomoi,latin,yes,,1
pl-580125,Trikorynthos,Trikorynthos,latin,yes,,1
pl-570752,Trikrana (island),Trikrana,latin,yes,,1
pl-570752,Trikrana (island),Trikrana (island),latin,yes,,1
pl-570752,Trikrana (island),Trikrana Ins.,latin,yes,,1
pl-570752,Trikrana (island),Τρίκρανα,greek,yes,,1
pl-570752,Trikrana (island),Τρικρανα,greek,yes,,1
pl-570753,Trinasos,Trinasos,latin,yes,,1
pl-570753,Trinasos,Τρινασος,greek,yes,,1
pl-570753,Trinasos,Τρινασός,greek,yes,,1
pl-580126,Trinemeia,Trinemeia,latin,yes,,1
pl-580126,Trinemeia,Trinémeia,latin,yes,,1
pl-580126,Trinemeia,Τρινέμεια,greek,yes,,1
pl-580126,Trinemeia,Τρινεμεια,greek,yes,,1
pl-573571,Tripodiskos,Tripodiskos,latin,yes,,1
pl-573571,Tripodiskos,Τριποδίσκους,greek,yes,,1
pl-573571,Tripodiskos,Τριποδισκους,greek,yes,,1
pl-541166,Triteia,Triteia,latin,yes,,1
pl-570756,Troizen,Antheia,latin,yes,,1
pl-570756,Troizen,Oraia,latin,yes,,1
pl-570756,Troizen,Troizen,latin,yes,,1
pl-570756,Troizen,Troizenia,latin,yes,,1
pl-570756,Troizen,Troizḗn,latin,yes,,1
pl-570756,Troizen,Ανθεια,greek,yes,,1
pl-570756,Troizen,Τροιζήν,greek,yes,,1
pl-570756,Troizen,Τροιζην,greek,yes,,1
pl-570756,Troizen,Ἄνθεια,greek,yes,,1
pl-373984234,Trophonius oracle (Boeotia),Trophniou naos,latin,yes,,1
pl-373984234,Trophonius oracle (Boeotia),Trophonius oracle (Boeotia),latin,yes,,1
pl-373984234,Trophonius oracle (Boeotia),Τροφωνίου ναὸς,greek,yes,,1
pl-373984234,Trophonius oracle (Boeotia),Τροφωνιου ναος,greek,yes,,1
pl-877327047,Tsepi at Marathon,Tsepi at Marathon,latin,yes,,1
pl-599993,Tsikalario,Tsikalario,latin,yes,,1
pl-482028558,Tsimintiri Archaic Site,Tsimintiri Archaic Site,latin,yes,,1
pl-392437876,Tsimintiri island,Tsimintiri island,latin,yes,,1
pl-580127,Tsoukrati,Tsoukrati,latin,yes,,1
pl-643508013,Tsoungiza (Archaia Nemea),Tsoungiza (Archaia Nemea),latin,yes,,1
pl-643508013,Tsoungiza (Archaia Nemea),Tsoungiza Hill,latin,yes,,1
pl-570759,Tyros,Tyros,latin,yes,,1
pl-570759,Tyros,Τυρος,greek,yes,,1
pl-570759,Tyros,Τύρος,greek,yes,,1
pl-328243338,Tzoungiza,Tzoungiza,latin,yes,,1
pl-384326689,Unit IV-1 at Nichoria ,Unit IV-1,latin,yes,,1
pl-384326689,Unit IV-1 at Nichoria ,Unit IV-1 at Nichoria,latin,yes,,1
pl-92232874,Unnamed Gate of the Themistoklean Wall,Unnamed Gate of the Themistoklean Wall,latin,,names 2 places in this box,2
pl-401250361,Unnamed Gate of the Themistoklean Wall,Unnamed Gate of the Themistoklean Wall,latin,,names 2 places in this box,2
pl-583617,Unnamed quarry,Unnamed quarry,latin,yes,,1
pl-963101136,Untitled,Untitled,latin,,not a name,41
pl-963101133,Untitled,Untitled,latin,,not a name,41
pl-963101132,Untitled,Untitled,latin,,not a name,41
pl-963101135,Untitled,Untitled,latin,,not a name,41
pl-963101134,Untitled,Untitled,latin,,not a name,41
pl-601738,Untitled,Untitled,latin,,not a name,41
pl-601737,Untitled,Untitled,latin,,not a name,41
pl-603251,Untitled,Untitled,latin,,not a name,41
pl-603247,Untitled,Untitled,latin,,not a name,41
pl-603250,Untitled,Untitled,latin,,not a name,41
pl-603249,Untitled,Untitled,latin,,not a name,41
pl-164618020,Untitled,Untitled,latin,,not a name,41
pl-208942850,Untitled,Untitled,latin,,not a name,41
pl-208942851,Untitled,Untitled,latin,,not a name,41
pl-593433,Untitled,Untitled,latin,,not a name,41
pl-571537,Untitled,Untitled,latin,,not a name,41
pl-571538,Untitled,Untitled,latin,,not a name,41
pl-571539,Untitled,Untitled,latin,,not a name,41
pl-572293,Untitled,Untitled,latin,,not a name,41
pl-572294,Untitled,Untitled,latin,,not a name,41
pl-572295,Untitled,Untitled,latin,,not a name,41
pl-572299,Untitled,Untitled,latin,,not a name,41
pl-580600,Untitled,Untitled,latin,,not a name,41
pl-580601,Untitled,Untitled,latin,,not a name,41
pl-580597,Untitled,Untitled,latin,,not a name,41
pl-580599,Untitled,Untitled,latin,,not a name,41
pl-580598,Untitled,Untitled,latin,,not a name,41
pl-583620,Untitled,Untitled,latin,,not a name,41
pl-583621,Untitled,Untitled,latin,,not a name,41
pl-583618,Untitled,Untitled,latin,,not a name,41
pl-583622,Untitled,Untitled,latin,,not a name,41
pl-583619,Untitled,Untitled,latin,,not a name,41
pl-583624,Untitled,Untitled,latin,,not a name,41
pl-582109,Untitled,Untitled,latin,,not a name,41
pl-582108,Untitled,Untitled,latin,,not a name,41
pl-582107,Untitled,Untitled,latin,,not a name,41
pl-585127,Untitled,Untitled,latin,,not a name,41
pl-585131,Untitled,Untitled,latin,,not a name,41
pl-541337,Untitled,Untitled,latin,,not a name,41
pl-542092,Untitled,Untitled,latin,,not a name,41
pl-542847,Untitled,Untitled,latin,,not a name,41
pl-172198383,Vapheio Tholos Tomb,Vapheio Tholos Tomb,latin,yes,,1
pl-580129,Vari,Vari,latin,,too short to search,1
pl-580130,Varnava Tower,Varnava,latin,yes,,1
pl-580130,Varnava Tower,Varnava Tower,latin,yes,,1
pl-580130,Varnava Tower,pyrgos tou Barnaba,latin,yes,,1
pl-580130,Varnava Tower,pyrgos tou Varnava,latin,yes,,1
pl-580130,Varnava Tower,pýrgos tou Varnáva,latin,yes,,1
pl-580130,Varnava Tower,πυργος του Βαρναβα,greek,yes,,1
pl-580130,Varnava Tower,πύργος του Βαρνάβα,greek,yes,,1
pl-749295738,Vathychori,Vathychori,latin,yes,,1
pl-580131,Velatouri,Velatouri,latin,yes,,1
pl-541171,Velousia,Velousia,latin,yes,,1
pl-580132,Vouliagmeni,Vouliagmeni,latin,yes,,1
pl-541172,Vounous,Vounous,latin,yes,,1
pl-247348184,Vryokastro,Vryokastro,latin,,names 2 places in this box,2
pl-837997920,Windmill Hill (Athens),Windmill Hill (Athens),latin,yes,,1
pl-541174,Xyniai,Xyniai,latin,yes,,1
pl-541175,Xynias L.,Xynias L.,latin,yes,,1
pl-580134,Xypete,Xypete,latin,yes,,1
pl-580134,Xypete,Xypétē,latin,,too short to search,1
pl-580134,Xypete,Ξυπέτη,greek,yes,,1
pl-580134,Xypete,Ξυπετη,greek,yes,,1
pl-92664678,Yrokastro castle,Yrokastro castle,latin,yes,,1
pl-590097,Zagora,Zagora,latin,yes,,1
pl-290225048,Zaraka Monastery,Zaraka Monastery,latin,yes,,1
pl-570761,Zarax,Ierakas,latin,yes,,1
pl-570761,Zarax,Zarax,latin,yes,,1
pl-570761,Zarax,Zarex,latin,,names 2 places in this box,2
pl-570761,Zarax,Ζάραξ,greek,yes,,1
pl-570761,Zarax,Ζαραξ,greek,yes,,1
pl-541177,Zarex/Zaret(h)ra,Zarethra,latin,yes,,1
pl-541177,Zarex/Zaret(h)ra,Zaretra,latin,yes,,1
pl-541177,Zarex/Zaret(h)ra,Zarex,latin,,names 2 places in this box,2
pl-541177,Zarex/Zaret(h)ra,Zarex/Zaret(h)ra,latin,yes,,1
pl-194606909,Zas Cave,Cave of Zas (Naxos),latin,yes,,1
pl-194606909,Zas Cave,Zas Cave,latin,yes,,1
pl-580136,Zea Limen,Zea Limen,latin,yes,,1
pl-541178,"Zeus Akraios, T.",T.,latin,,names 43 places in this box,43
pl-541178,"Zeus Akraios, T.",Zeus Akraios,latin,yes,,1
pl-541178,"Zeus Akraios, T.","Zeus Akraios, T.",latin,yes,,1
pl-541179,"Zeus Hypatos, T.",T.,latin,,names 43 places in this box,43
pl-541179,"Zeus Hypatos, T.",Zeus Hypatos,latin,,names 2 places in this box,2
pl-541179,"Zeus Hypatos, T.","Zeus Hypatos, T.",latin,yes,,1
pl-600002,"Zeus Melosios, T.",T.,latin,,names 43 places in this box,43
pl-600002,"Zeus Melosios, T.",Zeus Melosios,latin,yes,,1
pl-600002,"Zeus Melosios, T.","Zeus Melosios, T.",latin,yes,,1
pl-580138,"Zeus Ombrios, T.",T.,latin,,names 43 places in this box,43
pl-580137,"Zeus Ombrios, T.",T.,latin,,names 43 places in this box,43
pl-580138,"Zeus Ombrios, T.",Zeus Ombrios,latin,,names 2 places in this box,2
pl-580137,"Zeus Ombrios, T.",Zeus Ombrios,latin,,names 2 places in this box,2
pl-580138,"Zeus Ombrios, T.","Zeus Ombrios, T.",latin,,names 2 places in this box,2
pl-580137,"Zeus Ombrios, T.","Zeus Ombrios, T.",latin,,names 2 places in this box,2
pl-580139,Zeus Panhellenios sanctuary (Aegina),T.,latin,,names 43 places in this box,43
pl-580139,Zeus Panhellenios sanctuary (Aegina),Zeus Panhellenios,latin,yes,,1
pl-580139,Zeus Panhellenios sanctuary (Aegina),Zeus Panhellenios sanctuary (Aegina),latin,yes,,1
pl-580139,Zeus Panhellenios sanctuary (Aegina),"Zeus Panhellenios, T.",latin,yes,,1
pl-570763,"Zeus, T.",T.,latin,,names 43 places in this box,43
pl-570763,"Zeus, T.",Zeus,latin,,too short to search,1
pl-570763,"Zeus, T.","Zeus, T.",latin,yes,,1
pl-570765,Zoitia,Zoiteion,latin,yes,,1
pl-570765,Zoitia,Zoitia,latin,yes,,1
pl-570765,Zoitia,Ζοιτίᾳ,greek,yes,,1
pl-570765,Zoitia,Ζοιτια,greek,yes,,1
pl-580140,Zoster Pr.,Zoster,latin,yes,,1
pl-580140,Zoster Pr.,Zoster Pr.,latin,yes,,1
pl-580140,Zoster Pr.,Ζωστήρ,greek,yes,,1
pl-580140,Zoster Pr.,Ζωστηρ,greek,yes,,1
pl-757208100,Zygouries (Corinthia),Zygouries,latin,yes,,1
pl-757208100,Zygouries (Corinthia),Zygouries (Corinthia),latin,yes,,1
pl-372021190,ancient theater of Carthaea,ancient theater of Carthaea,latin,yes,,1
pl-603248,unnamed quarry (on Mykonos),unnamed quarry (on Mykonos),latin,yes,,1
