key,name,kind,tier,lat,lon,km,mentions,sources,in,matched_as,unsearchable_forms,uri,first_seen
pl-579885,Athenae,settlement,wash,37.97164,23.72391,1.4,534,61,shakespeare-william/02-first-folio.md(58); shakespeare-william/33-timon-of-athens.md(48); thucydides/02-the-funeral-oration.md(39); thucydides/05-the-sicilian-expedition.md(32),ATHENS|Athen|Athenae|Athens,0,https://pleiades.stoa.org/places/579885,"Knatchbull, pp. 113-115. Symeon Seth (Athens edition), p. 16. John of Capua,"
pl-570182,Corinthus/Korinthos,settlement|archaeological site,pin,37.90564,22.87861,74.9,75,27,thucydides/05-the-sicilian-expedition.md(7); shakespeare-william/02-first-folio.md(7); thucydides/06-the-defeat.md(6); shakespeare-william/05-errors.md(6),Corinth|Corinthus,0,https://pleiades.stoa.org/places/570182,"herd who took him to his master, the King of Corinth. Polybus being childless adopted the"
pl-541138,Thebai/Thebae,"settlement|archaeological site|findspot, place of finding, find place",pin,38.31995,23.31765,51.8,108,25,theseus/05-oedipus-at-colonus.md(23); shakespeare-william/38-two-noble-kinsmen.md(22); apollo/07-sophocles-oedipus.md(17); apollo/08-pindar-pythian.md(14),THEBES|Thebes,5,https://pleiades.stoa.org/places/541138,"ARGUMENT To Laius, King of Thebes, an oracle foretold that the child bor"
pl-540726,Delphi,sanctuary (religious center)|settlement,pin,38.48229,22.50117,120.6,116,24,lycurgus/06-herodotus-book-one.md(36); apollo/08-pindar-pythian.md(26); theseus/00-plutarch-theseus.md(7); plutarch/01-theseus.md(7),Delphi|Pytho,5,https://pleiades.stoa.org/places/540726,"2-206) Leto's all-glorious son goes to rocky Pytho, playing upon his hollow lyre, clad in"
pl-570106,Argos,settlement|archaeological site,pin,37.63105,22.72038,96.8,57,24,theseus/05-oedipus-at-colonus.md(7); thucydides/03-the-plague.md(6); lycurgus/06-herodotus-book-one.md(6); apollo/08-pindar-pythian.md(5),Argos,2,https://pleiades.stoa.org/places/570106,"free her. She shall grow old in my house at Argos far from her own home, busying herself"
pl-570577,Peloponnesus/Peloponnesos/Peloponnese,peninsula|region,wash,37.09278,22.33596,157.7,120,23,herodotus/04-salamis.md(20); thucydides/06-the-defeat.md(18); thucydides/02-the-funeral-oration.md(14); thucydides/05-the-sicilian-expedition.md(11),Peloponnese|Peloponnesus,3,https://pleiades.stoa.org/places/570577,"rfect hecatombs, both those who live in rich Peloponnesus and those of Europe and all the"
pl-570685,Sparta,"settlement|temple, sanctuary, shrine, monument, tomb (deprecated)|temple|archaeological site",pin,37.08178,22.42467,152.5,107,23,lycurgus/01-plutarch-lycurgus.md(26); lycurgus/03-xenophon-lacedaemonians.md(17); lycurgus/05-plutarch-agis.md(14); herodotus/03-thermopylai.md(10),Sparta,0,https://pleiades.stoa.org/places/570685,"all I of Athenians take reward of thanks, at Sparta when I shall tell in a song to come of"
pl-570406,Lacedaemon/Laconia,region|map label location,pin,37.04573,22.66035,140.5,94,19,lycurgus/01-plutarch-lycurgus.md(15); lycurgus/04-aristotle-politics-two.md(11); thucydides/02-the-funeral-oration.md(10); thucydides/05-the-sicilian-expedition.md(10),Lacedaemon|Laconia|Lakedaimon,0,https://pleiades.stoa.org/places/570406,"then they would have gone forth from mighty Lakedaimon, and from the Argive gulf, and fro"
pl-1001896,Hellas (Late Roman province),province,wash,37.5,22.5,120.6,87,15,thucydides/01-the-method.md(21); thucydides/05-the-sicilian-expedition.md(14); herodotus/04-salamis.md(11); lycurgus/06-herodotus-book-one.md(8),Hellas,2,https://pleiades.stoa.org/places/1001896,"hurled their youth into the sea, to deliver Hellas from the bondage of the oppressor. Fr"
pl-540703,Chalcis,settlement,pin,38.45714,23.62194,53.4,51,15,flavius-josephus/01-antiquities.md(12); flavius-josephus/02-wars-of-the-jews.md(9); flavius-josephus/antiquities-book-20.md(7); flavius-josephus/wars-book-02.md(7),Chalcis|Chalkis,0,https://pleiades.stoa.org/places/540703,"and the men of Pylos; past Cruni it went and Chalcis and past Dyme and fair Elis, where th"
pl-479670108,Academy/Akademeia/Akademia,archaeological site,pin,37.99245,23.70735,2.0,24,15,george-washington/02-journal-over-the-mountains.md(4); augustus-caesar/02-the-inscription.md(3); einstein-albert/05-sidelights.md(3); george-washington/05-masonic-correspondence.md(2),Academy,0,https://pleiades.stoa.org/places/479670108,"made his home while attending Mr. William's Academy. Austin is, or has been, in Virginia"
pl-570468,Megara,settlement,pin,37.98508,23.34016,33.9,29,14,thucydides/05-the-sicilian-expedition.md(8); theseus/00-plutarch-theseus.md(4); plutarch/01-theseus.md(4); herodotus/04-salamis.md(2),Megara,0,https://pleiades.stoa.org/places/570468,"beneath the hands of the adversary. Now at Megara also hast thou won a prize, and in sec"
pl-540775,Euboea (island),island,pin,38.53,23.87,62.0,28,13,thucydides/02-the-funeral-oration.md(4); thucydides/06-the-defeat.md(4); plutarch/05-pericles.md(4); herodotus/04-salamis.md(3),Euboea,1,https://pleiades.stoa.org/places/540775,"hip of Athens, and in the isle of Aegina and Euboea, famous for ships, in Aegae and Eiresi"
pl-579888,Attica,region,wash,38.03333,23.65,8.7,65,12,thucydides/02-the-funeral-oration.md(13); herodotus/04-salamis.md(8); thucydides/03-the-plague.md(8); theseus/00-plutarch-theseus.md(8),Attica,0,https://pleiades.stoa.org/places/579888,amely in order that they might remove out of Attica to a place of safety their children an
pl-594947,Apollonia,unlocated|settlement,wash,36.97358,24.69879,141.3,39,12,julius-caesar/civil-war-3.md(14); cleopatra/05-suetonius-augustus.md(5); plutarch/10-marcus-brutus.md(5); augustus-caesar/02-the-inscription.md(3),Apollonia,0,https://pleiades.stoa.org/places/594947,"ed to fix his winter quarters at Dyrrachium, Apollonia, and the other sea-ports, to hinder"
pl-579874,Aphrodite sanctuary at Dafni,sanctuary (religious center),pin,38.0128,23.6159,10.3,26,12,flavius-josephus/02-wars-of-the-jews.md(5); apollo/05-ovid-daphne.md(4); flavius-josephus/01-antiquities.md(3); flavius-josephus/wars-book-04.md(3),Daphne,1,https://pleiades.stoa.org/places/579874,"[I.452-567] Apollo, falling in love with Daphne, the daughter of the river Peneus, s"
pl-579945,Helena (island),island,pin,37.69066,24.12125,47.5,280,11,shakespeare-william/02-all-s-well-that-ends-well.md(126); shakespeare-william/24-a-midsummer-night-s-dream.md(71); shakespeare-william/02-first-folio.md(34); flavius-josephus/01-antiquities.md(18),HELENA|Helena,0,https://pleiades.stoa.org/places/579945,"married a Fairfax, and was stationed at St. Helena in 1716-17, and subsequently at the Ba"
pl-579878,Artemis Tauropolos temple,sanctuary (religious center)|settlement,pin,37.97975,24.00891,24.7,37,9,theseus/04-hippolytus.md(23); apollo/01-homeric-hymn-delian.md(3); apollo/08-pindar-pythian.md(3); apollo/07-sophocles-oedipus.md(2),ARTEMIS|Artemis,1,https://pleiades.stoa.org/places/579878,"bare glorious children, the lord Apollo and Artemis who delights in arrows; her in Ortygi"
pl-579920,Eleusis,settlement|deme (Athenian),pin,38.0411,23.5374,17.8,22,9,herodotus/04-salamis.md(4); thucydides/02-the-funeral-oration.md(4); theseus/00-plutarch-theseus.md(4); plutarch/01-theseus.md(4),Eleusis,0,https://pleiades.stoa.org/places/579920,"when a battle was fought by the Athenians at Eleusis against the neighbouring people, he b"
pl-995644788,"Tholos at the Sanctuary of Asklepios, Epidauros",sanctuary (religious center)|temple,pin,37.59841,23.07405,71.6,13,9,thucydides/03-the-plague.md(2); thucydides/05-the-sicilian-expedition.md(2); thucydides/06-the-defeat.md(2); theseus/04-hippolytus.md(2),Epidaurus,3,https://pleiades.stoa.org/places/995644788,n Attica in the Paralian region. Arriving at Epidaurus in Peloponnese they ravaged most of
pl-570085,A(n)thene,settlement,pin,37.45039,22.6695,110.4,21,8,lycurgus/06-herodotus-book-one.md(10); apollo/08-pindar-pythian.md(3); herodotus/04-salamis.md(2); thucydides/02-the-funeral-oration.md(2),Athene,0,https://pleiades.stoa.org/places/570085,"oice immortal, O tell me. (Ant. 1) First on Athene I call; O Zeus-born goddess, defend!"
pl-540639,Anthedon,settlement|port,pin,38.49769,23.45165,62.0,20,8,flavius-josephus/01-antiquities.md(5); flavius-josephus/02-wars-of-the-jews.md(5); flavius-josephus/wars-book-01.md(4); flavius-josephus/antiquities-book-13.md(2),Anthedon,0,https://pleiades.stoa.org/places/540639,"he maritime parts of the country, Raphia and Anthedon, [the name of which king Herod after"
pl-580021,Marathon,settlement|deme (Athenian),pin,38.14655,23.97015,27.9,19,8,lycurgus/06-herodotus-book-one.md(4); theseus/00-plutarch-theseus.md(4); plutarch/01-theseus.md(4); apollo/08-pindar-pythian.md(3),Marathon,0,https://pleiades.stoa.org/places/580021,"victory B.C. 490, the year of the battle of Marathon. He was a member of the great house"
pl-579844,Aegina (island),island,pin,37.73456,23.4893,34.7,18,8,apollo/08-pindar-pythian.md(5); thucydides/02-the-funeral-oration.md(3); thucydides/06-the-defeat.md(3); thucydides/01-the-method.md(2),AIGINA|Aegina|Aigina|Oinone,3,https://pleiades.stoa.org/places/579844,"n the township of Athens, and in the isle of Aegina and Euboea, famous for ships, in Aegae"
pl-570299,Hydroussa/Hydrea (island),island,pin,37.33488,23.47409,75.5,10,8,shakespeare-william/02-first-folio.md(3); shakespeare-william/06-coriolanus.md(1); shakespeare-william/09-first-part-of-king-henry-the-fourth.md(1); shakespeare-william/10-second-part-of-king-henry-the-fourth.md(1),Hydra,3,https://pleiades.stoa.org/places/570299,"owglas. Dow. Another King? They grow like Hydra's heads: I am the Dowglas, fatall to a"
pl-540740,Doris,region|map label location,pin,38.72285,22.42477,140.2,32,7,flavius-josephus/01-antiquities.md(9); flavius-josephus/02-wars-of-the-jews.md(7); flavius-josephus/wars-book-01.md(7); flavius-josephus/antiquities-book-19.md(5),Doris,0,https://pleiades.stoa.org/places/540740,he Malians from the land which is now called Doris. 44. These were the Peloponnesians who
pl-969121823,Areopagus,hill,pin,37.97237,23.72337,1.3,19,7,plutarch/04-solon.md(6); solon/01-the-crisis.md(5); plutarch/05-pericles.md(3); solon/03-the-constitution.md(2),Areopagus,0,https://pleiades.stoa.org/places/969121823,"ing their mystic runes upon the Lions of the Areopagus, and filling the heart of even the"
pl-570102,Arcadia,region,wash,37.56503,22.29917,133.9,12,7,lycurgus/06-herodotus-book-one.md(3); livy/02-romulus-remus.md(2); herodotus/03-thermopylai.md(2); romulus/01-livy-the-founding.md(2),Arcadia,1,https://pleiades.stoa.org/places/570102,"atine hill, which, from Palanteum, a city of Arcadia, was first called Palatium, and after"
pl-540689,Boeotia,region,wash,38.3169,23.13492,63.7,12,7,herodotus/04-salamis.md(3); thucydides/01-the-method.md(2); thucydides/02-the-funeral-oration.md(2); thucydides/06-the-defeat.md(2),Boeotia,0,https://pleiades.stoa.org/places/540689,"in full force waiting for the Barbarians in Boeotia; they found however nothing of this,"
pl-580062,Peiraieus/Piraeus,region|settlement|deme (Athenian),pin,37.93722,23.64461,8.9,9,7,thucydides/02-the-funeral-oration.md(3); thucydides/03-the-plague.md(1); thucydides/05-the-sicilian-expedition.md(1); theseus/04-hippolytus.md(1),Piraeus,0,https://pleiades.stoa.org/places/580062,"Phaleric. Then there were the Long Walls to Piraeus, a distance of some four miles and a"
pl-368305524,Orchestra in the Agora of Athens,"theatre, theater",wash,37.97484,23.72252,1.1,7,7,augustus-caesar/04-the-settlement.md(1); cleopatra/04-suetonius-julius.md(1); cleopatra/05-suetonius-augustus.md(1); theseus/04-hippolytus.md(1),Orchestra|orchestra,4,https://pleiades.stoa.org/places/368305524,"ose which were allies of Rome, to sit in the orchestra; having found that some manumitted"
pl-570292,Hermion(e),settlement|port,pin,37.38522,23.24359,79.0,91,6,shakespeare-william/39-winter-s-tale.md(63); shakespeare-william/02-first-folio.md(22); herodotus/04-salamis.md(3); thucydides/03-the-plague.md(1),HERMIONE|Hermion|Hermione,0,https://pleiades.stoa.org/places/570292,"urians ten, the Troizenians five, the men of Hermion 2601 three, these all, except the Her"
pl-560353,Cyclades Islands,"archipelago, island group|island",wash,36.97423,25.42684,187.3,7,6,theseus/02-the-labyrinth-and-icarus.md(2); julius-caesar/civil-war-3.md(1); thucydides/01-the-method.md(1); thucydides/02-the-funeral-oration.md(1),Cyclades,0,https://pleiades.stoa.org/places/560353,"ollected a numerous fleet from Asia, and the Cyclades, from Corcyra, Athens, Pontus, Bithy"
pl-570707,Tegea,settlement,pin,37.4553,22.42067,129.1,21,5,lycurgus/06-herodotus-book-one.md(15); lycurgus/05-plutarch-agis.md(3); herodotus/03-thermopylai.md(1); theseus/00-plutarch-theseus.md(1),Tegea,0,https://pleiades.stoa.org/places/570707,"artans three hundred hoplites; of the men of Tegea and Mantineia a thousand, half from eac"
pl-570498,Mysia (settlement),sanctuary (religious center)|settlement,pin,37.72396,22.72625,92.5,19,5,flavius-josephus/02-wars-of-the-jews.md(9); flavius-josephus/wars-book-07.md(5); flavius-josephus/wars-book-04.md(3); lycurgus/06-herodotus-book-one.md(1),Mysia,0,https://pleiades.stoa.org/places/570498,"rneus in , (now this Atarneus is a region of Mysia 162 opposition Lesbos). So the Persians"
pl-599604,"Eileithyaia, Zeus Hypatos, Aphrodite?, T.",ruin|sanctuary (religious center),pin,37.10066,25.17631,161.1,17,5,lycurgus/06-herodotus-book-one.md(6); apollo/08-pindar-pythian.md(5); theseus/04-hippolytus.md(4); apollo/02-homeric-hymn-pythian.md(1),APHRODITE|Aphrodite,1,https://pleiades.stoa.org/places/599604,"ful Seasons dance with Harmonia and Hebe and Aphrodite, daughter of Zeus, holding each oth"
pl-541140,Thermopylae,"fort, tower (deprecated)|pass, ""gates"" (landform)",pin,38.796,22.54364,137.1,13,5,herodotus/03-thermopylai.md(7); herodotus/04-salamis.md(3); plutarch/09-alexander.md(1); flavius-josephus/02-wars-of-the-jews.md(1),Thermopylae|Thermopylai,0,https://pleiades.stoa.org/places/541140,"s place is called by the Hellenes in general Thermopylai, but by the natives of the place"
pl-570467,Megalopolis,settlement|archaeological site,pin,37.41427,22.1264,154.4,10,5,flavius-josephus/01-antiquities.md(3); flavius-josephus/antiquities-book-12.md(3); lycurgus/05-plutarch-agis.md(2); plutarch/09-alexander.md(1),Megalopolis,0,https://pleiades.stoa.org/places/570467,"son Agis. He being killed by Antipater near Megalopolis, and leaving no issue, was succee"
pl-541012,Parnassus (mountain),mountain,pin,38.53516,22.62206,114.3,8,5,apollo/02-homeric-hymn-pythian.md(4); apollo/05-ovid-daphne.md(1); apollo/07-sophocles-oedipus.md(1); dante-alighieri/06-purgatorio-xxx-xxxi.md(1),Parnassus,0,https://pleiades.stoa.org/places/541012,ry great--build at Crisa below the glades of Parnassus: there no bright chariot will clash
pl-541021,Pelion (mountain),mountain,pin,39.40822,23.06653,168.5,8,5,apollo/08-pindar-pythian.md(3); shakespeare-william/02-first-folio.md(2); apollo/01-homeric-hymn-delian.md(1); shakespeare-william/08-hamlet-prince-of-denmark.md(1),Pelion,0,https://pleiades.stoa.org/places/541021,"parethus near the sea, in Thracian Athos and Pelion's towering heights and Thracian Samos"
pl-541063,Plataea,settlement|archaeological site|abbey church,pin,38.22108,23.27354,47.7,14,4,thucydides/02-the-funeral-oration.md(10); apollo/08-pindar-pythian.md(2); thucydides/06-the-defeat.md(1); lycurgus/05-plutarch-agis.md(1),Plataea,0,https://pleiades.stoa.org/places/541063,te 2: Reading [Greek: erion].] [Footnote 3: Plataea.] [Footnote 4: I. e. it is better to
pl-541157,Trachis/Herakleia,settlement,pin,38.79204,22.44758,143.3,9,4,herodotus/03-thermopylai.md(6); herodotus/04-salamis.md(1); theseus/00-plutarch-theseus.md(1); plutarch/01-theseus.md(1),Trachis,1,https://pleiades.stoa.org/places/541157,"es, I say, was encamped within the region of Trachis in the land of the Malians, and the H"
pl-676120271,Basilica,building|basilica,pin,37.97584,23.72387,0.9,7,4,augustus-caesar/01-the-deeds.md(3); cleopatra/05-suetonius-augustus.md(2); augustus-caesar/04-the-settlement.md(1); augustus-caesar/07-the-death.md(1),Basilica|basilica,0,https://pleiades.stoa.org/places/676120271,to its course.[101] The Forum Julium and the basilica which was between the temple of Cast
pl-541052,Phthiotis,district|map label location,pin,39.32171,22.37825,189.4,6,4,apollo/06-iliad-book-one.md(2); thucydides/01-the-method.md(2); apollo/08-pindar-pythian.md(1); plutarch/05-pericles.md(1),Phthia|Phthiotis,0,https://pleiades.stoa.org/places/541052,r cut down my harvests on the rich plains of Phthia; for between me and them there is a gr
pl-540701,Chaeronea,settlement|acropolis,pin,38.49397,22.84143,96.0,5,4,plutarch/09-alexander.md(2); cleopatra/01-plutarch-antony.md(1); theseus/00-plutarch-theseus.md(1); plutarch/01-theseus.md(1),Chaeronea,0,https://pleiades.stoa.org/places/540701,", news came of Antony's defeat, and so saved Chaeronea, for all Antony's purveyors and sol"
pl-540700,Cephisus (river),"river, drainage",pin,38.51122,22.89421,93.5,4,4,theseus/00-plutarch-theseus.md(1); theseus/05-oedipus-at-colonus.md(1); plutarch/01-theseus.md(1); plutarch/09-alexander.md(1),Cephisus,0,https://pleiades.stoa.org/places/540700,"is journey, and was come as far as the river Cephisus, some of the race of the Phytalidae"
pl-580034,Temple of Nemesis,sanctuary (religious center)|temple,pin,38.21748,24.02727,36.9,4,4,apollo/08-pindar-pythian.md(1); plutarch/05-pericles.md(1); shakespeare-william/02-first-folio.md(1); shakespeare-william/12-first-part-of-henry-the-sixth.md(1),Nemesis,0,https://pleiades.stoa.org/places/580034,"r do they fight, and dwell unharmed of cruel Nemesis. In the eagerness of his valiant hea"
pl-541146,Thisbe,"settlement|church, monastery (deprecated)",pin,38.26089,22.96779,73.3,58,3,shakespeare-william/24-a-midsummer-night-s-dream.md(56); shakespeare-william/22-merchant-of-venice.md(1); shakespeare-william/30-romeo-and-juliet.md(1),THISBE|Thisbe,0,https://pleiades.stoa.org/places/541146,"that night. JESSICA. In such a night Did Thisbe fearfully o’ertrip the dew, And saw t"
pl-580072,Phaleron,settlement|port|deme (Athenian),pin,37.93731,23.70625,5.5,7,3,herodotus/04-salamis.md(5); theseus/00-plutarch-theseus.md(1); plutarch/01-theseus.md(1),Phaleron|Phalerum,0,https://pleiades.stoa.org/places/580072,"os, and in other three days they had reached Phaleron. And, as I suppose, they made their"
pl-570454,Malea,settlement,pin,37.32756,22.16878,155.4,5,3,lycurgus/06-herodotus-book-one.md(3); apollo/02-homeric-hymn-pythian.md(1); lycurgus/05-plutarch-agis.md(1),Malea,0,https://pleiades.stoa.org/places/570454,"swift ship from behind. First they passed by Malea, and then along the Laconian coast they"
pl-541024,Peparethus (island),island,pin,39.13527,23.68534,128.1,5,3,romulus/00-plutarch-romulus.md(2); plutarch/02-romulus.md(2); apollo/01-homeric-hymn-delian.md(1),Peparethus,0,https://pleiades.stoa.org/places/541024,"famous for ships, in Aegae and Eiresiae and Peparethus near the sea, in Thracian Athos an"
pl-560221,Aegaeum Mare,"water, open",wash,38.91396,24.91724,146.4,4,3,apollo/05-ovid-daphne.md(2); flavius-josephus/01-antiquities.md(1); flavius-josephus/antiquities-book-13.md(1),AEgean Sea|Aegean Sea,2,https://pleiades.stoa.org/places/560221,"aving been born in the Isle of Delos, in the AEgean Sea. The Peneus was a river of The"
pl-540618,Akyphas/Pindos,settlement,pin,38.68549,22.37987,141.1,4,3,apollo/08-pindar-pythian.md(2); herodotus/04-salamis.md(1); lycurgus/06-herodotus-book-one.md(1),Pindos,0,https://pleiades.stoa.org/places/540618,"rosperously, when they were come down out of Pindos and drew near in honour to the Tyndari"
pl-203037083,Castalian spring,spring,pin,38.48305,22.50542,120.3,4,3,apollo/08-pindar-pythian.md(2); cleopatra/05-suetonius-augustus.md(1); shakespeare-william/44-venus-and-adonis.md(1),Castalia|Kastalia,0,https://pleiades.stoa.org/places/203037083,"am: also I have sent to ask of the oracle at Kastalia whether it be worth the quest, and t"
pl-580051,Pallene,settlement|deme (Athenian),pin,38.0184,23.84902,11.3,4,3,herodotus/04-salamis.md(2); theseus/00-plutarch-theseus.md(1); plutarch/01-theseus.md(1),Pallene,0,https://pleiades.stoa.org/places/580051,"e about to run them aground, but Ameinias of Pallene, an Athenian, put forth with his ship"
pl-540808,Helicon (mountain),mountain,pin,38.35278,22.8225,89.1,3,3,cleopatra/05-suetonius-augustus.md(1); cleopatra/06-horace-book-one.md(1); plutarch/09-alexander.md(1),Helicon,0,https://pleiades.stoa.org/places/540808,"mage of the voice Shall in the shades of Helicon repeat, etc. The Satires of Horace a"
pl-122572945,Lyceum,"sanctuary (religious center)|architectural complex|gymnasium, gymnasion",pin,37.97403,23.74338,1.8,3,3,theseus/00-plutarch-theseus.md(1); helen-keller/01-story-of-my-life.md(1); plutarch/01-theseus.md(1),Lyceum|lyceum,0,https://pleiades.stoa.org/places/122572945,"ing in from the Palladium, Ardettus, and the Lyceum, they charged their right wing, and be"
pl-570479,Messene,settlement,pin,37.1753,21.92005,182.9,3,3,apollo/08-pindar-pythian.md(1); lycurgus/01-plutarch-lycurgus.md(1); flavius-josephus/03-against-apion.md(1),Messene,1,https://pleiades.stoa.org/places/570479,"ghty spear. Then the heart of the old man of Messene was troubled, and he cried unto his s"
pl-116035285,Munychia,"hill|fort, tower (deprecated)",pin,37.9406,23.6559,7.9,3,3,herodotus/04-salamis.md(1); thucydides/02-the-funeral-oration.md(1); plutarch/04-solon.md(1),Munychia,0,https://pleiades.stoa.org/places/116035285,d all the passage with their ships as far as Munychia. And for this reason they put out th
pl-541048,Phocis,region,wash,38.55571,22.68658,110.9,3,3,apollo/07-sophocles-oedipus.md(1); thucydides/02-the-funeral-oration.md(1); plutarch/05-pericles.md(1),Phocis,0,https://pleiades.stoa.org/places/541048,happen? Dost thou know the place? JOCASTA Phocis the land is called; the spot is where
pl-540714,Cithaeron (mountain),mountain,pin,38.1842,23.24919,47.4,9,2,apollo/07-sophocles-oedipus.md(8); marcus-aurelius/book-11.md(1),Cithaeron,0,https://pleiades.stoa.org/places/540714,ted together and he was left to die on Mount Cithaeron. But a shepherd found the babe and
pl-570736,Thyrea(tis),region|settlement,wash,37.25,22.75,118.6,7,2,lycurgus/06-herodotus-book-one.md(5); thucydides/02-the-funeral-oration.md(2),Thyrea,0,https://pleiades.stoa.org/places/570736,". The banished Aeginetans found an asylum in Thyrea, which was given to them by Lacedaemon"
pl-540583,Abantes,"map label location|people, tribe (historical cultural group)",pin,38.62902,23.70687,71.8,4,2,theseus/00-plutarch-theseus.md(2); plutarch/01-theseus.md(2),Abantes,0,https://pleiades.stoa.org/places/540583,"the fore part of his head, as Homer says the Abantes did.% And this sort of tonsure was f"
pl-599794,Melas?,settlement,pin,37.09577,25.43471,180.0,4,2,flavius-josephus/01-antiquities.md(2); flavius-josephus/antiquities-book-16.md(2),Melas,0,https://pleiades.stoa.org/places/599794,"of Cappadocia from Archelaus, whose name was Melas; he was one of the principal rulers und"
pl-570668,Sicyon/Demetrias,settlement,pin,37.98382,22.71219,89.0,4,2,shakespeare-william/03-antony-and-cleopatra.md(3); cleopatra/01-plutarch-antony.md(1),Sicyon,1,https://pleiades.stoa.org/places/570668,"r husband, fell sick by the way, and died at Sicyon, so that an accommodation was the more"
pl-570317,Isthmos,isthmus,pin,37.94139,22.98778,65.0,3,2,apollo/08-pindar-pythian.md(2); cleopatra/04-suetonius-julius.md(1),Isthmos|isthmus of Corinth,0,https://pleiades.stoa.org/places/570317,"house. And I hereto am led by victories, at Isthmos five, and one pre-eminent, won at Oly"
pl-540946,Methone (Magnesian),settlement|acropolis,pin,39.3316,23.0527,160.9,3,2,thucydides/02-the-funeral-oration.md(2); thucydides/05-the-sicilian-expedition.md(1),Methone,0,https://pleiades.stoa.org/places/540946,y landed in Laconia and made an assault upon Methone; there being no garrison in the place
pl-570491,Mycenae,settlement,wash,37.72754,22.75383,90.1,3,2,apollo/08-pindar-pythian.md(2); herodotus/03-thermopylai.md(1),Mykenai|Mykene,1,https://pleiades.stoa.org/places/570491,"kedaimon, and from the Argive gulf, and from Mykenai. But now he shall in wedlock with a"
pl-168254096,Parthenon,temple,pin,37.97156,23.72658,1.4,3,2,helen-keller/02-letters-1887-1901.md(2); plutarch/05-pericles.md(1),Parthenon,0,https://pleiades.stoa.org/places/168254096,"were the Venus of Medici, the Minerva of the Parthenon, Diana, in her hunting costume, wit"
pl-541098,"Serapis, T.",temple,pin,38.58807,22.90915,98.1,3,2,plutarch/09-alexander.md(2); david-hume/02-of-miracles.md(1),Serapis,1,https://pleiades.stoa.org/places/541098,"is foot; in obedience to a vision of the god Serapis, who had enjoined them to have recour"
pl-579873,Aphidna,settlement|acropolis|deme (Athenian),pin,38.18709,23.8792,26.2,2,2,theseus/00-plutarch-theseus.md(1); plutarch/01-theseus.md(1),Aphidna,0,https://pleiades.stoa.org/places/579873,"e verses concerning Alycus And Alycus, upon Aphidna's plain By Theseus in the cause of He"
pl-570104,Argolis,region|map label location,pin,37.62633,22.92569,80.9,2,2,thucydides/02-the-funeral-oration.md(1); lycurgus/06-herodotus-book-one.md(1),Argolis,0,https://pleiades.stoa.org/places/570104,"he territory of Thyrea is on the frontier of Argolis and Laconia, reaching down to the sea"
pl-540717,Coronea,settlement,pin,38.3912,22.95711,81.2,2,2,plutarch/05-pericles.md(1); plutarch/06-alcibiades.md(1),Coronea,1,https://pleiades.stoa.org/places/540717,"f had been defeated and slain in battle near Coronea, and that many brave citizens had fal"
pl-540719,Cynoscephalae,hill,wash,39.25,22.75,164.4,2,2,theseus/00-plutarch-theseus.md(1); plutarch/01-theseus.md(1),Cynoscephalae,0,https://pleiades.stoa.org/places/540719,t shown many tombs of them near Scotussa and Cynoscephalae. This is as much as is worth t
pl-540723,Daulis,settlement|acropolis,pin,38.5075,22.72886,104.9,2,2,apollo/07-sophocles-oedipus.md(1); thucydides/02-the-funeral-oration.md(1),Daulis,0,https://pleiades.stoa.org/places/540723,t is where Branch roads from Delphi and from Daulis meet. OEDIPUS And how long is it sinc
pl-939242064,Demian Gate/Gate I,"gate (of a city), city gate|cave",pin,37.9739,23.7171,1.4,2,2,king-arthur/clay-stories.md(1); king-arthur/mabinogion-12-taliesin.md(1),gate I,0,https://pleiades.stoa.org/places/939242064,"nd strongest I have ever seen. At the castle gate I espied a man of right noble mien, who"
pl-570228,Epidauros,settlement,pin,37.63346,23.16016,63.3,2,2,herodotus/04-salamis.md(1); lycurgus/06-herodotus-book-one.md(1),Epidauros,0,https://pleiades.stoa.org/places/570228,"Salamis. Now the Eginetans are Dorians from Epidauros, and their island had formerly the"
pl-540783,Euripos,"water, open|bridge|strait",pin,38.46278,23.58944,54.6,2,2,apollo/08-pindar-pythian.md(1); herodotus/04-salamis.md(1),Euripos,0,https://pleiades.stoa.org/places/540783,ughter of Iphigenia far from her own land on Euripos' shore so sting her mother to the aro
pl-570313,Inachos (river),"river, drainage",pin,37.67423,22.66279,99.6,2,2,herodotus/01-the-proem.md(1); lycurgus/06-herodotus-book-one.md(1),Inachos,0,https://pleiades.stoa.org/places/570313,"Hellenes also agree, was Io the daughter of Inachos. These standing near to the stern of"
pl-580020,Mandra,settlement,pin,38.07474,23.49717,22.6,2,2,flavius-josephus/01-antiquities.md(1); flavius-josephus/antiquities-book-10.md(1),Mandra,0,https://pleiades.stoa.org/places/580020,"children, and came to a certain place called Mandra, and there they abode that day, for th"
pl-570504,Nemea,sanctuary (religious center)|archaeological site|temple,pin,37.80906,22.71068,91.3,2,2,plutarch/05-pericles.md(1); plutarch/06-alcibiades.md(1),Nemea,0,https://pleiades.stoa.org/places/570504,"arance drove many within their walls; and at Nemea, with main force, routed and raised a t"
pl-541008,Panopeos/Phanotis,settlement|archaeological site,pin,38.49529,22.79432,99.4,2,2,theseus/00-plutarch-theseus.md(1); plutarch/01-theseus.md(1),Panopeus,0,https://pleiades.stoa.org/places/541008,"d), being in love with Aegle the daughter of Panopeus, neither justly nor honorably; and l"
pl-580114,Tanagra,settlement|archaeological site,pin,38.30929,23.58649,38.2,2,2,thucydides/06-the-defeat.md(1); plutarch/05-pericles.md(1),Tanagra,0,https://pleiades.stoa.org/places/580114,e the enemy. Diitrephes first landed them at Tanagra and hastily snatched some booty; he t
pl-590006,Temple of Poseidon and Amphitrite on Tenos,temple,pin,37.55169,25.14289,133.4,2,2,apollo/01-homeric-hymn-delian.md(1); apollo/07-sophocles-oedipus.md(1),Amphitrite,1,https://pleiades.stoa.org/places/590006,Rhea and Ichnaea and Themis and loud-moaning Amphitrite and the other deathless goddesses
pl-580117,Tetrapolis,district,wash,38.15111,23.96443,27.9,2,2,theseus/00-plutarch-theseus.md(1); plutarch/01-theseus.md(1),Tetrapolis,0,https://pleiades.stoa.org/places/580117,"did no small mischief to the inhabitants of Tetrapolis. And having overcome it, he broug"
pl-270173116,Triangular Shrine,shrine,pin,37.97404,23.72193,1.2,19,1,apollo/08-pindar-pythian.md(19),HIERON|Hieron,2,https://pleiades.stoa.org/places/270173116,"THE PYTHIAN ODES. I. FOR HIERON OF AITNA, WINNER IN THE CHARIOT-RACE. * *"
pl-541080,Pyra,sanctuary (religious center)|temple,pin,38.75196,22.29911,151.0,7,1,apollo/08-pindar-pythian.md(7),Herakles,2,https://pleiades.stoa.org/places/541080,"was won at the Theban festival in honour of Herakles, or of Iolaos. Anaxilaos, tyrant of"
pl-570074,Amyklai,settlement,wash,37.03632,22.45026,154.2,3,1,apollo/08-pindar-pythian.md(3),Amyklai,0,https://pleiades.stoa.org/places/570074,"ntinually in the Dorian laws of Aigimios. At Amyklai they dwelt prosperously, when they we"
pl-570134,Astron,settlement|settlement-modern,pin,37.41635,22.76443,105.6,3,1,einstein-albert/01a-relativity-3rd-ed.md(3),Astron,0,https://pleiades.stoa.org/places/570134,"cal Consequences*: W. de Sitter, *M. N. Roy. Astron. Soc.*, LXXVI. p. 699, 1916; LXXVII. p"
pl-570248,Eurotas (river),"river, drainage",pin,37.05773,22.47818,150.8,3,1,lycurgus/01-plutarch-lycurgus.md(3),Eurotas,0,https://pleiades.stoa.org/places/570248,"ould have bathed yourself first in the river Eurotas."" After drinking moderately, every m"
pl-540837,Iolkos,settlement,pin,39.3663,22.96886,167.2,3,1,apollo/08-pindar-pythian.md(3),Iolkos,0,https://pleiades.stoa.org/places/540837,"hall have come to the sunny land of glorious Iolkos, whether a stranger or a citizen he be"
pl-580094,Psyttaleia (island),island,pin,37.94089,23.58839,13.1,3,1,herodotus/04-salamis.md(3),Psyttaleia,0,https://pleiades.stoa.org/places/580094,"ge number of Persians in the small island of Psyttaleia, which lies between Salamis and th"
pl-540624,Alpenos,settlement,pin,38.80185,22.58608,134.8,2,1,herodotus/03-thermopylai.md(2),Alpenoi|Alpenos,0,https://pleiades.stoa.org/places/540624,"idge of the mountain and ends by the town of Alpenos, which is the first town of the Locri"
pl-540613,Dimini,settlement,pin,39.36144,22.8938,169.4,2,1,apollo/08-pindar-pythian.md(2),Aison,0,https://pleiades.stoa.org/places/540613,"s; for it shall hardly be said that a son of Aison, born in the land, is come hither to a"
pl-570281,Helike,settlement|archaeological site,pin,38.22203,22.13181,142.1,2,1,lycurgus/06-herodotus-book-one.md(2),Helike,0,https://pleiades.stoa.org/places/570281,"me in Italy received its name), and Bura and Helike, to which the Ionians fled for refuge"
pl-540902,Lamia,settlement,pin,38.903,22.44259,151.6,2,1,cleopatra/06-horace-book-one.md(2),Lamia,0,https://pleiades.stoa.org/places/540902,"ith sunniest flowers A chaplet for my Lamia twine, Pimplea sweet! my praise we"
pl-570537,Orneai,settlement,pin,37.71785,22.54728,107.8,2,1,herodotus/04-salamis.md(2),Orneai,0,https://pleiades.stoa.org/places/570537,"lapse of time, being originally citizens of Orneai or the dwellers in the country round O"
pl-570756,Troizen,settlement,pin,37.50311,23.34849,63.0,2,1,herodotus/04-salamis.md(2),Troizen,0,https://pleiades.stoa.org/places/570756,"he could. So the greater number sent them to Troizen, but others to Egina, and others to S"
pl-745058964,Acamantis,"people, tribe (historical cultural group)",wash,37.88406,23.90244,18.9,1,1,plutarch/05-pericles.md(1),Acamantis,0,https://pleiades.stoa.org/places/745058964,"shall here find. Pericles was of the tribe Acamantis, and the township Cholargus, of the"
pl-570043,Aigeira,settlement,pin,38.12855,22.3782,119.2,1,1,lycurgus/06-herodotus-book-one.md(1),Aigeira,0,https://pleiades.stoa.org/places/570043,"from the side of Sikyon) comes Pellene, then Aigeira and Aigai, in which last is the river"
pl-570049,Aigion,settlement,pin,38.25271,22.08195,147.0,1,1,lycurgus/06-herodotus-book-one.md(1),Aigion,0,https://pleiades.stoa.org/places/570049,"y were worsted by the Achaians in fight, and Aigion and Rhypes and Patreis and Phareis and"
pl-540630,Amphissa,settlement,pin,38.5184,22.37417,132.3,1,1,cleopatra/01-plutarch-antony.md(1),Amphissa,0,https://pleiades.stoa.org/places/540630,"measure or belief. Philotas, a physician of Amphissa, who was at that time a student of m"
pl-589693,Andros (island),island,pin,37.85546,24.85341,99.8,1,1,dante-alighieri/09-la-vita-nuova.md(1),Ανδρος,1,https://pleiades.stoa.org/places/589693,"Οὐδὲ ἐῴκει Ἀνδρός γε θνητοῦ παῖς ἔμμεναι, ἀλλὰ θεοῖο."
pl-540657,"Archegetes, T.",temple,pin,38.49929,22.74127,103.5,1,1,thucydides/05-the-sicilian-expedition.md(1),Archegetes,1,https://pleiades.stoa.org/places/540657,"founded Naxos and built the altar to Apollo Archegetes, which now stands outside the town"
pl-116805959,Argive Plain,plain,wash,37.58731,22.76185,95.6,1,1,theseus/04-hippolytus.md(1),Argive plain,0,https://pleiades.stoa.org/places/116805959,"rein, Each hand, to speed him, toward the Argive plain And Epidaurus."
pl-579889,Aulis,settlement,pin,38.43026,23.59365,51.0,1,1,shakespeare-william/38-two-noble-kinsmen.md(1),Aulis,0,https://pleiades.stoa.org/places/579889,"] As before, hence you, And at the banks of Aulis meet us with The forces you can raise,"
pl-579879,Brauron/sanctuary of Artemis Brauronia,sanctuary (religious center)|temple,pin,37.92615,23.99371,24.2,1,1,plutarch/04-solon.md(1),Brauron,1,https://pleiades.stoa.org/places/579879,"em the island, and that one of them dwelt at Brauron in Attica, the other at Melite; and t"
pl-691939634,Civic Offices,building|stoa,pin,37.97475,23.72258,1.1,1,1,gutenberg/05-devinne-coster-downfall.md(1),civic offices,0,https://pleiades.stoa.org/places/691939634,"d governor of the hospital. He is the man of civic offices, of wealth and high social posi"
pl-540735,"Dionysos, T.",temple,pin,38.52368,22.95317,90.4,1,1,lycurgus/06-herodotus-book-one.md(1),Dionysos,1,https://pleiades.stoa.org/places/540735,"men of Smyrna were celebrating a festival to Dionysos outside the walls, and then they clo"
pl-310115518,Dipylon Gate,"gate (of a city), city gate",pin,37.97854,23.71898,0.9,1,1,plutarch/05-pericles.md(1),Dipylon,0,https://pleiades.stoa.org/places/310115518,"he Thriasian Gates, which are now called the Dipylon, or Double Gate. On the other hand,"
pl-540744,Dryopes,"people, tribe (historical cultural group)",pin,38.26673,24.20768,52.5,1,1,thucydides/06-the-defeat.md(1),Dryopes,0,https://pleiades.stoa.org/places/540744,"he Athenians, except the Carystians, who are Dryopes, and although subjects and obliged to"
pl-570227,Ephyra? (island),island,pin,36.78891,24.23851,140.3,1,1,apollo/08-pindar-pythian.md(1),Ephyra,0,https://pleiades.stoa.org/places/570227,to tale. I have hope that when the folk of Ephyra pour forth my sweet strains by Peneus'
pl-137478922,Gate at 25 Erechtheiou St./South Gate/Gate XIII,"gate (of a city), city gate",pin,37.96729,23.72523,1.8,1,1,gautama-buddha/08-fa-hien.md(1),south gate,0,https://pleiades.stoa.org/places/137478922,"purpose. As you go out from the city by the south gate, and 1,200 paces from it, the (Vai"
pl-540801,Haliartos,settlement|acropolis,pin,38.37832,23.0866,71.2,1,1,apollo/02-homeric-hymn-pythian.md(1),Haliartus,0,https://pleiades.stoa.org/places/540801,assed many-towered Ocalea and reached grassy Haliartus. (ll. 244-253) Then you went towar
pl-570274,Halieis,settlement|port,pin,37.31509,23.15263,89.9,1,1,thucydides/03-the-plague.md(1),Halieis,0,https://pleiades.stoa.org/places/570274,"s, they laid waste the territory of Troezen, Halieis, and Hermione, all towns on the coast"
pl-540804,Halos,settlement,pin,39.15518,22.83437,151.6,1,1,gautama-buddha/04-jataka-book-one.md(1),halos,0,https://pleiades.stoa.org/places/540804,"ute of a Buddha), which issued from him like halos, and in pairs. Then, though mighty in v"
pl-540817,Histiaia/Hestiaia,settlement,pin,38.9466,23.09053,120.6,1,1,herodotus/04-salamis.md(1),Histiaia,1,https://pleiades.stoa.org/places/540817,"onians and having passed over from thence to Histiaia, after staying three days sailed thr"
pl-899305140,Ismenus (river),"river, drainage",pin,38.3248,23.3244,51.8,1,1,apollo/07-sophocles-oedipus.md(1),Ismenus,0,https://pleiades.stoa.org/places/899305140,"Both shrines of Pallas congregate, or where Ismenus gives his oracles by fire. For, as th"
pl-570330,Kardamyle (Messenia),settlement,pin,36.88478,22.23765,179.5,1,1,herodotus/04-salamis.md(1),Cardamyle,0,https://pleiades.stoa.org/places/570330,"rmion 42 and Asine, which latter is opposite Cardamyle in the Laconian land; and of the Le"
pl-579971,Kephale,settlement|deme (Athenian),pin,37.8118,23.99638,30.4,1,1,lycurgus/06-herodotus-book-one.md(1),kephale,0,https://pleiades.stoa.org/places/579971,e}. The translation is Rawlinson's.] 158 [ {kephale anamaxas}: cp. Hom. Od. xix. 92.] 15
pl-579974,Kephisos (river),"river, drainage",pin,38.04446,23.74243,6.9,1,1,apollo/02-homeric-hymn-pythian.md(1),Cephissus,2,https://pleiades.stoa.org/places/579974,"ent, O far-shooting Apollo, and reached next Cephissus' sweet stream which pours forth its"
pl-540880,Korax (mountain),mountain,pin,38.64722,22.25194,148.4,1,1,plutarch/06-alcibiades.md(1),corax,1,https://pleiades.stoa.org/places/540880,"e a colax he is,"" says Alcibiades, meaning a corax; on which it is remarked, ""How very ha"
pl-540889,Krisa,settlement|archaeological site|acropolis,pin,38.4654,22.45957,123.0,1,1,apollo/08-pindar-pythian.md(1),Krisa,0,https://pleiades.stoa.org/places/540889,"front shall give tidings of a victory won in Krisa's dells, glorious in the speech of men"
pl-492759697,Larisa Fortress (Argolid),fort|castle|acropolis|citadel,pin,37.638,22.715,96.9,1,1,thucydides/02-the-funeral-oration.md(1),Larisa,0,https://pleiades.stoa.org/places/492759697,"olymedes and Aristonus, two party leaders in Larisa; the Pharsalian general was Menon; eac"
pl-540911,Lelant(i)on Pedion,plain,wash,38.53,23.87,62.0,1,1,apollo/02-homeric-hymn-pythian.md(1),Lelantine plain,0,https://pleiades.stoa.org/places/540911,"in Euboea, famed for ships: you stood in the Lelantine plain, but it pleased not your hear"
pl-540930,Malis,region|map label location,pin,38.85937,22.41302,150.3,1,1,herodotus/03-thermopylai.md(1),Malis,0,https://pleiades.stoa.org/places/540930,"ch is the first town of the Locrians towards Malis, and by the stone called Black Buttocks"
pl-570459,Mantineia/Antigoneia,settlement,pin,37.61738,22.39258,124.2,1,1,herodotus/03-thermopylai.md(1),Mantineia,0,https://pleiades.stoa.org/places/570459,"ee hundred hoplites; of the men of Tegea and Mantineia a thousand, half from each place, f"
pl-582863,Melite,settlement|deme (Athenian),pin,37.97953,23.71841,0.9,1,1,plutarch/04-solon.md(1),Melite,0,https://pleiades.stoa.org/places/582863,"hem dwelt at Brauron in Attica, the other at Melite; and they have a township of Philaidae"
pl-570508,Nisaia,ruin|settlement,pin,37.97645,23.36368,31.9,1,1,lycurgus/06-herodotus-book-one.md(1),Nisaia,0,https://pleiades.stoa.org/places/570508,"against the Megarians, during which he took Nisaia and performed other signal service. An"
pl-540971,Oichalia?,settlement|archaeological site,pin,38.60268,24.09983,76.1,1,1,theseus/04-hippolytus.md(1),Oechalia,0,https://pleiades.stoa.org/places/540971,"* * * There roamed a Steed in Oechalia's wild, A Maid without yoke, wit"
pl-540987,Orchomenos/Orchomenus (Boeotia),tomb|settlement,pin,38.49332,22.9747,86.8,1,1,julius-caesar/civil-war-3.md(1),Orchomenus,1,https://pleiades.stoa.org/places/540987,"chaia. Kalenus recovered Delphi, Thebes, and Orchomenus, by a voluntary submission of thos"
pl-570543,Pagai,"settlement|port|church, monastery (deprecated)",pin,38.08492,23.19712,47.8,1,1,plutarch/05-pericles.md(1),Pegae,1,https://pleiades.stoa.org/places/570543,"round the Peloponnesus, having set out from Pegae, or The Fountains, the port of Megara,"
pl-580059,Parnes (mountain),mountain,pin,38.1734,23.7174,21.1,1,1,thucydides/02-the-funeral-oration.md(1),Parnes,0,https://pleiades.stoa.org/places/580059,and ravaged some of the demes between Mount Parnes and Brilessus. While they were in Atti
pl-585129,Phalerikon Teichos,"wall (of a city), city wall",wash,37.95339,23.71255,3.6,1,1,thucydides/02-the-funeral-oration.md(1),Phaleric wall,0,https://pleiades.stoa.org/places/585129,"he resident aliens who had heavy armour. The Phaleric wall ran for four miles, before it j"
pl-541042,Pharsalus,settlement|acropolis,pin,39.2885,22.38785,186.0,1,1,julius-caesar/civil-war-3.md(1),Pharsalus,0,https://pleiades.stoa.org/places/541042,"e enemy, he landed his men at a place called Pharsalus, without the loss of a single vesse"
pl-580076,Phlya,settlement|deme (Athenian),pin,38.02626,23.80683,8.4,1,1,plutarch/04-solon.md(1),Phlya,0,https://pleiades.stoa.org/places/580076,"three hundred noble citizens. And Myron of Phlya being their accuser, they were found gu"
pl-580079,Phyle,fort|deme (Athenian),pin,38.13996,23.63692,19.1,1,1,lycurgus/01-plutarch-lycurgus.md(1),phyle,2,https://pleiades.stoa.org/places/580079,"to Minerva Hellania, and after that you have phyle'd the people phyles, and obe'd them int"
pl-570622,Pogon,port,wash,37.75,23.25,49.3,1,1,herodotus/04-salamis.md(1),Pogon,0,https://pleiades.stoa.org/places/570622,"y had been ordered beforehand to assemble at Pogon, which is the harbour of the Troizenian"
pl-541065,Polis,settlement,pin,38.38529,22.07186,151.4,1,1,george-washington/01-rules-of-civility.md(1),polis,0,https://pleiades.stoa.org/places/541065,"compliments qui se fait parmy les plus polis, & particulierement ceux qui consistent"
pl-599919,Rheneia (island),island,pin,37.40411,25.22804,146.9,1,1,thucydides/01-the-method.md(1),Rhenea,1,https://pleiades.stoa.org/places/599919,"reduced many of the islands, and among them Rhenea, which he consecrated to the Delian Ap"
pl-570647,Rhypes,settlement|acropolis|archaeological site,pin,38.21393,22.01894,151.7,1,1,lycurgus/06-herodotus-book-one.md(1),Rhypes,0,https://pleiades.stoa.org/places/570647,"ted by the Achaians in fight, and Aigion and Rhypes and Patreis and Phareis and Olenos, wh"
pl-570662,Sellasia,ruin|settlement,pin,37.16927,22.4406,145.1,1,1,lycurgus/05-plutarch-agis.md(1),Sellasia,0,https://pleiades.stoa.org/places/570662,"getus, and as far as the cities of Malea and Sellasia, into four thousand five hundred lot"
pl-590044,Seriphos (island),island,pin,37.15608,24.4824,113.6,1,1,apollo/08-pindar-pythian.md(1),Seriphos,1,https://pleiades.stoa.org/places/590044,"d stricken the third sister, and to the isle Seriphos and its folk bare thence their doom."
pl-541092,Skiathos/Sciathus (island),island,pin,39.1669,23.4539,133.7,1,1,herodotus/04-salamis.md(1),Skiathos,1,https://pleiades.stoa.org/places/541092,"vessel which was keeping watch in advance at Skiathos, 56 and in which sailed Pytheas the"
pl-599944,Sporades (archipelago),"archipelago, island group|island",wash,39.14328,24.00973,131.2,1,1,theseus/02-the-labyrinth-and-icarus.md(1),Sporades,0,https://pleiades.stoa.org/places/599944,"s, or, according to some writers, one of the Sporades, a group that lay between the Cy"
pl-570706,Taygetos (mountain),mountain,pin,36.95354,22.34996,167.0,1,1,apollo/08-pindar-pythian.md(1),Taygetos,0,https://pleiades.stoa.org/places/570706,Herakleidai dwelling beneath the heights of Taygetos is to abide continually in the Doria
pl-71107898,Temple of Amphiaraus,temple,pin,38.29063,23.84467,35.6,1,1,lycurgus/06-herodotus-book-one.md(1),temple of Amphiaraos,0,https://pleiades.stoa.org/places/71107898,Now those which he sent to Delphi and to the temple of Amphiaraos he dedicated of his own
pl-570725,Therme,settlement,pin,37.9753,22.9734,66.1,1,1,thucydides/02-the-funeral-oration.md(1),Therme,0,https://pleiades.stoa.org/places/570725,"with Perdiccas, and induced them to restore Therme to him; upon which Perdiccas at once j"
pl-541141,Thespiai,settlement|archaeological site,pin,38.29453,23.15236,61.0,1,1,herodotus/04-salamis.md(1),Thespiai,0,https://pleiades.stoa.org/places/541141,verything in those regions. Now he had burnt Thespiai 3101 and Plataia because he was info
pl-991374,Thessalia (late Roman province),province,wash,37.5,22.5,120.6,1,1,cleopatra/07-lucan-book-ten.md(1),Thessalia,0,https://pleiades.stoa.org/places/991374,elf at peace? The host withdrawn From dread Thessalia raves on Nilus' banks As all the ra
pl-580120,Thria,settlement|deme (Athenian),pin,38.05447,23.59231,14.2,1,1,thucydides/02-the-funeral-oration.md(1),Thria,3,https://pleiades.stoa.org/places/580120,"d without advancing farther than Eleusis and Thria, which indeed proved the cause of his e"
pl-580134,Xypete,settlement|deme (Athenian),pin,37.95755,23.68548,4.7,1,1,plutarch/05-pericles.md(1),Xypete,1,https://pleiades.stoa.org/places/580134,rchitraves; and after his death Metagenes of Xypete added the frieze and the upper line of
pl-915090919,"""Gymnasium"" at Eleusis","sanctuary (religious center)|gymnasium, gymnasion",pin,38.03974,23.53847,17.7,0,0,,,0,https://pleiades.stoa.org/places/915090919,
pl-720770008,"""Mithraeum"" at Eleusis",temple,pin,38.0399,23.53834,17.7,0,0,,,0,https://pleiades.stoa.org/places/720770008,
pl-570271,(H)Aimoniai,settlement,pin,37.39061,22.16574,152.4,0,0,,,0,https://pleiades.stoa.org/places/570271,
pl-570276,(H)Alkyonis Sinus,"water, open",pin,38.12,23.07,59.5,0,0,,,0,https://pleiades.stoa.org/places/570276,
pl-540811,(H)Ellopia (Euboea),settlement,pin,38.91177,23.13601,115.3,0,0,,,0,https://pleiades.stoa.org/places/540811,
pl-540752,*Ekarra,settlement,pin,39.08032,22.21147,179.6,0,0,,,0,https://pleiades.stoa.org/places/540752,
pl-540582,Abai,settlement|archaeological site,pin,38.5802,22.91706,97.0,0,0,,,3,https://pleiades.stoa.org/places/540582,
pl-570027,Abia,castle|settlement|settlement-modern,pin,36.96519,22.14232,180.0,0,0,,,4,https://pleiades.stoa.org/places/570027,
pl-540585,Achaea Phthiotis,region|map label location,pin,39.05279,22.53241,157.9,0,0,,,0,https://pleiades.stoa.org/places/540585,
pl-104777482,Achaean League (Second),state (polity),wash,38.01712,22.34545,121.2,0,0,,,0,https://pleiades.stoa.org/places/104777482,
pl-981502,Achaia (province),province,wash,38.45714,23.62194,53.4,0,0,,,1,https://pleiades.stoa.org/places/981502,
pl-991372,"Achaia (province, late)",province,wash,37.5,22.5,120.6,0,0,,,1,https://pleiades.stoa.org/places/991372,
pl-579842,Acharnai (N),settlement|deme (Athenian),pin,38.08347,23.73409,11.1,0,0,,,1,https://pleiades.stoa.org/places/579842,
pl-579843,Acharnai (S),deme (Athenian),wash,38.125,23.625,18.1,0,0,,,1,https://pleiades.stoa.org/places/579843,
pl-735036201,Acharnes ancient theater,"theatre, theater",pin,38.08037,23.73322,10.8,0,0,,,0,https://pleiades.stoa.org/places/735036201,
pl-249767015,Acharnian Gate,"gate (of a city), city gate",pin,37.98104,23.72876,0.3,0,0,,,0,https://pleiades.stoa.org/places/249767015,
pl-540587,Acheloos (river),"river, drainage",wash,38.75,22.25,154.4,0,0,,,0,https://pleiades.stoa.org/places/540587,
pl-200503614,Achilleion,settlement,pin,39.15,22.25,182.5,0,0,,,1,https://pleiades.stoa.org/places/200503614,
pl-540589,Achilleion Sinus,"water, open",wash,38.75,24.75,123.3,0,0,,,0,https://pleiades.stoa.org/places/540589,
pl-638356144,Acropolis of Athens,acropolis|architectural complex,pin,37.97165,23.72644,1.4,0,0,,,0,https://pleiades.stoa.org/places/638356144,
pl-337621961,Acropolis of Eretria,wall (defensive)|acropolis|archaeological site,pin,38.40123,23.79545,46.8,0,0,,,0,https://pleiades.stoa.org/places/337621961,
pl-400626652,Acropolis of Halos,acropolis,pin,39.14407,22.81399,151.5,0,0,,,0,https://pleiades.stoa.org/places/400626652,
pl-791881840,Acropolis of Lilaia,acropolis,pin,38.62576,22.50629,128.3,0,0,,,0,https://pleiades.stoa.org/places/791881840,
pl-564394244,Acropolis?,acropolis,pin,38.95822,22.11285,177.5,0,0,,,0,https://pleiades.stoa.org/places/564394244,
pl-104777481,Aetolian League,"league, organization, association|state (polity)",wash,38.90028,22.16393,170.1,0,0,,,0,https://pleiades.stoa.org/places/104777481,
pl-589659,Ag. Andreas (Siphnos),church|settlement|acropolis,pin,36.95421,24.72185,144.2,0,0,,,0,https://pleiades.stoa.org/places/589659,
pl-540592,Ag. Athanasios,"fort, tower (deprecated)",pin,39.19618,23.44593,137.0,0,0,,,0,https://pleiades.stoa.org/places/540592,
pl-540593,Ag. Demetrios,"temple, sanctuary, shrine, monument, tomb (deprecated)",pin,38.76873,22.39963,145.0,0,0,,,1,https://pleiades.stoa.org/places/540593,
pl-570033,Ag. Eirene,settlement|temple,pin,37.66897,24.32589,63.1,0,0,,,1,https://pleiades.stoa.org/places/570033,
pl-589663,Ag. Georgios,tower (single),pin,37.03878,24.64343,132.5,0,0,,,0,https://pleiades.stoa.org/places/589663,
pl-570035,Ag. Helene,villa,pin,36.69414,24.34969,153.6,0,0,,,0,https://pleiades.stoa.org/places/570035,
pl-540594,Ag. Ilias,settlement,pin,38.56813,23.65493,65.3,0,0,,,0,https://pleiades.stoa.org/places/540594,
pl-570036,Ag. Ioannes,settlement,pin,36.74015,24.51606,154.9,0,0,,,0,https://pleiades.stoa.org/places/570036,
pl-570037,Ag. Ioannis Khalara,quarry,pin,37.68027,24.37239,65.9,0,0,,,0,https://pleiades.stoa.org/places/570037,
pl-570038,Ag. Kyriake,settlement,pin,36.67383,24.49256,160.6,0,0,,,0,https://pleiades.stoa.org/places/570038,
pl-570039,Ag. Marina,"fort, tower (deprecated)",pin,37.61286,24.30616,65.5,0,0,,,1,https://pleiades.stoa.org/places/570039,
pl-589666,Ag. Nikitas,church|settlement,pin,37.01508,24.68932,137.1,0,0,,,0,https://pleiades.stoa.org/places/589666,
pl-579845,Ag. Paraskevi,fort,pin,38.26525,23.92107,35.6,0,0,,,1,https://pleiades.stoa.org/places/579845,
pl-540595,Ag. Paraskevi,"fort, tower (deprecated)",pin,38.55496,23.6506,63.9,0,0,,,1,https://pleiades.stoa.org/places/540595,
pl-589671,Ag. Sostes,mine,pin,37.012,24.712,138.6,0,0,,,0,https://pleiades.stoa.org/places/589671,
pl-540596,Ag. Triada,settlement,pin,38.57568,23.72865,65.8,0,0,,,0,https://pleiades.stoa.org/places/540596,
pl-540598,Ag. Vasileios (Euboea),settlement,pin,38.93993,23.44434,109.1,0,0,,,0,https://pleiades.stoa.org/places/540598,
pl-867848906,Agamemnoneion of Mycenae,shrine,pin,37.72139,22.75347,90.4,0,0,,,0,https://pleiades.stoa.org/places/867848906,
pl-213957198,Agelastos Petra,fictional place,wash,38.0411,23.5374,17.8,0,0,,,2,https://pleiades.stoa.org/places/213957198,
pl-857558608,Agia Dynamis,church,pin,37.97519,23.73201,1.0,0,0,,,0,https://pleiades.stoa.org/places/857558608,
pl-492082396,Agios Andreas (Siphnos),acropolis,pin,36.95429,24.72151,144.2,0,0,,,1,https://pleiades.stoa.org/places/492082396,
pl-177523747,Agios Elias Doric temple,temple,pin,37.42171,22.2503,144.2,0,0,,,0,https://pleiades.stoa.org/places/177523747,
pl-403621799,"Agios Vasileios, Laconia",palace complex|archaeological site,pin,36.97924,22.47829,156.9,0,0,,,0,https://pleiades.stoa.org/places/403621799,
pl-100638613,Agora Mint,metalworking facility,pin,37.97394,23.724,1.1,0,0,,,1,https://pleiades.stoa.org/places/100638613,
pl-807514119,Agora of Athens,agora|archaeological site,pin,37.9755,23.72265,1.0,0,0,,,0,https://pleiades.stoa.org/places/807514119,
pl-958275306,Agora of Corinth,agora,pin,37.90539,22.88006,74.8,0,0,,,0,https://pleiades.stoa.org/places/958275306,
pl-457626875,Agora of Messene,agora,pin,37.17699,21.92072,182.7,0,0,,,0,https://pleiades.stoa.org/places/457626875,
pl-499970655,Agora of Onchestos,"agora, forum, plaza (deprecated)|architectural complex",pin,38.36631,23.13853,66.8,0,0,,,0,https://pleiades.stoa.org/places/499970655,
pl-411301348,Agora of the Competaliasts or Hermaists,urban area|agora,pin,37.39906,25.26648,150.2,0,0,,,0,https://pleiades.stoa.org/places/411301348,
pl-394168051,Agora of the Italians,architectural complex,pin,37.40175,25.26754,150.2,0,0,,,0,https://pleiades.stoa.org/places/394168051,
pl-579846,Agrai,settlement,pin,37.9653,23.7429,2.5,0,0,,,0,https://pleiades.stoa.org/places/579846,
pl-579847,Agrieliki,"fort, tower (deprecated)",pin,38.11794,23.94619,24.3,0,0,,,0,https://pleiades.stoa.org/places/579847,
pl-579848,Agryle Hypenerthen,settlement,pin,37.96065,23.73711,2.7,0,0,,,0,https://pleiades.stoa.org/places/579848,
pl-579849,Agryle Kathyperthen,deme (Athenian),pin,37.961,23.758,3.7,0,0,,,0,https://pleiades.stoa.org/places/579849,
pl-330217806,Ai Lia temples,sanctuary (religious center)|archaeological site,pin,38.16419,22.15607,139.0,0,0,,,0,https://pleiades.stoa.org/places/330217806,
pl-770861329,Aiakeion,building|shrine,pin,37.97425,23.72245,1.2,0,0,,,0,https://pleiades.stoa.org/places/770861329,
pl-540600,Aianteion Pr.,"cape, promontory, promuntory",wash,39.25,23.25,146.8,0,0,,,0,https://pleiades.stoa.org/places/540600,
pl-330976685,Aiantis,"people, tribe (historical cultural group)",wash,37.93731,23.70625,5.5,0,0,,,0,https://pleiades.stoa.org/places/330976685,
pl-540602,Aidepsos (spa),"settlement|bath, spa",pin,38.85919,23.04553,114.0,0,0,,,1,https://pleiades.stoa.org/places/540602,
pl-540601,Aidepsos? (polis),settlement-modern,pin,38.87982,23.0442,116.1,0,0,,,1,https://pleiades.stoa.org/places/540601,
pl-540603,Aigai,settlement,pin,38.59819,23.55263,70.0,0,0,,,1,https://pleiades.stoa.org/places/540603,
pl-570040,Aigai,settlement,pin,38.15488,22.31464,125.1,0,0,,,1,https://pleiades.stoa.org/places/570040,
pl-540604,Aigai (mountain),mountain|map label location,pin,38.68943,23.44839,82.2,0,0,,,1,https://pleiades.stoa.org/places/540604,
pl-579850,Aigaleos,"mountain|fort, tower (deprecated)",pin,38.04917,23.66852,8.9,0,0,,,1,https://pleiades.stoa.org/places/579850,
pl-579851,Aigaleos (mountain),mountain,pin,38.03333,23.65,8.7,0,0,,,1,https://pleiades.stoa.org/places/579851,
pl-570044,Aigiai,settlement|archaeological site|settlement-modern,pin,36.78751,22.51595,170.7,0,0,,,0,https://pleiades.stoa.org/places/570044,
pl-570045,Aigila,settlement,pin,36.55908,22.46618,193.8,0,0,,,0,https://pleiades.stoa.org/places/570045,
pl-579852,Aigilia?,settlement,pin,37.79244,23.90975,26.6,0,0,,,1,https://pleiades.stoa.org/places/579852,
pl-540605,Aigilia? (island),island,pin,38.17206,24.16887,43.9,0,0,,,1,https://pleiades.stoa.org/places/540605,
pl-579853,Aigina (settlement),settlement,pin,37.75015,23.42367,37.2,0,0,,,3,https://pleiades.stoa.org/places/579853,
pl-570050,Aigiplanktos/Geran(e)ia (mountain),mountain|map label location,pin,38.01684,23.09471,55.6,0,0,,,0,https://pleiades.stoa.org/places/570050,
pl-540608,Aigition,settlement,pin,38.49039,22.16893,147.3,0,0,,,0,https://pleiades.stoa.org/places/540608,
pl-540609,Aiglepheira,settlement,pin,38.41963,23.90942,51.0,0,0,,,0,https://pleiades.stoa.org/places/540609,
pl-570051,Aigosthena,"settlement|port|fort, tower (deprecated)",pin,38.14743,23.22796,47.4,0,0,,,0,https://pleiades.stoa.org/places/570051,
pl-570052,Aigys,settlement,pin,37.24629,22.16546,160.2,0,0,,,0,https://pleiades.stoa.org/places/570052,
pl-570053,Aigytis,district|map label location,pin,37.27889,22.14234,160.1,0,0,,,0,https://pleiades.stoa.org/places/570053,
pl-540611,Ainis,"region|map label location|people, tribe (historical cultural group)",pin,38.86985,22.17632,167.2,0,0,,,0,https://pleiades.stoa.org/places/540611,
pl-540612,Aiolidai?,settlement,pin,38.45452,22.77736,98.1,0,0,,,0,https://pleiades.stoa.org/places/540612,
pl-579854,Aithalidai/Hybadai?,settlement|deme (Athenian),pin,38.10931,23.78407,14.8,0,0,,,0,https://pleiades.stoa.org/places/579854,
pl-579855,Aixone,settlement|deme (Athenian),pin,37.86633,23.75489,13.3,0,0,,,0,https://pleiades.stoa.org/places/579855,
pl-573061,Akakesion,unlocated|settlement,wash,37.38927,22.02997,163.3,0,0,,,0,https://pleiades.stoa.org/places/573061,
pl-524604228,Akontion (Boeotian mountain),mountain,pin,38.5066,22.9174,91.6,0,0,,,0,https://pleiades.stoa.org/places/524604228,
pl-540617,Akraiphiai,settlement|acropolis,pin,38.45134,23.21895,68.4,0,0,,,0,https://pleiades.stoa.org/places/540617,
pl-570058,Akriai,building|settlement,pin,36.79164,22.78701,156.4,0,0,,,0,https://pleiades.stoa.org/places/570058,
pl-570059,Akrokorinthos,settlement (fortified)|sanctuary (religious center)|acropolis|settlement,pin,37.89123,22.87351,75.6,0,0,,,0,https://pleiades.stoa.org/places/570059,
pl-582867,Akte Pr.,site,wash,37.93756,23.6449,8.9,0,0,,,0,https://pleiades.stoa.org/places/582867,
pl-570061,Alagonia?,settlement,pin,36.95557,22.26121,172.7,0,0,,,0,https://pleiades.stoa.org/places/570061,
pl-540619,Alalkomenai,settlement,pin,38.39252,23.0187,76.8,0,0,,,0,https://pleiades.stoa.org/places/540619,
pl-570062,Alea,settlement,pin,37.79467,22.45078,114.0,0,0,,,1,https://pleiades.stoa.org/places/570062,
pl-385804799,Alepotrypa,cave,pin,36.63853,22.38237,191.1,0,0,,,1,https://pleiades.stoa.org/places/385804799,
pl-697499491,Alepotrypa cave,cave,pin,36.63855,22.38234,191.1,0,0,,,1,https://pleiades.stoa.org/places/697499491,
pl-570063,Alesiai,settlement|settlement-modern,pin,37.05047,22.40707,156.0,0,0,,,0,https://pleiades.stoa.org/places/570063,
pl-570064,Alesion (mountain),mountain|map label location,pin,37.64224,22.43369,119.8,0,0,,,0,https://pleiades.stoa.org/places/570064,
pl-540621,Alope,settlement,pin,38.80837,22.88042,117.7,0,0,,,1,https://pleiades.stoa.org/places/540621,
pl-540622,Alope?,settlement,pin,38.4232,22.14579,146.6,0,0,,,3,https://pleiades.stoa.org/places/540622,
pl-579858,Alopeke,settlement|deme (Athenian),pin,37.95,23.75,4.2,0,0,,,0,https://pleiades.stoa.org/places/579858,
pl-215521453,Altar at the temple of Amphiaraos,temple,pin,38.29069,23.84525,35.6,0,0,,,0,https://pleiades.stoa.org/places/215521453,
pl-756525877,Altar of Androgeos,unlocated|monument,wash,37.93731,23.70625,5.5,0,0,,,0,https://pleiades.stoa.org/places/756525877,
pl-415460393,Altar of Zeus Agoraios,shrine,pin,37.97325,23.72085,1.3,0,0,,,0,https://pleiades.stoa.org/places/415460393,
pl-116485242,Altar of Zeus Polieus,shrine,pin,37.97186,23.72724,1.3,0,0,,,0,https://pleiades.stoa.org/places/116485242,
pl-676120270,Altar of the Twelve Gods,shrine,pin,37.97579,23.72276,1.0,0,0,,,0,https://pleiades.stoa.org/places/676120270,
pl-579859,Amarynthos,settlement|archaeological site,pin,38.38703,23.90893,47.6,0,0,,,1,https://pleiades.stoa.org/places/579859,
pl-540626,Ambrossos,settlement,pin,38.42919,22.66722,105.0,0,0,,,0,https://pleiades.stoa.org/places/540626,
pl-570070,Aminios (river),"river, drainage",wash,37.25,22.25,153.6,0,0,,,0,https://pleiades.stoa.org/places/570070,
pl-540627,Amphanai?,settlement,pin,39.31311,22.93033,163.2,0,0,,,0,https://pleiades.stoa.org/places/540627,
pl-570071,Ampheia,settlement,pin,37.26419,22.07514,166.1,0,0,,,0,https://pleiades.stoa.org/places/570071,
pl-579860,Amphiale (promontory),"cape, promontory, promuntory",pin,37.97982,23.55218,15.4,0,0,,,0,https://pleiades.stoa.org/places/579860,
pl-540628,Amphiareion,sanctuary (religious center),pin,38.29101,23.84564,35.7,0,0,,,0,https://pleiades.stoa.org/places/540628,
pl-540629,Amphikleia,settlement,pin,38.64232,22.59821,122.8,0,0,,,0,https://pleiades.stoa.org/places/540629,
pl-629588005,Amphissa Tholos,tomb,pin,38.51302,22.40174,129.9,0,0,,,0,https://pleiades.stoa.org/places/629588005,
pl-579862,Amphitrope?,settlement,pin,37.70913,24.0094,39.3,0,0,,,0,https://pleiades.stoa.org/places/579862,
pl-252533527,Ampouria Parnassou,sanctuary (religious center)|cave|settlement-modern,pin,38.56822,22.70592,110.3,0,0,,,0,https://pleiades.stoa.org/places/252533527,
pl-573086,Amymone,"unlocated|spring|river, drainage",wash,37.55124,22.71833,100.9,0,0,,,0,https://pleiades.stoa.org/places/573086,
pl-579863,Anagyrous,settlement|deme (Athenian),pin,37.83002,23.80484,18.4,0,0,,,0,https://pleiades.stoa.org/places/579863,
pl-579864,Anakaia?,settlement|deme (Athenian),pin,38.141,23.88918,22.5,0,0,,,0,https://pleiades.stoa.org/places/579864,
pl-579866,Anaphlystos,settlement|settlement-modern|deme (Athenian),pin,37.73756,23.95219,33.7,0,0,,,1,https://pleiades.stoa.org/places/579866,
pl-540633,Anastasis,settlement,pin,38.62183,23.08285,90.5,0,0,,,0,https://pleiades.stoa.org/places/540633,
pl-540634,Anauros (river),"river, drainage",wash,39.25,22.75,164.4,0,0,,,0,https://pleiades.stoa.org/places/540634,
pl-194496209,Anavyssos,"findspot, place of finding, find place|settlement-modern",pin,37.73664,23.94944,33.7,0,0,,,1,https://pleiades.stoa.org/places/194496209,
pl-570078,Anchisia (mountain),mountain|map label location,pin,37.69871,22.37256,123.1,0,0,,,0,https://pleiades.stoa.org/places/570078,
pl-540635,Anchoe,settlement,pin,38.54148,23.2891,72.9,0,0,,,0,https://pleiades.stoa.org/places/540635,
pl-84693646,Ancient Agora of Argos,agora,pin,37.63041,22.72167,96.7,0,0,,,0,https://pleiades.stoa.org/places/84693646,
pl-807215246,Ancient Stadium of Sikyon,"stadion, stadium",pin,37.98449,22.70941,89.2,0,0,,,0,https://pleiades.stoa.org/places/807215246,
pl-567146275,Ancient Theater of Argos,"theatre, theater",pin,37.63171,22.71929,96.8,0,0,,,0,https://pleiades.stoa.org/places/567146275,
pl-388668362,Ancient Theater of Chaeronea,"theatre, theater",pin,38.49427,22.84187,95.9,0,0,,,0,https://pleiades.stoa.org/places/388668362,
pl-201100501,Ancient harbour (submerged) at Aegina,port,pin,37.74827,23.42338,37.4,0,0,,,0,https://pleiades.stoa.org/places/201100501,
pl-75526757,Ancient theater of Eretria,"theatre, theater",pin,38.39864,23.79063,46.5,0,0,,,0,https://pleiades.stoa.org/places/75526757,
pl-570079,Andania,settlement,pin,37.26217,21.9381,176.8,0,0,,,0,https://pleiades.stoa.org/places/570079,
pl-596828152,Andros (medieval fortification),ruin|settlement-modern,pin,37.84088,24.94353,107.9,0,0,,,0,https://pleiades.stoa.org/places/596828152,
pl-589692,Andros (settlement),settlement|archaeological site|settlement-modern,pin,37.81568,24.8265,98.2,0,0,,,1,https://pleiades.stoa.org/places/589692,
pl-570080,Anemosa,settlement,pin,37.57179,22.23857,138.6,0,0,,,0,https://pleiades.stoa.org/places/570080,
pl-570081,Angathia,villa,pin,36.72532,24.35718,150.6,0,0,,,0,https://pleiades.stoa.org/places/570081,
pl-540636,Angeia,settlement (fortified)|archaeological site,pin,39.10772,22.06456,191.1,0,0,,,0,https://pleiades.stoa.org/places/540636,
pl-579867,Angele,settlement|deme (Athenian),pin,37.89866,23.96306,22.7,0,0,,,0,https://pleiades.stoa.org/places/579867,
pl-134456168,Angelika tholos tomb (Mykonos),tomb,pin,37.43481,25.32903,153.5,0,0,,,0,https://pleiades.stoa.org/places/134456168,
pl-579868,Ankesmos (mountain),mountain,wash,38.125,23.875,20.3,0,0,,,0,https://pleiades.stoa.org/places/579868,
pl-579869,Ankyle Hypenerthen,settlement,pin,37.97665,23.75597,2.6,0,0,,,0,https://pleiades.stoa.org/places/579869,
pl-579870,Ankyle Kathyperthen,settlement,pin,37.98008,23.7504,2.0,0,0,,,0,https://pleiades.stoa.org/places/579870,
pl-540637,Ano Ktimeni,settlement,pin,39.1084,22.13127,186.8,0,0,,,0,https://pleiades.stoa.org/places/540637,
pl-540638,Ano Phteri,settlement,pin,38.88707,22.05633,176.8,0,0,,,0,https://pleiades.stoa.org/places/540638,
pl-540640,Anthela,shrine|archaeological site,pin,38.7979,22.5104,139.4,0,0,,,0,https://pleiades.stoa.org/places/540640,
pl-540642,Antikyra,settlement|port,pin,38.37544,22.62606,105.7,0,0,,,1,https://pleiades.stoa.org/places/540642,
pl-540641,Antikyra?,settlement,pin,38.85278,22.43053,148.7,0,0,,,1,https://pleiades.stoa.org/places/540641,
pl-540644,Antron(es),settlement,pin,38.95098,22.96748,126.3,0,0,,,0,https://pleiades.stoa.org/places/540644,
pl-579871,Anydros (mountain),mountain,wash,37.875,23.875,17.7,0,0,,,0,https://pleiades.stoa.org/places/579871,
pl-570088,Apelauron,"pass, ""gates"" (landform)",pin,37.84869,22.48757,109.8,0,0,,,0,https://pleiades.stoa.org/places/570088,
pl-570089,Aperopia (island),island,pin,37.33708,23.3269,80.1,0,0,,,0,https://pleiades.stoa.org/places/570089,
pl-570090,Apesas (mountain),mountain,pin,37.86667,22.73333,88.2,0,0,,,0,https://pleiades.stoa.org/places/570090,
pl-540645,Aphetai?,settlement,pin,39.14629,23.3124,134.2,0,0,,,0,https://pleiades.stoa.org/places/540645,
pl-573101,Aphrodisias/Aphrodisia,unlocated|ruin|settlement,pin,36.547,22.988,172.6,0,0,,,0,https://pleiades.stoa.org/places/573101,
pl-570093,Aphrodision,settlement,pin,37.38737,22.21822,148.4,0,0,,,1,https://pleiades.stoa.org/places/570093,
pl-570094,Aphrodision (mountain),mountain|map label location,pin,37.83192,21.90313,160.9,0,0,,,1,https://pleiades.stoa.org/places/570094,
pl-540647,Apidanos (river),"river, drainage",pin,39.3521,22.22102,200.6,0,0,,,0,https://pleiades.stoa.org/places/540647,
pl-792912222,Apidima Cave,cave|archaeological site,pin,36.66259,22.36244,190.1,0,0,,,0,https://pleiades.stoa.org/places/792912222,
pl-599502,Aplomata,"fort, tower (deprecated)",pin,37.10832,25.38468,175.6,0,0,,,0,https://pleiades.stoa.org/places/599502,
pl-570096,Apollo Korythos Sanctuary,sanctuary (religious center)|temple,pin,36.86404,21.91863,202.5,0,0,,,1,https://pleiades.stoa.org/places/570096,
pl-570097,"Apollo Maleatas, T.",sanctuary (religious center),pin,37.12702,22.71097,130.8,0,0,,,1,https://pleiades.stoa.org/places/570097,
pl-540653,"Apollo Nasiotas, T.",temple|island,pin,38.37693,22.40435,123.6,0,0,,,1,https://pleiades.stoa.org/places/540653,
pl-540654,"Apollo Tegyraios, T.",temple,pin,38.52059,23.03644,84.9,0,0,,,1,https://pleiades.stoa.org/places/540654,
pl-540655,"Apollo Thourios, T.",temple,pin,38.48689,22.84988,94.9,0,0,,,1,https://pleiades.stoa.org/places/540655,
pl-540650,"Apollo, T.",temple,pin,38.45399,23.25258,66.7,0,0,,,3,https://pleiades.stoa.org/places/540650,
pl-540652,"Apollo, T.",temple,pin,38.50132,24.12333,67.1,0,0,,,3,https://pleiades.stoa.org/places/540652,
pl-540651,"Apollo, T.",temple,pin,38.58507,23.80506,67.2,0,0,,,3,https://pleiades.stoa.org/places/540651,
pl-540649,"Apollo, T.",temple,pin,39.30349,23.12214,155.9,0,0,,,3,https://pleiades.stoa.org/places/540649,
pl-599508,Apollonas (quarry),quarry,pin,37.1791,25.54825,183.7,0,0,,,0,https://pleiades.stoa.org/places/599508,
pl-570098,Arachnaion (mountain),"mountain|church, monastery (deprecated)",pin,37.66895,22.98384,74.1,0,0,,,0,https://pleiades.stoa.org/places/570098,
pl-570099,Arainon,harbor|ruin|settlement|settlement-modern,pin,36.69619,22.52294,178.4,0,0,,,0,https://pleiades.stoa.org/places/570099,
pl-579876,Araphen,settlement|deme (Athenian),pin,38.01999,24.00167,24.4,0,0,,,0,https://pleiades.stoa.org/places/579876,
pl-435916987,Arcadian Gate,"gate (of a city), city gate|wall (of a city), city wall",pin,37.1867,21.91331,182.8,0,0,,,0,https://pleiades.stoa.org/places/435916987,
pl-235795850,Arch of Hadrian at Athens,arch,pin,37.97018,23.73201,1.6,0,0,,,0,https://pleiades.stoa.org/places/235795850,
pl-226716587,Archaeological Site at Plasi of Marathon,archaeological site,pin,38.12318,23.99475,28.1,0,0,,,0,https://pleiades.stoa.org/places/226716587,
pl-499782907,Archaic Temple at Ai Lia,church|temple,pin,38.16409,22.15683,138.9,0,0,,,0,https://pleiades.stoa.org/places/499782907,
pl-430178769,Archaic tholos tomb at Pharsalos,tomb,pin,39.29502,22.37113,187.4,0,0,,,0,https://pleiades.stoa.org/places/430178769,
pl-599512,Archilocheion,sanctuary (religious center)|archaeological site|settlement-modern,pin,37.08866,25.17362,161.8,0,0,,,1,https://pleiades.stoa.org/places/599512,
pl-523926373,Arcuated Building,building,pin,37.97407,23.72708,1.1,0,0,,,0,https://pleiades.stoa.org/places/523926373,
pl-582870,Ardettos,shrine|hill,wash,37.96826,23.74108,2.1,0,0,,,0,https://pleiades.stoa.org/places/582870,
pl-570103,Argolicus Sinus,"water, open",pin,37.38004,22.95611,95.5,0,0,,,0,https://pleiades.stoa.org/places/570103,
pl-570105,Argon Pedion,plain|map label location,pin,37.64918,22.46595,116.9,0,0,,,0,https://pleiades.stoa.org/places/570105,
pl-540660,Argoura,settlement,pin,38.40431,23.66316,47.1,0,0,,,0,https://pleiades.stoa.org/places/540660,
pl-570107,Aris (river),"river, drainage",pin,37.08069,22.04431,179.2,0,0,,,1,https://pleiades.stoa.org/places/570107,
pl-570108,Aristera Ins.,island,pin,37.21497,23.17824,98.2,0,0,,,0,https://pleiades.stoa.org/places/570108,
pl-570109,Aristonautai,settlement,pin,38.07681,22.63574,96.2,0,0,,,0,https://pleiades.stoa.org/places/570109,
pl-770053487,Arkadiko Bridge,bridge,pin,37.59556,22.93917,81.6,0,0,,,0,https://pleiades.stoa.org/places/770053487,
pl-540661,Arkhampolis,settlement,pin,38.08561,24.55728,73.5,0,0,,,0,https://pleiades.stoa.org/places/540661,
pl-540663,Arne,settlement,pin,38.48288,22.93328,88.8,0,0,,,4,https://pleiades.stoa.org/places/540663,
pl-570112,Aroania (mountain),mountain,pin,37.974,22.207,133.3,0,0,,,0,https://pleiades.stoa.org/places/570112,
pl-570114,Aroanios (Arcadia: river above Kleitor),"river, drainage",pin,37.88803,22.14225,139.4,0,0,,,0,https://pleiades.stoa.org/places/570114,
pl-540664,"Artemis Diktynnaia, T.",temple,pin,38.41557,22.65553,105.3,0,0,,,1,https://pleiades.stoa.org/places/540664,
pl-540665,"Artemis Elaphebolia, T.",sanctuary (religious center)|temple,pin,38.6367,22.89554,102.7,0,0,,,1,https://pleiades.stoa.org/places/540665,
pl-540667,Artemision,sanctuary (religious center)|temple,pin,39.01405,23.22138,122.7,0,0,,,1,https://pleiades.stoa.org/places/540667,
pl-599525,Artemision,sanctuary (religious center),pin,37.38853,25.25009,149.4,0,0,,,1,https://pleiades.stoa.org/places/599525,
pl-570121,Artemision (mountain),mountain,pin,37.61978,22.51488,114.0,0,0,,,1,https://pleiades.stoa.org/places/570121,
pl-570122,Asea,settlement|archaeological site,pin,37.40533,22.28297,142.4,0,0,,,3,https://pleiades.stoa.org/places/570122,
pl-673950517,Asea Vigla,temple,pin,37.43386,22.32487,137.7,0,0,,,0,https://pleiades.stoa.org/places/673950517,
pl-535233377,Ash Altar of Zeus Lykaios,shrine,pin,37.44662,21.98886,164.2,0,0,,,0,https://pleiades.stoa.org/places/535233377,
pl-570123,Asinaeus/Coronaeus Sinus,"water, open",pin,36.71315,22.20219,195.3,0,0,,,0,https://pleiades.stoa.org/places/570123,
pl-570124,Asine,settlement,pin,37.53589,22.86892,90.4,0,0,,,3,https://pleiades.stoa.org/places/570124,
pl-570126,Asine,settlement-modern,pin,36.6685,22.49994,182.1,0,0,,,3,https://pleiades.stoa.org/places/570126,
pl-570125,Asine,castle|settlement,pin,36.79451,21.96327,204.4,0,0,,,4,https://pleiades.stoa.org/places/570125,
pl-322517289,Asklepieion and Lerna,sanctuary (religious center)|temple,pin,37.91063,22.87729,75.0,0,0,,,0,https://pleiades.stoa.org/places/322517289,
pl-91539310,Asklepieion at Eleusis,sanctuary (religious center),wash,38.04126,23.53753,17.8,0,0,,,0,https://pleiades.stoa.org/places/91539310,
pl-346004679,Asklepieion at Zea,sanctuary (religious center)|archaeological site,pin,37.93698,23.65311,8.3,0,0,,,3,https://pleiades.stoa.org/places/346004679,
pl-52154983,Asklepieion of Messene,sanctuary (religious center)|archaeological site,pin,37.17544,21.92042,182.9,0,0,,,0,https://pleiades.stoa.org/places/52154983,
pl-627870063,Asklepieion of Pheneos,sanctuary (religious center),pin,37.90904,22.30752,124.8,0,0,,,0,https://pleiades.stoa.org/places/627870063,
pl-599529,"Asklepieion, Thesmophorion?, Apollo, T.",sanctuary (religious center),pin,37.07812,25.1408,160.2,0,0,,,2,https://pleiades.stoa.org/places/599529,
pl-540670,Askra,settlement,pin,38.32822,23.07538,68.7,0,0,,,0,https://pleiades.stoa.org/places/540670,
pl-570129,Asopos,ruin|settlement,pin,36.6845,22.8426,164.3,0,0,,,3,https://pleiades.stoa.org/places/570129,
pl-540672,Asopos (river),"river, drainage",pin,38.29226,23.61326,35.7,0,0,,,4,https://pleiades.stoa.org/places/540672,
pl-579880,Asopos (river),"river, drainage",wash,38.375,23.625,44.4,0,0,,,2,https://pleiades.stoa.org/places/579880,
pl-570131,Asopos (river),"river, drainage",wash,37.75,22.75,89.7,0,0,,,4,https://pleiades.stoa.org/places/570131,
pl-606274,Asopos (river),"unlocated|river, drainage",wash,37.06519,25.19847,165.1,0,0,,,4,https://pleiades.stoa.org/places/606274,
pl-570132,Aspis (island),island,pin,37.859,23.14124,53.3,0,0,,,0,https://pleiades.stoa.org/places/570132,
pl-540673,Aspledon/Eudeielos,settlement,pin,38.541,22.99272,89.2,0,0,,,0,https://pleiades.stoa.org/places/540673,
pl-589714,Aspros Pyrgos,tower (single)|cistern,pin,36.9326,24.738,147.0,0,0,,,0,https://pleiades.stoa.org/places/589714,
pl-570133,Asterion (river),"river, drainage",pin,37.68593,22.80409,87.6,0,0,,,0,https://pleiades.stoa.org/places/570133,
pl-579882,Astypalaia (promontory),"cape, promontory, promuntory",pin,37.71516,23.92404,34.5,0,0,,,0,https://pleiades.stoa.org/places/579882,
pl-540675,Atalante (island),island,pin,38.67352,23.09538,94.5,0,0,,,0,https://pleiades.stoa.org/places/540675,
pl-579883,Atene,fort|deme (Athenian),pin,37.67535,23.96642,40.2,0,0,,,1,https://pleiades.stoa.org/places/579883,
pl-540678,"Athena Itonia?, T.",sanctuary (religious center),pin,38.39999,22.99875,78.7,0,0,,,2,https://pleiades.stoa.org/places/540678,
pl-540679,Athena Kranaia (temple),sanctuary (religious center)|archaeological site|temple,pin,38.65783,22.81066,109.6,0,0,,,1,https://pleiades.stoa.org/places/540679,
pl-599540,"Athena Poliouchos, T.",sanctuary (religious center),pin,37.12082,25.4401,178.9,0,0,,,1,https://pleiades.stoa.org/places/599540,
pl-540680,"Athena, T.",sanctuary (religious center),pin,38.78727,22.37189,148.1,0,0,,,2,https://pleiades.stoa.org/places/540680,
pl-540681,Athenai Diades,settlement,pin,38.84228,22.9829,115.4,0,0,,,0,https://pleiades.stoa.org/places/540681,
pl-570138,Athenaion (fortification),fort|ruin,pin,37.27913,22.25739,151.3,0,0,,,1,https://pleiades.stoa.org/places/570138,
pl-570137,Athenaion (settlement),settlement,pin,37.393,22.244,146.1,0,0,,,2,https://pleiades.stoa.org/places/570137,
pl-707804475,Athenian Treasury at Delphi,treasury (deprecated),pin,38.48182,22.50127,120.6,0,0,,,0,https://pleiades.stoa.org/places/707804475,
pl-579887,Athmonon,settlement|deme (Athenian),pin,38.05513,23.81155,10.8,0,0,,,0,https://pleiades.stoa.org/places/579887,
pl-599544,Aulon,labeled feature|map label location,pin,37.03887,25.40277,181.3,0,0,,,0,https://pleiades.stoa.org/places/599544,
pl-585892,Auridai,unlocated|deme (Athenian),wash,38.125,23.625,18.1,0,0,,,0,https://pleiades.stoa.org/places/585892,
pl-570143,Azania,region|map label location,pin,37.79723,22.11007,143.4,0,0,,,0,https://pleiades.stoa.org/places/570143,
pl-579890,Azenia?,settlement|deme (Athenian),pin,38.14776,23.52432,25.5,0,0,,,0,https://pleiades.stoa.org/places/579890,
pl-576630079,Bakcheion,shrine,pin,37.97155,23.72143,1.5,0,0,,,0,https://pleiades.stoa.org/places/576630079,
pl-570146,Balyra (river),"river, drainage",pin,37.17298,21.96941,179.2,0,0,,,2,https://pleiades.stoa.org/places/570146,
pl-949635163,"Barnavos, Chamber Tomb C1749",tomb,pin,37.80703,22.69188,93.0,0,0,,,0,https://pleiades.stoa.org/places/949635163,
pl-660349527,Basilica of Lechaion,"church, monastery (deprecated)",pin,37.934,22.88418,74.1,0,0,,,0,https://pleiades.stoa.org/places/660349527,
pl-288803012,Basilica of Thyrsos,"church, monastery (deprecated)",pin,37.46378,22.42662,128.2,0,0,,,0,https://pleiades.stoa.org/places/288803012,
pl-570147,Basilis,settlement,pin,37.44488,22.06813,157.8,0,0,,,0,https://pleiades.stoa.org/places/570147,
pl-570148,Bassai,temple,pin,37.42964,21.90032,172.1,0,0,,,0,https://pleiades.stoa.org/places/570148,
pl-579892,Bate?,settlement,pin,37.99423,23.7617,3.2,0,0,,,2,https://pleiades.stoa.org/places/579892,
pl-276064291,Bath at northwest foot of the Areopagus,"bath, spa",pin,37.97374,23.72148,1.2,0,0,,,0,https://pleiades.stoa.org/places/276064291,
pl-570149,Bathos,settlement,pin,37.45457,22.07125,157.1,0,0,,,0,https://pleiades.stoa.org/places/570149,
pl-570150,Belbina (island),island,pin,37.47661,23.92397,59.0,0,0,,,3,https://pleiades.stoa.org/places/570150,
pl-579893,Beletsi,fort,pin,38.21667,23.81667,27.0,0,0,,,0,https://pleiades.stoa.org/places/579893,
pl-570151,Belmina,settlement|settlement-modern,pin,37.28208,22.26904,150.3,0,0,,,3,https://pleiades.stoa.org/places/570151,
pl-570152,Belminatis,region|map label location,pin,37.30259,22.25986,149.8,0,0,,,0,https://pleiades.stoa.org/places/570152,
pl-935360966,Bema,platform,pin,37.97512,23.7239,1.0,0,0,,,2,https://pleiades.stoa.org/places/935360966,
pl-866381505,Bema of Phaidros,platform,pin,37.97026,23.72778,1.5,0,0,,,0,https://pleiades.stoa.org/places/866381505,
pl-573141,Bembina,unlocated|settlement,wash,37.8089,22.71082,91.3,0,0,,,0,https://pleiades.stoa.org/places/573141,
pl-928072777,Benches on Kolonos Agoraios,"earthwork|theatre, theater",pin,37.97547,23.72194,1.0,0,0,,,0,https://pleiades.stoa.org/places/928072777,
pl-579894,Besa,settlement|deme (Athenian),pin,37.74653,24.00771,36.1,0,0,,,1,https://pleiades.stoa.org/places/579894,
pl-570154,Bia(n)dyna,settlement,pin,36.75281,22.80159,159.5,0,0,,,0,https://pleiades.stoa.org/places/570154,
pl-573142,Bias (river),"unlocated|river, drainage",wash,37.11035,21.90598,187.7,0,0,,,3,https://pleiades.stoa.org/places/573142,
pl-540691,Boion,settlement,pin,38.65814,22.44741,134.5,0,0,,,0,https://pleiades.stoa.org/places/540691,
pl-570158,Boreion (mountain),mountain,pin,37.42096,22.25133,144.2,0,0,,,0,https://pleiades.stoa.org/places/570158,
pl-579896,Boudoron,"fort, tower (deprecated)",pin,37.98114,23.4219,26.8,0,0,,,0,https://pleiades.stoa.org/places/579896,
pl-540692,Boudoros (river),"river, drainage",wash,38.83463,23.47194,97.2,0,0,,,0,https://pleiades.stoa.org/places/540692,
pl-570160,Boukephala? Pr.,"cape, promontory, promuntory",wash,37.25,23.25,91.8,0,0,,,0,https://pleiades.stoa.org/places/570160,
pl-570161,Boukephalos,settlement|port,pin,37.82931,23.12757,55.4,0,0,,,0,https://pleiades.stoa.org/places/570161,
pl-235166067,Bouleuterion of Onchestos,architectural complex|temple,pin,38.36239,23.14404,66.1,0,0,,,0,https://pleiades.stoa.org/places/235166067,
pl-540694,Boulis,settlement,pin,38.27645,22.80291,87.2,0,0,,,0,https://pleiades.stoa.org/places/540694,
pl-540695,Boumelit(ei)a,settlement,pin,38.58892,23.19241,81.9,0,0,,,1,https://pleiades.stoa.org/places/540695,
pl-570163,Bounali tou Barba Spiro,settlement,pin,36.75909,24.52088,153.2,0,0,,,0,https://pleiades.stoa.org/places/570163,
pl-570164,Bouphagion?,settlement,pin,37.54908,21.99749,159.6,0,0,,,0,https://pleiades.stoa.org/places/570164,
pl-570165,Bouporthmos (mountain),mountain|map label location,pin,37.35604,23.26403,80.8,0,0,,,0,https://pleiades.stoa.org/places/570165,
pl-570167,Bouraikos (river),"river, drainage",wash,38.25,22.25,132.6,0,0,,,0,https://pleiades.stoa.org/places/570167,
pl-32079425,Bouri cult site (Megara),sanctuary (religious center)|archaeological site,pin,38.07474,23.17165,49.7,0,0,,,0,https://pleiades.stoa.org/places/32079425,
pl-448145857,Bouros-Kastri peninsula,peninsula,pin,37.96515,24.52568,70.0,0,0,,,0,https://pleiades.stoa.org/places/448145857,
pl-579897,Boutadai,settlement|deme (Athenian),pin,37.98761,23.71039,1.6,0,0,,,0,https://pleiades.stoa.org/places/579897,
pl-570168,Brenthe,settlement,pin,37.48369,22.04289,158.2,0,0,,,0,https://pleiades.stoa.org/places/570168,
pl-855842356,Bridge at Eleonas,bridge,pin,37.98775,23.69396,3.0,0,0,,,0,https://pleiades.stoa.org/places/855842356,
pl-805065997,Bronze Athena/Athena Promachos,monument,pin,37.97182,23.72566,1.3,0,0,,,0,https://pleiades.stoa.org/places/805065997,
pl-809893516,Building B,building|temple,pin,37.97186,23.72498,1.3,0,0,,,0,https://pleiades.stoa.org/places/809893516,
pl-517288793,Building III on the Athenian Acropolis,building,pin,37.9722,23.7259,1.3,0,0,,,0,https://pleiades.stoa.org/places/517288793,
pl-747002130,Building IV on the Athenian Acropolis,building,pin,37.9715,23.728,1.4,0,0,,,0,https://pleiades.stoa.org/places/747002130,
pl-993507722,Building V on the Athenian Acropolis,building,wash,37.97169,23.72648,1.3,0,0,,,0,https://pleiades.stoa.org/places/993507722,
pl-400626651,Byzantine fort at Halos,fort,pin,39.14319,22.81098,151.6,0,0,,,0,https://pleiades.stoa.org/places/400626651,
pl-239936126,Cadmea,acropolis,pin,38.32073,23.31773,51.8,0,0,,,0,https://pleiades.stoa.org/places/239936126,
pl-996483532,Castle of Dokos,castle,pin,37.34581,23.34781,78.4,0,0,,,0,https://pleiades.stoa.org/places/996483532,
pl-772945364,Castle of Paralio Astros,castle|ruin,pin,37.41836,22.76703,105.3,0,0,,,0,https://pleiades.stoa.org/places/772945364,
pl-694364581,Catacombs of Trypiti,"catacomb, cemetery, necropolis",pin,36.73731,24.42369,151.6,0,0,,,0,https://pleiades.stoa.org/places/694364581,
pl-870756929,Cave of Apollo,cave|shrine,pin,37.972,23.72488,1.3,0,0,,,0,https://pleiades.stoa.org/places/870756929,
pl-486617493,Cave of Pan,cave,pin,37.97204,23.72513,1.3,0,0,,,0,https://pleiades.stoa.org/places/486617493,
pl-580056,Cave of Pan and the Nymphs,sanctuary (religious center)|cave,pin,37.85816,23.80182,15.4,0,0,,,0,https://pleiades.stoa.org/places/580056,
pl-83772052,Cave of the Lakes,cave,pin,37.9597,22.13982,139.2,0,0,,,0,https://pleiades.stoa.org/places/83772052,
pl-540702,Chalai(on),settlement,pin,39.18854,22.3932,177.2,0,0,,,0,https://pleiades.stoa.org/places/540702,
pl-30347988,Chalandriani,"catacomb, cemetery, necropolis|settlement-modern",pin,37.48477,24.93574,119.9,0,0,,,0,https://pleiades.stoa.org/places/30347988,
pl-540704,Chaleion,settlement,pin,38.378,22.38728,125.1,0,0,,,0,https://pleiades.stoa.org/places/540704,
pl-540705,Chalia,church|settlement,pin,38.48832,23.57238,57.7,0,0,,,0,https://pleiades.stoa.org/places/540705,
pl-764971247,Chalkotheke,treasury (deprecated),pin,37.97132,23.72583,1.4,0,0,,,2,https://pleiades.stoa.org/places/764971247,
pl-570171,Chaon (mountain),mountain|map label location,pin,37.60177,22.6339,105.1,0,0,,,2,https://pleiades.stoa.org/places/570171,
pl-540709,Charadra,settlement,pin,38.64094,22.48957,130.4,0,0,,,1,https://pleiades.stoa.org/places/540709,
pl-579900,Charadra (river),"river, drainage",wash,38.125,23.875,20.3,0,0,,,1,https://pleiades.stoa.org/places/579900,
pl-570173,Charadros (river),"river, drainage",pin,37.63224,22.66556,101.2,0,0,,,0,https://pleiades.stoa.org/places/570173,
pl-585899,Chastia,unlocated|settlement-modern|deme (Athenian),pin,38.10362,23.66938,14.3,0,0,,,0,https://pleiades.stoa.org/places/585899,
pl-21258154,Chelmos Castle,castle|ruin,pin,37.27923,22.2583,151.2,0,0,,,0,https://pleiades.stoa.org/places/21258154,
pl-573169,Chelydorea (mountain),unlocated|mountain,wash,37.93972,22.39693,116.8,0,0,,,0,https://pleiades.stoa.org/places/573169,
pl-570176,Chersonesos Pr.,"cape, promontory, promuntory",wash,37.75,23.25,49.3,0,0,,,1,https://pleiades.stoa.org/places/570176,
pl-540710,Chersonesos? Pr.,"cape, promontory, promuntory",wash,38.75,24.25,96.6,0,0,,,1,https://pleiades.stoa.org/places/540710,
pl-570177,Choireios (river),"river, drainage",wash,36.75,22.25,189.4,0,0,,,0,https://pleiades.stoa.org/places/570177,
pl-579902,Cholargos,settlement|deme (Athenian),pin,38.05644,23.73906,8.1,0,0,,,0,https://pleiades.stoa.org/places/579902,
pl-579903,Choma?,settlement,pin,37.94655,23.64449,8.4,0,0,,,2,https://pleiades.stoa.org/places/579903,
pl-813654446,Choragic Monument of Lysicrates,monument,pin,37.97108,23.72994,1.4,0,0,,,0,https://pleiades.stoa.org/places/813654446,
pl-540711,Chorsiai,settlement,wash,38.25119,22.88736,79.3,0,0,,,11,https://pleiades.stoa.org/places/540711,
pl-133416747,Church of St. Demetrios Katephores,"church|findspot, place of finding, find place|wall (of a city), city wall|archaeological site",pin,37.9738,23.72911,1.1,0,0,,,0,https://pleiades.stoa.org/places/133416747,
pl-540713,Cicynethus (island),island,pin,39.1608,23.07718,142.6,0,0,,,0,https://pleiades.stoa.org/places/540713,
pl-650003009,City Eleusinion at Athens,sanctuary (religious center)|architectural complex,pin,37.97331,23.72492,1.2,0,0,,,1,https://pleiades.stoa.org/places/650003009,
pl-988478845,City Wall (Salamis: Ampelaki Bay),"wall (of a city), city wall",pin,37.95052,23.53958,16.9,0,0,,,0,https://pleiades.stoa.org/places/988478845,
pl-830424823,Classical Temple at Ai Lia,temple,pin,38.16415,22.15614,139.0,0,0,,,0,https://pleiades.stoa.org/places/830424823,
pl-234032029,Clepsydra of the Oropos Amphiareion,sanctuary (religious center),pin,38.29063,23.8454,35.6,0,0,,,0,https://pleiades.stoa.org/places/234032029,
pl-540715,Copais L.,lake,pin,38.44709,23.06873,77.2,0,0,,,0,https://pleiades.stoa.org/places/540715,
pl-131418574,Corinth Canal,canal,pin,37.93412,22.98469,65.4,0,0,,,0,https://pleiades.stoa.org/places/131418574,
pl-309736112,Corinth Theater,"theatre, theater",pin,37.90693,22.87699,75.1,0,0,,,0,https://pleiades.stoa.org/places/309736112,
pl-570180,Corinthia,region|map label location,pin,37.90844,22.81066,80.8,0,0,,,0,https://pleiades.stoa.org/places/570180,
pl-570181,Corinthiacus Sinus,"water, open",pin,38.2309,22.57081,104.9,0,0,,,0,https://pleiades.stoa.org/places/570181,
pl-991373,Creta,diocese (later Roman Empire),wash,37.5,22.5,120.6,0,0,,,0,https://pleiades.stoa.org/places/991373,
pl-540718,Crisaeus Sinus,"water, open|bay",pin,38.39966,22.43906,121.7,0,0,,,0,https://pleiades.stoa.org/places/540718,
pl-251170827,Crossroads Enclosure,shrine,pin,37.97601,23.72256,1.0,0,0,,,0,https://pleiades.stoa.org/places/251170827,
pl-682104977,Cyclopean Bridge of Agios Ioannis,bridge,pin,37.7212,22.75301,90.4,0,0,,,0,https://pleiades.stoa.org/places/682104977,
pl-61966026,Dafni Pan cave (Attica),cave,pin,38.01127,23.63113,9.0,0,0,,,0,https://pleiades.stoa.org/places/61966026,
pl-579905,Daidalidai,settlement|deme (Athenian),pin,37.95704,23.74989,3.6,0,0,,,0,https://pleiades.stoa.org/places/579905,
pl-606653928,Daphni Monastery,"monastery|wall (defensive)|church, monastery (deprecated)",pin,38.01306,23.63588,8.7,0,0,,,0,https://pleiades.stoa.org/places/606653928,
pl-540721,Daphnos (river),"river, drainage",wash,38.75,22.25,154.4,0,0,,,0,https://pleiades.stoa.org/places/540721,
pl-540722,Daphnous,settlement,pin,38.74867,22.87886,112.7,0,0,,,0,https://pleiades.stoa.org/places/540722,
pl-570188,Dasea(i),settlement,pin,37.3935,22.07302,159.7,0,0,,,0,https://pleiades.stoa.org/places/570188,
pl-579906,Deiradiotai?,settlement|deme (Athenian),pin,37.82418,24.04127,32.8,0,0,,,0,https://pleiades.stoa.org/places/579906,
pl-579907,Dekeleia,"catacomb, cemetery, necropolis|deme (Athenian)",pin,38.13303,23.79187,17.5,0,0,,,0,https://pleiades.stoa.org/places/579907,
pl-540725,Delion,settlement,pin,38.34621,23.66135,40.7,0,0,,,1,https://pleiades.stoa.org/places/540725,
pl-599586,Delion,sanctuary (religious center),pin,37.10347,25.15482,159.4,0,0,,,1,https://pleiades.stoa.org/places/599586,
pl-599588,Delos (island),island,pin,37.39202,25.27024,150.9,0,0,,,1,https://pleiades.stoa.org/places/599588,
pl-599587,Delos (settlement),settlement|monument,pin,37.39727,25.26819,150.4,0,0,,,1,https://pleiades.stoa.org/places/599587,
pl-93346604,Delos Main Harbor,"harbor|coast, shore",pin,37.39994,25.26535,150.1,0,0,,,0,https://pleiades.stoa.org/places/93346604,
pl-152199037,Delos Synagogue,synagogue,pin,37.40486,25.27458,150.6,0,0,,,0,https://pleiades.stoa.org/places/152199037,
pl-585725955,Delphinion,temple,pin,37.96857,23.73299,1.8,0,0,,,1,https://pleiades.stoa.org/places/585725955,
pl-540727,Delphinion,settlement,pin,38.3086,23.85114,37.7,0,0,,,1,https://pleiades.stoa.org/places/540727,
pl-579909,Dema,fort,pin,38.07142,23.67316,10.8,0,0,,,1,https://pleiades.stoa.org/places/579909,
pl-726345182,Dema House,archaeological site,pin,38.06612,23.66699,10.6,0,0,,,0,https://pleiades.stoa.org/places/726345182,
pl-288889217,Dema Tower,tower (defensive),pin,38.06938,23.66882,10.8,0,0,,,0,https://pleiades.stoa.org/places/288889217,
pl-585132,Dema wall,wall (defensive)|wall,pin,38.07429,23.66804,11.3,0,0,,,2,https://pleiades.stoa.org/places/585132,
pl-579910,Demeter Sanctuary (Eleusis),sanctuary (religious center)|archaeological site,pin,38.04145,23.53759,17.8,0,0,,,2,https://pleiades.stoa.org/places/579910,
pl-540728,"Demeter, T.",temple,pin,38.63555,22.55235,125.6,0,0,,,2,https://pleiades.stoa.org/places/540728,
pl-540730,Demetrias (Magnesian),settlement,pin,39.34348,22.92403,166.5,0,0,,,1,https://pleiades.stoa.org/places/540730,
pl-540731,Demetrion?,settlement,pin,39.28865,22.89643,162.1,0,0,,,0,https://pleiades.stoa.org/places/540731,
pl-411520116,Dendra,"catacomb, cemetery, necropolis",pin,37.65689,22.8255,87.2,0,0,,,0,https://pleiades.stoa.org/places/411520116,
pl-570196,Didymoi,sanctuary (religious center),pin,37.50005,23.15419,73.7,0,0,,,0,https://pleiades.stoa.org/places/570196,
pl-606287,Dimastos M.,unlocated|mountain,wash,37.44,25.37,156.6,0,0,,,0,https://pleiades.stoa.org/places/606287,
pl-570197,Dine,whirlpool,pin,37.50086,22.72865,102.9,0,0,,,3,https://pleiades.stoa.org/places/570197,
pl-945419342,Diochares' Gate/Gate VIII,"gate (of a city), city gate",pin,37.97484,23.73225,1.1,0,0,,,0,https://pleiades.stoa.org/places/945419342,
pl-736170760,Diogeneion,"gymnasium, gymnasion",wash,37.97418,23.72702,1.1,0,0,,,0,https://pleiades.stoa.org/places/736170760,
pl-570198,Diolkos,road,pin,37.94999,22.96128,67.3,0,0,,,0,https://pleiades.stoa.org/places/570198,
pl-579912,Diomeia,settlement|deme (Athenian),pin,37.96744,23.73434,1.9,0,0,,,0,https://pleiades.stoa.org/places/579912,
pl-543684,Dion/Orchomenos,settlement,wash,39.25,22.25,190.5,0,0,,,2,https://pleiades.stoa.org/places/543684,
pl-540734,Dion?,settlement,pin,38.84958,22.85056,122.9,0,0,,,2,https://pleiades.stoa.org/places/540734,
pl-570199,Dipaia,settlement,pin,37.54116,22.25491,138.5,0,0,,,0,https://pleiades.stoa.org/places/570199,
pl-540736,Dirphys (mountain),mountain,pin,38.6275,23.84278,72.3,0,0,,,0,https://pleiades.stoa.org/places/540736,
pl-898047097,Dolia Roman Villa,villa|archaeological site,pin,37.64031,23.15926,62.9,0,0,,,0,https://pleiades.stoa.org/places/898047097,
pl-540737,Dolopia,region|map label location,pin,39.0907,21.95355,197.4,0,0,,,0,https://pleiades.stoa.org/places/540737,
pl-589764,Donakea?,unlocated|settlement|valley,pin,37.59637,25.22232,138.2,0,0,,,0,https://pleiades.stoa.org/places/589764,
pl-540738,Donakon?,settlement,pin,38.27239,23.10147,63.5,0,0,,,0,https://pleiades.stoa.org/places/540738,
pl-540739,Dorikon,"fort, tower (deprecated)",pin,38.52589,22.15184,150.2,0,0,,,0,https://pleiades.stoa.org/places/540739,
pl-842459208,Double Stoa at Thorikos,stoa|gateway,pin,37.7374,24.04931,39.4,0,0,,,0,https://pleiades.stoa.org/places/842459208,
pl-599601,Drios (mountain),mountain,pin,37.03048,25.50231,189.1,0,0,,,0,https://pleiades.stoa.org/places/599601,
pl-540742,Driskole,settlement,pin,39.3782,22.32479,197.1,0,0,,,0,https://pleiades.stoa.org/places/540742,
pl-540743,Drymaia,settlement,pin,38.70616,22.54099,131.0,0,0,,,0,https://pleiades.stoa.org/places/540743,
pl-599602,Dryos,settlement,pin,37.00648,25.22279,170.9,0,0,,,0,https://pleiades.stoa.org/places/599602,
pl-540745,Dyras (river),"river, drainage",pin,38.84102,22.40285,149.7,0,0,,,0,https://pleiades.stoa.org/places/540745,
pl-540746,Dystos,tower (defensive)|settlement,pin,38.35516,24.1448,55.1,0,0,,,0,https://pleiades.stoa.org/places/540746,
pl-540747,Dystos? L.,lake,pin,38.35358,24.13339,54.3,0,0,,,0,https://pleiades.stoa.org/places/540747,
pl-929024657,Dörpfeld foundations,temple,pin,37.97192,23.72635,1.3,0,0,,,1,https://pleiades.stoa.org/places/929024657,
pl-336531570,EC building (Athens),ruin,pin,37.96622,23.72817,2.0,0,0,,,0,https://pleiades.stoa.org/places/336531570,
pl-337294882,East Building,building,pin,37.97433,23.72377,1.1,0,0,,,0,https://pleiades.stoa.org/places/337294882,
pl-983069784,Ecclesiasterion (Odeion) at Messene,odeon,pin,37.17562,21.92114,182.8,0,0,,,0,https://pleiades.stoa.org/places/983069784,
pl-540749,Echinos,settlement,pin,38.89341,22.72392,133.7,0,0,,,0,https://pleiades.stoa.org/places/540749,
pl-487072545,Eetioneia,"gate (of a city), city gate",pin,37.94639,23.63438,9.2,0,0,,,3,https://pleiades.stoa.org/places/487072545,
pl-582868,Eetioneia Pr.,"cape, promontory, promuntory|archaeological site",pin,37.94675,23.6346,9.1,0,0,,,3,https://pleiades.stoa.org/places/582868,
pl-570207,Eileoi,settlement,pin,37.44207,23.26405,72.7,0,0,,,1,https://pleiades.stoa.org/places/570207,
pl-540750,Eilesion,settlement,pin,38.30779,23.50789,40.8,0,0,,,0,https://pleiades.stoa.org/places/540750,
pl-570209,Eira,settlement,pin,37.39827,21.92799,171.2,0,0,,,4,https://pleiades.stoa.org/places/570209,
pl-579915,Eiresidai,settlement,pin,37.99782,23.71311,2.0,0,0,,,0,https://pleiades.stoa.org/places/579915,
pl-579916,Eitea (Antiochis),settlement|deme (Athenian),pin,38.20311,23.96745,32.2,0,0,,,0,https://pleiades.stoa.org/places/579916,
pl-599760363,Ekali Cave,cave,pin,38.09889,23.83723,16.0,0,0,,,1,https://pleiades.stoa.org/places/599760363,
pl-579917,Elaious?,settlement|deme (Athenian),pin,38.08308,23.53271,20.3,0,0,,,2,https://pleiades.stoa.org/places/579917,
pl-570211,Elaious?,settlement,pin,37.51062,22.68332,105.8,0,0,,,2,https://pleiades.stoa.org/places/570211,
pl-579918,Elaiousa (island),island|map label location,pin,37.71064,23.90077,34.0,0,0,,,0,https://pleiades.stoa.org/places/579918,
pl-570214,Elaphos (river),"river, drainage",wash,37.25,22.25,153.6,0,0,,,0,https://pleiades.stoa.org/places/570214,
pl-540755,Elateia,settlement|archaeological site|settlement-modern,pin,38.64563,22.77999,110.7,0,0,,,0,https://pleiades.stoa.org/places/540755,
pl-492759698,Electran Gate (Thebes),"gate (of a city), city gate",pin,38.3175,23.3201,51.4,0,0,,,0,https://pleiades.stoa.org/places/492759698,
pl-570215,Elektra (river of Messenia),"river, drainage",pin,37.25181,21.9052,180.0,0,0,,,2,https://pleiades.stoa.org/places/570215,
pl-579919,Eleusiniakos Kolpos,"water, open",wash,37.875,23.375,33.2,0,0,,,0,https://pleiades.stoa.org/places/579919,
pl-540756,Eleutherai,"settlement|fort, tower (deprecated)",pin,38.17944,23.37562,37.7,0,0,,,0,https://pleiades.stoa.org/places/540756,
pl-540757,Elipeus (river),"river, drainage",wash,39.25,22.25,190.5,0,0,,,0,https://pleiades.stoa.org/places/540757,
pl-570222,Elixos (river),"river, drainage",wash,37.75,24.25,52.7,0,0,,,0,https://pleiades.stoa.org/places/570222,
pl-570223,Elymia,settlement,pin,37.68288,22.29411,130.3,0,0,,,0,https://pleiades.stoa.org/places/570223,
pl-540761,Elymnion?,settlement,pin,38.77418,23.31862,94.8,0,0,,,0,https://pleiades.stoa.org/places/540761,
pl-599608,Elytas (river),"river, drainage",wash,37.06519,25.19847,165.1,0,0,,,0,https://pleiades.stoa.org/places/599608,
pl-570224,Emborio,settlement|settlement-modern,pin,36.70996,24.39182,153.3,0,0,,,0,https://pleiades.stoa.org/places/570224,
pl-540763,Enipeus (river),"river, drainage",pin,39.31949,22.3585,190.2,0,0,,,0,https://pleiades.stoa.org/places/540763,
pl-579921,Epakria,district,wash,38.125,23.625,18.1,0,0,,,0,https://pleiades.stoa.org/places/579921,
pl-570229,Epidauros Limera,settlement,pin,36.7313,23.02637,152.4,0,0,,,0,https://pleiades.stoa.org/places/570229,
pl-579922,Epikephisia,settlement|deme (Athenian),pin,38.00128,23.70328,2.9,0,0,,,0,https://pleiades.stoa.org/places/579922,
pl-589778,Episkopi,archaeological site,pin,36.66969,25.09239,189.5,0,0,,,0,https://pleiades.stoa.org/places/589778,
pl-579923,Erasinos (river),"river, drainage",pin,37.9263,23.99946,24.7,0,0,,,2,https://pleiades.stoa.org/places/579923,
pl-570233,Erasinos (river),"river, drainage",pin,37.59323,22.71756,98.8,0,0,,,2,https://pleiades.stoa.org/places/570233,
pl-540765,Erateini,settlement,pin,38.36293,22.23337,137.2,0,0,,,0,https://pleiades.stoa.org/places/540765,
pl-579924,Erchia,settlement|deme (Athenian),pin,37.9672,23.91869,16.9,0,0,,,0,https://pleiades.stoa.org/places/579924,
pl-750203268,Erechtheion,archaeological site|temple,pin,37.97211,23.72645,1.3,0,0,,,1,https://pleiades.stoa.org/places/750203268,
pl-579925,Eretria (Euboea),settlement|archaeological site,pin,38.39992,23.79472,46.6,0,0,,,1,https://pleiades.stoa.org/places/579925,
pl-540767,Eretria (Thessaly),wall (defensive)|settlement,pin,39.29195,22.60593,175.1,0,0,,,1,https://pleiades.stoa.org/places/540767,
pl-591471666,Eridanos,"river, drainage",pin,37.97837,23.71809,1.0,0,0,,,0,https://pleiades.stoa.org/places/591471666,
pl-579926,Erikeia?,settlement,pin,38.00282,23.74092,2.4,0,0,,,0,https://pleiades.stoa.org/places/579926,
pl-540769,Erineos,settlement,pin,38.69436,22.41574,139.0,0,0,,,1,https://pleiades.stoa.org/places/540769,
pl-570236,Erineos,settlement,pin,38.30976,21.99333,155.9,0,0,,,1,https://pleiades.stoa.org/places/570236,
pl-540770,Erochos,settlement,pin,38.62369,22.5409,125.6,0,0,,,0,https://pleiades.stoa.org/places/540770,
pl-579927,Eroiadai,settlement,pin,38.0146,23.64627,7.9,0,0,,,0,https://pleiades.stoa.org/places/579927,
pl-579928,Erythrai,"people, tribe (historical cultural group)",wash,38.125,23.375,34.6,0,0,,,1,https://pleiades.stoa.org/places/579928,
pl-540771,Erythrai,settlement,pin,38.23322,23.38027,41.1,0,0,,,1,https://pleiades.stoa.org/places/540771,
pl-540773,Erythrai?,settlement,pin,38.84625,22.38459,151.3,0,0,,,2,https://pleiades.stoa.org/places/540773,
pl-540772,Erythrai?,settlement,pin,38.40645,21.94206,162.9,0,0,,,2,https://pleiades.stoa.org/places/540772,
pl-570240,Eschatiotis? L.,lake,pin,38.02866,22.88278,74.2,0,0,,,0,https://pleiades.stoa.org/places/570240,
pl-579929,Etosi,fort,pin,38.00523,23.95843,20.4,0,0,,,0,https://pleiades.stoa.org/places/579929,
pl-570242,Eua (mountain),mountain|map label location,pin,37.16798,21.93879,181.9,0,0,,,1,https://pleiades.stoa.org/places/570242,
pl-570241,Eua?,settlement,pin,37.37792,22.65685,115.8,0,0,,,4,https://pleiades.stoa.org/places/570241,
pl-570245,Euboia (mountain),mountain|map label location,pin,37.70695,22.79319,87.6,0,0,,,1,https://pleiades.stoa.org/places/570245,
pl-579931,Euboicus Sinus,"water, open",pin,38.56,23.43,69.1,0,0,,,0,https://pleiades.stoa.org/places/579931,
pl-540778,Eudemia (island),island,pin,39.16847,23.95026,133.1,0,0,,,0,https://pleiades.stoa.org/places/540778,
pl-540781,Euhydrion,settlement|archaeological site,pin,39.36381,22.28449,198.1,0,0,,,0,https://pleiades.stoa.org/places/540781,
pl-579932,Euonymon,settlement,pin,37.9159,23.7414,7.6,0,0,,,0,https://pleiades.stoa.org/places/579932,
pl-597458137,Euonymos Theater,"theatre, theater",pin,37.91592,23.74149,7.6,0,0,,,0,https://pleiades.stoa.org/places/597458137,
pl-540782,Eupalion,settlement|acropolis,pin,38.41558,21.91881,165.2,0,0,,,0,https://pleiades.stoa.org/places/540782,
pl-579933,Eupyridai,settlement|deme (Athenian),pin,38.06647,23.71149,9.3,0,0,,,0,https://pleiades.stoa.org/places/579933,
pl-879722223,Euripides cave,cave,pin,37.88212,23.45269,26.6,0,0,,,0,https://pleiades.stoa.org/places/879722223,
pl-79269910,Eurysakeion,shrine,wash,37.97543,23.72121,1.1,0,0,,,0,https://pleiades.stoa.org/places/79269910,
pl-570249,Eutaia,settlement,pin,37.3717,22.28526,144.0,0,0,,,0,https://pleiades.stoa.org/places/570249,
pl-540786,Euthia (island),island,pin,39.16062,23.20403,138.5,0,0,,,0,https://pleiades.stoa.org/places/540786,
pl-570250,Eutresia?,region|map label location,pin,37.53955,22.17419,145.2,0,0,,,0,https://pleiades.stoa.org/places/570250,
pl-540787,Eutresis (Boeotia),settlement,pin,38.26825,23.20466,55.6,0,0,,,1,https://pleiades.stoa.org/places/540787,
pl-600493219,Evriokastro (Paros),island|wall (defensive),pin,37.15278,25.2966,166.3,0,0,,,0,https://pleiades.stoa.org/places/600493219,
pl-853662205,Exomvourgo,mountain|castle,pin,37.57759,25.16761,134.4,0,0,,,0,https://pleiades.stoa.org/places/853662205,
pl-690059595,Fifth century baths at Lebadeia,"building|archaeological site|bath, spa",pin,38.43899,22.87682,89.9,0,0,,,0,https://pleiades.stoa.org/places/690059595,
pl-306693502,Floga Sculpture Workshop (Paros),building|archaeological site,pin,37.08166,25.15176,160.7,0,0,,,0,https://pleiades.stoa.org/places/306693502,
pl-766723266,Forum of Roman Corinth,"agora, forum, plaza (deprecated)|forum",pin,37.90444,22.87999,74.8,0,0,,,0,https://pleiades.stoa.org/places/766723266,
pl-93589647,Franchthi Cave,cave,pin,37.42258,23.13111,81.5,0,0,,,0,https://pleiades.stoa.org/places/93589647,
pl-589790,Galessos,settlement,pin,37.42,24.875,118.8,0,0,,,0,https://pleiades.stoa.org/places/589790,
pl-570253,Garates (river),"river, drainage",pin,37.45186,22.45421,126.7,0,0,,,0,https://pleiades.stoa.org/places/570253,
pl-579935,Gargettos,settlement|deme (Athenian),pin,38.01654,23.87186,13.2,0,0,,,0,https://pleiades.stoa.org/places/579935,
pl-551863597,Gate at 4 Dragatsaniou St./Northeast Gate,"gate (of a city), city gate",pin,37.9798,23.7311,0.5,0,0,,,0,https://pleiades.stoa.org/places/551863597,
pl-496542328,Gate at 8 Iosiph ton Rogon St/Gate XI,"gate (of a city), city gate",pin,37.9676,23.73143,1.8,0,0,,,0,https://pleiades.stoa.org/places/496542328,
pl-799093248,Gate at Hag. Dimitrios Loumbardiaris/Gate XIV,"gate (of a city), city gate",pin,37.9699,23.7202,1.7,0,0,,,0,https://pleiades.stoa.org/places/799093248,
pl-144293713,Gate north of the Olympieion/Gate IX,"gate (of a city), city gate",pin,37.9699,23.7334,1.6,0,0,,,0,https://pleiades.stoa.org/places/144293713,
pl-376031236,Gate of Athena Archegetis,arch,pin,37.97457,23.72557,1.0,0,0,,,0,https://pleiades.stoa.org/places/376031236,
pl-570255,Gatheai,settlement,pin,37.29867,22.06102,165.3,0,0,,,0,https://pleiades.stoa.org/places/570255,
pl-570256,Gatheatas? (river),"river, drainage",wash,37.29867,22.06102,165.3,0,0,,,0,https://pleiades.stoa.org/places/570256,
pl-589791,Gaurion,settlement|port|settlement-modern,pin,37.88456,24.73759,89.3,0,0,,,0,https://pleiades.stoa.org/places/589791,
pl-570257,Genesion/Apobathmoi,settlement,pin,37.51399,22.73283,101.9,0,0,,,0,https://pleiades.stoa.org/places/570257,
pl-570258,Geraistos,settlement|settlement-modern,pin,37.9773,24.53835,71.1,0,0,,,0,https://pleiades.stoa.org/places/570258,
pl-570259,Geraistos Pr.,"cape, promontory, promuntory",wash,37.9773,24.53835,71.1,0,0,,,0,https://pleiades.stoa.org/places/570259,
pl-579936,Geravouno,fort,pin,38.05934,23.71941,8.4,0,0,,,0,https://pleiades.stoa.org/places/579936,
pl-570261,Geren(i)a,settlement,pin,36.92719,22.20866,178.3,0,0,,,0,https://pleiades.stoa.org/places/570261,
pl-570262,Geronteon (mountain),mountain|map label location,pin,37.91399,22.36376,119.8,0,0,,,0,https://pleiades.stoa.org/places/570262,
pl-570263,Geronthrai,settlement,pin,36.99219,22.70691,142.4,0,0,,,0,https://pleiades.stoa.org/places/570263,
pl-540789,Gla,"settlement|fort, tower (deprecated)",pin,38.48405,23.18191,73.2,0,0,,,1,https://pleiades.stoa.org/places/540789,
pl-540791,Glisas,settlement,pin,38.37818,23.3905,52.8,0,0,,,0,https://pleiades.stoa.org/places/540791,
pl-873325866,Glyfa,"catacomb, cemetery, necropolis",pin,38.97258,22.99891,126.9,0,0,,,0,https://pleiades.stoa.org/places/873325866,
pl-570265,Glyppia,settlement,pin,37.17075,22.67437,129.6,0,0,,,0,https://pleiades.stoa.org/places/570265,
pl-540795,Goritsa,settlement|archaeological site,pin,39.35494,22.97973,165.7,0,0,,,0,https://pleiades.stoa.org/places/540795,
pl-570266,Gortynios/Lousios (river),"river, drainage",pin,37.51467,22.03737,157.5,0,0,,,0,https://pleiades.stoa.org/places/570266,
pl-570267,Gortys,settlement,pin,37.53668,22.03544,156.8,0,0,,,0,https://pleiades.stoa.org/places/570267,
pl-941807582,Gourimadi Prehistoric Settlement,settlement|archaeological site,pin,38.03972,24.35769,55.6,0,0,,,0,https://pleiades.stoa.org/places/941807582,
pl-513030903,Graeco-Roman theater at Isthmia,"theatre, theater",pin,37.91649,22.99433,64.7,0,0,,,0,https://pleiades.stoa.org/places/513030903,
pl-540796,Graia,settlement,pin,38.38716,23.6301,45.7,0,0,,,1,https://pleiades.stoa.org/places/540796,
pl-543713,Graia,settlement,wash,38.39968,23.79437,46.6,0,0,,,1,https://pleiades.stoa.org/places/543713,
pl-780715578,Grave Circle A at Mycenae,"tomb|catacomb, cemetery, necropolis",pin,37.73046,22.75617,89.8,0,0,,,1,https://pleiades.stoa.org/places/780715578,
pl-593460162,Grave Circle B,"catacomb, cemetery, necropolis",pin,37.73075,22.75484,89.9,0,0,,,0,https://pleiades.stoa.org/places/593460162,
pl-521295193,Great altar of Athena,shrine,pin,37.97195,23.72684,1.3,0,0,,,0,https://pleiades.stoa.org/places/521295193,
pl-720770009,"Greater Propylaia, Eleusis",building,pin,38.0419,23.53893,17.7,0,0,,,0,https://pleiades.stoa.org/places/720770009,
pl-96151228,Gremoulias ancient sanctuary,sanctuary (religious center)|archaeological site,pin,38.02367,22.15659,137.7,0,0,,,0,https://pleiades.stoa.org/places/96151228,
pl-599630,Grotta,settlement,pin,37.11288,25.37828,174.8,0,0,,,0,https://pleiades.stoa.org/places/599630,
pl-540797,Grynchai,settlement,pin,38.40111,24.15984,59.8,0,0,,,0,https://pleiades.stoa.org/places/540797,
pl-589797,Gyaros (island),island,pin,37.61004,24.70688,95.6,0,0,,,0,https://pleiades.stoa.org/places/589797,
pl-100913712,Gymnasium at Corinth,"gymnasium, gymnasion",pin,37.90982,22.87711,75.0,0,0,,,0,https://pleiades.stoa.org/places/100913712,
pl-164931929,Gymnasium at Delphi,"gymnasium, gymnasion",pin,38.4815,22.5059,120.2,0,0,,,0,https://pleiades.stoa.org/places/164931929,
pl-589798,Gyras (mountain),mountain,pin,37.58176,25.22636,139.1,0,0,,,0,https://pleiades.stoa.org/places/589798,
pl-594964,Gyreon (promontory),"unlocated|cape, promontory, promuntory",wash,37.60598,25.12857,130.1,0,0,,,0,https://pleiades.stoa.org/places/594964,
pl-599631,Gyroulas,sanctuary (religious center)|temple,pin,37.02911,25.43123,184.0,0,0,,,0,https://pleiades.stoa.org/places/599631,
pl-570268,Gyth(e)ion,"settlement|port|theatre, theater|bath, spa",pin,36.76366,22.56234,170.3,0,0,,,0,https://pleiades.stoa.org/places/570268,
pl-573238,Hagno (spring),unlocated|spring,wash,37.45307,21.98364,164.3,0,0,,,0,https://pleiades.stoa.org/places/573238,
pl-579938,Hagnous,settlement|deme (Athenian),pin,37.87826,23.93785,21.9,0,0,,,0,https://pleiades.stoa.org/places/579938,
pl-367368802,Halade Gate/Mystai Gate/Gate XII,"gate (of a city), city gate",pin,37.96663,23.7288,1.9,0,0,,,0,https://pleiades.stoa.org/places/367368802,
pl-540800,Halai,settlement,pin,38.65376,23.19375,87.9,0,0,,,0,https://pleiades.stoa.org/places/540800,
pl-579939,Halai Aixonides,settlement,pin,37.85235,23.77004,15.1,0,0,,,0,https://pleiades.stoa.org/places/579939,
pl-579940,Halai Araphenides,settlement,pin,37.98719,24.00447,24.3,0,0,,,1,https://pleiades.stoa.org/places/579940,
pl-579941,Halimous,settlement|deme (Athenian),pin,37.90361,23.72235,8.9,0,0,,,0,https://pleiades.stoa.org/places/579941,
pl-579942,Halipedon,plain,pin,37.946,23.679,6.0,0,0,,,0,https://pleiades.stoa.org/places/579942,
pl-570277,Halous/Oryx,settlement,pin,37.75834,22.01357,152.5,0,0,,,1,https://pleiades.stoa.org/places/570277,
pl-156534148,Halykos,settlement|well,pin,37.81835,23.83684,20.7,0,0,,,0,https://pleiades.stoa.org/places/156534148,
pl-364712046,Harbor at Lechaion,harbor|port,pin,37.93366,22.88739,73.9,0,0,,,0,https://pleiades.stoa.org/places/364712046,
pl-540805,Harma,settlement,pin,38.37573,23.48413,48.5,0,0,,,3,https://pleiades.stoa.org/places/540805,
pl-579944,Hekale?,settlement|deme (Athenian),pin,38.13445,23.90884,23.1,0,0,,,1,https://pleiades.stoa.org/places/579944,
pl-579946,Heleon,settlement,pin,38.3683,23.47013,48.3,0,0,,,1,https://pleiades.stoa.org/places/579946,
pl-579947,Helioupolis,"fort, tower (deprecated)",pin,37.93598,23.75755,5.9,0,0,,,0,https://pleiades.stoa.org/places/579947,
pl-570282,Helisson,settlement,pin,37.61288,22.21775,138.9,0,0,,,2,https://pleiades.stoa.org/places/570282,
pl-570284,Helisson (river in modern Megalopoli),"river, drainage",pin,37.42119,22.15903,151.5,0,0,,,3,https://pleiades.stoa.org/places/570284,
pl-570283,Helisson (river in modern Sikyona municipality),"river, drainage",pin,37.99751,22.72439,87.9,0,0,,,3,https://pleiades.stoa.org/places/570283,
pl-570285,Hellenika,settlement,pin,37.60546,24.34693,68.8,0,0,,,0,https://pleiades.stoa.org/places/570285,
pl-540810,Helleniko,tower (defensive),pin,39.20159,23.60401,135.8,0,0,,,1,https://pleiades.stoa.org/places/540810,
pl-78993694,Hellenistic Arsenal,building|archaeological site|architectural complex,pin,37.97579,23.72171,1.0,0,0,,,0,https://pleiades.stoa.org/places/78993694,
pl-814820460,Hellenistic Funerary Monument (Keryneia),tomb|archaeological site,pin,38.15862,22.14202,140.1,0,0,,,0,https://pleiades.stoa.org/places/814820460,
pl-570286,Helos?,settlement,pin,36.84325,22.60754,160.8,0,0,,,3,https://pleiades.stoa.org/places/570286,
pl-558659669,Hephaisteion,church|archaeological site|temple,pin,37.9756,23.72141,1.1,0,0,,,0,https://pleiades.stoa.org/places/558659669,
pl-570288,Heraion,sanctuary (religious center),pin,38.02811,22.85282,76.8,0,0,,,1,https://pleiades.stoa.org/places/570288,
pl-570289,Heraion (Argolis),sanctuary (religious center),pin,37.69209,22.77477,89.7,0,0,,,1,https://pleiades.stoa.org/places/570289,
pl-599642,Herakleia (island),island,pin,36.84261,25.45357,198.3,0,0,,,1,https://pleiades.stoa.org/places/599642,
pl-579948,Herakleion,sanctuary (religious center),pin,38.12131,23.97614,26.6,0,0,,,0,https://pleiades.stoa.org/places/579948,
pl-570291,Hermai,"temple, sanctuary, shrine, monument, tomb (deprecated)",pin,37.32399,22.54309,127.5,0,0,,,0,https://pleiades.stoa.org/places/570291,
pl-579949,Hermos,settlement|deme (Athenian),pin,38.01929,23.66663,6.6,0,0,,,4,https://pleiades.stoa.org/places/579949,
pl-523458668,Heroon of Eretria,tomb|shrine,pin,38.39788,23.78973,46.4,0,0,,,1,https://pleiades.stoa.org/places/523458668,
pl-579950,Hestiaia?,settlement,pin,38.007,23.81394,8.0,0,0,,,1,https://pleiades.stoa.org/places/579950,
pl-589806,Heteireia? (island),island,pin,36.7728,24.58283,154.4,0,0,,,0,https://pleiades.stoa.org/places/589806,
pl-242076354,Hexamilion wall,wall,pin,37.92611,22.9725,66.5,0,0,,,0,https://pleiades.stoa.org/places/242076354,
pl-935032928,Hiera Oikia at Eleusis,sanctuary (religious center),pin,38.04004,23.53822,17.7,0,0,,,0,https://pleiades.stoa.org/places/935032928,
pl-570293,Hierakia (island),island,pin,36.84218,23.88216,127.7,0,0,,,0,https://pleiades.stoa.org/places/570293,
pl-690970100,Hippades Gate,"gate (of a city), city gate",pin,37.9792,23.7207,0.8,0,0,,,0,https://pleiades.stoa.org/places/690970100,
pl-540816,Hippotai?,settlement,pin,38.31339,22.90499,80.7,0,0,,,0,https://pleiades.stoa.org/places/540816,
pl-908290183,Hippothontis,"people, tribe (historical cultural group)",wash,38.06772,23.66992,10.6,0,0,,,0,https://pleiades.stoa.org/places/908290183,
pl-540818,Homilai,settlement,pin,38.76247,22.41667,143.4,0,0,,,0,https://pleiades.stoa.org/places/540818,
pl-132272517,Homoloid Gate (Thebes),"unlocated|gate (of a city), city gate",wash,38.31995,23.31765,51.8,0,0,,,0,https://pleiades.stoa.org/places/132272517,
pl-809327743,Hosios Loukas,"monastery|church, monastery (deprecated)",pin,38.39472,22.74667,97.1,0,0,,,0,https://pleiades.stoa.org/places/809327743,
pl-633788147,House of Mikion and Menon,townhouse,pin,37.97403,23.72166,1.2,0,0,,,0,https://pleiades.stoa.org/places/633788147,
pl-982727687,House of Simon the Shoemaker,townhouse,pin,37.97471,23.72211,1.1,0,0,,,0,https://pleiades.stoa.org/places/982727687,
pl-425217700,House of the Arrhephoroi,building,wash,37.972,23.72628,1.3,0,0,,,0,https://pleiades.stoa.org/places/425217700,
pl-230446791,House of the Tiles,archaeological site,pin,37.55117,22.71832,100.9,0,0,,,0,https://pleiades.stoa.org/places/230446791,
pl-540820,Hyampolis,settlement,pin,38.59607,22.90558,98.9,0,0,,,0,https://pleiades.stoa.org/places/540820,
pl-599654,Hydria,settlement,pin,37.05152,25.25393,169.9,0,0,,,0,https://pleiades.stoa.org/places/599654,
pl-579953,Hydroussa (island),island,pin,37.83562,23.74592,16.6,0,0,,,1,https://pleiades.stoa.org/places/579953,
pl-540823,Hyettos,ruin|settlement,pin,38.558,23.1031,84.0,0,0,,,0,https://pleiades.stoa.org/places/540823,
pl-540824,Hylai,settlement,pin,38.40801,23.26433,62.2,0,0,,,0,https://pleiades.stoa.org/places/540824,
pl-540825,Hyle,settlement,pin,38.45011,23.32001,62.9,0,0,,,1,https://pleiades.stoa.org/places/540825,
pl-540826,Hylike (lake),lake,pin,38.45809,23.35156,62.1,0,0,,,0,https://pleiades.stoa.org/places/540826,
pl-579954,Hymettos,"fort, tower (deprecated)",pin,37.93988,23.81415,9.0,0,0,,,1,https://pleiades.stoa.org/places/579954,
pl-579955,Hymettos (mountain),mountain|map label location,pin,37.94149,23.81742,9.2,0,0,,,1,https://pleiades.stoa.org/places/579955,
pl-540827,Hypata,settlement,pin,38.8714,22.25209,162.0,0,0,,,0,https://pleiades.stoa.org/places/540827,
pl-543727,Hypereia (spring),unlocated|spring|archaeological site|monument,pin,39.38432,22.74254,177.7,0,0,,,0,https://pleiades.stoa.org/places/543727,
pl-570302,Hyperteleaton,sanctuary (religious center)|temple,pin,36.73298,22.9042,157.0,0,0,,,0,https://pleiades.stoa.org/places/570302,
pl-540828,Hypnia?,settlement,pin,38.4644,22.3679,130.2,0,0,,,0,https://pleiades.stoa.org/places/540828,
pl-589811,Hypsele,settlement|acropolis|archaeological site,pin,37.84236,24.79461,94.9,0,0,,,0,https://pleiades.stoa.org/places/589811,
pl-570304,Hypsous (mountain),mountain|map label location,pin,37.56992,22.08914,151.2,0,0,,,1,https://pleiades.stoa.org/places/570304,
pl-570303,Hypsous (settlement),settlement|settlement-modern,pin,37.55609,22.08312,152.2,0,0,,,1,https://pleiades.stoa.org/places/570303,
pl-540830,Hyria (Boeotia),settlement,pin,38.45682,23.56479,54.5,0,0,,,0,https://pleiades.stoa.org/places/540830,
pl-599661,Hyria (Naxos),sanctuary (religious center),pin,37.07763,25.38068,177.2,0,0,,,0,https://pleiades.stoa.org/places/599661,
pl-540831,Hysiai,settlement,pin,38.21722,23.34442,42.4,0,0,,,1,https://pleiades.stoa.org/places/540831,
pl-570306,Hysiai,settlement,pin,37.52,22.58624,112.8,0,0,,,1,https://pleiades.stoa.org/places/570306,
pl-579957,Iapis (river),"river, drainage",wash,38.125,23.375,34.6,0,0,,,0,https://pleiades.stoa.org/places/579957,
pl-540833,Icus (island),island,pin,39.20641,23.90634,136.8,0,0,,,1,https://pleiades.stoa.org/places/540833,
pl-579958,Ikarion,settlement|deme (Athenian),pin,38.10506,23.89086,19.7,0,0,,,0,https://pleiades.stoa.org/places/579958,
pl-540835,Ikos (settlement),settlement,pin,39.16456,23.90399,132.2,0,0,,,1,https://pleiades.stoa.org/places/540835,
pl-579959,Ilissos (river),"river, drainage",pin,37.96579,23.72366,2.0,0,0,,,0,https://pleiades.stoa.org/places/579959,
pl-190624512,Ilissos Basilica,church,pin,37.96831,23.73624,1.9,0,0,,,0,https://pleiades.stoa.org/places/190624512,
pl-139315605,Ionic stoa,stoa,pin,37.97086,23.72634,1.4,0,0,,,2,https://pleiades.stoa.org/places/139315605,
pl-579960,Ionidai?,settlement,pin,38.02856,23.91447,17.1,0,0,,,0,https://pleiades.stoa.org/places/579960,
pl-599673,Ios (island),island,pin,36.71667,25.33333,200.0,0,0,,,1,https://pleiades.stoa.org/places/599673,
pl-599672,Ios (settlement),settlement|settlement-modern,pin,36.72313,25.28259,196.3,0,0,,,1,https://pleiades.stoa.org/places/599672,
pl-570314,Ioulis,settlement,pin,37.64047,24.34044,66.0,0,0,,,0,https://pleiades.stoa.org/places/570314,
pl-579961,Iphistiadai,settlement,pin,38.05222,23.78655,9.2,0,0,,,0,https://pleiades.stoa.org/places/579961,
pl-570315,Ipnoi (mountain),mountain|map label location,pin,37.56309,24.32623,70.4,0,0,,,0,https://pleiades.stoa.org/places/570315,
pl-540839,Isos,settlement,pin,38.47387,23.38492,62.2,0,0,,,1,https://pleiades.stoa.org/places/540839,
pl-570316,Isthmia,settlement|sanctuary (religious center),pin,37.9158,22.99313,64.8,0,0,,,0,https://pleiades.stoa.org/places/570316,
pl-206736898,Isthmia Fortress,"fort, tower (deprecated)",pin,37.91744,22.99588,64.6,0,0,,,0,https://pleiades.stoa.org/places/206736898,
pl-540840,Itea,"church, monastery (deprecated)",pin,38.4344,22.42517,124.3,0,0,,,1,https://pleiades.stoa.org/places/540840,
pl-570318,Ithome (mountain),mountain,pin,37.18573,21.9249,181.9,0,0,,,1,https://pleiades.stoa.org/places/570318,
pl-540842,Iton?,"temple, sanctuary, shrine, monument, tomb (deprecated)",pin,39.15477,22.72593,156.6,0,0,,,3,https://pleiades.stoa.org/places/540842,
pl-540844,Kabeirion,sanctuary (religious center)|archaeological site,pin,38.31812,23.25503,55.6,0,0,,,0,https://pleiades.stoa.org/places/540844,
pl-570321,Kaiadas Spelaion,cave,pin,37.09551,22.34054,157.2,0,0,,,0,https://pleiades.stoa.org/places/570321,
pl-579963,Kaisariani,"fort, tower (deprecated)",pin,37.96728,23.77121,4.2,0,0,,,0,https://pleiades.stoa.org/places/579963,
pl-570323,Kalamai,settlement,pin,37.04521,22.17861,171.9,0,0,,,0,https://pleiades.stoa.org/places/570323,
pl-458012868,Kalamianos,settlement,pin,37.75814,23.15317,56.3,0,0,,,0,https://pleiades.stoa.org/places/458012868,
pl-570324,Kalathion (mountain),mountain|map label location,pin,36.9266,22.19201,179.4,0,0,,,0,https://pleiades.stoa.org/places/570324,
pl-570325,Kalaureia (island),island,pin,37.52689,23.47627,55.4,0,0,,,3,https://pleiades.stoa.org/places/570325,
pl-570326,Kale/Leuke Akte,"cape, promontory, promuntory",wash,37.75,24.25,52.7,0,0,,,1,https://pleiades.stoa.org/places/570326,
pl-540846,Kallas (river),"river, drainage",pin,38.95727,23.19386,117.8,0,0,,,0,https://pleiades.stoa.org/places/540846,
pl-540847,Kalliaros,settlement,pin,38.67335,23.06339,96.1,0,0,,,0,https://pleiades.stoa.org/places/540847,
pl-540848,Kallidromon,"fort, tower (deprecated)",pin,38.78215,22.58373,133.5,0,0,,,0,https://pleiades.stoa.org/places/540848,
pl-540849,Kallipolis,"fort|settlement|fort, tower (deprecated)",pin,38.55033,22.16577,150.2,0,0,,,0,https://pleiades.stoa.org/places/540849,
pl-540850,Kallithea (Phokis),settlement,pin,38.36585,22.14376,144.8,0,0,,,0,https://pleiades.stoa.org/places/540850,
pl-540851,Kallithera,settlement|settlement-modern,pin,39.27901,21.96756,210.0,0,0,,,0,https://pleiades.stoa.org/places/540851,
pl-370424387,Kalloni,archaeological site,pin,37.54055,23.30612,61.7,0,0,,,0,https://pleiades.stoa.org/places/370424387,
pl-581352,Kalo Pegadi (bridge),bridge,wash,38.04776,23.55746,16.5,0,0,,,0,https://pleiades.stoa.org/places/581352,
pl-570327,Kaminia,settlement,pin,36.74167,24.46916,152.9,0,0,,,0,https://pleiades.stoa.org/places/570327,
pl-589837,Kampanario,tower (single),pin,37.02756,24.66082,134.5,0,0,,,0,https://pleiades.stoa.org/places/589837,
pl-746471074,Kanakia,palace complex|archaeological site,pin,37.90013,23.41226,29.2,0,0,,,0,https://pleiades.stoa.org/places/746471074,
pl-579966,Kantharos Limen,port,pin,37.94163,23.63699,9.2,0,0,,,0,https://pleiades.stoa.org/places/579966,
pl-540852,Kaphereus (promontory),"cape, promontory, promuntory",pin,38.15879,24.58689,77.7,0,0,,,0,https://pleiades.stoa.org/places/540852,
pl-570329,Kaphyai,settlement|archaeological site,pin,37.7644,22.2579,131.3,0,0,,,0,https://pleiades.stoa.org/places/570329,
pl-540853,Karandai,"fort, tower (deprecated)",pin,39.11234,22.54949,162.0,0,0,,,0,https://pleiades.stoa.org/places/540853,
pl-540854,Karatsadagli,settlement,pin,39.12242,22.75431,152.3,0,0,,,0,https://pleiades.stoa.org/places/540854,
pl-599689,Kargadousa,"ruin|fort, tower (deprecated)",pin,37.14279,25.29273,166.7,0,0,,,0,https://pleiades.stoa.org/places/599689,
pl-570331,Karnasion,sanctuary (religious center),pin,37.26635,21.94881,175.8,0,0,,,0,https://pleiades.stoa.org/places/570331,
pl-570332,Karnion (river),"river, drainage",wash,37.25,22.25,153.6,0,0,,,0,https://pleiades.stoa.org/places/570332,
pl-570333,Karthaia,settlement|archaeological site,pin,37.56107,24.33046,70.8,0,0,,,0,https://pleiades.stoa.org/places/570333,
pl-372021189,"Karthaia, Athena Temple",temple,pin,37.56108,24.33031,70.8,0,0,,,0,https://pleiades.stoa.org/places/372021189,
pl-570334,Karyai?,settlement,pin,37.28873,22.51597,131.7,0,0,,,1,https://pleiades.stoa.org/places/570334,
pl-570335,Karyai?/Iasos?,settlement,pin,37.33213,22.41676,136.2,0,0,,,1,https://pleiades.stoa.org/places/570335,
pl-570336,Karystos,fort|settlement,pin,38.0348,24.43139,61.9,0,0,,,1,https://pleiades.stoa.org/places/570336,
pl-570337,Kastanies,settlement,pin,37.61564,24.36801,69.6,0,0,,,0,https://pleiades.stoa.org/places/570337,
pl-579967,Kastraki,"fort, tower (deprecated)",pin,38.09633,23.83296,15.6,0,0,,,0,https://pleiades.stoa.org/places/579967,
pl-570338,Kastri (Keos),settlement,pin,37.66188,24.39281,68.5,0,0,,,0,https://pleiades.stoa.org/places/570338,
pl-30347987,Kastri (Syros),settlement,pin,37.49068,24.93421,119.4,0,0,,,0,https://pleiades.stoa.org/places/30347987,
pl-540857,Kastriotissa,settlement,pin,38.72251,22.23487,153.9,0,0,,,0,https://pleiades.stoa.org/places/540857,
pl-172755092,Kastro Kourounas Tower,tower (single),pin,37.75064,22.59157,103.0,0,0,,,0,https://pleiades.stoa.org/places/172755092,
pl-451513645,Kastro Phaneromenis/Kastro Kochylou,fort|castle|archaeological site,pin,37.79931,24.94858,109.1,0,0,,,0,https://pleiades.stoa.org/places/451513645,
pl-570166,Kastro ano Diakopto,church|settlement|settlement-modern,pin,38.14274,22.20542,134.4,0,0,,,0,https://pleiades.stoa.org/places/570166,
pl-570339,Kato Komia,settlement|settlement-modern,pin,36.7241,24.53402,157.2,0,0,,,0,https://pleiades.stoa.org/places/570339,
pl-661894078,Kato Phournos Tomb,tomb|tumulus,pin,37.73132,22.7496,90.3,0,0,,,0,https://pleiades.stoa.org/places/661894078,
pl-579968,Katsimidi,tower (single),pin,38.18432,23.78655,22.9,0,0,,,0,https://pleiades.stoa.org/places/579968,
pl-570340,Kaukasos (mountain),mountain|map label location,pin,37.5382,24.29912,70.6,0,0,,,0,https://pleiades.stoa.org/places/570340,
pl-579969,Kedoi?,settlement|deme (Athenian),pin,37.93681,23.75083,5.6,0,0,,,0,https://pleiades.stoa.org/places/579969,
pl-579970,Keiriadai,settlement|deme (Athenian),pin,37.97292,23.71337,1.7,0,0,,,0,https://pleiades.stoa.org/places/579970,
pl-394382064,Kekropeion,shrine|monument,pin,37.972,23.72633,1.3,0,0,,,0,https://pleiades.stoa.org/places/394382064,
pl-570344,Kekryphaleia (island),island|map label location,pin,37.70337,23.25861,51.6,0,0,,,0,https://pleiades.stoa.org/places/570344,
pl-570345,Kelossa (mountain),mountain|map label location,pin,37.77696,22.62338,99.6,0,0,,,0,https://pleiades.stoa.org/places/570345,
pl-540858,Kenaion,sanctuary (religious center),pin,38.84043,22.86651,121.2,0,0,,,1,https://pleiades.stoa.org/places/540858,
pl-570347,Kenchreai,settlement|port,pin,37.88239,22.99253,65.4,0,0,,,1,https://pleiades.stoa.org/places/570347,
pl-570346,Kenchreai,settlement,pin,37.54236,22.60419,110.3,0,0,,,1,https://pleiades.stoa.org/places/570346,
pl-570348,Keos (island),island,pin,37.61386,24.32655,66.8,0,0,,,1,https://pleiades.stoa.org/places/570348,
pl-395751423,Kephala,settlement,pin,37.68148,24.32763,62.5,0,0,,,0,https://pleiades.stoa.org/places/395751423,
pl-579972,Kephisia,settlement|deme (Athenian),pin,38.08512,23.82064,13.9,0,0,,,0,https://pleiades.stoa.org/places/579972,
pl-579973,Kephisos (river),"river, drainage",pin,38.11216,23.52907,22.5,0,0,,,2,https://pleiades.stoa.org/places/579973,
pl-540860,Kephissos (river),"river, drainage",wash,38.85,24.56,120.6,0,0,,,0,https://pleiades.stoa.org/places/540860,
pl-97294452,Kerameikos,"ceramic production facility or area|catacomb, cemetery, necropolis|archaeological site",pin,37.97842,23.7183,1.0,0,0,,,0,https://pleiades.stoa.org/places/97294452,
pl-579975,Kerameis,settlement|deme (Athenian),pin,37.97813,23.7188,1.0,0,0,,,0,https://pleiades.stoa.org/places/579975,
pl-579976,Kerata,"fort, tower (deprecated)",pin,38.03649,23.46079,24.1,0,0,,,0,https://pleiades.stoa.org/places/579976,
pl-579977,Kerata (mountain),mountain|map label location,pin,38.08094,23.38701,31.7,0,0,,,0,https://pleiades.stoa.org/places/579977,
pl-525018437,Keressos,unlocated|tower (defensive),pin,38.32702,23.07407,68.7,0,0,,,0,https://pleiades.stoa.org/places/525018437,
pl-540861,Kerinthos,settlement|acropolis,pin,38.83463,23.47194,97.2,0,0,,,0,https://pleiades.stoa.org/places/540861,
pl-570354,Keryneia,settlement|archaeological site,pin,38.16384,22.15123,139.4,0,0,,,0,https://pleiades.stoa.org/places/570354,
pl-570355,Kerynitis (river),"river, drainage",pin,38.17652,22.18539,136.7,0,0,,,0,https://pleiades.stoa.org/places/570355,
pl-579978,Kettos?,settlement,pin,38.01373,23.62381,9.7,0,0,,,0,https://pleiades.stoa.org/places/579978,
pl-599711,Kheimarros-Bardaki,settlement,pin,37.00622,25.52472,192.2,0,0,,,0,https://pleiades.stoa.org/places/599711,
pl-540863,Khili,settlement,pin,38.64884,24.14939,82.6,0,0,,,0,https://pleiades.stoa.org/places/540863,
pl-540864,Khironisi,settlement,pin,38.89764,22.97733,120.8,0,0,,,0,https://pleiades.stoa.org/places/540864,
pl-540865,Khondro Teikhos,sanctuary (religious center),pin,39.17667,23.6242,132.9,0,0,,,0,https://pleiades.stoa.org/places/540865,
pl-540867,Kierion,settlement|acropolis|archaeological site,pin,39.36686,22.06646,210.8,0,0,,,0,https://pleiades.stoa.org/places/540867,
pl-579979,Kikynna?,settlement|deme (Athenian),pin,37.93836,23.83935,11.0,0,0,,,0,https://pleiades.stoa.org/places/579979,
pl-589868,Kimolos (island),island,pin,36.81253,24.56,149.6,0,0,,,1,https://pleiades.stoa.org/places/589868,
pl-589867,Kimolos (settlement),island|settlement,pin,36.78855,24.52641,150.5,0,0,,,1,https://pleiades.stoa.org/places/589867,
pl-11564736,Kimonian monuments,tomb,pin,37.96971,23.71961,1.7,0,0,,,0,https://pleiades.stoa.org/places/11564736,
pl-630032554,Kirphis (Mountain),mountain,pin,38.462,22.499,119.8,0,0,,,0,https://pleiades.stoa.org/places/630032554,
pl-540868,Kirra,settlement|archaeological site,pin,38.42958,22.44555,122.5,0,0,,,0,https://pleiades.stoa.org/places/540868,
pl-570360,Kleitor (river),"river, drainage",pin,37.88994,22.09522,143.5,0,0,,,1,https://pleiades.stoa.org/places/570360,
pl-570359,Kleitor (settlement),"gate (of a city), city gate|settlement|theatre, theater",pin,37.89081,22.09723,143.3,0,0,,,1,https://pleiades.stoa.org/places/570359,
pl-570361,Kleonai,settlement|archaeological site|temple|architectural complex,pin,37.81972,22.77624,85.4,0,0,,,0,https://pleiades.stoa.org/places/570361,
pl-538107005,Klepsydra,spring|fountain,pin,37.97219,23.7249,1.3,0,0,,,0,https://pleiades.stoa.org/places/538107005,
pl-449126342,Klima,harbor|settlement|settlement-modern,pin,36.73508,24.42047,151.8,0,0,,,1,https://pleiades.stoa.org/places/449126342,
pl-570362,Klimax,"pass, ""gates"" (landform)",pin,37.66786,22.47417,115.5,0,0,,,0,https://pleiades.stoa.org/places/570362,
pl-570363,Knakalos (mountain),mountain|map label location,pin,37.77793,22.24741,131.9,0,0,,,0,https://pleiades.stoa.org/places/570363,
pl-540870,Knemis,"fort, tower (deprecated)",pin,38.78414,22.83251,118.3,0,0,,,1,https://pleiades.stoa.org/places/540870,
pl-540871,Knemis (mountain),mountain|map label location,pin,38.74127,22.56456,131.8,0,0,,,1,https://pleiades.stoa.org/places/540871,
pl-540872,Ko(u)ralios (river),"river, drainage",wash,39.25,22.25,190.5,0,0,,,1,https://pleiades.stoa.org/places/540872,
pl-579980,Koile,settlement|deme (Athenian),pin,37.96984,23.71851,1.7,0,0,,,1,https://pleiades.stoa.org/places/579980,
pl-579981,Kolias (promontory),"cape, promontory, promuntory",pin,37.89463,23.7153,10.0,0,0,,,0,https://pleiades.stoa.org/places/579981,
pl-582864,Kollytos,settlement|deme (Athenian),pin,37.95859,23.71113,3.1,0,0,,,0,https://pleiades.stoa.org/places/582864,
pl-122622385,Kolona,settlement|temple,pin,37.74992,23.42369,37.3,0,0,,,0,https://pleiades.stoa.org/places/122622385,
pl-579983,Kolonai,settlement|deme (Athenian),pin,38.19781,23.91818,29.1,0,0,,,1,https://pleiades.stoa.org/places/579983,
pl-579984,Kolonai,deme (Athenian),wash,38.23246,23.93474,33.1,0,0,,,1,https://pleiades.stoa.org/places/579984,
pl-570368,Kolonides,settlement,pin,36.83608,21.92879,203.8,0,0,,,0,https://pleiades.stoa.org/places/570368,
pl-579985,Kolonos,settlement,pin,37.99907,23.72189,1.8,0,0,,,0,https://pleiades.stoa.org/places/579985,
pl-146086514,Kolonos Agoraios,hill,pin,37.97543,23.72121,1.1,0,0,,,0,https://pleiades.stoa.org/places/146086514,
pl-582869,Kolonos Hippios,hill,pin,37.9956,23.71537,1.7,0,0,,,0,https://pleiades.stoa.org/places/582869,
pl-570369,Kolyergia (promuntory),"cape, promontory, promuntory",pin,37.2912,23.19977,89.9,0,0,,,0,https://pleiades.stoa.org/places/570369,
pl-594467888,Komiaki Mycenaean Tholos Tomb,tomb,pin,37.14866,25.53113,184.1,0,0,,,0,https://pleiades.stoa.org/places/594467888,
pl-540877,Koniakos,settlement,pin,38.62507,22.19891,151.2,0,0,,,0,https://pleiades.stoa.org/places/540877,
pl-579987,Konthyle,settlement|deme (Athenian),pin,37.95878,23.92931,17.9,0,0,,,0,https://pleiades.stoa.org/places/579987,
pl-295845007,"Kontopigado, Alimos","production center (manufacturing, fishing)",pin,37.9221,23.74396,7.0,0,0,,,0,https://pleiades.stoa.org/places/295845007,
pl-540878,Kopai,settlement,pin,38.50153,23.16328,75.8,0,0,,,0,https://pleiades.stoa.org/places/540878,
pl-579988,Kophos Limen (Piraeus),port,wash,37.93722,23.64461,8.9,0,0,,,0,https://pleiades.stoa.org/places/579988,
pl-579989,Kopros,settlement,pin,38.04776,23.55746,16.5,0,0,,,0,https://pleiades.stoa.org/places/579989,
pl-312809379,Korakou,settlement|hill,pin,37.93217,22.90356,72.5,0,0,,,0,https://pleiades.stoa.org/places/312809379,
pl-540879,Koralios (river),"river, drainage",pin,38.39647,22.95311,81.8,0,0,,,1,https://pleiades.stoa.org/places/540879,
pl-570370,Koresia/Arsinoe,settlement,pin,37.6587,24.31119,62.7,0,0,,,1,https://pleiades.stoa.org/places/570370,
pl-570371,Korone,settlement,pin,36.95417,21.92794,195.8,0,0,,,2,https://pleiades.stoa.org/places/570371,
pl-543756,Koroneia,settlement,wash,39.05835,22.53113,158.5,0,0,,,1,https://pleiades.stoa.org/places/543756,
pl-579990,Koroneia (promontory),"cape, promontory, promuntory",pin,37.87212,24.04085,30.2,0,0,,,0,https://pleiades.stoa.org/places/579990,
pl-579991,Koroni,fort|settlement,pin,37.87171,24.04113,30.2,0,0,,,2,https://pleiades.stoa.org/places/579991,
pl-540881,Korope,settlement,pin,39.30966,23.10728,157.0,0,0,,,0,https://pleiades.stoa.org/places/540881,
pl-570373,Korphos,"catacomb, cemetery, necropolis",pin,36.71442,24.47033,155.7,0,0,,,0,https://pleiades.stoa.org/places/570373,
pl-540882,Korseia,settlement,pin,38.59375,23.08241,88.1,0,0,,,0,https://pleiades.stoa.org/places/540882,
pl-579992,Korydallos,settlement|deme (Athenian),pin,37.98566,23.64187,7.5,0,0,,,3,https://pleiades.stoa.org/places/579992,
pl-579993,Korydallos (mountain),mountain,wash,37.875,23.625,15.1,0,0,,,3,https://pleiades.stoa.org/places/579993,
pl-540883,Korykion Antron (Parnassos),sanctuary (religious center)|cave,pin,38.51592,22.52153,120.8,0,0,,,1,https://pleiades.stoa.org/places/540883,
pl-579994,Korynos,"fort, tower (deprecated)",pin,38.15601,23.51709,26.6,0,0,,,0,https://pleiades.stoa.org/places/579994,
pl-570376,Koryphos M.,mountain|map label location,pin,37.58615,23.10455,70.4,0,0,,,0,https://pleiades.stoa.org/places/570376,
pl-579995,Kothokidai?,settlement,pin,38.09751,23.5896,17.5,0,0,,,0,https://pleiades.stoa.org/places/579995,
pl-570377,Kotilion (mountain),mountain|map label location,pin,37.44144,21.89874,171.8,0,0,,,0,https://pleiades.stoa.org/places/570377,
pl-540884,Kotylaion,settlement,pin,38.54522,24.0376,68.0,0,0,,,1,https://pleiades.stoa.org/places/540884,
pl-540885,Kotylaion (mountain),mountain|map label location,pin,38.5822,24.00873,70.9,0,0,,,1,https://pleiades.stoa.org/places/540885,
pl-570378,Kotyrta,settlement,pin,36.6527,22.88891,165.5,0,0,,,0,https://pleiades.stoa.org/places/570378,
pl-599729,Koukounaries,settlement|acropolis,pin,37.12532,25.20866,161.7,0,0,,,0,https://pleiades.stoa.org/places/599729,
pl-875552307,Kouphovouno,settlement,pin,37.0568,22.4207,154.6,0,0,,,0,https://pleiades.stoa.org/places/875552307,
pl-570379,Kranae (island),island,pin,36.75411,22.57397,170.5,0,0,,,0,https://pleiades.stoa.org/places/570379,
pl-570380,Kraneion,grove|settlement,pin,37.9046,22.8947,73.6,0,0,,,0,https://pleiades.stoa.org/places/570380,
pl-102813531,Kraneion Early Christian Basilica,church,pin,37.90463,22.8947,73.6,0,0,,,0,https://pleiades.stoa.org/places/102813531,
pl-570382,Krathis (mountain),mountain|map label location,pin,37.99696,22.27815,127.0,0,0,,,1,https://pleiades.stoa.org/places/570382,
pl-570381,Krathis (river),"river, drainage",pin,38.12697,22.27741,128.0,0,0,,,1,https://pleiades.stoa.org/places/570381,
pl-540887,Kresion,settlement,pin,38.84392,24.55722,119.9,0,0,,,0,https://pleiades.stoa.org/places/540887,
pl-1001897,Krete,province,wash,37.5,22.5,120.6,0,0,,,0,https://pleiades.stoa.org/places/1001897,
pl-540888,Kreusis,settlement,pin,38.20828,23.1121,59.4,0,0,,,0,https://pleiades.stoa.org/places/540888,
pl-570384,Krios (river),"river, drainage",pin,38.06928,22.54723,103.8,0,0,,,0,https://pleiades.stoa.org/places/570384,
pl-570385,Krokeai,settlement,pin,36.88486,22.54845,160.5,0,0,,,0,https://pleiades.stoa.org/places/570385,
pl-572298,Krokeai (quarry),quarry,pin,36.88,22.54,161.4,0,0,,,0,https://pleiades.stoa.org/places/572298,
pl-540890,Krokion Pedion,plain|map label location,pin,39.21432,22.7741,160.0,0,0,,,2,https://pleiades.stoa.org/places/540890,
pl-540891,Krokyleion?,settlement,pin,38.45459,21.9745,161.8,0,0,,,0,https://pleiades.stoa.org/places/540891,
pl-570386,Krommyon,settlement,pin,37.95001,23.11666,53.7,0,0,,,0,https://pleiades.stoa.org/places/570386,
pl-570387,Kromna,settlement|archaeological site,pin,37.90336,22.96184,67.7,0,0,,,1,https://pleiades.stoa.org/places/570387,
pl-570388,Kromnos,settlement,pin,37.33251,22.09317,161.1,0,0,,,0,https://pleiades.stoa.org/places/570388,
pl-579996,Kropidai,settlement,pin,38.08965,23.69428,12.1,0,0,,,0,https://pleiades.stoa.org/places/579996,
pl-579997,Kryptos Limen,port,pin,37.751,23.423,37.2,0,0,,,0,https://pleiades.stoa.org/places/579997,
pl-540894,Ktimene,settlement,pin,39.06424,21.97851,193.9,0,0,,,0,https://pleiades.stoa.org/places/540894,
pl-579998,Kydantidai,settlement|deme (Athenian),pin,38.04737,23.89195,16.0,0,0,,,0,https://pleiades.stoa.org/places/579998,
pl-582862,Kydathenaion,settlement|deme (Athenian),pin,37.97033,23.72257,1.6,0,0,,,0,https://pleiades.stoa.org/places/582862,
pl-570391,Kyllene (mountain),mountain,pin,37.93972,22.39693,116.8,0,0,,,0,https://pleiades.stoa.org/places/570391,
pl-580000,Kyllou Pera/Kallia,spring,pin,37.95945,23.79956,6.9,0,0,,,0,https://pleiades.stoa.org/places/580000,
pl-570392,Kynaitha(i),settlement|settlement-modern,pin,38.03339,22.11039,141.8,0,0,,,0,https://pleiades.stoa.org/places/570392,
pl-540896,Kynos,settlement,pin,38.71837,23.07017,99.8,0,0,,,0,https://pleiades.stoa.org/places/540896,
pl-158698879,Kynosarges,"sanctuary (religious center)|gymnasium, gymnasion",pin,37.966,23.732,2.0,0,0,,,0,https://pleiades.stoa.org/places/158698879,
pl-580001,Kynosoura,"ruin|fort, tower (deprecated)",pin,38.13921,24.0543,33.4,0,0,,,0,https://pleiades.stoa.org/places/580001,
pl-580002,Kynosoura (promontory),"cape, promontory, promuntory|lighthouse",pin,37.94693,23.57907,13.6,0,0,,,2,https://pleiades.stoa.org/places/580002,
pl-580003,Kynosoura (promontory),"cape, promontory, promuntory",pin,38.13375,24.05662,33.3,0,0,,,2,https://pleiades.stoa.org/places/580003,
pl-573322,Kynouria (Arcadia),region,wash,37.5564,22.07719,152.6,0,0,,,1,https://pleiades.stoa.org/places/573322,
pl-570395,Kynouria (Eastern Peloponnese),region,pin,37.40224,22.716,110.0,0,0,,,1,https://pleiades.stoa.org/places/570395,
pl-599740,Kynthos (mountain),mountain,pin,37.39558,25.27244,150.9,0,0,,,2,https://pleiades.stoa.org/places/599740,
pl-599741,Kynthos (mountain),mountain|map label location,pin,37.11802,25.17188,159.6,0,0,,,2,https://pleiades.stoa.org/places/599741,
pl-540897,Kypaira,settlement (fortified),pin,39.05466,22.10084,184.9,0,0,,,0,https://pleiades.stoa.org/places/540897,
pl-570396,Kyparissia,settlement,pin,36.68689,22.81707,165.2,0,0,,,0,https://pleiades.stoa.org/places/570396,
pl-570398,Kyphanta,wall (defensive)|settlement,pin,36.96782,22.99205,130.3,0,0,,,0,https://pleiades.stoa.org/places/570398,
pl-595443937,Kyrtones tower (Phthiotis),tower (defensive),pin,38.60742,23.06916,90.1,0,0,,,0,https://pleiades.stoa.org/places/595443937,
pl-580004,Kytherros,settlement|deme (Athenian),pin,37.90764,23.98429,24.1,0,0,,,0,https://pleiades.stoa.org/places/580004,
pl-570402,Kythnos,settlement|archaeological site,pin,37.40866,24.39661,86.9,0,0,,,2,https://pleiades.stoa.org/places/570402,
pl-570403,Kythnos (island),island,pin,37.38752,24.41318,89.6,0,0,,,1,https://pleiades.stoa.org/places/570403,
pl-540899,Kytinion,settlement,pin,38.71539,22.50877,133.8,0,0,,,0,https://pleiades.stoa.org/places/540899,
pl-995667313,Kástron Khóstion,sanctuary (religious center)|settlement|temple,pin,38.25415,22.88301,79.8,0,0,,,11,https://pleiades.stoa.org/places/995667313,
pl-464482221,L-Shaped Palace at Gla,architectural complex,pin,38.48558,23.1821,73.4,0,0,,,0,https://pleiades.stoa.org/places/464482221,
pl-570417,La(s),settlement,pin,36.72554,22.49825,177.1,0,0,,,5,https://pleiades.stoa.org/places/570417,
pl-570407,Laconicus Sinus,"water, open",pin,36.56128,22.76135,179.8,0,0,,,0,https://pleiades.stoa.org/places/570407,
pl-589892,Lagousa (island),island,pin,36.63003,25.01801,188.9,0,0,,,0,https://pleiades.stoa.org/places/589892,
pl-324369908,Lake Stymphalia,lake,pin,37.85534,22.46492,111.7,0,0,,,0,https://pleiades.stoa.org/places/324369908,
pl-580006,Lakiadai,settlement|deme (Athenian),pin,37.99338,23.6996,2.7,0,0,,,0,https://pleiades.stoa.org/places/580006,
pl-789002570,"Lamiospito Tholos Tomb, Dimini",tumulus,pin,39.36231,22.89303,169.5,0,0,,,0,https://pleiades.stoa.org/places/789002570,
pl-580008,Lamptrai Kathyperthen,settlement|deme (Athenian),pin,37.87792,23.85632,16.3,0,0,,,0,https://pleiades.stoa.org/places/580008,
pl-580009,Lamptrai Paraloi/Lamptrai Hypenerthen,settlement|deme (Athenian),pin,37.8487,23.83189,17.6,0,0,,,1,https://pleiades.stoa.org/places/580009,
pl-540903,Laphron?,settlement,pin,38.44284,22.16047,146.1,0,0,,,0,https://pleiades.stoa.org/places/540903,
pl-570413,Lapithaion,settlement,pin,36.98958,22.43012,159.1,0,0,,,0,https://pleiades.stoa.org/places/570413,
pl-327455663,Larisa Castle,castle,pin,37.63823,22.71537,96.9,0,0,,,0,https://pleiades.stoa.org/places/327455663,
pl-540904,Larisa Kremaste/Pelasgia,"settlement|fort, tower (deprecated)",pin,38.96433,22.83863,133.7,0,0,,,0,https://pleiades.stoa.org/places/540904,
pl-540906,Larymna (Boeotia),settlement|port,pin,38.56735,23.28135,75.7,0,0,,,0,https://pleiades.stoa.org/places/540906,
pl-570416,Larysion (mountain),mountain,pin,36.754,22.564,171.1,0,0,,,0,https://pleiades.stoa.org/places/570416,
pl-341010947,Late Roman Building,building,pin,37.9757,23.72265,1.0,0,0,,,0,https://pleiades.stoa.org/places/341010947,
pl-675812634,Late Roman Round Building,building|shrine,pin,37.97601,23.72256,1.0,0,0,,,0,https://pleiades.stoa.org/places/675812634,
pl-580010,Laureion,region|archaeological site|map label location,pin,37.7243,23.98711,36.8,0,0,,,0,https://pleiades.stoa.org/places/580010,
pl-884693054,Lazarides,settlement,pin,37.72234,23.50714,34.9,0,0,,,0,https://pleiades.stoa.org/places/884693054,
pl-540907,Lebadeia,settlement,wash,38.43363,22.87073,90.0,0,0,,,0,https://pleiades.stoa.org/places/540907,
pl-570420,Lechaion,settlement|port,pin,37.93095,22.87882,74.6,0,0,,,0,https://pleiades.stoa.org/places/570420,
pl-540908,Ledon,settlement,pin,38.65839,22.67608,118.5,0,0,,,0,https://pleiades.stoa.org/places/540908,
pl-540909,Lefkandi,settlement,pin,38.41178,23.68217,47.8,0,0,,,0,https://pleiades.stoa.org/places/540909,
pl-176836030,Lefkandi Heroon(?),tomb,pin,38.41321,23.67284,48.0,0,0,,,0,https://pleiades.stoa.org/places/176836030,
pl-580011,Leipsydrion,fort,pin,38.12844,23.72377,16.1,0,0,,,0,https://pleiades.stoa.org/places/580011,
pl-540912,Lelantus (river),"river, drainage",pin,38.49939,23.75536,57.4,0,0,,,0,https://pleiades.stoa.org/places/540912,
pl-570421,Leon,"cape, promontory, promuntory",pin,38.08521,24.2033,43.2,0,0,,,1,https://pleiades.stoa.org/places/570421,
pl-570422,Leontion,settlement|archaeological site,pin,38.03044,21.91311,159.0,0,0,,,0,https://pleiades.stoa.org/places/570422,
pl-570424,Lerna,settlement|archaeological site,pin,37.55109,22.71843,100.9,0,0,,,1,https://pleiades.stoa.org/places/570424,
pl-580012,Leros Ins.,island,pin,37.99338,23.53891,16.6,0,0,,,0,https://pleiades.stoa.org/places/580012,
pl-661181030,Lesche of the Cnidians (Delphi),lesche,pin,38.48304,22.5011,120.6,0,0,,,0,https://pleiades.stoa.org/places/661181030,
pl-570426,Lessa,settlement,pin,37.59117,22.94132,81.7,0,0,,,0,https://pleiades.stoa.org/places/570426,
pl-680601466,Leuctra tropaion,monument,pin,38.26468,23.17432,57.6,0,0,,,0,https://pleiades.stoa.org/places/680601466,
pl-570428,Leukai (Laconia),settlement,pin,36.71136,22.81846,162.7,0,0,,,0,https://pleiades.stoa.org/places/570428,
pl-570429,Leuke,plain|map label location,pin,36.78762,22.89397,152.0,0,0,,,0,https://pleiades.stoa.org/places/570429,
pl-580013,Leukonoion,settlement|deme (Athenian),pin,38.00771,23.69156,4.1,0,0,,,0,https://pleiades.stoa.org/places/580013,
pl-540913,Leuktra,settlement|settlement-modern,pin,38.25441,23.18211,56.4,0,0,,,2,https://pleiades.stoa.org/places/540913,
pl-570433,Leuktron,settlement,pin,37.32132,22.13826,158.1,0,0,,,2,https://pleiades.stoa.org/places/570433,
pl-570431,Leuktron,settlement|archaeological site,pin,36.84275,22.26523,181.0,0,0,,,3,https://pleiades.stoa.org/places/570431,
pl-589911,Libeia? Ins.,island,pin,36.75761,24.57839,155.7,0,0,,,0,https://pleiades.stoa.org/places/589911,
pl-728329644,Library of Hadrian at Athens,architectural complex,pin,37.9754,23.72648,0.9,0,0,,,0,https://pleiades.stoa.org/places/728329644,
pl-582559069,Library of Pantainos,building,pin,37.97445,23.72465,1.1,0,0,,,0,https://pleiades.stoa.org/places/582559069,
pl-573313209,Lichades Islands,"archipelago, island group|island",pin,38.82055,22.81777,122.2,0,0,,,0,https://pleiades.stoa.org/places/573313209,
pl-540914,Lidorikion,settlement,pin,38.53059,22.20123,146.5,0,0,,,0,https://pleiades.stoa.org/places/540914,
pl-540915,Lilaia,settlement,pin,38.63198,22.50127,129.0,0,0,,,0,https://pleiades.stoa.org/places/540915,
pl-580014,Limiko (Attica),fort|tower (defensive),pin,38.20185,23.6926,24.4,0,0,,,0,https://pleiades.stoa.org/places/580014,
pl-766613993,Limiko Kapsalon dragon house,ruin,pin,38.12477,24.24513,48.0,0,0,,,0,https://pleiades.stoa.org/places/766613993,
pl-500721867,Limiko blockhouse (Argolid),fort,pin,37.74425,22.72066,92.3,0,0,,,0,https://pleiades.stoa.org/places/500721867,
pl-570435,Limnai,settlement,pin,37.12169,22.19179,165.9,0,0,,,0,https://pleiades.stoa.org/places/570435,
pl-345163903,Lino Tower (Mykonos),tower (defensive),pin,37.42419,25.34397,155.2,0,0,,,0,https://pleiades.stoa.org/places/345163903,
pl-448885234,Lion Gate at Mycenae,"gate (of a city), city gate",pin,37.73083,22.75617,89.8,0,0,,,0,https://pleiades.stoa.org/places/448885234,
pl-570436,Liparos,"catacomb, cemetery, necropolis",pin,37.55952,24.28303,67.9,0,0,,,0,https://pleiades.stoa.org/places/570436,
pl-705446488,Little Metropolis church (Athens),church,pin,37.97506,23.73002,1.0,0,0,,,0,https://pleiades.stoa.org/places/705446488,
pl-540917,Locris Epiknemidia,region|map label location,pin,38.74571,22.79282,117.5,0,0,,,0,https://pleiades.stoa.org/places/540917,
pl-540918,Locris Opuntia,region|map label location,pin,38.68432,22.97753,101.7,0,0,,,0,https://pleiades.stoa.org/places/540918,
pl-570437,Loukou,settlement|villa,pin,37.41066,22.6776,112.2,0,0,,,1,https://pleiades.stoa.org/places/570437,
pl-580015,Lousia,settlement|deme (Athenian),pin,38.00052,23.69142,3.7,0,0,,,0,https://pleiades.stoa.org/places/580015,
pl-570438,Lousoi,sanctuary (religious center)|spring|temple|archaeological site|settlement,pin,37.97183,22.11202,141.6,0,0,,,0,https://pleiades.stoa.org/places/570438,
pl-570440,Loutra Helenes,well,pin,37.86558,22.99701,65.4,0,0,,,0,https://pleiades.stoa.org/places/570440,
pl-540920,Loutra Hypatis Early Christian basilica and bath,"church|basilica|bath, spa",pin,38.88603,22.2679,161.9,0,0,,,0,https://pleiades.stoa.org/places/540920,
pl-582871,Lykabettos (mountain),hill,pin,37.9819,23.7431,1.4,0,0,,,0,https://pleiades.stoa.org/places/582871,
pl-570441,Lykaion (mountain),mountain,pin,37.45694,21.975,164.9,0,0,,,0,https://pleiades.stoa.org/places/570441,
pl-570442,Lykoa,settlement,pin,37.52995,22.31392,134.1,0,0,,,0,https://pleiades.stoa.org/places/570442,
pl-570443,Lykone (mountain),mountain|map label location,pin,37.63022,22.69186,99.1,0,0,,,0,https://pleiades.stoa.org/places/570443,
pl-570444,Lykosoura,sanctuary (religious center)|settlement,pin,37.38927,22.02997,163.3,0,0,,,0,https://pleiades.stoa.org/places/570444,
pl-570445,Lykouria?,settlement|settlement-modern|map label location,pin,37.90495,22.2309,131.5,0,0,,,0,https://pleiades.stoa.org/places/570445,
pl-570446,Lyrkeia,settlement,pin,37.68664,22.64309,100.8,0,0,,,0,https://pleiades.stoa.org/places/570446,
pl-570447,Lyrkeion (mountain),mountain|map label location,pin,37.70488,22.46107,115.4,0,0,,,0,https://pleiades.stoa.org/places/570447,
pl-570449,Mainalion (mountain),mountain,pin,37.65508,22.2483,135.0,0,0,,,3,https://pleiades.stoa.org/places/570449,
pl-570450,Mainalion Pedion,plain|map label location,pin,37.50189,22.29699,136.7,0,0,,,0,https://pleiades.stoa.org/places/570450,
pl-570451,Mainalos,settlement,pin,37.54949,22.26589,137.3,0,0,,,3,https://pleiades.stoa.org/places/570451,
pl-570452,Makareia,settlement,pin,37.40502,22.07621,158.9,0,0,,,0,https://pleiades.stoa.org/places/570452,
pl-580018,Makaria,spring,pin,38.15999,24.0058,31.3,0,0,,,0,https://pleiades.stoa.org/places/580018,
pl-540925,Makkarai?,"fort, tower (deprecated)",pin,39.20338,22.47255,174.0,0,0,,,0,https://pleiades.stoa.org/places/540925,
pl-540926,Makra Kome,"settlement|fort, tower (deprecated)",pin,38.95733,22.12355,176.7,0,0,,,0,https://pleiades.stoa.org/places/540926,
pl-585128,Makra Teiche,"wall (of a city), city wall",pin,37.96237,23.70261,3.2,0,0,,,0,https://pleiades.stoa.org/places/585128,
pl-820778148,Makri Louri,tower (single),pin,36.97161,24.68757,140.9,0,0,,,0,https://pleiades.stoa.org/places/820778148,
pl-342066276,Makri St. peristyle,archaeological site,pin,37.96873,23.7303,1.7,0,0,,,0,https://pleiades.stoa.org/places/342066276,
pl-496995888,Makrygiannis domus,townhouse,pin,37.96818,23.73015,1.8,0,0,,,0,https://pleiades.stoa.org/places/496995888,
pl-540928,Mali,settlement|acropolis|wall,pin,38.24822,22.89172,78.8,0,0,,,13,https://pleiades.stoa.org/places/540928,
pl-540929,Maliacus Sinus,"water, open",pin,38.86789,22.63377,136.9,0,0,,,0,https://pleiades.stoa.org/places/540929,
pl-570457,Maloitas (river),"river, drainage",pin,37.65622,22.1812,140.6,0,0,,,0,https://pleiades.stoa.org/places/570457,
pl-854812387,Mandra (Despotiko),sanctuary (religious center)|archaeological site|architectural complex,pin,36.97026,25.01547,160.1,0,0,,,0,https://pleiades.stoa.org/places/854812387,
pl-540932,Manika,"fort, tower (deprecated)",pin,38.50162,23.64561,58.0,0,0,,,0,https://pleiades.stoa.org/places/540932,
pl-570458,Manthouria,settlement,pin,37.40959,22.3974,133.3,0,0,,,0,https://pleiades.stoa.org/places/570458,
pl-580022,Marathonian Pedion,plain,wash,38.14313,23.97366,27.9,0,0,,,0,https://pleiades.stoa.org/places/580022,
pl-163292061,Marble Quarries at Karystos,quarry,pin,38.0377,24.4469,63.3,0,0,,,0,https://pleiades.stoa.org/places/163292061,
pl-570461,Marios,settlement,pin,37.04258,22.81937,131.8,0,0,,,0,https://pleiades.stoa.org/places/570461,
pl-540934,Markesi,"temple, sanctuary, shrine, monument, tomb (deprecated)",pin,38.97461,24.48427,128.4,0,0,,,0,https://pleiades.stoa.org/places/540934,
pl-716756355,Marmara sanctuary,sanctuary (religious center)|archaeological site,pin,38.1435,22.35666,121.3,0,0,,,0,https://pleiades.stoa.org/places/716756355,
pl-570462,Marmarion,settlement|quarry,pin,38.04903,24.3209,52.5,0,0,,,0,https://pleiades.stoa.org/places/570462,
pl-599788,Marpessa (mountain),mountain,pin,37.04694,25.18,165.1,0,0,,,0,https://pleiades.stoa.org/places/599788,
pl-570463,Mases,settlement,pin,37.41787,23.14219,81.3,0,0,,,0,https://pleiades.stoa.org/places/570463,
pl-540937,Mauragani,tower (defensive),pin,39.19858,23.59888,135.5,0,0,,,0,https://pleiades.stoa.org/places/540937,
pl-570465,Mausos,settlement,pin,37.84603,22.85759,77.8,0,0,,,0,https://pleiades.stoa.org/places/570465,
pl-540938,Mavrovouni,sanctuary (religious center),pin,38.22821,23.03668,66.3,0,0,,,0,https://pleiades.stoa.org/places/540938,
pl-580023,Mazi,tower (defensive),pin,38.16357,23.42472,33.2,0,0,,,1,https://pleiades.stoa.org/places/580023,
pl-540939,Medeon,wall (defensive)|settlement|archaeological site|acropolis,pin,38.36659,22.68388,100.7,0,0,,,1,https://pleiades.stoa.org/places/540939,
pl-540940,Medeon?,settlement,pin,38.39108,23.17781,66.0,0,0,,,1,https://pleiades.stoa.org/places/540940,
pl-580024,Mega Helos,"wetland (swamp, marsh, or bog)",pin,38.15046,24.0235,31.9,0,0,,,0,https://pleiades.stoa.org/places/580024,
pl-75275879,Megali Koryfi,wall (defensive)|archaeological site,pin,37.69523,23.51895,36.9,0,0,,,0,https://pleiades.stoa.org/places/75275879,
pl-775133290,Megali Magoula,tomb|settlement|archaeological site,pin,37.50165,23.42374,59.9,0,0,,,0,https://pleiades.stoa.org/places/775133290,
pl-538278634,Megalopolis Lignite Mines,archaeological site,pin,37.40049,22.09663,157.5,0,0,,,0,https://pleiades.stoa.org/places/538278634,
pl-570469,Megaricus Sinus,"water, open",wash,37.75,23.25,49.3,0,0,,,0,https://pleiades.stoa.org/places/570469,
pl-570470,Megaris,region|map label location,pin,38.03472,23.21145,45.6,0,0,,,0,https://pleiades.stoa.org/places/570470,
pl-570471,Meiganitas (river),"river, drainage",pin,38.24873,22.04977,149.7,0,0,,,0,https://pleiades.stoa.org/places/570471,
pl-599791,Melanes,quarry,pin,37.08688,25.44183,181.1,0,0,,,0,https://pleiades.stoa.org/places/599791,
pl-570473,Melangeia,settlement,pin,37.64261,22.41663,121.2,0,0,,,0,https://pleiades.stoa.org/places/570473,
pl-540941,Meliteia,settlement,pin,39.0384,22.45671,161.2,0,0,,,0,https://pleiades.stoa.org/places/540941,
pl-570475,Melos (island),island,pin,36.71256,24.42322,154.2,0,0,,,1,https://pleiades.stoa.org/places/570475,
pl-570474,Melos (settlement),settlement,pin,36.74386,24.42328,151.0,0,0,,,2,https://pleiades.stoa.org/places/570474,
pl-570476,Melpeia,sanctuary (religious center),pin,37.43148,21.96314,166.9,0,0,,,0,https://pleiades.stoa.org/places/570476,
pl-540942,Mendenitsa,settlement,pin,38.75391,22.63352,128.2,0,0,,,0,https://pleiades.stoa.org/places/540942,
pl-570477,Menelaion,sanctuary (religious center)|temple,pin,37.06574,22.45348,151.8,0,0,,,0,https://pleiades.stoa.org/places/570477,
pl-580026,Merenda,fort,pin,37.8549,23.94838,24.1,0,0,,,0,https://pleiades.stoa.org/places/580026,
pl-580027,Mesogaia,region,wash,38.125,23.875,20.3,0,0,,,0,https://pleiades.stoa.org/places/580027,
pl-543787,Messapion (mountain),unlocated|mountain,pin,38.46397,23.48842,57.3,0,0,,,0,https://pleiades.stoa.org/places/543787,
pl-570481,Methana/Anthana?,settlement|settlement-modern,pin,37.37078,22.78352,107.5,0,0,,,1,https://pleiades.stoa.org/places/570481,
pl-570482,Methana/Arsinoe,"cape, promontory, promuntory|settlement",pin,37.59124,23.37409,53.6,0,0,,,2,https://pleiades.stoa.org/places/570482,
pl-570484,Methydrion,ruin|settlement|archaeological site,pin,37.6359,22.1751,141.8,0,0,,,0,https://pleiades.stoa.org/places/570484,
pl-543789,Methylion,unlocated|settlement,pin,39.37525,21.97557,216.9,0,0,,,0,https://pleiades.stoa.org/places/543789,
pl-337294881,Middle Stoa,stoa,pin,37.97458,23.723,1.1,0,0,,,0,https://pleiades.stoa.org/places/337294881,
pl-570485,Midea,wall (defensive)|settlement,pin,37.64981,22.84144,86.2,0,0,,,0,https://pleiades.stoa.org/places/570485,
pl-963101167,Mine of Laureion,mine,pin,37.74076,24.00449,36.4,0,0,,,1,https://pleiades.stoa.org/places/963101167,
pl-963101152,Mine of Laureion,mine,pin,37.74777,24.02798,37.2,0,0,,,1,https://pleiades.stoa.org/places/963101152,
pl-963101139,Mine of Laureion,mine,pin,37.74164,24.02016,37.2,0,0,,,1,https://pleiades.stoa.org/places/963101139,
pl-963101150,Mine of Laureion,mine,pin,37.73761,24.017,37.4,0,0,,,1,https://pleiades.stoa.org/places/963101150,
pl-963101156,Mine of Laureion,mine,pin,37.7295,24.0072,37.5,0,0,,,1,https://pleiades.stoa.org/places/963101156,
pl-963101153,Mine of Laureion,mine,pin,37.74213,24.02563,37.5,0,0,,,1,https://pleiades.stoa.org/places/963101153,
pl-963101165,Mine of Laureion,mine,pin,37.72274,24.00562,37.9,0,0,,,1,https://pleiades.stoa.org/places/963101165,
pl-963101140,Mine of Laureion,mine,pin,37.72634,24.01137,38.0,0,0,,,1,https://pleiades.stoa.org/places/963101140,
pl-963101149,Mine of Laureion,mine,pin,37.73558,24.02736,38.1,0,0,,,1,https://pleiades.stoa.org/places/963101149,
pl-963101143,Mine of Laureion,mine,pin,37.74568,24.04033,38.1,0,0,,,1,https://pleiades.stoa.org/places/963101143,
pl-963101151,Mine of Laureion,mine,pin,37.73029,24.02049,38.2,0,0,,,1,https://pleiades.stoa.org/places/963101151,
pl-963101157,Mine of Laureion,mine,pin,37.7233,24.01576,38.5,0,0,,,1,https://pleiades.stoa.org/places/963101157,
pl-963101168,Mine of Laureion,mine,pin,37.71576,24.00844,38.7,0,0,,,1,https://pleiades.stoa.org/places/963101168,
pl-963101144,Mine of Laureion,mine,pin,37.74828,24.05174,38.7,0,0,,,1,https://pleiades.stoa.org/places/963101144,
pl-963101148,Mine of Laureion,mine,pin,37.73085,24.03401,38.9,0,0,,,1,https://pleiades.stoa.org/places/963101148,
pl-963101166,Mine of Laureion,mine,pin,37.72465,24.02601,39.0,0,0,,,1,https://pleiades.stoa.org/places/963101166,
pl-963101145,Mine of Laureion,mine,pin,37.7498,24.05902,39.0,0,0,,,1,https://pleiades.stoa.org/places/963101145,
pl-963101154,Mine of Laureion,mine,pin,37.74422,24.05427,39.1,0,0,,,1,https://pleiades.stoa.org/places/963101154,
pl-963101141,Mine of Laureion,mine,pin,37.72578,24.03116,39.2,0,0,,,1,https://pleiades.stoa.org/places/963101141,
pl-963101161,Mine of Laureion,mine,pin,37.71705,24.0206,39.3,0,0,,,1,https://pleiades.stoa.org/places/963101161,
pl-963101162,Mine of Laureion,mine,pin,37.72156,24.03051,39.5,0,0,,,1,https://pleiades.stoa.org/places/963101162,
pl-963101138,Mine of Laureion,mine,pin,37.73636,24.05017,39.5,0,0,,,1,https://pleiades.stoa.org/places/963101138,
pl-963101146,Mine of Laureion,mine,pin,37.74359,24.06054,39.6,0,0,,,1,https://pleiades.stoa.org/places/963101146,
pl-963101142,Mine of Laureion,mine,pin,37.71184,24.02093,39.7,0,0,,,1,https://pleiades.stoa.org/places/963101142,
pl-963101155,Mine of Laureion,mine,pin,37.73603,24.05281,39.7,0,0,,,1,https://pleiades.stoa.org/places/963101155,
pl-963101176,Mine of Laureion,mine,pin,37.70387,24.01013,39.8,0,0,,,1,https://pleiades.stoa.org/places/963101176,
pl-963101147,Mine of Laureion,mine,pin,37.74935,24.06941,39.8,0,0,,,1,https://pleiades.stoa.org/places/963101147,
pl-963101175,Mine of Laureion,mine,pin,37.713,24.02533,39.9,0,0,,,1,https://pleiades.stoa.org/places/963101175,
pl-963101164,Mine of Laureion,mine,pin,37.71626,24.03141,40.0,0,0,,,1,https://pleiades.stoa.org/places/963101164,
pl-963101173,Mine of Laureion,mine,pin,37.7041,24.01643,40.1,0,0,,,1,https://pleiades.stoa.org/places/963101173,
pl-963101158,Mine of Laureion,mine,pin,37.70604,24.01984,40.2,0,0,,,1,https://pleiades.stoa.org/places/963101158,
pl-963101172,Mine of Laureion,mine,pin,37.69847,24.01035,40.3,0,0,,,1,https://pleiades.stoa.org/places/963101172,
pl-963101174,Mine of Laureion,mine,pin,37.7059,24.02533,40.5,0,0,,,1,https://pleiades.stoa.org/places/963101174,
pl-963101159,Mine of Laureion,mine,pin,37.71131,24.03524,40.6,0,0,,,1,https://pleiades.stoa.org/places/963101159,
pl-963101163,Mine of Laureion,mine,pin,37.71694,24.0438,40.6,0,0,,,1,https://pleiades.stoa.org/places/963101163,
pl-963101169,Mine of Laureion,mine,pin,37.69723,24.017,40.8,0,0,,,1,https://pleiades.stoa.org/places/963101169,
pl-583623,Mine of Laureion,mine,pin,37.71225,24.03989,40.8,0,0,,,1,https://pleiades.stoa.org/places/583623,
pl-963101170,Mine of Laureion,mine,pin,37.6934,24.01283,40.9,0,0,,,1,https://pleiades.stoa.org/places/963101170,
pl-963101171,Mine of Laureion,mine,pin,37.70725,24.03716,41.0,0,0,,,1,https://pleiades.stoa.org/places/963101171,
pl-963101160,Mine of Laureion,mine,pin,37.71164,24.04459,41.1,0,0,,,1,https://pleiades.stoa.org/places/963101160,
pl-963101137,Mine of Laureion,mine,pin,37.69756,24.03268,41.6,0,0,,,1,https://pleiades.stoa.org/places/963101137,
pl-963101039,Mine on Euboea,quarry,pin,38.05901,24.32478,53.0,0,0,,,1,https://pleiades.stoa.org/places/963101039,
pl-963101040,Mine on Euboea,quarry,pin,38.07256,24.33219,53.9,0,0,,,1,https://pleiades.stoa.org/places/963101040,
pl-963101038,Mine on Euboea,quarry,pin,38.0146,24.46203,64.5,0,0,,,1,https://pleiades.stoa.org/places/963101038,
pl-963101037,Mine on Euboea,quarry,pin,38.00774,24.47996,66.0,0,0,,,1,https://pleiades.stoa.org/places/963101037,
pl-638269272,Mine on Euboea,mine,pin,38.01279,24.48074,66.1,0,0,,,1,https://pleiades.stoa.org/places/638269272,
pl-570486,Minoa (island),island,pin,37.9698,23.36223,32.1,0,0,,,0,https://pleiades.stoa.org/places/570486,
pl-570487,Minoa (promontory),"peninsula|cape, promontory, promuntory|island",pin,36.68791,23.04974,156.1,0,0,,,1,https://pleiades.stoa.org/places/570487,
pl-645204824,Mitrou,settlement,pin,38.63667,23.12451,89.7,0,0,,,0,https://pleiades.stoa.org/places/645204824,
pl-775947099,Monachou/Palio Chorio,settlement (fortified)|ruin,pin,38.55743,23.15316,81.1,0,0,,,0,https://pleiades.stoa.org/places/775947099,
pl-838574332,Monastery of Agnountos,monastery,pin,37.71059,23.13176,60.5,0,0,,,0,https://pleiades.stoa.org/places/838574332,
pl-109466300,Monemvasia,wall (defensive)|settlement|archaeological site,pin,36.68841,23.05233,155.9,0,0,,,1,https://pleiades.stoa.org/places/109466300,
pl-87615187,Monopteros,shrine,pin,37.97548,23.72388,1.0,0,0,,,0,https://pleiades.stoa.org/places/87615187,
pl-573299846,Monument of Eumenes II/Agrippa,monument,pin,37.97178,23.72484,1.4,0,0,,,0,https://pleiades.stoa.org/places/573299846,
pl-920967112,Monument of Kallimachos,monument,pin,37.97184,23.72697,1.3,0,0,,,0,https://pleiades.stoa.org/places/920967112,
pl-660025690,Monument of the Eponymous Heroes,monument,pin,37.97507,23.72239,1.1,0,0,,,0,https://pleiades.stoa.org/places/660025690,
pl-580029,Mounichia Limen,harbor|port,pin,37.93722,23.66036,7.8,0,0,,,0,https://pleiades.stoa.org/places/580029,
pl-968858713,Mouseion Hill,hill,pin,37.96756,23.72212,1.9,0,0,,,0,https://pleiades.stoa.org/places/968858713,
pl-540952,Myania,settlement,pin,38.47804,22.35774,131.7,0,0,,,0,https://pleiades.stoa.org/places/540952,
pl-515156430,Mycenaean Fountain,fountain|well,pin,37.97217,23.72583,1.3,0,0,,,0,https://pleiades.stoa.org/places/515156430,
pl-720628459,Mycenaean cemetery at Aidonia,"catacomb, cemetery, necropolis",pin,37.84022,22.58318,101.7,0,0,,,0,https://pleiades.stoa.org/places/720628459,
pl-909179853,"Mycenaean necropolis, Elateia","catacomb, cemetery, necropolis",pin,38.64749,22.77217,111.3,0,0,,,0,https://pleiades.stoa.org/places/909179853,
pl-291344339,Mygdaleza basilica,church,pin,38.1337,23.88816,21.8,0,0,,,0,https://pleiades.stoa.org/places/291344339,
pl-540953,Mykalessos,settlement,pin,38.41672,23.5196,51.5,0,0,,,0,https://pleiades.stoa.org/places/540953,
pl-599808,Mykonos (island),island,pin,37.45307,25.37232,156.2,0,0,,,1,https://pleiades.stoa.org/places/599808,
pl-599807,Mykonos (settlement),settlement,pin,37.44596,25.32862,153.0,0,0,,,1,https://pleiades.stoa.org/places/599807,
pl-570492,Mylaon? (river),"river, drainage",wash,37.75,22.25,132.3,0,0,,,0,https://pleiades.stoa.org/places/570492,
pl-540955,Myonessos (island),island,pin,38.92593,22.94366,125.0,0,0,,,0,https://pleiades.stoa.org/places/540955,
pl-580030,Myrrinous,settlement|deme (Athenian),pin,37.87281,23.96789,24.4,0,0,,,0,https://pleiades.stoa.org/places/580030,
pl-580031,Myrrinoutta,settlement|deme (Athenian),pin,38.08317,23.97903,24.6,0,0,,,0,https://pleiades.stoa.org/places/580031,
pl-599814,Myrsineai,settlement,pin,37.04847,25.12734,161.4,0,0,,,0,https://pleiades.stoa.org/places/599814,
pl-570495,Myrtoion Mare,"water, open",pin,37.0,24.0,112.0,0,0,,,0,https://pleiades.stoa.org/places/570495,
pl-570496,Myrtos (island),island|map label location,pin,37.93669,24.52191,69.8,0,0,,,0,https://pleiades.stoa.org/places/570496,
pl-410249370,Mystras,settlement|archaeological site,pin,37.07258,22.3681,157.0,0,0,,,0,https://pleiades.stoa.org/places/410249370,
pl-540957,Narthakion,settlement,pin,38.95064,22.50883,151.0,0,0,,,0,https://pleiades.stoa.org/places/540957,
pl-540958,Naryka/Tarphe?,settlement,pin,38.71705,22.72822,119.3,0,0,,,0,https://pleiades.stoa.org/places/540958,
pl-570501,Nauplia,harbor|settlement,pin,37.56812,22.80871,93.0,0,0,,,0,https://pleiades.stoa.org/places/570501,
pl-599820,Naxiakos? Sinus,"water, open",wash,36.75,25.25,192.2,0,0,,,0,https://pleiades.stoa.org/places/599820,
pl-599822,Naxos (island),island,pin,37.05819,25.48193,185.8,0,0,,,1,https://pleiades.stoa.org/places/599822,
pl-599821,Naxos (settlement),settlement,pin,37.10387,25.37759,175.3,0,0,,,1,https://pleiades.stoa.org/places/599821,
pl-570502,Neda (river),"river, drainage",pin,37.41175,21.95619,168.3,0,0,,,4,https://pleiades.stoa.org/places/570502,
pl-570503,Nedon (river),"river, drainage",wash,37.25,22.25,153.6,0,0,,,0,https://pleiades.stoa.org/places/570503,
pl-907860743,Neistan Gate (Thebes),"unlocated|gate (of a city), city gate",pin,38.3215,23.3154,52.0,0,0,,,0,https://pleiades.stoa.org/places/907860743,
pl-570505,Nemea (river),"river, drainage",pin,37.89748,22.76167,85.2,0,0,,,0,https://pleiades.stoa.org/places/570505,
pl-328243339,Nemea Early Christian basilica,church|basilica,pin,37.80322,22.71842,90.8,0,0,,,0,https://pleiades.stoa.org/places/328243339,
pl-570506,Neris?,settlement,pin,37.43244,22.66514,111.8,0,0,,,0,https://pleiades.stoa.org/places/570506,
pl-286572421,Nesiotic League (First),state (polity),wash,37.39727,25.26819,150.4,0,0,,,0,https://pleiades.stoa.org/places/286572421,
pl-570507,Nestane,settlement|archaeological site,pin,37.6162,22.46202,118.5,0,0,,,0,https://pleiades.stoa.org/places/570507,
pl-599826,Nestos (river),"river, drainage",wash,37.06519,25.19847,165.1,0,0,,,0,https://pleiades.stoa.org/places/599826,
pl-502723225,New Bouleuterion,architectural complex,pin,37.97514,23.72182,1.1,0,0,,,0,https://pleiades.stoa.org/places/502723225,
pl-423679103,Nichoria,settlement,pin,37.00222,21.91417,193.7,0,0,,,1,https://pleiades.stoa.org/places/423679103,
pl-540963,Nikaia,settlement,pin,38.81197,22.61732,133.6,0,0,,,0,https://pleiades.stoa.org/places/540963,
pl-580035,Nike (Monument at Marathon),church|tower (defensive)|monument,pin,38.1409,24.00009,29.6,0,0,,,2,https://pleiades.stoa.org/places/580035,
pl-928443165,Nisaki,fort|wall (defensive)|acropolis|archaeological site,pin,37.57558,23.39025,54.2,0,0,,,0,https://pleiades.stoa.org/places/928443165,
pl-570509,Nomia (mountain),mountain|map label location,pin,37.41587,21.96582,167.4,0,0,,,0,https://pleiades.stoa.org/places/570509,
pl-570510,Nonakris,settlement,pin,38.01442,22.2412,130.3,0,0,,,0,https://pleiades.stoa.org/places/570510,
pl-335229932,Northern sanctuary at Kythnos,sanctuary (religious center),pin,37.40857,24.39485,86.8,0,0,,,0,https://pleiades.stoa.org/places/335229932,
pl-753898783,Northwest Building,building,pin,37.97194,23.72523,1.3,0,0,,,0,https://pleiades.stoa.org/places/753898783,
pl-610659128,Ntourmiza Corinth Aqueduct arches,aqueduct,pin,37.7619,22.5859,103.2,0,0,,,0,https://pleiades.stoa.org/places/610659128,
pl-145651853,Nymphaion in the Athenian Agora,fountain,pin,37.97408,23.72402,1.1,0,0,,,0,https://pleiades.stoa.org/places/145651853,
pl-580037,Oai,settlement|deme (Athenian),pin,37.98599,23.88572,13.9,0,0,,,1,https://pleiades.stoa.org/places/580037,
pl-540965,Oche (mountain),mountain,pin,38.05993,24.46663,65.3,0,0,,,6,https://pleiades.stoa.org/places/540965,
pl-832198698,Odeion of Agrippa,odeon,pin,37.97507,23.72315,1.0,0,0,,,4,https://pleiades.stoa.org/places/832198698,
pl-44151680,Odeion of Perikles,odeon,pin,37.97041,23.72868,1.5,0,0,,,4,https://pleiades.stoa.org/places/44151680,
pl-154745711,Odeon of Herodes Atticus,odeon,pin,37.97082,23.72461,1.5,0,0,,,0,https://pleiades.stoa.org/places/154745711,
pl-580038,Oe?,settlement,pin,38.08337,23.64085,13.4,0,0,,,5,https://pleiades.stoa.org/places/580038,
pl-218651082,Oedipodia,spring,pin,38.32428,23.32432,51.7,0,0,,,0,https://pleiades.stoa.org/places/218651082,
pl-540967,Oeroe (river),"river, drainage",pin,38.22099,23.16058,56.2,0,0,,,0,https://pleiades.stoa.org/places/540967,
pl-540968,Oeta (mountain),mountain,pin,38.80438,22.26921,156.4,0,0,,,4,https://pleiades.stoa.org/places/540968,
pl-370424386,Ogas,acropolis,pin,37.61717,23.4118,49.3,0,0,,,1,https://pleiades.stoa.org/places/370424386,
pl-540969,Oiantheia/Euantheia?,settlement,pin,38.34214,22.191,140.1,0,0,,,0,https://pleiades.stoa.org/places/540969,
pl-599835,Oikonomos,settlement,pin,37.12932,25.25913,165.1,0,0,,,0,https://pleiades.stoa.org/places/599835,
pl-540972,Oineon,settlement,pin,38.40029,21.99357,158.4,0,0,,,0,https://pleiades.stoa.org/places/540972,
pl-580040,Oinoe (Attica),settlement (fortified)|archaeological site|deme (Athenian),pin,38.16868,23.44981,31.8,0,0,,,1,https://pleiades.stoa.org/places/580040,
pl-570519,Oinoe (Corinthia),settlement,pin,38.16711,23.45715,31.2,0,0,,,1,https://pleiades.stoa.org/places/570519,
pl-580039,Oinoe (Marathon),fort|settlement|deme (Athenian),pin,38.16699,23.94437,27.8,0,0,,,1,https://pleiades.stoa.org/places/580039,
pl-540975,Oinophyta?,settlement,pin,38.30629,23.63813,36.7,0,0,,,0,https://pleiades.stoa.org/places/540975,
pl-570523,Oinous (river),"river, drainage",pin,37.11021,22.44395,149.1,0,0,,,0,https://pleiades.stoa.org/places/570523,
pl-570525,Oion,settlement,pin,37.36549,22.39517,135.9,0,0,,,1,https://pleiades.stoa.org/places/570525,
pl-580041,Oion Dekeleikon,settlement,pin,38.14125,23.86642,21.3,0,0,,,0,https://pleiades.stoa.org/places/580041,
pl-540977,Oion?,settlement,pin,38.62896,23.05006,93.0,0,0,,,2,https://pleiades.stoa.org/places/540977,
pl-570527,Oitylos,settlement,pin,36.70506,22.3848,185.2,0,0,,,0,https://pleiades.stoa.org/places/570527,
pl-540978,Okaleia?,settlement,pin,38.35054,23.0481,72.0,0,0,,,0,https://pleiades.stoa.org/places/540978,
pl-415689443,Old Bouleuterion/Metroon,archive repository|synagogue|architectural complex|shrine,pin,37.97522,23.72207,1.1,0,0,,,0,https://pleiades.stoa.org/places/415689443,
pl-164552991,Old Temple of Athena Polias at Athens,temple,pin,37.9719,23.72628,1.3,0,0,,,0,https://pleiades.stoa.org/places/164552991,
pl-832255771,Older Parthenon,temple,pin,37.9715,23.72662,1.4,0,0,,,0,https://pleiades.stoa.org/places/832255771,
pl-832255772,Older Propylaea,gateway,pin,37.97174,23.7251,1.4,0,0,,,0,https://pleiades.stoa.org/places/832255772,
pl-589958,Oliaros (island),island,pin,36.99512,25.05653,160.7,0,0,,,0,https://pleiades.stoa.org/places/589958,
pl-540979,Olizon,settlement,pin,39.12808,23.21081,134.9,0,0,,,0,https://pleiades.stoa.org/places/540979,
pl-570529,Olmiai Pr.,"cape, promontory, promuntory",pin,38.061,23.039,60.9,0,0,,,0,https://pleiades.stoa.org/places/570529,
pl-540980,Olmones,ruin|settlement,pin,38.54184,23.0977,82.9,0,0,,,0,https://pleiades.stoa.org/places/540980,
pl-570530,Olygyrtos (mountain),mountain,pin,37.80656,22.38676,119.3,0,0,,,0,https://pleiades.stoa.org/places/570530,
pl-580042,Olympos (mountain),mountain,wash,37.875,23.875,17.7,0,0,,,2,https://pleiades.stoa.org/places/580042,
pl-540983,Olympos (mountain),mountain,wash,38.25,23.75,29.7,0,0,,,2,https://pleiades.stoa.org/places/540983,
pl-367412638,Omega House,townhouse,pin,37.97324,23.72419,1.2,0,0,,,0,https://pleiades.stoa.org/places/367412638,
pl-540984,Onchestos,settlement,pin,38.37327,23.15027,66.5,0,0,,,0,https://pleiades.stoa.org/places/540984,
pl-570532,Oneon (mountain),mountain,pin,37.86912,22.92895,71.2,0,0,,,0,https://pleiades.stoa.org/places/570532,
pl-540985,Onochonos (river),"river, drainage",pin,39.40854,21.95844,220.6,0,0,,,0,https://pleiades.stoa.org/places/540985,
pl-570534,Ophis (river),"river, drainage",wash,37.75,22.25,132.3,0,0,,,2,https://pleiades.stoa.org/places/570534,
pl-540986,Opous,settlement,pin,38.63064,23.04788,93.2,0,0,,,0,https://pleiades.stoa.org/places/540986,
pl-365374286,Oracular sanctuary at Oinoe,sanctuary (religious center),pin,38.15688,23.93264,26.3,0,0,,,0,https://pleiades.stoa.org/places/365374286,
pl-570535,Orchomenos (Arcadia),settlement,pin,37.72472,22.31536,127.3,0,0,,,2,https://pleiades.stoa.org/places/570535,
pl-540988,Oreos,settlement,pin,38.94978,23.09917,120.5,0,0,,,0,https://pleiades.stoa.org/places/540988,
pl-570536,Oresthasion,settlement,pin,37.34599,22.20651,151.5,0,0,,,0,https://pleiades.stoa.org/places/570536,
pl-540989,Orobiai,settlement,pin,38.82251,23.21431,103.4,0,0,,,0,https://pleiades.stoa.org/places/540989,
pl-580044,Oropos,settlement|port|settlement-modern,pin,38.31998,23.7902,37.8,0,0,,,0,https://pleiades.stoa.org/places/580044,
pl-540991,Ortha,settlement,pin,39.208,22.04589,199.7,0,0,,,0,https://pleiades.stoa.org/places/540991,
pl-570540,Oryx(is) (mountain),mountain,pin,37.83972,22.25222,130.4,0,0,,,0,https://pleiades.stoa.org/places/570540,
pl-573421,Ostrakina (mountain),unlocated|mountain,pin,37.64897,22.26633,133.6,0,0,,,0,https://pleiades.stoa.org/places/573421,
pl-540994,Othrys (mountain),mountain,pin,39.01694,22.70972,145.1,0,0,,,0,https://pleiades.stoa.org/places/540994,
pl-248247811,"Pagania Sanctuary (Aigies, Laconia)",sanctuary (religious center)|archaeological site,pin,36.79934,22.52031,169.5,0,0,,,0,https://pleiades.stoa.org/places/248247811,
pl-540997,Pagasaeus/Demetriacus Sinus,"water, open",pin,39.19994,23.02369,148.4,0,0,,,0,https://pleiades.stoa.org/places/540997,
pl-540998,Pagasai,settlement,pin,39.31084,22.9444,162.5,0,0,,,0,https://pleiades.stoa.org/places/540998,
pl-580046,Paiania Hypenerthen,settlement|deme (Athenian),pin,37.95851,23.8553,11.6,0,0,,,0,https://pleiades.stoa.org/places/580046,
pl-580047,Paiania Kathyperthen,settlement|deme (Athenian),pin,37.97463,23.84401,10.3,0,0,,,0,https://pleiades.stoa.org/places/580047,
pl-580048,Paionidai,settlement,pin,38.12313,23.72715,15.5,0,0,,,0,https://pleiades.stoa.org/places/580048,
pl-1001898,Palaia Epeiros,province,wash,37.5,22.5,120.6,0,0,,,0,https://pleiades.stoa.org/places/1001898,
pl-570545,Palaia/Pleiai,settlement,pin,36.87563,22.80255,147.8,0,0,,,0,https://pleiades.stoa.org/places/570545,
pl-580049,Palaikastro,"fort|fort, tower (deprecated)",pin,38.12383,23.54515,22.3,0,0,,,0,https://pleiades.stoa.org/places/580049,
pl-884693053,Palaiochora,settlement,pin,37.75085,23.48926,33.3,0,0,,,1,https://pleiades.stoa.org/places/884693053,
pl-599848,Palaiokastro,settlement,pin,37.453,25.39086,157.8,0,0,,,1,https://pleiades.stoa.org/places/599848,
pl-155598151,Palaiokastro,"settlement|fort, tower (deprecated)",pin,38.97639,21.90337,193.4,0,0,,,1,https://pleiades.stoa.org/places/155598151,
pl-541000,Palaiokastro Koniakou,settlement,pin,38.66372,22.20401,152.9,0,0,,,0,https://pleiades.stoa.org/places/541000,
pl-541002,Palaiokhori,settlement,pin,38.8279,23.23068,103.4,0,0,,,1,https://pleiades.stoa.org/places/541002,
pl-570546,Palaiokhori,settlement,pin,36.67707,24.51227,161.0,0,0,,,1,https://pleiades.stoa.org/places/570546,
pl-580050,Palaiokoundoura,settlement,pin,38.11165,23.41481,30.9,0,0,,,0,https://pleiades.stoa.org/places/580050,
pl-437726118,Palaiophiva,settlement (fortified),pin,38.62377,22.68062,115.8,0,0,,,0,https://pleiades.stoa.org/places/437726118,
pl-599850,Palaiopyrgos,"tower (single)|fort, tower (deprecated)",pin,37.11722,25.25618,165.7,0,0,,,0,https://pleiades.stoa.org/places/599850,
pl-541004,Palaipharsalos,settlement,pin,39.28748,22.54271,177.8,0,0,,,0,https://pleiades.stoa.org/places/541004,
pl-263405328,Palamari,wall (defensive)|archaeological site,pin,38.96467,24.50922,128.6,0,0,,,1,https://pleiades.stoa.org/places/263405328,
pl-26337957,Paleochristian basilica at Vravrona,church,pin,37.92702,23.98523,23.5,0,0,,,0,https://pleiades.stoa.org/places/26337957,
pl-226445170,Paliopyrgos tower,tower (single),pin,37.79356,22.63983,97.8,0,0,,,0,https://pleiades.stoa.org/places/226445170,
pl-271882541,Palladion,shrine,wash,37.95568,23.72482,3.1,0,0,,,0,https://pleiades.stoa.org/places/271882541,
pl-570548,Pallantion,settlement|archaeological site,pin,37.45364,22.33144,136.2,0,0,,,0,https://pleiades.stoa.org/places/570548,
pl-570551,Pamisos (river of Messenia),"river, drainage",pin,37.11058,22.00813,180.0,0,0,,,1,https://pleiades.stoa.org/places/570551,
pl-570550,Pamisos (river),"river, drainage",wash,36.75,22.25,189.4,0,0,,,1,https://pleiades.stoa.org/places/570550,
pl-580052,"Pan, Cave of",cave|shrine,pin,38.14678,23.66866,18.8,0,0,,,0,https://pleiades.stoa.org/places/580052,
pl-484690690,Panagia Ekatontapiliani,church,pin,37.08493,25.15196,160.5,0,0,,,0,https://pleiades.stoa.org/places/484690690,
pl-921892403,Panagitsa,"settlement|catacomb, cemetery, necropolis|settlement-modern",pin,38.63931,22.73916,112.9,0,0,,,0,https://pleiades.stoa.org/places/921892403,
pl-580053,Panakton (Attika),fort|tower (single),pin,38.18349,23.50583,29.5,0,0,,,0,https://pleiades.stoa.org/places/580053,
pl-433457819,Panathenaic Stadium,"stadion, stadium",pin,37.96826,23.74108,2.1,0,0,,,0,https://pleiades.stoa.org/places/433457819,
pl-639740331,Panathenaic Way,street,pin,37.97504,23.72368,1.0,0,0,,,0,https://pleiades.stoa.org/places/639740331,
pl-936968680,Pandroseion,shrine,pin,37.97206,23.72626,1.3,0,0,,,0,https://pleiades.stoa.org/places/936968680,
pl-580054,Paneion (mountain),mountain,wash,37.875,23.875,17.7,0,0,,,0,https://pleiades.stoa.org/places/580054,
pl-580055,Panhellenios (mountain),mountain,pin,37.70075,23.49611,37.5,0,0,,,3,https://pleiades.stoa.org/places/580055,
pl-580057,Panormos,harbor,pin,37.69817,24.06177,43.2,0,0,,,1,https://pleiades.stoa.org/places/580057,
pl-541010,Panormos,settlement|acropolis|settlement-modern,pin,39.11072,23.66461,125.4,0,0,,,1,https://pleiades.stoa.org/places/541010,
pl-570557,Panormos (Megarid),harbor|settlement|settlement-modern,pin,38.11258,23.21988,46.7,0,0,,,1,https://pleiades.stoa.org/places/570557,
pl-599856,Panormos (Mykonos),harbor|bay,pin,37.47306,25.37472,155.6,0,0,,,1,https://pleiades.stoa.org/places/599856,
pl-599857,Panormos (Naxos),bay,pin,36.95843,25.53627,196.2,0,0,,,1,https://pleiades.stoa.org/places/599857,
pl-570558,Paos,ruin|settlement,pin,37.84091,21.98489,153.7,0,0,,,1,https://pleiades.stoa.org/places/570558,
pl-570559,Parameria,settlement,pin,37.64908,24.38685,68.8,0,0,,,0,https://pleiades.stoa.org/places/570559,
pl-541011,Parapotamioi,settlement,pin,38.55115,22.81786,101.4,0,0,,,0,https://pleiades.stoa.org/places/541011,
pl-570561,Parnon (mountain),mountain,pin,37.11,22.73,131.0,0,0,,,0,https://pleiades.stoa.org/places/570561,
pl-570562,Paroria,settlement|settlement-modern,pin,37.48369,22.15029,149.4,0,0,,,0,https://pleiades.stoa.org/places/570562,
pl-599868,Paros (island),island,pin,37.06372,25.19813,165.2,0,0,,,1,https://pleiades.stoa.org/places/599868,
pl-599867,Paros (settlement),settlement,pin,37.08579,25.15073,160.4,0,0,,,1,https://pleiades.stoa.org/places/599867,
pl-570563,Parparos (mountain),mountain|map label location,pin,37.45567,22.69088,108.5,0,0,,,0,https://pleiades.stoa.org/places/570563,
pl-570564,Parrasia,region,wash,37.25,22.25,153.6,0,0,,,0,https://pleiades.stoa.org/places/570564,
pl-541013,Parthenion,settlement,pin,38.46084,23.96327,56.9,0,0,,,1,https://pleiades.stoa.org/places/541013,
pl-570566,Parthenion (mountain),mountain,pin,37.46667,22.55,118.5,0,0,,,1,https://pleiades.stoa.org/places/570566,
pl-580060,Patroklou Charax (island),island,pin,37.65048,23.95053,41.9,0,0,,,0,https://pleiades.stoa.org/places/580060,
pl-230559831,Peiraic Gate,"gate (of a city), city gate",pin,37.97593,23.71604,1.3,0,0,,,0,https://pleiades.stoa.org/places/230559831,
pl-570571,Peiraion,"cape, promontory, promuntory|settlement-modern",pin,38.03019,22.94899,68.4,0,0,,,0,https://pleiades.stoa.org/places/570571,
pl-992770796,Pelargikon wall,"wall (defensive)|wall (of a city), city wall",wash,37.97204,23.72513,1.3,0,0,,,0,https://pleiades.stoa.org/places/992770796,
pl-580063,Pelekes?,settlement,pin,38.11763,23.6732,15.6,0,0,,,0,https://pleiades.stoa.org/places/580063,
pl-570574,Pelekoudi,settlement,pin,36.76618,24.52408,152.6,0,0,,,0,https://pleiades.stoa.org/places/570574,
pl-570575,Pellana,settlement|acropolis,pin,37.20778,22.32518,150.7,0,0,,,1,https://pleiades.stoa.org/places/570575,
pl-584742245,Pellana (Mycenaean cemetery),"tomb|catacomb, cemetery, necropolis",pin,37.21237,22.32181,150.6,0,0,,,0,https://pleiades.stoa.org/places/584742245,
pl-570576,Pellene,settlement,pin,38.04321,22.54834,103.5,0,0,,,3,https://pleiades.stoa.org/places/570576,
pl-573434,Pellene,settlement,wash,38.25271,22.08195,147.0,0,0,,,3,https://pleiades.stoa.org/places/573434,
pl-570578,Pelos Pyrgaki,settlement,pin,36.72289,24.49591,155.8,0,0,,,0,https://pleiades.stoa.org/places/570578,
pl-580064,Pentele,settlement,wash,38.08083,23.89972,18.5,0,0,,,0,https://pleiades.stoa.org/places/580064,
pl-580065,Pentelikon/Brilessos (mountain),mountain,pin,38.08083,23.89972,18.5,0,0,,,0,https://pleiades.stoa.org/places/580065,
pl-842094502,Penteskouphia,"hill|fort, tower (deprecated)",pin,37.88383,22.85717,77.1,0,0,,,0,https://pleiades.stoa.org/places/842094502,
pl-541023,Peparethos,settlement,pin,39.1191,23.71962,126.2,0,0,,,0,https://pleiades.stoa.org/places/541023,
pl-570581,Pephnos,settlement,pin,36.81238,22.29679,181.5,0,0,,,0,https://pleiades.stoa.org/places/570581,
pl-570582,Pera Milous,"temple, sanctuary, shrine, monument, tomb (deprecated)",pin,37.63978,24.33575,65.7,0,0,,,0,https://pleiades.stoa.org/places/570582,
pl-570583,Peraithea,settlement,pin,37.43807,22.23583,144.6,0,0,,,0,https://pleiades.stoa.org/places/570583,
pl-541025,Pereia,settlement,pin,39.14113,22.55517,164.2,0,0,,,0,https://pleiades.stoa.org/places/541025,
pl-580066,Pergase Hypenerthen,settlement,pin,38.09478,23.79369,13.6,0,0,,,0,https://pleiades.stoa.org/places/580066,
pl-580067,Pergase Kathyperthen,settlement,pin,38.09734,23.78978,13.8,0,0,,,0,https://pleiades.stoa.org/places/580067,
pl-580068,Perithoidai,settlement,pin,37.99596,23.67735,4.6,0,0,,,0,https://pleiades.stoa.org/places/580068,
pl-570584,Petaliai (islands),"archipelago, island group|island",pin,38.0,24.26,46.7,0,0,,,0,https://pleiades.stoa.org/places/570584,
pl-541028,Peteon,settlement,pin,38.44396,23.41212,58.1,0,0,,,0,https://pleiades.stoa.org/places/541028,
pl-570585,Petras,region|map label location,pin,37.55775,24.29824,69.0,0,0,,,0,https://pleiades.stoa.org/places/570585,
pl-541030,Peuma(ta),settlement,pin,39.20101,22.5321,170.6,0,0,,,0,https://pleiades.stoa.org/places/541030,
pl-580069,Phabra (island),island,pin,37.76984,23.76113,24.0,0,0,,,0,https://pleiades.stoa.org/places/580069,
pl-541032,Phaistinos,settlement,pin,38.37263,22.25376,135.9,0,0,,,0,https://pleiades.stoa.org/places/541032,
pl-570587,Phalaisiai,settlement,pin,37.289,22.17143,157.3,0,0,,,0,https://pleiades.stoa.org/places/570587,
pl-570588,Phalanthon M.,mountain|map label location,pin,37.62725,22.20414,139.6,0,0,,,0,https://pleiades.stoa.org/places/570588,
pl-541034,Phalara,settlement,pin,38.91379,22.62257,141.2,0,0,,,0,https://pleiades.stoa.org/places/541034,
pl-541035,Phalassia (promontory),"cape, promontory, promuntory",pin,38.8707,22.85069,124.7,0,0,,,0,https://pleiades.stoa.org/places/541035,
pl-580071,Phaleron Limen,port,wash,37.875,23.625,15.1,0,0,,,0,https://pleiades.stoa.org/places/580071,
pl-992770797,Phaleron cemetery (Attica),"catacomb, cemetery, necropolis",pin,37.93987,23.69402,5.7,0,0,,,0,https://pleiades.stoa.org/places/992770797,
pl-541037,Phalika?,settlement,pin,38.49163,22.219,143.3,0,0,,,2,https://pleiades.stoa.org/places/541037,
pl-755162814,Phaneromeni Burials (Chiliomodi),"catacomb, cemetery, necropolis",pin,37.80396,22.88514,76.6,0,0,,,0,https://pleiades.stoa.org/places/755162814,
pl-541040,Pharai?,settlement,pin,38.36551,23.62299,43.4,0,0,,,1,https://pleiades.stoa.org/places/541040,
pl-570591,Pharis,settlement|settlement-modern,pin,37.0228,22.46114,154.6,0,0,,,2,https://pleiades.stoa.org/places/570591,
pl-580073,Pharmakoussai/Choirades (islands),"archipelago, island group",pin,37.99924,23.56369,14.5,0,0,,,0,https://pleiades.stoa.org/places/580073,
pl-580074,Phegaia,settlement|deme (Athenian),pin,38.0698,23.97136,23.4,0,0,,,0,https://pleiades.stoa.org/places/580074,
pl-570594,Phelloe,settlement,pin,38.07755,22.41394,115.5,0,0,,,0,https://pleiades.stoa.org/places/570594,
pl-570595,Pheneos,settlement,pin,37.91048,22.3071,124.8,0,0,,,0,https://pleiades.stoa.org/places/570595,
pl-541044,Pherai,settlement,pin,39.37904,22.75385,176.7,0,0,,,2,https://pleiades.stoa.org/places/541044,
pl-570596,Pherai,settlement|settlement-modern,pin,37.03776,22.11094,177.2,0,0,,,2,https://pleiades.stoa.org/places/570596,
pl-541046,Philagra,"fort, tower (deprecated)",pin,38.16332,24.39069,61.4,0,0,,,0,https://pleiades.stoa.org/places/541046,
pl-580075,Philaidai,settlement|deme (Athenian),pin,37.92893,23.98955,23.8,0,0,,,0,https://pleiades.stoa.org/places/580075,
pl-570601,Philanorion,settlement,pin,37.53713,23.14158,71.6,0,0,,,0,https://pleiades.stoa.org/places/570601,
pl-599882,Philitzi,settlement|island,pin,37.1252,25.28993,167.6,0,0,,,0,https://pleiades.stoa.org/places/599882,
pl-491444298,Philopappos Monument,tomb|monument,pin,37.96736,23.72137,1.9,0,0,,,0,https://pleiades.stoa.org/places/491444298,
pl-570602,Phleious,settlement,pin,37.8446,22.64658,96.1,0,0,,,0,https://pleiades.stoa.org/places/570602,
pl-541047,Phlygonion?,settlement,pin,38.47478,22.74069,102.0,0,0,,,0,https://pleiades.stoa.org/places/541047,
pl-529934476,Phocian Wall,wall (defensive),pin,38.79424,22.53676,137.4,0,0,,,0,https://pleiades.stoa.org/places/529934476,
pl-570604,Phoibaia,lagoon,wash,37.75,23.25,49.3,0,0,,,0,https://pleiades.stoa.org/places/570604,
pl-541049,Phoinix? (river),"river, drainage",wash,38.75,22.25,154.4,0,0,,,0,https://pleiades.stoa.org/places/541049,
pl-541050,Phokai?,settlement,pin,38.50319,23.32463,67.6,0,0,,,0,https://pleiades.stoa.org/places/541050,
pl-541051,Phokikon,"temple, sanctuary, shrine, monument, tomb (deprecated)",pin,38.4851,22.76057,101.2,0,0,,,0,https://pleiades.stoa.org/places/541051,
pl-589996,Pholegandros (island),island,pin,36.62305,24.90012,183.4,0,0,,,1,https://pleiades.stoa.org/places/589996,
pl-589995,Pholegandros (settlement),settlement|settlement-modern,pin,36.62656,24.91986,184.1,0,0,,,1,https://pleiades.stoa.org/places/589995,
pl-599886,Phorbia? Pr.,"cape, promontory, promuntory",pin,37.47369,25.45924,162.5,0,0,,,0,https://pleiades.stoa.org/places/599886,
pl-580077,Phrearroi,settlement|deme (Athenian),pin,37.77747,23.95912,30.7,0,0,,,0,https://pleiades.stoa.org/places/580077,
pl-580078,Phreatto?,settlement,pin,37.93452,23.65113,8.7,0,0,,,0,https://pleiades.stoa.org/places/580078,
pl-573461,Phrixos (river),"unlocated|river, drainage",wash,37.55124,22.71833,100.9,0,0,,,0,https://pleiades.stoa.org/places/573461,
pl-570610,Phylake,settlement,pin,37.33132,22.45072,133.8,0,0,,,1,https://pleiades.stoa.org/places/570610,
pl-541053,Phylake,settlement,pin,39.28935,22.76237,167.6,0,0,,,1,https://pleiades.stoa.org/places/541053,
pl-280341406,Phylakopi,settlement|archaeological site,pin,36.75524,24.50503,152.9,0,0,,,0,https://pleiades.stoa.org/places/280341406,
pl-541055,Phyliadon,"fort, tower (deprecated)",pin,39.1147,22.5011,164.9,0,0,,,0,https://pleiades.stoa.org/places/541055,
pl-541056,Phyllos,ruin|settlement,pin,39.41189,22.18449,207.7,0,0,,,0,https://pleiades.stoa.org/places/541056,
pl-541057,Physkeis,ruin|settlement,pin,38.4489,22.24674,139.3,0,0,,,0,https://pleiades.stoa.org/places/541057,
pl-570614,Pityonesos (island),island,pin,37.69306,23.34306,46.7,0,0,,,0,https://pleiades.stoa.org/places/570614,
pl-570615,Pityoussa (island),island,pin,37.2591,23.13216,96.1,0,0,,,0,https://pleiades.stoa.org/places/570615,
pl-664676167,Plakomenos,archaeological site,pin,37.832,22.6137,99.2,0,0,,,0,https://pleiades.stoa.org/places/664676167,
pl-580080,Plakoto (settlement),"fort, tower (deprecated)",pin,38.11434,23.53981,21.9,0,0,,,0,https://pleiades.stoa.org/places/580080,
pl-580081,Plakoto fort,"fort, tower (deprecated)",pin,38.11371,23.53752,22.0,0,0,,,0,https://pleiades.stoa.org/places/580081,
pl-774102407,Plataean Tumulus (Marathon),tumulus,pin,38.12323,23.949,24.8,0,0,,,0,https://pleiades.stoa.org/places/774102407,
pl-580082,Plotheia,settlement,pin,38.12642,23.87673,20.5,0,0,,,0,https://pleiades.stoa.org/places/580082,
pl-205264674,Pnyx,ekklesiasterion|hill,pin,37.97143,23.71947,1.5,0,0,,,5,https://pleiades.stoa.org/places/205264674,
pl-136008628,Pnyx fountain,fountain|cistern,pin,37.97151,23.72086,1.5,0,0,,,4,https://pleiades.stoa.org/places/136008628,
pl-570623,Poiessa,settlement|archaeological site,pin,37.59949,24.27799,64.5,0,0,,,0,https://pleiades.stoa.org/places/570623,
pl-585950,Poikilon (mountain),unlocated|mountain,pin,38.03333,23.65,8.7,0,0,,,0,https://pleiades.stoa.org/places/585950,
pl-570624,Polichna,settlement,pin,37.11022,22.90058,121.5,0,0,,,0,https://pleiades.stoa.org/places/570624,
pl-599895,Polichne,labeled feature|map label location,pin,37.00713,25.39128,182.6,0,0,,,0,https://pleiades.stoa.org/places/599895,
pl-570626,Pollonia,settlement,pin,36.76156,24.51275,152.6,0,0,,,0,https://pleiades.stoa.org/places/570626,
pl-541066,Polyaegos (island),island|map label location,pin,39.12256,23.49968,128.2,0,0,,,1,https://pleiades.stoa.org/places/541066,
pl-590002,Polyaigos (island),island,pin,36.76933,24.63362,157.0,0,0,,,1,https://pleiades.stoa.org/places/590002,
pl-973421832,Pompeion,building,pin,37.97819,23.71893,1.0,0,0,,,0,https://pleiades.stoa.org/places/973421832,
pl-573475,Pontinos (mountain),unlocated|mountain,wash,37.58662,22.81859,91.3,0,0,,,0,https://pleiades.stoa.org/places/573475,
pl-573474,Pontinos (river),"unlocated|river, drainage",wash,37.55124,22.71833,100.9,0,0,,,0,https://pleiades.stoa.org/places/573474,
pl-585794923,Poros Building,building,pin,37.97384,23.72117,1.2,0,0,,,0,https://pleiades.stoa.org/places/585794923,
pl-580083,Poros?,settlement,pin,37.78171,23.98214,31.7,0,0,,,4,https://pleiades.stoa.org/places/580083,
pl-593460163,Portara on Naxos,archaeological site|temple,pin,37.11019,25.37228,174.5,0,0,,,0,https://pleiades.stoa.org/places/593460163,
pl-580085,Porthmos,settlement,pin,37.82662,24.0466,33.0,0,0,,,1,https://pleiades.stoa.org/places/580085,
pl-580084,Porthmos,settlement,pin,38.38931,24.05973,53.6,0,0,,,1,https://pleiades.stoa.org/places/580084,
pl-541068,Poseidion,settlement,pin,38.97241,23.36661,114.3,0,0,,,0,https://pleiades.stoa.org/places/541068,
pl-599899,"Poseidon Phytalmios?, T.",temple,pin,36.73781,25.36103,200.1,0,0,,,1,https://pleiades.stoa.org/places/599899,
pl-599901,"Poseidon?, T.",temple,pin,37.14561,25.29311,166.5,0,0,,,2,https://pleiades.stoa.org/places/599901,
pl-588883629,Possible heroön (Salamis),archaeological site,pin,37.95038,23.53949,16.9,0,0,,,0,https://pleiades.stoa.org/places/588883629,
pl-580087,Potamos Deiradiotes,settlement|deme (Athenian),pin,37.78986,24.05582,36.0,0,0,,,0,https://pleiades.stoa.org/places/580087,
pl-580088,Potamos Hypenerthen,settlement,pin,37.97194,23.78403,5.1,0,0,,,0,https://pleiades.stoa.org/places/580088,
pl-580089,Potamos Kathyperthen,settlement,pin,37.96177,23.79785,6.6,0,0,,,0,https://pleiades.stoa.org/places/580089,
pl-541069,Poteidania,settlement,pin,38.43725,22.01355,158.0,0,0,,,0,https://pleiades.stoa.org/places/541069,
pl-541070,Potniai,settlement,pin,38.29991,23.31163,50.6,0,0,,,0,https://pleiades.stoa.org/places/541070,
pl-580090,Prasia,settlement|deme (Athenian),pin,37.86517,24.0376,30.2,0,0,,,1,https://pleiades.stoa.org/places/580090,
pl-570629,Prasiai,ruin|settlement,pin,37.145,22.8882,119.0,0,0,,,1,https://pleiades.stoa.org/places/570629,
pl-418714190,Pre-Erechtheion,temple,wash,37.9719,23.72642,1.3,0,0,,,0,https://pleiades.stoa.org/places/418714190,
pl-21797994,Preclassical naiskos in the Parthenon,shrine,pin,37.97163,23.72665,1.4,0,0,,,0,https://pleiades.stoa.org/places/21797994,
pl-590012,Prepesinthos (island),island,pin,36.96195,25.00143,159.8,0,0,,,0,https://pleiades.stoa.org/places/590012,
pl-570630,Prinos,"pass, ""gates"" (landform)",pin,37.60579,22.50122,115.7,0,0,,,0,https://pleiades.stoa.org/places/570630,
pl-541071,Priounos,"fort, tower (deprecated)",pin,39.20461,23.60514,136.2,0,0,,,0,https://pleiades.stoa.org/places/541071,
pl-525587318,Prison of Sokrates,ruin,pin,37.96938,23.72081,1.7,0,0,,,0,https://pleiades.stoa.org/places/525587318,
pl-580091,Probalinthos,settlement|deme (Athenian),pin,38.12163,23.949,24.7,0,0,,,0,https://pleiades.stoa.org/places/580091,
pl-570632,Probatas,villa,pin,36.67151,24.43984,158.9,0,0,,,0,https://pleiades.stoa.org/places/570632,
pl-541073,Proerna,settlement,pin,39.24124,22.29725,187.1,0,0,,,0,https://pleiades.stoa.org/places/541073,
pl-291401357,Proitidian Gate (Thebes),"gate (of a city), city gate",pin,38.3211,23.3198,51.7,0,0,,,0,https://pleiades.stoa.org/places/291401357,
pl-541074,Prokopion,settlement,pin,38.76521,23.46132,89.9,0,0,,,0,https://pleiades.stoa.org/places/541074,
pl-590014,Prophetes Elias Troullakiou,church|settlement,pin,37.00324,24.67341,137.3,0,0,,,0,https://pleiades.stoa.org/places/590014,
pl-541075,Prophitis Elias,quarry,pin,38.50464,22.44829,125.8,0,0,,,0,https://pleiades.stoa.org/places/541075,
pl-648120846,Propylaea at Athens,gateway|monument,pin,37.97174,23.7251,1.4,0,0,,,0,https://pleiades.stoa.org/places/648120846,
pl-580092,Prospalta,settlement,pin,37.84845,23.91235,22.1,0,0,,,0,https://pleiades.stoa.org/places/580092,
pl-751681995,Prosymna tholos,tomb,pin,37.69597,22.76987,90.0,0,0,,,0,https://pleiades.stoa.org/places/751681995,
pl-720198157,Prytanikon at Athens,architectural complex,wash,37.97474,23.7225,1.1,0,0,,,0,https://pleiades.stoa.org/places/720198157,
pl-580093,Psaphis,deme (Athenian),pin,38.28855,23.91726,37.7,0,0,,,0,https://pleiades.stoa.org/places/580093,
pl-570637,Psaropyrgos,"fort, tower (deprecated)",pin,37.61151,24.29338,64.7,0,0,,,1,https://pleiades.stoa.org/places/570637,
pl-599909,Psaropyrgos,"tomb|catacomb, cemetery, necropolis|temple",pin,36.78532,25.30924,193.1,0,0,,,1,https://pleiades.stoa.org/places/599909,
pl-403301547,Psatha tower (Megarid),tower (defensive),pin,38.11037,23.22181,46.5,0,0,,,0,https://pleiades.stoa.org/places/403301547,
pl-541015,Psilo Kastro (Ag. Marina),settlement,pin,38.56041,22.69891,110.3,0,0,,,4,https://pleiades.stoa.org/places/541015,
pl-580095,Ptelea,deme (Athenian),wash,38.125,23.625,18.1,0,0,,,0,https://pleiades.stoa.org/places/580095,
pl-541077,Pteleon,fort|tower (defensive)|settlement,pin,39.02762,22.96275,133.8,0,0,,,0,https://pleiades.stoa.org/places/541077,
pl-408303888,Ptolemaion gymnasion,"gymnasium, gymnasion",wash,37.97484,23.72252,1.1,0,0,,,0,https://pleiades.stoa.org/places/408303888,
pl-372660434,Public building (?) area at Halos,architectural complex,pin,39.14512,22.81803,151.4,0,0,,,0,https://pleiades.stoa.org/places/372660434,
pl-37452547,Pyramid of Kenchreai,fort|tomb,pin,37.58731,22.67143,102.7,0,0,,,0,https://pleiades.stoa.org/places/37452547,
pl-541081,Pyrasos,settlement,pin,39.2788,22.8213,164.1,0,0,,,0,https://pleiades.stoa.org/places/541081,
pl-599913,Pyrgos Kheimarrou,tower (single),pin,36.9958,25.52002,192.6,0,0,,,0,https://pleiades.stoa.org/places/599913,
pl-410857095,Pyrgouthi,settlement,pin,37.71236,22.82509,84.8,0,0,,,0,https://pleiades.stoa.org/places/410857095,
pl-570642,Pyrrichos,settlement|archaeological site,pin,36.65483,22.43088,187.0,0,0,,,0,https://pleiades.stoa.org/places/570642,
pl-815693600,Pythion,shrine,pin,37.96741,23.73168,1.9,0,0,,,0,https://pleiades.stoa.org/places/815693600,
pl-568838229,Quartier du Stade at Delos,settlement|architectural complex|district,pin,37.40593,25.27407,150.5,0,0,,,0,https://pleiades.stoa.org/places/568838229,
pl-570644,Rema,quarry,pin,36.70083,24.53915,159.7,0,0,,,1,https://pleiades.stoa.org/places/570644,
pl-580097,Rhamnous,settlement|archaeological site|deme (Athenian),pin,38.21929,24.02691,37.0,0,0,,,0,https://pleiades.stoa.org/places/580097,
pl-585954,Rharion Pedion,unlocated|plain,wash,38.0411,23.5374,17.8,0,0,,,0,https://pleiades.stoa.org/places/585954,
pl-580098,Rheitoi (river),"river, drainage",wash,38.125,23.625,18.1,0,0,,,0,https://pleiades.stoa.org/places/580098,
pl-599918,Rheneia (settlement),settlement,pin,37.41206,25.21329,145.4,0,0,,,1,https://pleiades.stoa.org/places/599918,
pl-541086,Rhodountia,"fort, tower (deprecated)",pin,38.77184,22.54912,135.0,0,0,,,0,https://pleiades.stoa.org/places/541086,
pl-570648,Ribari,mine,pin,36.70231,24.40493,154.6,0,0,,,0,https://pleiades.stoa.org/places/570648,
pl-773761100,Roman Agora of Athens,"agora, forum, plaza (deprecated)|archaeological site|architectural complex|agora",pin,37.97429,23.72635,1.1,0,0,,,0,https://pleiades.stoa.org/places/773761100,
pl-675812635,Roman Double Stoa,stoa,pin,37.97634,23.72188,1.0,0,0,,,0,https://pleiades.stoa.org/places/675812635,
pl-755162815,Roman Mausoleum at Palio Scholeio (Chiliomedio),tomb,pin,37.79894,22.87016,78.0,0,0,,,0,https://pleiades.stoa.org/places/755162815,
pl-45246736,Roman Odeion at Corinth,"theatre, theater",pin,37.90599,22.87732,75.1,0,0,,,0,https://pleiades.stoa.org/places/45246736,
pl-54081048,Roman amphitheater at Corinth,"amphitheatre, amphitheater",pin,37.90963,22.89223,73.7,0,0,,,0,https://pleiades.stoa.org/places/54081048,
pl-901991632,Roman aqueduct bridge at Loukou,aqueduct,pin,37.41209,22.68313,111.7,0,0,,,0,https://pleiades.stoa.org/places/901991632,
pl-757663383,Roman theater at Sparta,"theatre, theater",pin,37.08216,22.42355,152.5,0,0,,,0,https://pleiades.stoa.org/places/757663383,
pl-192761443,Royal Stoa,stoa,pin,37.97612,23.72235,1.0,0,0,,,2,https://pleiades.stoa.org/places/192761443,
pl-717754998,Sacred Gate/Hiera Pyle,"gate (of a city), city gate",pin,37.97806,23.71856,1.0,0,0,,,0,https://pleiades.stoa.org/places/717754998,
pl-580101,Salamis (island),island,pin,37.94267,23.48434,21.8,0,0,,,1,https://pleiades.stoa.org/places/580101,
pl-580100,Salamis (settlement),settlement|settlement-modern,pin,37.94876,23.53033,17.7,0,0,,,1,https://pleiades.stoa.org/places/580100,
pl-629239338,Salamis sea-fight tumulus (Salamis),tumulus,pin,37.94693,23.55122,16.0,0,0,,,0,https://pleiades.stoa.org/places/629239338,
pl-541088,Salganeus,settlement,pin,38.47676,23.50853,58.1,0,0,,,0,https://pleiades.stoa.org/places/541088,
pl-678427807,Saliagos,island,pin,37.04807,25.09583,159.3,0,0,,,0,https://pleiades.stoa.org/places/678427807,
pl-939076786,Sanctuaries of Apollo Deiradiotes and Athena Oxyderkes,sanctuary (religious center),pin,37.6419,22.72059,96.3,0,0,,,0,https://pleiades.stoa.org/places/939076786,
pl-865726154,Sanctuary at Agios Konstantinos (Methana),sanctuary (religious center),pin,37.59399,23.4017,51.9,0,0,,,0,https://pleiades.stoa.org/places/865726154,
pl-965050506,Sanctuary of Aglauros,building|shrine,pin,37.97139,23.72877,1.4,0,0,,,0,https://pleiades.stoa.org/places/965050506,
pl-122735558,Sanctuary of Akamas,"findspot, place of finding, find place|shrine",pin,37.95636,23.70305,3.7,0,0,,,0,https://pleiades.stoa.org/places/122735558,
pl-122735559,Sanctuary of Amynos and Asklepios,shrine,pin,37.97134,23.72158,1.5,0,0,,,0,https://pleiades.stoa.org/places/122735559,
pl-435244729,Sanctuary of Aphrodite Ourania,shrine|archaeological site,pin,37.9764,23.72264,0.9,0,0,,,0,https://pleiades.stoa.org/places/435244729,
pl-365016220,Sanctuary of Aphrodite Pandemos,shrine,pin,37.97139,23.72482,1.4,0,0,,,0,https://pleiades.stoa.org/places/365016220,
pl-831413464,Sanctuary of Aphrodite/Isis,shrine|temple,pin,37.97085,23.72602,1.4,0,0,,,0,https://pleiades.stoa.org/places/831413464,
pl-73644851,Sanctuary of Apollo,sanctuary (religious center),pin,37.03631,22.45027,154.2,0,0,,,0,https://pleiades.stoa.org/places/73644851,
pl-116141527,"Sanctuary of Apollo Ismenios, Thebes",temple,pin,38.31648,23.32246,51.2,0,0,,,0,https://pleiades.stoa.org/places/116141527,
pl-804115670,Sanctuary of Apollo Pythios,sanctuary (religious center),pin,37.56028,24.33103,70.9,0,0,,,0,https://pleiades.stoa.org/places/804115670,
pl-448145858,Sanctuary of Apollo at Halieis,"sanctuary (religious center)|stadion, stadium|temple",pin,37.32493,23.14359,89.5,0,0,,,0,https://pleiades.stoa.org/places/448145858,
pl-599506,Sanctuary of Apollo on Delos,sanctuary (religious center),pin,37.39931,25.26887,150.4,0,0,,,2,https://pleiades.stoa.org/places/599506,
pl-42368654,Sanctuary of Artemis Aristoboule,temple,pin,37.97497,23.71883,1.2,0,0,,,0,https://pleiades.stoa.org/places/42368654,
pl-573299847,Sanctuary of Artemis Brauronia on the Acropolis,shrine,pin,37.97151,23.72544,1.4,0,0,,,0,https://pleiades.stoa.org/places/573299847,
pl-287975074,Sanctuary of Artemis Limnatis at Messene,sanctuary (religious center),pin,37.17871,21.93027,181.9,0,0,,,1,https://pleiades.stoa.org/places/287975074,
pl-570120,Sanctuary of Artemis Limnatis in the Taygetos,sanctuary (religious center),pin,36.96028,22.25348,172.8,0,0,,,2,https://pleiades.stoa.org/places/570120,
pl-380378608,Sanctuary of Artemis Munychia (Piraeus),temple,pin,37.9356,23.6592,8.0,0,0,,,0,https://pleiades.stoa.org/places/380378608,
pl-643083926,Sanctuary of Artemis Soteira in the Kerameikos,sanctuary (religious center),pin,37.97846,23.71658,1.1,0,0,,,0,https://pleiades.stoa.org/places/643083926,
pl-954340915,Sanctuary of Asklepios at Athens,sanctuary (religious center)|fountain|stoa|architectural complex,pin,37.97079,23.7268,1.4,0,0,,,3,https://pleiades.stoa.org/places/954340915,
pl-570127,Sanctuary of Asklepios at Epidauros,settlement|sanctuary (religious center),pin,37.5983,23.07426,71.6,0,0,,,2,https://pleiades.stoa.org/places/570127,
pl-894656845,Sanctuary of Athena Chalkioikos,sanctuary (religious center)|temple,pin,37.08269,22.4234,152.5,0,0,,,0,https://pleiades.stoa.org/places/894656845,
pl-130769474,Sanctuary of Athena Hygieia,shrine,pin,37.97165,23.72533,1.4,0,0,,,0,https://pleiades.stoa.org/places/130769474,
pl-540677,Sanctuary of Athena Itonia,sanctuary (religious center)|temple,pin,39.26673,22.05329,203.7,0,0,,,3,https://pleiades.stoa.org/places/540677,
pl-278568881,Sanctuary of Bendis,sanctuary (religious center)|archaeological site,pin,37.95405,23.539,16.9,0,0,,,0,https://pleiades.stoa.org/places/278568881,
pl-29727643,Sanctuary of Despoina at Lykosoura,temple,pin,37.38957,22.03143,163.2,0,0,,,0,https://pleiades.stoa.org/places/29727643,
pl-982593692,Sanctuary of Dionysos,"sanctuary (religious center)|theatre, theater|agora, forum, plaza (deprecated)",pin,38.09562,23.90047,19.6,0,0,,,0,https://pleiades.stoa.org/places/982593692,
pl-271533805,Sanctuary of Dionysus (Sicyon),temple,wash,37.98343,22.71342,88.9,0,0,,,0,https://pleiades.stoa.org/places/271533805,
pl-570216,Sanctuary of Eleusinian Demeter in Laconia,sanctuary (religious center),pin,37.0138,22.4198,157.9,0,0,,,1,https://pleiades.stoa.org/places/570216,
pl-925585578,Sanctuary of Eros and Aphrodite,shrine,pin,37.97225,23.72702,1.3,0,0,,,0,https://pleiades.stoa.org/places/925585578,
pl-496501628,Sanctuary of Herakles Hippodetos,sanctuary (religious center),wash,38.36565,23.33539,54.6,0,0,,,0,https://pleiades.stoa.org/places/496501628,
pl-249767014,Sanctuary of Kalliste,shrine,pin,37.9803,23.717,1.0,0,0,,,0,https://pleiades.stoa.org/places/249767014,
pl-935764097,"Sanctuary of Kodros, Neleus and Basile at Athens",sanctuary (religious center),pin,37.96769,23.72928,1.8,0,0,,,0,https://pleiades.stoa.org/places/935764097,
pl-160459928,Sanctuary of Metaneira,unlocated|sanctuary (religious center),wash,38.0411,23.5374,17.8,0,0,,,0,https://pleiades.stoa.org/places/160459928,
pl-343393024,Sanctuary of Palaimon (Palaimonium),sanctuary (religious center),pin,37.91533,22.99331,64.8,0,0,,,0,https://pleiades.stoa.org/places/343393024,
pl-308818183,Sanctuary of Pankrates,shrine,pin,37.9727,23.7441,1.9,0,0,,,0,https://pleiades.stoa.org/places/308818183,
pl-925825063,Sanctuary of Phrontis(?),sanctuary (religious center),pin,37.65311,24.02725,45.2,0,0,,,0,https://pleiades.stoa.org/places/925825063,
pl-162490152,Sanctuary of Poseidon (Onchestos),sanctuary (religious center)|archaeological site,pin,38.36248,23.14507,66.1,0,0,,,0,https://pleiades.stoa.org/places/162490152,
pl-252314017,Sanctuary of Poseidon Hippios (Mantineia),temple,pin,37.60256,22.40816,123.4,0,0,,,0,https://pleiades.stoa.org/places/252314017,
pl-705163201,"Sanctuary of Poseidon at Kalaureia, Poros",sanctuary (religious center),pin,37.52257,23.4801,55.7,0,0,,,0,https://pleiades.stoa.org/places/705163201,
pl-541078,Sanctuary of Ptoan Apollo,sanctuary (religious center)|temple,pin,38.45934,23.25097,67.3,0,0,,,1,https://pleiades.stoa.org/places/541078,
pl-658982769,Sanctuary of Themis,sanctuary (religious center)|temple,pin,37.97097,23.72605,1.4,0,0,,,0,https://pleiades.stoa.org/places/658982769,
pl-526009671,Sanctuary of Zeus Aphesios (Megarid),sanctuary (religious center),pin,37.9843,23.28478,38.8,0,0,,,0,https://pleiades.stoa.org/places/526009671,
pl-570764,Sanctuary of Zeus Lykaios,"sanctuary (religious center)|cistern|bath, spa",pin,37.4492,21.99229,163.8,0,0,,,1,https://pleiades.stoa.org/places/570764,
pl-982681751,Sanctuary of the Dioscouri at Athens,temple,pin,37.9713,23.7293,1.4,0,0,,,0,https://pleiades.stoa.org/places/982681751,
pl-887311735,Sanctuary of the Egyptian gods (Nea Makri),"sanctuary (religious center)|bath, spa",pin,38.10302,23.97943,25.7,0,0,,,0,https://pleiades.stoa.org/places/887311735,
pl-540951,Sanctuary of the Muses,sanctuary (religious center),pin,38.31601,23.06004,69.1,0,0,,,1,https://pleiades.stoa.org/places/540951,
pl-407584240,Sanctuary of the People and Graces,shrine,pin,37.97621,23.72184,1.0,0,0,,,0,https://pleiades.stoa.org/places/407584240,
pl-267762471,Sarakenos Cave,cave,pin,38.45382,23.20613,69.3,0,0,,,0,https://pleiades.stoa.org/places/267762471,
pl-732220285,Sarapieion A,temple,pin,37.39816,25.26953,150.5,0,0,,,0,https://pleiades.stoa.org/places/732220285,
pl-732220284,Sarapieion C at Delos,temple,pin,37.39735,25.27052,150.6,0,0,,,0,https://pleiades.stoa.org/places/732220284,
pl-570654,Saronicus Sinus,"water, open",wash,37.84941,23.37074,34.7,0,0,,,0,https://pleiades.stoa.org/places/570654,
pl-541089,Scandira (island),island,pin,39.07629,24.11289,126.0,0,0,,,0,https://pleiades.stoa.org/places/541089,
pl-541090,Schedia?,settlement,pin,38.27285,23.6785,32.4,0,0,,,0,https://pleiades.stoa.org/places/541090,
pl-599928,Schinoussa (island),island,pin,36.87102,25.5221,201.0,0,0,,,0,https://pleiades.stoa.org/places/599928,
pl-570656,Schoino(u)s,settlement,pin,37.91918,23.00641,63.6,0,0,,,1,https://pleiades.stoa.org/places/570656,
pl-541091,Schoinos,settlement,pin,38.42177,23.36404,58.1,0,0,,,1,https://pleiades.stoa.org/places/541091,
pl-541093,Scyrus (island),island,pin,38.86083,24.54993,121.0,0,0,,,0,https://pleiades.stoa.org/places/541093,
pl-541094,Selinous,settlement,pin,39.16517,23.61618,131.7,0,0,,,1,https://pleiades.stoa.org/places/541094,
pl-570660,Selinous,settlement,pin,37.0251,22.683,140.9,0,0,,,1,https://pleiades.stoa.org/places/570660,
pl-570661,Selinous (river),"river, drainage",pin,38.15519,22.02161,150.5,0,0,,,1,https://pleiades.stoa.org/places/570661,
pl-570664,Selleis? (river),"river, drainage",pin,38.03545,22.72211,88.3,0,0,,,0,https://pleiades.stoa.org/places/570664,
pl-580104,Semachidai?,settlement,pin,38.15862,23.91033,25.2,0,0,,,0,https://pleiades.stoa.org/places/580104,
pl-59196349,Serapieion B at Delos,temple,pin,37.398,25.27019,150.6,0,0,,,0,https://pleiades.stoa.org/places/59196349,
pl-590043,Seriphos (settlement),settlement|settlement-modern,pin,37.1557,24.50621,114.8,0,0,,,1,https://pleiades.stoa.org/places/590043,
pl-937883502,Sesklo,settlement,pin,39.35538,22.84162,170.8,0,0,,,0,https://pleiades.stoa.org/places/937883502,
pl-546484819,Shrine of Dionysos,shrine,pin,37.88197,23.45284,26.6,0,0,,,0,https://pleiades.stoa.org/places/546484819,
pl-570670,Sidero,mine,pin,37.65127,24.40662,70.2,0,0,,,0,https://pleiades.stoa.org/places/570670,
pl-570671,Sidous,settlement,pin,37.91613,23.07978,57.3,0,0,,,0,https://pleiades.stoa.org/places/570671,
pl-541100,Sigditsa,fort,pin,38.59935,22.32861,140.0,0,0,,,0,https://pleiades.stoa.org/places/541100,
pl-585959,Sikelia hill,unlocated|hill,pin,37.96124,23.71537,2.7,0,0,,,0,https://pleiades.stoa.org/places/585959,
pl-590047,Sikinos (island),island,pin,36.6789,25.12252,190.4,0,0,,,1,https://pleiades.stoa.org/places/590047,
pl-590046,Sikinos (settlement),church|settlement,pin,36.66161,25.08911,190.0,0,0,,,4,https://pleiades.stoa.org/places/590046,
pl-503211161,Silver Mine at Thorikos,mine,pin,37.73817,24.05303,39.5,0,0,,,0,https://pleiades.stoa.org/places/503211161,
pl-541101,Sindouka,"fort, tower (deprecated)",pin,39.19729,23.60779,135.3,0,0,,,0,https://pleiades.stoa.org/places/541101,
pl-541102,Siphai/Tipha,settlement|acropolis,pin,38.18992,23.05282,63.3,0,0,,,2,https://pleiades.stoa.org/places/541102,
pl-590049,Siphnos (island),island,pin,36.97629,24.69362,140.8,0,0,,,4,https://pleiades.stoa.org/places/590049,
pl-590048,Siphnos (settlement),settlement,pin,36.97482,24.74507,143.7,0,0,,,3,https://pleiades.stoa.org/places/590048,
pl-582865,Skambonidai,settlement|deme (Athenian),pin,37.98286,23.72888,0.2,0,0,,,0,https://pleiades.stoa.org/places/582865,
pl-309176138,Skarkos Hill,settlement,pin,36.73157,25.28307,195.7,0,0,,,0,https://pleiades.stoa.org/places/309176138,
pl-541103,Skarpheia,settlement,pin,38.80909,22.66381,130.4,0,0,,,0,https://pleiades.stoa.org/places/541103,
pl-541104,Skiathos (settlement),settlement|settlement-modern,pin,39.1662,23.48889,133.1,0,0,,,1,https://pleiades.stoa.org/places/541104,
pl-570675,Skiritis,region|map label location,pin,37.31343,22.3799,140.1,0,0,,,0,https://pleiades.stoa.org/places/570675,
pl-541106,Skolos,settlement,pin,38.30938,23.38353,47.1,0,0,,,0,https://pleiades.stoa.org/places/541106,
pl-570678,Skotitas,region|map label location,pin,37.31696,22.53784,128.3,0,0,,,0,https://pleiades.stoa.org/places/570678,
pl-541107,Skotoussa (Thessaly),settlement,pin,39.37943,22.53729,186.4,0,0,,,0,https://pleiades.stoa.org/places/541107,
pl-570679,Skyllaion (promontory),"cape, promontory, promuntory",pin,37.435,23.523,63.6,0,0,,,0,https://pleiades.stoa.org/places/570679,
pl-486617494,Skyphoi sanctuary,sanctuary (religious center),wash,37.97225,23.72702,1.3,0,0,,,0,https://pleiades.stoa.org/places/486617494,
pl-541108,Skyros (settlement),settlement,pin,38.90298,24.56536,125.6,0,0,,,0,https://pleiades.stoa.org/places/541108,
pl-570680,Smenos (river),"river, drainage",wash,36.75,22.25,189.4,0,0,,,0,https://pleiades.stoa.org/places/570680,
pl-570681,Soleta,villa,pin,36.68988,24.51833,160.0,0,0,,,0,https://pleiades.stoa.org/places/570681,
pl-570682,Solygeia,settlement,pin,37.84371,22.9666,68.5,0,0,,,0,https://pleiades.stoa.org/places/570682,
pl-580106,Soros,tumulus,pin,38.11794,23.97834,26.5,0,0,,,0,https://pleiades.stoa.org/places/580106,
pl-541109,Sosthenis?,settlement,pin,38.81972,22.42273,146.9,0,0,,,0,https://pleiades.stoa.org/places/541109,
pl-580108,Sounion (Attica: cape),"cape, promontory, promuntory",pin,37.65011,24.02628,45.4,0,0,,,4,https://pleiades.stoa.org/places/580108,
pl-580107,Sounion (Attica: settlement and deme),settlement|deme (Athenian),wash,37.65209,24.02629,45.3,0,0,,,3,https://pleiades.stoa.org/places/580107,
pl-599943,Sounion (Paros),"cape, promontory, promuntory",wash,37.06519,25.19847,165.1,0,0,,,4,https://pleiades.stoa.org/places/599943,
pl-590057,Sounion? (Siphnos),"cape, promontory, promuntory",pin,37.04055,24.63675,132.0,0,0,,,4,https://pleiades.stoa.org/places/590057,
pl-567540780,South Slope Spring,spring|cistern,pin,37.97074,23.72605,1.5,0,0,,,0,https://pleiades.stoa.org/places/567540780,
pl-710563473,South Square,building|agora|stoa,pin,37.97433,23.7231,1.1,0,0,,,0,https://pleiades.stoa.org/places/710563473,
pl-730466010,South Stoa I,stoa|archaeological site,pin,37.97409,23.72321,1.1,0,0,,,0,https://pleiades.stoa.org/places/730466010,
pl-792574637,South Stoa II,stoa,pin,37.97417,23.72318,1.1,0,0,,,0,https://pleiades.stoa.org/places/792574637,
pl-885470680,Southeast Stoa,stoa,pin,37.97398,23.72451,1.1,0,0,,,0,https://pleiades.stoa.org/places/885470680,
pl-124501558,Southeast fountain house,fountain,pin,37.97398,23.72379,1.1,0,0,,,4,https://pleiades.stoa.org/places/124501558,
pl-34983805,Southeast temple of the Athenian Agora,temple,pin,37.97403,23.72423,1.1,0,0,,,0,https://pleiades.stoa.org/places/34983805,
pl-162463494,Southwest Temple in the Agora of Athens,temple,pin,37.97485,23.72265,1.1,0,0,,,0,https://pleiades.stoa.org/places/162463494,
pl-935991896,Southwest fountain house,fountain,pin,37.97422,23.72218,1.2,0,0,,,0,https://pleiades.stoa.org/places/935991896,
pl-541110,Spalauthra,settlement,pin,39.18348,23.22508,140.4,0,0,,,0,https://pleiades.stoa.org/places/541110,
pl-541111,Spercheiai,"wall (defensive)|fort, tower (deprecated)",pin,38.92295,22.03326,180.7,0,0,,,0,https://pleiades.stoa.org/places/541111,
pl-541112,Spercheios,"river, drainage",pin,38.90399,22.20913,167.2,0,0,,,2,https://pleiades.stoa.org/places/541112,
pl-585963,Sphendale,unlocated|deme (Athenian),wash,38.13173,23.79117,17.4,0,0,,,0,https://pleiades.stoa.org/places/585963,
pl-580109,Sphettos,settlement|deme (Athenian),pin,37.91724,23.83842,12.2,0,0,,,0,https://pleiades.stoa.org/places/580109,
pl-570688,Spiraion (promuntory),"cape, promontory, promuntory",pin,37.8003,23.176,52.5,0,0,,,0,https://pleiades.stoa.org/places/570688,
pl-230617790,Spring at Amphiareion,spring,pin,38.29075,23.84514,35.6,0,0,,,0,https://pleiades.stoa.org/places/230617790,
pl-841476129,Square Peristyle,building|archaeological site,pin,37.97556,23.724,1.0,0,0,,,0,https://pleiades.stoa.org/places/841476129,
pl-570689,Sta Glastria,settlement,pin,36.72275,24.34183,150.4,0,0,,,0,https://pleiades.stoa.org/places/570689,
pl-695542935,Stadium at Epidaurus,"stadion, stadium",pin,37.59745,23.07353,71.7,0,0,,,0,https://pleiades.stoa.org/places/695542935,
pl-301013826,Stadium at Nemea,"stadion, stadium",pin,37.80676,22.71471,91.0,0,0,,,0,https://pleiades.stoa.org/places/301013826,
pl-210745099,Stadium of Delos,"stadion, stadium",pin,37.40579,25.2736,150.5,0,0,,,0,https://pleiades.stoa.org/places/210745099,
pl-333036426,Stadium of Delphi,"stadion, stadium",pin,38.48201,22.49711,120.9,0,0,,,0,https://pleiades.stoa.org/places/333036426,
pl-278785543,Stadium-Gymnasium Complex at Messene,"stadion, stadium|gymnasium, gymnasion",pin,37.17288,21.91916,183.1,0,0,,,0,https://pleiades.stoa.org/places/278785543,
pl-999238742,Statues of Harmodios and Aristogeiton,monument,wash,37.97507,23.72315,1.0,0,0,,,0,https://pleiades.stoa.org/places/999238742,
pl-580110,Steiria,settlement|deme (Athenian),pin,37.89816,24.01073,26.6,0,0,,,0,https://pleiades.stoa.org/places/580110,
pl-507121565,Stelida,archaeological site|hill,pin,37.08415,25.34447,174.2,0,0,,,0,https://pleiades.stoa.org/places/507121565,
pl-570690,Stenykleros (plain),plain|map label location,pin,37.2207,21.99717,174.5,0,0,,,0,https://pleiades.stoa.org/places/570690,
pl-541114,Stephon?,settlement,pin,38.32858,23.51874,42.5,0,0,,,0,https://pleiades.stoa.org/places/541114,
pl-541113,Stiris/Steiris,settlement|acropolis,pin,38.38432,22.75535,95.9,0,0,,,0,https://pleiades.stoa.org/places/541113,
pl-143098101,Stoa Poikile,stoa|archaeological site,pin,37.9764,23.7227,0.9,0,0,,,0,https://pleiades.stoa.org/places/143098101,
pl-840019989,Stoa at Brauron,stoa,pin,37.92616,23.99378,24.2,0,0,,,0,https://pleiades.stoa.org/places/840019989,
pl-424010351,Stoa in the sanctuary of Zeus Lykaios,stoa,pin,37.44835,21.99547,163.6,0,0,,,0,https://pleiades.stoa.org/places/424010351,
pl-759679649,Stoa of Attalos,stoa,pin,37.97514,23.72422,1.0,0,0,,,3,https://pleiades.stoa.org/places/759679649,
pl-3347126,Stoa of Eumenes,stoa,pin,37.97053,23.72601,1.5,0,0,,,0,https://pleiades.stoa.org/places/3347126,
pl-649966334,Stoa of Zeus (Eleutherios),stoa,pin,37.97585,23.72213,1.0,0,0,,,0,https://pleiades.stoa.org/places/649966334,
pl-570692,Stoloi,settlement,pin,36.67225,24.47991,160.3,0,0,,,0,https://pleiades.stoa.org/places/570692,
pl-613118646,Street to the Roman Agora,street,pin,37.97461,23.72495,1.0,0,0,,,0,https://pleiades.stoa.org/places/613118646,
pl-650138313,Strongylo Aqueduct bridge,aqueduct,pin,37.7739,22.67543,95.2,0,0,,,0,https://pleiades.stoa.org/places/650138313,
pl-392437877,Strophilas,"archaeological site|cape, promontory, promuntory",pin,37.78033,24.85576,101.6,0,0,,,0,https://pleiades.stoa.org/places/392437877,
pl-570694,Strouthos? (promontory),"cape, promontory, promuntory",pin,37.46008,23.00314,86.3,0,0,,,0,https://pleiades.stoa.org/places/570694,
pl-380437088,Stroviki Helladic Settlement,settlement|archaeological site,pin,38.47715,23.10431,77.3,0,0,,,0,https://pleiades.stoa.org/places/380437088,
pl-570696,Stymphalos,settlement,pin,37.85935,22.4595,112.1,0,0,,,0,https://pleiades.stoa.org/places/570696,
pl-541117,Styra,settlement|port,pin,38.14584,24.26176,50.1,0,0,,,0,https://pleiades.stoa.org/places/541117,
pl-570698,Styx (river),"river, drainage",wash,38.25,22.25,132.6,0,0,,,1,https://pleiades.stoa.org/places/570698,
pl-580112,Sypalettos,settlement,pin,38.07182,23.75981,10.2,0,0,,,0,https://pleiades.stoa.org/places/580112,
pl-590066,Syros,settlement-modern,pin,37.44457,24.94232,122.5,0,0,,,1,https://pleiades.stoa.org/places/590066,
pl-590067,Syros (island),island,pin,37.43287,24.90946,120.7,0,0,,,4,https://pleiades.stoa.org/places/590067,
pl-570700,Sythas (river),"river, drainage",pin,38.08036,22.62377,97.3,0,0,,,1,https://pleiades.stoa.org/places/570700,
pl-573541,Taleton Akra,unlocated|mountain,wash,36.95354,22.34996,167.0,0,0,,,0,https://pleiades.stoa.org/places/573541,
pl-541121,Tamynai,settlement,pin,38.49942,24.10415,66.1,0,0,,,0,https://pleiades.stoa.org/places/541121,
pl-570704,Tan(a)os (river),"river, drainage",pin,37.42411,22.74351,106.6,0,0,,,0,https://pleiades.stoa.org/places/570704,
pl-541126,Tegyra,settlement,pin,38.51298,23.05054,83.4,0,0,,,0,https://pleiades.stoa.org/places/541126,
pl-541127,Teichion?,"fort, tower (deprecated)",pin,38.4877,21.99355,161.5,0,0,,,0,https://pleiades.stoa.org/places/541127,
pl-541128,Teichious,settlement,pin,38.78451,22.52388,137.6,0,0,,,0,https://pleiades.stoa.org/places/541128,
pl-580115,Teithras,settlement|deme (Athenian),pin,38.00482,23.94227,19.0,0,0,,,0,https://pleiades.stoa.org/places/580115,
pl-541129,Teleidai,settlement,pin,38.58279,24.13187,75.4,0,0,,,0,https://pleiades.stoa.org/places/541129,
pl-408217405,Telesterion,sanctuary (religious center)|temple,pin,38.04091,23.53863,17.7,0,0,,,0,https://pleiades.stoa.org/places/408217405,
pl-541130,Telethrion (mountain),mountain,pin,38.86667,23.18972,108.8,0,0,,,0,https://pleiades.stoa.org/places/541130,
pl-570710,Temenion,settlement,pin,37.58169,22.7378,97.8,0,0,,,0,https://pleiades.stoa.org/places/570710,
pl-579872,Temple of Aphaia on Aegina,sanctuary (religious center)|temple,pin,37.75438,23.53325,30.7,0,0,,,0,https://pleiades.stoa.org/places/579872,
pl-516817907,Temple of Aphrodite on the Acrocorinth,temple,pin,37.89174,22.87548,75.4,0,0,,,0,https://pleiades.stoa.org/places/516817907,
pl-462127127,Temple of Apollo Daphnephoros,temple,pin,38.39537,23.79467,46.1,0,0,,,0,https://pleiades.stoa.org/places/462127127,
pl-240065109,Temple of Apollo Patroos,temple,pin,37.97556,23.72212,1.0,0,0,,,0,https://pleiades.stoa.org/places/240065109,
pl-579875,Temple of Apollo Zoster,temple,pin,37.81001,23.77373,19.7,0,0,,,3,https://pleiades.stoa.org/places/579875,
pl-570500582,Temple of Apollo at Corinth,sanctuary (religious center)|temple,pin,37.90603,22.87919,74.9,0,0,,,0,https://pleiades.stoa.org/places/570500582,
pl-464482219,Temple of Apollo at Delphi,temple,pin,38.48232,22.50122,120.6,0,0,,,0,https://pleiades.stoa.org/places/464482219,
pl-468194251,Temple of Ares,temple,pin,37.97553,23.72275,1.0,0,0,,,0,https://pleiades.stoa.org/places/468194251,
pl-741537853,Temple of Artemis (Aulis),ruin|sanctuary (religious center)|temple,pin,38.43336,23.59243,51.4,0,0,,,0,https://pleiades.stoa.org/places/741537853,
pl-277534797,Temple of Artemis Agrotera,sanctuary (religious center),pin,37.96755,23.73548,1.9,0,0,,,0,https://pleiades.stoa.org/places/277534797,
pl-139216315,Temple of Artemis Orthia,temple,pin,37.08287,22.43511,151.7,0,0,,,0,https://pleiades.stoa.org/places/139216315,
pl-845103545,Temple of Artemis Orthosia,temple,pin,37.63644,23.15032,63.7,0,0,,,0,https://pleiades.stoa.org/places/845103545,
pl-955675680,Temple of Artemis and Apollo,sanctuary (religious center),pin,38.63651,22.89542,102.7,0,0,,,0,https://pleiades.stoa.org/places/955675680,
pl-372843530,Temple of Athena Alea at Tegea,sanctuary (religious center)|temple,pin,37.45548,22.4204,129.1,0,0,,,0,https://pleiades.stoa.org/places/372843530,
pl-118337619,Temple of Athena Nike,temple,pin,37.97153,23.72489,1.4,0,0,,,0,https://pleiades.stoa.org/places/118337619,
pl-42288211,Temple of Athena Pallenis,temple,pin,38.01417,23.84437,10.8,0,0,,,0,https://pleiades.stoa.org/places/42288211,
pl-513711610,Temple of Athena Pronaia,temple,pin,38.48013,22.50837,119.9,0,0,,,0,https://pleiades.stoa.org/places/513711610,
pl-397011004,Temple of Athena Skiras at Phaleron,temple,wash,37.93731,23.70625,5.5,0,0,,,0,https://pleiades.stoa.org/places/397011004,
pl-579886,Temple of Athena Skiras on Salamis,sanctuary (religious center),pin,37.98336,23.5371,16.7,0,0,,,1,https://pleiades.stoa.org/places/579886,
pl-579884,Temple of Athena at Sounion,temple,pin,37.65292,24.02708,45.2,0,0,,,2,https://pleiades.stoa.org/places/579884,
pl-189946519,Temple of Dionysos at Eretria,sanctuary (religious center),pin,38.39825,23.79016,46.4,0,0,,,0,https://pleiades.stoa.org/places/189946519,
pl-33738912,Temple of Dionysus Lysios (Thebes),unlocated|temple,wash,38.32052,23.31873,51.8,0,0,,,0,https://pleiades.stoa.org/places/33738912,
pl-786277755,Temple of Enodia,sanctuary (religious center)|temple,pin,39.3893,22.74237,178.1,0,0,,,0,https://pleiades.stoa.org/places/786277755,
pl-518758744,Temple of Kronos and Rhea,shrine|temple,pin,37.96825,23.73352,1.8,0,0,,,0,https://pleiades.stoa.org/places/518758744,
pl-659771158,"Temple of Olympian Zeus, Athens",archaeological site|temple,pin,37.96943,23.73311,1.7,0,0,,,0,https://pleiades.stoa.org/places/659771158,
pl-107524051,Temple of Poseidon at Isthmia,temple,pin,37.91573,22.99301,64.8,0,0,,,0,https://pleiades.stoa.org/places/107524051,
pl-580086,Temple of Poseidon at Sounion,temple,pin,37.65021,24.02459,45.4,0,0,,,0,https://pleiades.stoa.org/places/580086,
pl-226121402,Temple of Roma and Augustus (Athens),temple,pin,37.97163,23.72731,1.4,0,0,,,0,https://pleiades.stoa.org/places/226121402,
pl-474652024,Temple of Zeus at Lebadea,temple,pin,38.43034,22.86047,90.6,0,0,,,0,https://pleiades.stoa.org/places/474652024,
pl-109791198,Temple of Zeus at Nemea,temple,pin,37.80956,22.71048,91.3,0,0,,,0,https://pleiades.stoa.org/places/109791198,
pl-570711,Tenea,settlement|settlement-modern,pin,37.80794,22.86789,77.9,0,0,,,0,https://pleiades.stoa.org/places/570711,
pl-541132,Tenerikon Pedion,plain|map label location,pin,38.36549,23.33815,54.4,0,0,,,0,https://pleiades.stoa.org/places/541132,
pl-590074,Tenos (island),island,pin,37.61507,25.11324,128.5,0,0,,,6,https://pleiades.stoa.org/places/590074,
pl-590073,Tenos (settlement),settlement|settlement-modern,pin,37.5385,25.1617,135.4,0,0,,,7,https://pleiades.stoa.org/places/590073,
pl-818633083,Terrace of the Lions at Delos,"agora, forum, plaza (deprecated)",pin,37.40238,25.267,150.1,0,0,,,0,https://pleiades.stoa.org/places/818633083,
pl-580116,Tetrakomoi,"people, tribe (historical cultural group)",wash,37.875,23.625,15.1,0,0,,,0,https://pleiades.stoa.org/places/580116,
pl-541133,Teumessos,settlement,pin,38.35755,23.38228,51.4,0,0,,,0,https://pleiades.stoa.org/places/541133,
pl-570713,Teuthis,settlement,pin,37.59744,22.04128,154.3,0,0,,,0,https://pleiades.stoa.org/places/570713,
pl-570714,Teuthrone,settlement,pin,36.62114,22.48906,187.0,0,0,,,0,https://pleiades.stoa.org/places/570714,
pl-570721,Th(e)isoa,settlement,pin,37.62913,22.09398,148.8,0,0,,,3,https://pleiades.stoa.org/places/570721,
pl-570715,Thalamai,settlement|settlement-modern,pin,36.78451,22.32854,181.8,0,0,,,0,https://pleiades.stoa.org/places/570715,
pl-570716,Thaliades,settlement,pin,37.78236,21.94745,157.8,0,0,,,0,https://pleiades.stoa.org/places/570716,
pl-541135,Thaumakia?,settlement,pin,39.17316,23.3396,136.5,0,0,,,0,https://pleiades.stoa.org/places/541135,
pl-541136,Thaumakoi,settlement,pin,39.12655,22.322,176.3,0,0,,,0,https://pleiades.stoa.org/places/541136,
pl-573551,Thaumasion (mountain),unlocated|mountain,wash,37.65508,22.2483,135.0,0,0,,,0,https://pleiades.stoa.org/places/573551,
pl-576206943,The House of the Masks,townhouse|architectural complex,pin,37.39628,25.26943,150.6,0,0,,,0,https://pleiades.stoa.org/places/576206943,
pl-333036425,The Siphnian Treasury,treasury (deprecated),pin,38.48162,22.50157,120.5,0,0,,,0,https://pleiades.stoa.org/places/333036425,
pl-333036424,Theater at Delphi,"theatre, theater",pin,38.48255,22.5005,120.7,0,0,,,0,https://pleiades.stoa.org/places/333036424,
pl-958299306,Theater at Stymphalos,"theatre, theater",pin,37.86069,22.46287,111.8,0,0,,,0,https://pleiades.stoa.org/places/958299306,
pl-375191030,Theater at Thorikos,"theatre, theater",pin,37.738,24.0537,39.6,0,0,,,0,https://pleiades.stoa.org/places/375191030,
pl-671846980,"Theater at the Sanctuary of Asklepios, Epidauros","theatre, theater",pin,37.59597,23.07927,71.4,0,0,,,0,https://pleiades.stoa.org/places/671846980,
pl-686869856,Theater of Aigeira,"theatre, theater",pin,38.1285,22.37766,119.3,0,0,,,0,https://pleiades.stoa.org/places/686869856,
pl-917412528,Theater of Delos,"theatre, theater",pin,37.39698,25.26814,150.4,0,0,,,0,https://pleiades.stoa.org/places/917412528,
pl-649966335,Theater of Dionysus Eleuthereus,"theatre, theater",pin,37.97043,23.72774,1.5,0,0,,,0,https://pleiades.stoa.org/places/649966335,
pl-177668735,Theater of Icarion Aegeidas (Attica),"archaeological site|theatre, theater",pin,38.09562,23.90048,19.6,0,0,,,0,https://pleiades.stoa.org/places/177668735,
pl-528335956,Theater of Melos,"theatre, theater",pin,36.73784,24.42106,151.5,0,0,,,0,https://pleiades.stoa.org/places/528335956,
pl-297166731,Theater of Orchomenus,"theatre, theater",pin,38.49344,22.97526,86.8,0,0,,,0,https://pleiades.stoa.org/places/297166731,
pl-953624202,Theater of Tegea,"theatre, theater",pin,37.46405,22.42939,128.0,0,0,,,0,https://pleiades.stoa.org/places/953624202,
pl-58858515,Theater of Zea,"theatre, theater",pin,37.93725,23.64464,8.9,0,0,,,0,https://pleiades.stoa.org/places/58858515,
pl-542568395,Theater of ancient Sicyon,"theatre, theater",pin,37.98398,22.71116,89.1,0,0,,,0,https://pleiades.stoa.org/places/542568395,
pl-651069708,Theater of the Muses,"theatre, theater",pin,38.32051,23.05403,69.8,0,0,,,0,https://pleiades.stoa.org/places/651069708,
pl-596063692,Theatre of Messene,"theatre, theater",pin,37.17784,21.91891,182.8,0,0,,,0,https://pleiades.stoa.org/places/596063692,
pl-541137,Thebai Phthiotides,"theatre, theater|wall (of a city), city wall|wall|settlement|fort, tower (deprecated)",pin,39.27339,22.76177,166.1,0,0,,,0,https://pleiades.stoa.org/places/541137,
pl-570719,Theious (river),"river, drainage",wash,37.25,22.25,153.6,0,0,,,0,https://pleiades.stoa.org/places/570719,
pl-570720,Theisoa,castle|ruin|settlement|acropolis,pin,37.50643,21.96251,164.0,0,0,,,3,https://pleiades.stoa.org/places/570720,
pl-830927276,Themistoklean Wall,"wall (of a city), city wall",wash,37.97473,23.72564,1.0,0,0,,,0,https://pleiades.stoa.org/places/830927276,
pl-570723,Therapne,settlement,pin,37.05392,22.4557,152.5,0,0,,,0,https://pleiades.stoa.org/places/570723,
pl-570724,Thermasia,settlement,pin,37.40939,23.32634,73.0,0,0,,,0,https://pleiades.stoa.org/places/570724,
pl-17374034,Theseion,tomb|sanctuary (religious center)|temple,pin,37.9733,23.7281,1.2,0,0,,,0,https://pleiades.stoa.org/places/17374034,
pl-35638987,Thespian Polyandrion (Boeotia),tomb,pin,38.29255,23.16621,59.9,0,0,,,0,https://pleiades.stoa.org/places/35638987,
pl-541144,Thetideion,sanctuary (religious center)|settlement|settlement-modern,pin,39.35111,22.50767,185.3,0,0,,,0,https://pleiades.stoa.org/places/541144,
pl-541145,Thetonion,settlement,pin,39.2932,22.20606,196.6,0,0,,,0,https://pleiades.stoa.org/places/541145,
pl-570730,Thoknia,settlement|settlement-modern,pin,37.42031,22.07956,157.9,0,0,,,0,https://pleiades.stoa.org/places/570730,
pl-570731,Tholos,"catacomb, cemetery, necropolis",pin,37.55036,24.30429,70.0,0,0,,,1,https://pleiades.stoa.org/places/570731,
pl-274083926,Tholos of Athena Pronaia,temple,pin,38.48015,22.50787,120.0,0,0,,,0,https://pleiades.stoa.org/places/274083926,
pl-91288718,Tholos of Athens,architectural complex,pin,37.97487,23.72194,1.1,0,0,,,3,https://pleiades.stoa.org/places/91288718,
pl-32732054,Tholos tomb at Marathon,tomb,pin,38.12133,23.95463,25.1,0,0,,,0,https://pleiades.stoa.org/places/32732054,
pl-580118,Thorai?,settlement,pin,37.79343,23.93763,28.1,0,0,,,0,https://pleiades.stoa.org/places/580118,
pl-580119,Thorikos,settlement|deme (Athenian),pin,37.73787,24.05363,39.6,0,0,,,0,https://pleiades.stoa.org/places/580119,
pl-772835485,Thorikos Residential and Production District,"production center (manufacturing, fishing)|settlement",pin,37.73931,24.05232,39.4,0,0,,,0,https://pleiades.stoa.org/places/772835485,
pl-570733,Thouria,settlement|acropolis,pin,37.11004,22.05069,176.9,0,0,,,0,https://pleiades.stoa.org/places/570733,
pl-487031708,Thourion,hill,pin,38.499,22.824,97.5,0,0,,,0,https://pleiades.stoa.org/places/487031708,
pl-580121,Thriasion Lager,"fort|fort, tower (deprecated)",pin,38.05217,23.63483,11.1,0,0,,,0,https://pleiades.stoa.org/places/580121,
pl-580122,Thriasion Pedion,plain,wash,38.125,23.625,18.1,0,0,,,0,https://pleiades.stoa.org/places/580122,
pl-558185735,Throni tower,tower (single),pin,37.58339,23.37604,54.2,0,0,,,0,https://pleiades.stoa.org/places/558185735,
pl-541147,Thronion,"fort, tower (deprecated)",pin,38.77584,22.72573,124.0,0,0,,,0,https://pleiades.stoa.org/places/541147,
pl-580123,Thymaitadai,settlement|deme (Athenian),pin,37.96753,23.61991,9.6,0,0,,,0,https://pleiades.stoa.org/places/580123,
pl-570735,Thyraion,settlement|settlement-modern,pin,37.50143,22.12468,150.8,0,0,,,1,https://pleiades.stoa.org/places/570735,
pl-570738,Tiasa (river),"river, drainage",pin,37.04956,22.44183,153.8,0,0,,,0,https://pleiades.stoa.org/places/570738,
pl-910479808,Tigani basilica,church,pin,36.54565,22.36621,200.2,0,0,,,0,https://pleiades.stoa.org/places/910479808,
pl-541148,Tilphosaion?,"fort, tower (deprecated)",pin,38.37106,22.99454,77.2,0,0,,,0,https://pleiades.stoa.org/places/541148,
pl-570740,Tiryns,"settlement|findspot, place of finding, find place",pin,37.59928,22.79999,92.0,0,0,,,0,https://pleiades.stoa.org/places/570740,
pl-570741,Titane,settlement|acropolis,pin,37.9204,22.62489,96.9,0,0,,,0,https://pleiades.stoa.org/places/570741,
pl-541152,Tithorea/Neon,settlement,pin,38.5855,22.6686,114.1,0,0,,,1,https://pleiades.stoa.org/places/541152,
pl-541153,Tithronion,settlement,pin,38.67533,22.58107,126.1,0,0,,,0,https://pleiades.stoa.org/places/541153,
pl-541154,Tol(o)phon,"wall (of a city), city wall|settlement",pin,38.37548,22.29651,132.4,0,0,,,0,https://pleiades.stoa.org/places/541154,
pl-920972287,Tomb of Epaminondas,tomb,pin,37.5861,22.42157,123.0,0,0,,,0,https://pleiades.stoa.org/places/920972287,
pl-513113841,Tomb of Kar (Megarid),tomb,pin,37.97837,23.33069,34.8,0,0,,,0,https://pleiades.stoa.org/places/513113841,
pl-137893603,Tomb of Menidi,tomb,pin,38.05886,23.73885,8.4,0,0,,,0,https://pleiades.stoa.org/places/137893603,
pl-219059935,Tomb of Orestes (Sparta),tomb|temple,pin,37.001,22.5,153.9,0,0,,,0,https://pleiades.stoa.org/places/219059935,
pl-598581244,Tomb of Themistocles,tomb,pin,37.94161,23.61727,10.7,0,0,,,0,https://pleiades.stoa.org/places/598581244,
pl-623023668,Tomb of the Seven against Thebes at Eleusis,unlocated|tomb,wash,38.0411,23.5374,17.8,0,0,,,0,https://pleiades.stoa.org/places/623023668,
pl-570742,Torthyneion,settlement,pin,37.70667,22.15481,141.5,0,0,,,0,https://pleiades.stoa.org/places/570742,
pl-282029780,Tower of Amfikleia,tower (single),pin,38.64241,22.58134,123.9,0,0,,,0,https://pleiades.stoa.org/places/282029780,
pl-688532642,Tower of Koronia,tower (defensive),pin,38.39326,22.96129,81.0,0,0,,,0,https://pleiades.stoa.org/places/688532642,
pl-638120044,"Tower of Oinoe, Marathon","fort, tower (deprecated)",pin,38.15557,23.9319,26.2,0,0,,,0,https://pleiades.stoa.org/places/638120044,
pl-999947807,Tower of Vravrona,tower (defensive),pin,37.91381,23.95686,21.6,0,0,,,2,https://pleiades.stoa.org/places/999947807,
pl-89350791,Tower of the Winds,monument,pin,37.97418,23.72702,1.1,0,0,,,0,https://pleiades.stoa.org/places/89350791,
pl-541156,Trachin?,settlement,pin,38.36606,22.78134,93.0,0,0,,,0,https://pleiades.stoa.org/places/541156,
pl-570744,Trachy (mountain),mountain|map label location,pin,37.74199,22.3872,120.7,0,0,,,0,https://pleiades.stoa.org/places/570744,
pl-570745,Tragos (river),"river, drainage",wash,37.75,22.25,132.3,0,0,,,0,https://pleiades.stoa.org/places/570745,
pl-741077609,Trapeza/Koumari temple (Achaia),temple,pin,38.21971,22.02994,150.8,0,0,,,0,https://pleiades.stoa.org/places/741077609,
pl-570746,Trapezous,settlement,pin,37.45628,22.06068,157.9,0,0,,,0,https://pleiades.stoa.org/places/570746,
pl-541158,Trapheia?,settlement,pin,38.37808,23.30176,57.5,0,0,,,0,https://pleiades.stoa.org/places/541158,
pl-190863456,Treasury of Atreus,tomb,pin,37.72688,22.75374,90.1,0,0,,,0,https://pleiades.stoa.org/places/190863456,
pl-579842268,Treasury of the Massaliots,"treasure house, treasury",pin,38.48013,22.50806,120.0,0,0,,,0,https://pleiades.stoa.org/places/579842268,
pl-570747,Treis Ammoundas,temple,pin,37.67767,24.334,63.2,0,0,,,0,https://pleiades.stoa.org/places/570747,
pl-541160,Trephia L.,lake,wash,38.25,23.25,51.2,0,0,,,0,https://pleiades.stoa.org/places/541160,
pl-573567,Tretos,"mountain|settlement-modern|pass, ""gates"" (landform)",pin,37.78261,22.72055,91.2,0,0,,,0,https://pleiades.stoa.org/places/573567,
pl-570748,Tria Pigadia,settlement,pin,36.72997,24.53615,156.7,0,0,,,0,https://pleiades.stoa.org/places/570748,
pl-570749,Trikaranon (mountain),mountain|map label location,pin,37.83046,22.69016,92.6,0,0,,,0,https://pleiades.stoa.org/places/570749,
pl-573568,Trikka,settlement,wash,37.11035,21.90598,187.7,0,0,,,0,https://pleiades.stoa.org/places/573568,
pl-570750,Trikolonoi,settlement,pin,37.48005,22.16517,148.4,0,0,,,0,https://pleiades.stoa.org/places/570750,
pl-580124,Trikomoi,"people, tribe (historical cultural group)",wash,38.125,23.625,18.1,0,0,,,0,https://pleiades.stoa.org/places/580124,
pl-580125,Trikorynthos,settlement|deme (Athenian),pin,38.16471,23.99993,31.2,0,0,,,0,https://pleiades.stoa.org/places/580125,
pl-570752,Trikrana (island),island,pin,37.26786,23.28109,88.8,0,0,,,0,https://pleiades.stoa.org/places/570752,
pl-570753,Trinasos,"fort, tower (deprecated)",pin,36.79918,22.61299,164.5,0,0,,,0,https://pleiades.stoa.org/places/570753,
pl-580126,Trinemeia,settlement,pin,38.07916,23.85286,15.3,0,0,,,0,https://pleiades.stoa.org/places/580126,
pl-541166,Triteia,settlement,pin,38.40323,22.32251,131.3,0,0,,,0,https://pleiades.stoa.org/places/541166,
pl-373984234,Trophonius oracle (Boeotia),shrine|cave,pin,38.43156,22.87489,89.6,0,0,,,0,https://pleiades.stoa.org/places/373984234,
pl-877327047,Tsepi at Marathon,"catacomb, cemetery, necropolis|archaeological site",pin,38.12876,23.96633,26.4,0,0,,,0,https://pleiades.stoa.org/places/877327047,
pl-599993,Tsikalario,settlement,pin,37.06222,25.47136,184.8,0,0,,,0,https://pleiades.stoa.org/places/599993,
pl-482028558,Tsimintiri Archaic Site,island|sanctuary (religious center)|architectural complex|archaeological site,pin,36.97552,25.0209,160.0,0,0,,,0,https://pleiades.stoa.org/places/482028558,
pl-392437876,Tsimintiri island,island,pin,36.97586,25.01872,159.8,0,0,,,0,https://pleiades.stoa.org/places/392437876,
pl-580127,Tsoukrati,"fort, tower (deprecated)",pin,38.21291,23.61198,27.4,0,0,,,0,https://pleiades.stoa.org/places/580127,
pl-643508013,Tsoungiza (Archaia Nemea),archaeological site,pin,37.80965,22.70569,91.7,0,0,,,0,https://pleiades.stoa.org/places/643508013,
pl-570759,Tyros,settlement|acropolis,pin,37.24323,22.87207,111.6,0,0,,,0,https://pleiades.stoa.org/places/570759,
pl-328243338,Tzoungiza,settlement|archaeological site,pin,37.8101,22.7049,91.8,0,0,,,0,https://pleiades.stoa.org/places/328243338,
pl-384326689,Unit IV-1 at Nichoria,settlement|architectural complex,pin,37.00223,21.9153,193.6,0,0,,,0,https://pleiades.stoa.org/places/384326689,
pl-401250361,Unnamed Gate of the Themistoklean Wall,"gate (of a city), city gate",pin,37.98047,23.72332,0.5,0,0,,,1,https://pleiades.stoa.org/places/401250361,
pl-92232874,Unnamed Gate of the Themistoklean Wall,"gate (of a city), city gate",pin,37.97314,23.73339,1.3,0,0,,,1,https://pleiades.stoa.org/places/92232874,
pl-583617,Unnamed quarry,quarry,wash,37.875,23.375,33.2,0,0,,,0,https://pleiades.stoa.org/places/583617,
pl-583618,Untitled,"mine, quarry (deprecated)",wash,37.875,23.625,15.1,0,0,,,1,https://pleiades.stoa.org/places/583618,
pl-963101133,Untitled,quarry,pin,38.07306,23.8676,15.8,0,0,,,1,https://pleiades.stoa.org/places/963101133,
pl-963101135,Untitled,quarry,pin,38.06866,23.87241,15.8,0,0,,,1,https://pleiades.stoa.org/places/963101135,
pl-963101132,Untitled,quarry,pin,38.07526,23.87441,16.4,0,0,,,1,https://pleiades.stoa.org/places/963101132,
pl-963101134,Untitled,quarry,pin,38.08067,23.87061,16.5,0,0,,,1,https://pleiades.stoa.org/places/963101134,
pl-963101136,Untitled,quarry,pin,38.07667,23.88122,17.0,0,0,,,1,https://pleiades.stoa.org/places/963101136,
pl-583621,Untitled,"mine, quarry (deprecated)",pin,38.08167,23.87842,17.1,0,0,,,1,https://pleiades.stoa.org/places/583621,
pl-580601,Untitled,aqueduct,wash,37.875,23.875,17.7,0,0,,,1,https://pleiades.stoa.org/places/580601,
pl-583620,Untitled,"mine, quarry (deprecated)",wash,37.875,23.875,17.7,0,0,,,1,https://pleiades.stoa.org/places/583620,
pl-583622,Untitled,quarry,wash,37.875,23.875,17.7,0,0,,,1,https://pleiades.stoa.org/places/583622,
pl-583619,Untitled,quarry,wash,37.875,23.875,17.7,0,0,,,1,https://pleiades.stoa.org/places/583619,
pl-208942850,Untitled,"fort, tower (deprecated)",pin,38.04376,23.53839,17.9,0,0,,,1,https://pleiades.stoa.org/places/208942850,
pl-580597,Untitled,aqueduct,wash,38.125,23.625,18.1,0,0,,,1,https://pleiades.stoa.org/places/580597,
pl-585127,Untitled,wall,wash,38.125,23.625,18.1,0,0,,,1,https://pleiades.stoa.org/places/585127,
pl-580600,Untitled,aqueduct,wash,38.125,23.875,20.3,0,0,,,1,https://pleiades.stoa.org/places/580600,
pl-580599,Untitled,aqueduct,wash,38.125,23.875,20.3,0,0,,,1,https://pleiades.stoa.org/places/580599,
pl-580598,Untitled,aqueduct,wash,38.125,23.875,20.3,0,0,,,1,https://pleiades.stoa.org/places/580598,
pl-582107,Untitled,"fort, tower (deprecated)",pin,38.02783,23.48226,22.0,0,0,,,1,https://pleiades.stoa.org/places/582107,
pl-164618020,Untitled,"fort, tower (deprecated)",pin,38.20953,23.83577,26.8,0,0,,,1,https://pleiades.stoa.org/places/164618020,
pl-542847,Untitled,wall,wash,38.25,23.75,29.7,0,0,,,1,https://pleiades.stoa.org/places/542847,
pl-208942851,Untitled,"fort, tower (deprecated)",pin,37.98519,23.37596,30.8,0,0,,,1,https://pleiades.stoa.org/places/208942851,
pl-585131,Untitled,wall (defensive)|wall,wash,37.75015,23.42367,37.2,0,0,,,1,https://pleiades.stoa.org/places/585131,
pl-582109,Untitled,"fort, tower (deprecated)",wash,38.125,24.125,38.2,0,0,,,1,https://pleiades.stoa.org/places/582109,
pl-582108,Untitled,fort,wash,37.6503,23.95044,41.9,0,0,,,1,https://pleiades.stoa.org/places/582108,
pl-583624,Untitled,quarry,pin,37.68827,24.03001,42.3,0,0,,,1,https://pleiades.stoa.org/places/583624,
pl-542092,Untitled,quarry,wash,38.25,24.25,54.5,0,0,,,1,https://pleiades.stoa.org/places/542092,
pl-571537,Untitled,wall,wash,37.75,22.75,89.7,0,0,,,1,https://pleiades.stoa.org/places/571537,
pl-571538,Untitled,wall,wash,37.75,22.75,89.7,0,0,,,1,https://pleiades.stoa.org/places/571538,
pl-571539,Untitled,wall,wash,37.75,22.75,89.7,0,0,,,1,https://pleiades.stoa.org/places/571539,
pl-593433,Untitled,quarry,pin,36.98333,24.66667,138.7,0,0,,,1,https://pleiades.stoa.org/places/593433,
pl-572293,Untitled,quarry,wash,37.25,22.25,153.6,0,0,,,1,https://pleiades.stoa.org/places/572293,
pl-601738,Untitled,"catacomb, cemetery, necropolis",wash,37.25,25.25,157.0,0,0,,,1,https://pleiades.stoa.org/places/601738,
pl-601737,Untitled,"catacomb, cemetery, necropolis",wash,37.25,25.25,157.0,0,0,,,1,https://pleiades.stoa.org/places/601737,
pl-603251,Untitled,quarry,wash,37.25,25.25,157.0,0,0,,,1,https://pleiades.stoa.org/places/603251,
pl-603247,Untitled,quarry,wash,37.25,25.25,157.0,0,0,,,1,https://pleiades.stoa.org/places/603247,
pl-603250,Untitled,quarry,wash,37.25,25.25,157.0,0,0,,,1,https://pleiades.stoa.org/places/603250,
pl-603249,Untitled,quarry,wash,37.25,25.25,157.0,0,0,,,1,https://pleiades.stoa.org/places/603249,
pl-572299,Untitled,quarry,wash,36.75,22.75,162.1,0,0,,,1,https://pleiades.stoa.org/places/572299,
pl-572294,Untitled,quarry,wash,36.75,22.25,189.4,0,0,,,1,https://pleiades.stoa.org/places/572294,
pl-572295,Untitled,quarry,wash,36.75,22.25,189.4,0,0,,,1,https://pleiades.stoa.org/places/572295,
pl-172198383,Vapheio Tholos Tomb,tomb|tumulus,pin,37.02031,22.46781,154.4,0,0,,,0,https://pleiades.stoa.org/places/172198383,
pl-580129,Vari,"fort, tower (deprecated)",pin,37.82976,23.80609,18.5,0,0,,,1,https://pleiades.stoa.org/places/580129,
pl-580130,Varnava Tower,tower (single),pin,38.23245,23.93474,33.1,0,0,,,0,https://pleiades.stoa.org/places/580130,
pl-749295738,Vathychori,tower (defensive),pin,38.11297,23.26722,42.8,0,0,,,0,https://pleiades.stoa.org/places/749295738,
pl-580131,Velatouri,"fort, tower (deprecated)",pin,38.13945,23.47429,28.1,0,0,,,0,https://pleiades.stoa.org/places/580131,
pl-541171,Velousia,sanctuary (religious center),pin,38.39053,24.08946,55.2,0,0,,,0,https://pleiades.stoa.org/places/541171,
pl-580132,Vouliagmeni,settlement,pin,37.80658,23.7732,20.1,0,0,,,0,https://pleiades.stoa.org/places/580132,
pl-541172,Vounous,settlement,pin,38.80952,22.40368,147.4,0,0,,,0,https://pleiades.stoa.org/places/541172,
pl-247348184,Vryokastro,archaeological site,pin,37.52605,25.1885,138.2,0,0,,,1,https://pleiades.stoa.org/places/247348184,
pl-837997920,Windmill Hill (Athens),sanctuary (religious center),pin,37.9672,23.73592,2.0,0,0,,,0,https://pleiades.stoa.org/places/837997920,
pl-541174,Xyniai,settlement,pin,39.03837,22.26768,172.9,0,0,,,0,https://pleiades.stoa.org/places/541174,
pl-541175,Xynias L.,lake,wash,39.03837,22.26768,172.9,0,0,,,0,https://pleiades.stoa.org/places/541175,
pl-92664678,Yrokastro castle,castle,pin,36.96622,25.53593,195.6,0,0,,,0,https://pleiades.stoa.org/places/92664678,
pl-590097,Zagora,settlement,pin,37.77442,24.8661,102.6,0,0,,,0,https://pleiades.stoa.org/places/590097,
pl-290225048,Zaraka Monastery,monastery,pin,37.86693,22.4579,112.1,0,0,,,0,https://pleiades.stoa.org/places/290225048,
pl-570761,Zarax,settlement,pin,36.7867,23.08432,144.7,0,0,,,1,https://pleiades.stoa.org/places/570761,
pl-541177,Zarex/Zaret(h)ra,settlement,pin,38.31288,24.18245,54.1,0,0,,,1,https://pleiades.stoa.org/places/541177,
pl-194606909,Zas Cave,cave,pin,37.03491,25.49892,188.5,0,0,,,0,https://pleiades.stoa.org/places/194606909,
pl-580136,Zea Limen,port|settlement-modern,pin,37.93881,23.64754,8.6,0,0,,,0,https://pleiades.stoa.org/places/580136,
pl-541178,"Zeus Akraios, T.",sanctuary (religious center)|temple,pin,39.40883,23.05082,169.0,0,0,,,1,https://pleiades.stoa.org/places/541178,
pl-541179,"Zeus Hypatos, T.",temple|monastery,pin,38.40006,23.41102,53.9,0,0,,,2,https://pleiades.stoa.org/places/541179,
pl-600002,"Zeus Melosios, T.",sanctuary (religious center),pin,37.04703,25.51872,189.2,0,0,,,1,https://pleiades.stoa.org/places/600002,
pl-580138,"Zeus Ombrios, T.",temple,pin,37.94794,23.81977,9.0,0,0,,,3,https://pleiades.stoa.org/places/580138,
pl-580137,"Zeus Ombrios, T.",temple,pin,38.17409,23.71749,21.2,0,0,,,3,https://pleiades.stoa.org/places/580137,
pl-580139,Zeus Panhellenios sanctuary (Aegina),sanctuary (religious center)|temple,pin,37.70783,23.49772,36.7,0,0,,,1,https://pleiades.stoa.org/places/580139,
pl-570763,"Zeus, T.",temple,pin,37.62103,24.35908,68.6,0,0,,,2,https://pleiades.stoa.org/places/570763,
pl-570765,Zoitia,settlement|settlement-modern,pin,37.47578,22.12086,152.2,0,0,,,0,https://pleiades.stoa.org/places/570765,
pl-580140,Zoster Pr.,"cape, promontory, promuntory",pin,37.80072,23.77335,20.8,0,0,,,0,https://pleiades.stoa.org/places/580140,
pl-757208100,Zygouries (Corinthia),settlement,pin,37.79766,22.78815,85.0,0,0,,,0,https://pleiades.stoa.org/places/757208100,
pl-372021190,ancient theater of Carthaea,"theatre, theater",pin,37.56038,24.32974,70.8,0,0,,,0,https://pleiades.stoa.org/places/372021190,
pl-603248,unnamed quarry (on Mykonos),quarry,wash,37.44,25.37,156.6,0,0,,,0,https://pleiades.stoa.org/places/603248,
