key,name,kind,tier,lat,lon,from,until,locations,km,uri,why
pl-491547,Bisaltia,"region, label",pin,40.95531,23.46035,,,0,6.0,https://pleiades.stoa.org/places/491547,
pl-501532,Odomantes,"region, label, people",pin,41.01570,23.59671,,,0,8.3,https://pleiades.stoa.org/places/501532,
pl-501534,Oldenoi,settlement,pin,41.02925,23.59547,-30,300,0,8.6,https://pleiades.stoa.org/places/501534,
pl-501414,Euporia,settlement,pin,41.06677,23.56234,-330,640,0,9.1,https://pleiades.stoa.org/places/501414,
pl-491673,Nikoklei,settlement,pin,40.93498,23.42397,-30,300,0,9.6,https://pleiades.stoa.org/places/491673,
pl-491629,Kapatsi,settlement,pin,40.94824,23.40369,-30,300,0,9.9,https://pleiades.stoa.org/places/491629,
pl-501374,Berge,settlement,pin,40.91098,23.50825,-750,300,0,9.9,https://pleiades.stoa.org/places/501374,
pl-501616,Sirra,settlement,pin,41.08798,23.54245,-550,2099,0,10.4,https://pleiades.stoa.org/places/501616,
pl-114689183,Terpni/Paliokastro,"settlement, archaeological-site",pin,40.90530,23.44595,-30,2099,0,11.4,https://pleiades.stoa.org/places/114689183,
pl-501614,Siriopaiones,"label, people",pin,41.08754,23.61679,,,0,13.8,https://pleiades.stoa.org/places/501614,
pl-491528,Ar(r)olos,settlement,pin,41.01174,23.32632,-30,640,0,14.6,https://pleiades.stoa.org/places/491528,
pl-501579,Prasias (lake),lake,pin,40.95408,23.66313,-550,1999,0,14.6,https://pleiades.stoa.org/places/501579,
pl-501330,Ag. Pneuma,settlement,pin,41.05873,23.70594,-30,1999,0,18.4,https://pleiades.stoa.org/places/501330,
pl-501392,Daphnoudion,settlement,pin,41.05997,23.74824,-30,1999,0,21.8,https://pleiades.stoa.org/places/501392,
pl-491722,Skotoussa,settlement,pin,41.18367,23.37496,-550,1999,0,22.9,https://pleiades.stoa.org/places/491722,
pl-501540,Oreini,fort-2,pin,41.19685,23.59154,-30,1999,0,23.2,https://pleiades.stoa.org/places/501540,
pl-501329,Ag. Khristophoros,settlement,pin,41.04463,23.77730,-330,1999,0,23.8,https://pleiades.stoa.org/places/501329,
pl-501423,Gazoros,"settlement, acropolis",pin,41.03920,23.79250,-330,300,0,24.9,https://pleiades.stoa.org/places/501423,
pl-501648,Tragilos,"settlement, archaeological-site",pin,40.83731,23.71594,-750,-30,0,25.6,https://pleiades.stoa.org/places/501648,
pl-501520,Myrkinos,settlement,pin,40.90722,23.81945,-750,300,0,28.7,https://pleiades.stoa.org/places/501520,
pl-196789404,Via Egnatia,road,wash,40.92684,23.85382,-30,1999,0,30.7,https://pleiades.stoa.org/places/196789404,
pl-501465,Kerdylion,settlement,pin,40.82522,23.79751,-550,-330,0,31.6,https://pleiades.stoa.org/places/501465,
pl-501403,Drabeskos,settlement,pin,40.91325,23.86362,-330,1999,0,31.9,https://pleiades.stoa.org/places/501403,
pl-501466,Kharitomeni,settlement,pin,41.16888,23.83136,-330,1999,0,33.5,https://pleiades.stoa.org/places/501466,
pl-502838,Unnamed bridge (Amphipolis),bridge,pin,40.82857,23.83504,-550,640,0,33.9,https://pleiades.stoa.org/places/502838,
pl-501555,Pennana,station,pin,40.73317,23.69852,-30,640,0,34.0,https://pleiades.stoa.org/places/501555,
pl-501347,Amphipolis,"city-wall, settlement, fort",pin,40.82581,23.84158,-550,2100,0,34.5,https://pleiades.stoa.org/places/501347,
pl-501412,Ennea Hodoi,"settlement, archaeological-site",pin,40.84030,23.85560,-750,-30,0,34.7,https://pleiades.stoa.org/places/501412,
pl-491574,Doberos (river),river,wash,41.25000,23.25000,,,0,34.8,https://pleiades.stoa.org/places/491574,
pl-502832,Untitled,bridge,wash,41.25000,23.75000,-30,640,0,34.8,https://pleiades.stoa.org/places/502832,
pl-502833,Untitled,bridge,wash,41.25000,23.75000,-30,640,0,34.8,https://pleiades.stoa.org/places/502833,
pl-502834,Untitled,bridge,wash,41.25000,23.75000,-30,640,0,34.8,https://pleiades.stoa.org/places/502834,
pl-502835,Untitled,bridge,wash,41.25000,23.75000,-30,640,0,34.8,https://pleiades.stoa.org/places/502835,
pl-504343,Untitled,quarry,wash,40.75000,23.75000,-550,300,0,34.8,https://pleiades.stoa.org/places/504343,
pl-504344,Untitled,mine,wash,40.75000,23.75000,-550,300,0,34.8,https://pleiades.stoa.org/places/504344,
pl-501350,Angites (river),river,pin,40.98353,23.91572,2000,2099,0,34.9,https://pleiades.stoa.org/places/501350,
pl-501621,Skopia,fort,pin,41.09859,23.89551,-30,300,0,34.9,https://pleiades.stoa.org/places/501621,
pl-501591,Rhodolivos,settlement,pin,40.96817,23.91530,-30,640,0,35.0,https://pleiades.stoa.org/places/501591,
pl-864330772,Kasta tomb,tumulus,pin,40.83943,23.86271,-330,2100,0,35.2,https://pleiades.stoa.org/places/864330772,
pl-501358,Argilos,settlement,pin,40.78197,23.81238,-550,-330,0,35.6,https://pleiades.stoa.org/places/501358,
pl-501340,Akhladokhorion,settlement,pin,41.32116,23.55584,-30,300,0,36.0,https://pleiades.stoa.org/places/501340,
pl-501495,Lion of Amphipolis (monument),monument,pin,40.80301,23.84256,-550,2100,0,36.1,https://pleiades.stoa.org/places/501495,
pl-247348186,Vrasna fort (Thessaloniki),fort-2,pin,40.70508,23.68873,-330,-30,0,36.4,https://pleiades.stoa.org/places/247348186,
pl-491635,Kerkinitis L.,lake,pin,41.19824,23.15316,1700,2100,0,36.4,https://pleiades.stoa.org/places/491635,
pl-491550,Bolbe (lake),lake,pin,40.66949,23.47915,-550,2100,0,36.7,https://pleiades.stoa.org/places/491550,
pl-501409,Edones,"label, people",pin,40.94151,23.93965,-750,-330,0,37.4,https://pleiades.stoa.org/places/501409,
pl-501519,Mikro Souli,settlement,pin,40.90161,23.93350,-30,1999,0,37.9,https://pleiades.stoa.org/places/501519,
pl-501401,Domeros,station,pin,40.99045,23.95558,-30,640,0,38.2,https://pleiades.stoa.org/places/501401,
pl-501380,Bormiskos,settlement,pin,40.67688,23.67807,-550,-330,0,38.8,https://pleiades.stoa.org/places/501380,
pl-501410,Eion,settlement,pin,40.78932,23.87285,-550,-330,0,39.0,https://pleiades.stoa.org/places/501410,
pl-501357,Arethousa,"settlement, fort",pin,40.65653,23.62358,-550,300,0,39.5,https://pleiades.stoa.org/places/501357,
pl-501484,Krinida,settlement,pin,41.00187,23.99121,-30,300,0,41.2,https://pleiades.stoa.org/places/501484,
pl-491526,Apollonia,"settlement, station",pin,40.62370,23.46968,-550,850,0,41.8,https://pleiades.stoa.org/places/491526,
pl-491615,‘Heracleustibus’,station,pin,40.64954,23.29550,-30,640,0,42.5,https://pleiades.stoa.org/places/491615,
pl-501539,Orbelos (mountain),mountain,pin,41.37700,23.59500,-30,2100,0,42.6,https://pleiades.stoa.org/places/501539,
pl-491582,Dysoron (mountain),"mountain, label",pin,41.16922,23.03081,,,0,43.6,https://pleiades.stoa.org/places/491582,
pl-501582,Prossotsani,settlement,pin,41.17786,23.96661,-30,2099,0,43.8,https://pleiades.stoa.org/places/501582,
pl-501394,Daton,label,pin,40.99701,24.02908,-550,-30,0,44.3,https://pleiades.stoa.org/places/501394,
pl-491643,Krestonia,"region, label",pin,40.84452,23.00601,,,0,44.8,https://pleiades.stoa.org/places/491643,
pl-502837,Untitled,bridge,pin,41.05310,24.03009,-30,640,0,44.8,https://pleiades.stoa.org/places/502837,
pl-491661,Mellissurgin,station,pin,40.61268,23.34579,-30,640,0,44.9,https://pleiades.stoa.org/places/491661,
pl-502836,Untitled,bridge,pin,41.01855,24.03725,-30,640,0,45.1,https://pleiades.stoa.org/places/502836,
pl-501559,Phagres,settlement,pin,40.76067,23.94047,-750,-30,0,45.5,https://pleiades.stoa.org/places/501559,
pl-58683083,Sitagroi,"settlement, settlement-modern",pin,41.11139,24.02861,1700,2100,0,46.0,https://pleiades.stoa.org/places/58683083,
pl-491529,Asseros,settlement,pin,40.81222,23.00952,-30,640,0,46.1,https://pleiades.stoa.org/places/491529,
pl-501573,Podokhori,settlement,pin,40.84313,24.01112,-30,640,0,46.2,https://pleiades.stoa.org/places/501573,
pl-501630,Strymonikos Kolpos,water-open,pin,40.66667,23.83333,1700,2100,0,46.4,https://pleiades.stoa.org/places/501630,
pl-491698,Piperica,fort,pin,41.41851,23.45779,-30,300,0,46.6,https://pleiades.stoa.org/places/491698,
pl-491626,Kalimanci,settlement,pin,41.42973,23.49415,-30,640,0,47.7,https://pleiades.stoa.org/places/491626,
pl-208942265,Untitled,bridge,pin,41.03007,24.07046,-30,640,0,47.9,https://pleiades.stoa.org/places/208942265,
pl-501558,Petrovo,"fort-2, settlement-modern",pin,41.43792,23.50463,-30,2099,0,48.6,https://pleiades.stoa.org/places/501558,
pl-491669,Mygdonia,"region, label",pin,40.59512,23.26227,-550,300,0,49.2,https://pleiades.stoa.org/places/491669,
pl-501456,Kapros (island),island,pin,40.61592,23.80541,-30,2100,0,49.7,https://pleiades.stoa.org/places/501456,
pl-501551,Pangaion (mountain),mountain,pin,40.91694,24.08278,1700,2100,0,49.7,https://pleiades.stoa.org/places/501551,
pl-501421,Galepsos (Thrace),settlement,pin,40.74043,23.98602,-550,300,0,49.9,https://pleiades.stoa.org/places/501421,
pl-491623,Janovo,settlement,pin,41.45462,23.47065,-30,640,0,50.5,https://pleiades.stoa.org/places/491623,
pl-491719,Sintia,settlement,pin,41.39764,23.20740,,,0,50.5,https://pleiades.stoa.org/places/491719,
pl-491562,Charakoma,settlement,pin,40.79396,22.95999,-30,640,0,50.7,https://pleiades.stoa.org/places/491562,
pl-491581,Duodea,station,pin,40.65670,23.09866,-30,640,0,50.8,https://pleiades.stoa.org/places/491581,
pl-491754,Vranja,fort,pin,41.45659,23.42697,-30,300,0,51.0,https://pleiades.stoa.org/places/491754,
pl-501455,Kapros,settlement,pin,40.59221,23.78010,-330,300,0,51.0,https://pleiades.stoa.org/places/501455,
pl-491627,Kalindoia,"settlement, archaeological-site",pin,40.55015,23.36124,-550,-30,0,51.3,https://pleiades.stoa.org/places/491627,
pl-501625,Stageira,"settlement, archaeological-site",pin,40.59179,23.79533,-550,-30,0,51.6,https://pleiades.stoa.org/places/501625,
pl-491584,Echeidoros (river),river,pin,40.89268,22.89902,1900,2099,0,51.7,https://pleiades.stoa.org/places/491584,
pl-491632,Katunci,fort,pin,41.46608,23.47291,-30,640,0,51.8,https://pleiades.stoa.org/places/491632,
pl-491651,Lete,settlement,pin,40.74493,22.97808,-750,300,0,52.1,https://pleiades.stoa.org/places/491651,
pl-501585,Pyrgoi,"fort-2, settlement-modern",pin,41.25238,24.02465,-30,2099,0,52.1,https://pleiades.stoa.org/places/501585,
pl-491681,Palatianon,"settlement, archaeological-site",pin,41.14602,22.90344,-330,640,0,52.5,https://pleiades.stoa.org/places/491681,
pl-501420,Gajtaninovo,fort,pin,41.44920,23.69581,-30,300,0,52.5,https://pleiades.stoa.org/places/501420,
pl-501492,Lâki,mine,pin,41.44592,23.72164,-30,640,0,52.9,https://pleiades.stoa.org/places/501492,
pl-491668,Muletarovo,settlement,pin,41.44714,23.26408,-30,300,0,53.4,https://pleiades.stoa.org/places/491668,
pl-501527,Nikesiane,settlement,pin,40.93948,24.13195,-550,300,0,53.4,https://pleiades.stoa.org/places/501527,
pl-502840,Untitled,bridge,wash,40.86761,24.11309,-30,640,0,53.4,https://pleiades.stoa.org/places/502840,
pl-501518,Methone (Thracian),"settlement, settlement-modern",pin,40.86500,24.11290,-30,2099,0,53.5,https://pleiades.stoa.org/places/501518,
pl-491616,Herakleia Sintike,settlement,pin,41.45002,23.26551,-550,1999,0,53.7,https://pleiades.stoa.org/places/491616,
pl-491555,Bragylai,settlement,pin,41.00115,22.85102,-30,640,0,54.4,https://pleiades.stoa.org/places/491555,
pl-526055597,Derveni tombs,"findspot, cemetery",pin,40.71770,22.96589,-330,-30,0,54.6,https://pleiades.stoa.org/places/526055597,
pl-481923,Nestos (river),river,wash,41.50000,23.50000,,,0,55.5,https://pleiades.stoa.org/places/481923,
pl-491684,Parorbelia,"district, label",pin,41.26108,22.93315,-330,640,0,55.6,https://pleiades.stoa.org/places/491684,
pl-491636,Kissos (mountain),mountain,pin,40.58352,23.11838,1700,2100,0,56.2,https://pleiades.stoa.org/places/491636,
pl-501361,Arnai/Turris Calarnea,settlement,pin,40.49636,23.58912,-550,300,0,56.4,https://pleiades.stoa.org/places/501361,
pl-501446,Kalambaki,settlement,pin,41.05745,24.17047,-30,300,0,56.5,https://pleiades.stoa.org/places/501446,
pl-501651,Tripolis,settlement,pin,41.14468,24.14890,-30,300,0,56.7,https://pleiades.stoa.org/places/501651,
pl-501499,Loutra Eleutheron,fort,pin,40.73741,24.08277,-30,300,0,56.9,https://pleiades.stoa.org/places/501499,
pl-501548,Paleokhori,settlement,pin,40.93845,24.17613,-30,640,0,57.1,https://pleiades.stoa.org/places/501548,
pl-491720,Sintike,"region, label",pin,41.46868,23.19913,-550,300,0,57.8,https://pleiades.stoa.org/places/491720,
pl-491639,Klitai,settlement,pin,40.85720,22.82482,-550,300,0,58.7,https://pleiades.stoa.org/places/491639,
pl-66861929,Blatades Monastery,"monastery, church",pin,40.65172,22.97106,1200,1450,0,58.8,https://pleiades.stoa.org/places/66861929,
pl-491665,Moryllos,settlement,pin,40.90058,22.80819,-330,300,0,59.0,https://pleiades.stoa.org/places/491665,
pl-501461,Kato Khortokopi,settlement,pin,40.93727,24.20411,300,640,0,59.4,https://pleiades.stoa.org/places/501461,
pl-501669,Zygaktes? (river),river,pin,41.09187,24.20636,2000,2099,0,60.0,https://pleiades.stoa.org/places/501669,
pl-501368,Aulon,"settlement, settlement-modern",pin,40.88759,24.20167,-330,2100,0,60.1,https://pleiades.stoa.org/places/501368,
pl-507469,Stratoni (Stratonikeia/Stratonike?),"settlement, settlement-modern",pin,40.51377,23.82538,43,2099,0,60.5,https://pleiades.stoa.org/places/507469,
pl-501355,Apollonia,settlement,pin,40.74417,24.13768,-550,2100,0,60.5,https://pleiades.stoa.org/places/501355,
pl-491597,Gallicum,station,pin,40.79406,22.83031,-30,640,0,60.6,https://pleiades.stoa.org/places/491597,
pl-501631,Symbolon (mountain),"mountain, label",pin,40.83788,24.19154,,,0,60.7,https://pleiades.stoa.org/places/501631,
pl-361097850,Latomos Monastery,church,pin,40.64179,22.95230,-30,1453,0,60.7,https://pleiades.stoa.org/places/361097850,
pl-74062405,Church of St. Nicholas Orphanos,"church-2, church",pin,40.63767,22.95621,1200,2100,0,60.8,https://pleiades.stoa.org/places/74062405,
pl-193679552,Byzantine Bath,bath,pin,40.64003,22.95346,850,2100,0,60.8,https://pleiades.stoa.org/places/193679552,
pl-361097851,Church of Prophet Elijah,"church-2, church",pin,40.64095,22.94856,1200,1450,0,61.0,https://pleiades.stoa.org/places/361097851,
pl-501464,Kepia,sanctuary,pin,40.90744,24.21892,-330,300,0,61.1,https://pleiades.stoa.org/places/501464,
pl-170580013,"Church of Saint Catherine, Thessaloniki","church-2, church",pin,40.64318,22.94432,1200,1450,0,61.1,https://pleiades.stoa.org/places/170580013,
pl-115782359,Church of Saint Demetrius,"church-2, church",pin,40.63882,22.94786,300,1453,0,61.2,https://pleiades.stoa.org/places/115782359,
pl-264924632,Rotunda of Galerius,"tomb, temple-2",pin,40.63333,22.95292,300,1453,0,61.3,https://pleiades.stoa.org/places/264924632,
pl-664535672,Church of Saint Panteleimon,church,pin,40.63310,22.95120,1200,1450,0,61.4,https://pleiades.stoa.org/places/664535672,
pl-501467,Khoristi,settlement,pin,41.13883,24.20945,-30,300,0,61.4,https://pleiades.stoa.org/places/501467,
pl-361097849,Arch of Galerius,arch,pin,40.63220,22.95180,284,640,0,61.4,https://pleiades.stoa.org/places/361097849,
pl-688857980,Roman forum at Thessalonica,"archaeological-site, forum",pin,40.63770,22.94589,-30,300,0,61.4,https://pleiades.stoa.org/places/688857980,
pl-55417173,Church of the Acheiropoietos,"church-2, church",pin,40.63500,22.94809,300,1453,0,61.5,https://pleiades.stoa.org/places/55417173,
pl-628342669,"Church of the Saviour, Thessaloniki",church-2,pin,40.63210,22.95088,1300,2099,0,61.5,https://pleiades.stoa.org/places/628342669,
pl-630598189,Temple of Aphrodite (Thessalonica),temple-2,pin,40.64032,22.94067,-30,300,0,61.6,https://pleiades.stoa.org/places/630598189,
pl-563800136,Church of the Holy Apostles,"church-2, church",pin,40.64279,22.93749,1200,2100,0,61.6,https://pleiades.stoa.org/places/563800136,
pl-834862589,Church of Panagia Chalkeon,"church-2, church",pin,40.63683,22.94367,850,1450,0,61.6,https://pleiades.stoa.org/places/834862589,
pl-332324146,"Hagia Sophia, Thessaloniki","church-2, church",pin,40.63284,22.94709,-30,1453,0,61.7,https://pleiades.stoa.org/places/332324146,
pl-491741,Thessalonica,settlement,pin,40.62834,22.95288,-750,2100,0,61.7,https://pleiades.stoa.org/places/491741,
pl-507480,Zereia/Zeira,"unlocated, fort",wash,40.44985,23.38293,-330,-30,0,61.8,https://pleiades.stoa.org/places/507480,
pl-491561,Chalcidice,"cape, region, label",pin,40.44300,23.40811,-550,640,0,62.3,https://pleiades.stoa.org/places/491561,
pl-501328,Ag. Athanasios,settlement,pin,41.08161,24.24294,-30,640,0,62.9,https://pleiades.stoa.org/places/501328,
pl-491575,Doiran,settlement,pin,41.17583,22.77645,-30,300,0,63.7,https://pleiades.stoa.org/places/491575,
pl-491737,Tauriana,settlement,pin,40.99806,22.73400,-330,300,0,64.2,https://pleiades.stoa.org/places/491737,
pl-491732,Strepsa,settlement,pin,40.48320,23.13851,-550,-30,0,64.9,https://pleiades.stoa.org/places/491732,
pl-491683,Paroikopolis/Parthikopolis,settlement,pin,41.56112,23.27785,-330,640,0,65.0,https://pleiades.stoa.org/places/491683,
pl-501427,Hadrianopolis,settlement,pin,41.14048,24.25764,-30,1999,0,65.4,https://pleiades.stoa.org/places/501427,
pl-491522,Anthemous (river),river,pin,40.48052,23.12705,2000,2099,0,65.6,https://pleiades.stoa.org/places/491522,
pl-501482,Krenides/Philippi/Col. Augusta Iulia Philippensis,"settlement, archaeological-site",pin,41.01265,24.28464,-550,2099,0,65.7,https://pleiades.stoa.org/places/501482,
pl-491740,Therme,settlement,pin,40.58155,22.94402,-750,-330,0,65.8,https://pleiades.stoa.org/places/491740,
pl-762595495,Theater at Philippi,theatre,pin,41.01305,24.28670,-550,300,0,65.9,https://pleiades.stoa.org/places/762595495,
pl-501566,Territory of the Pieres,"label, people",pin,40.84006,24.26202,-750,-550,0,66.3,https://pleiades.stoa.org/places/501566,
pl-491567,Debrene,settlement,pin,41.58832,23.34051,-30,300,0,66.7,https://pleiades.stoa.org/places/491567,
pl-491628,Kalokhori,cemetery,pin,40.64167,22.85876,-30,300,0,66.8,https://pleiades.stoa.org/places/491628,
pl-491521,Anthemous,settlement,pin,40.41772,23.28433,-550,300,0,67.1,https://pleiades.stoa.org/places/491521,
pl-997707343,Dikili Tash,settlement,pin,41.01042,24.30877,1700,2100,0,67.8,https://pleiades.stoa.org/places/997707343,
pl-491717,Sindos,"settlement, archaeological-site",pin,40.70028,22.79306,-750,300,0,67.9,https://pleiades.stoa.org/places/491717,
pl-952959148,Stele of Caius Vibius Quartus,monument,pin,41.01214,24.31119,-30,300,0,68.0,https://pleiades.stoa.org/places/952959148,
pl-501324,Ablanica Rodopi,settlement,pin,41.57523,23.77816,-330,640,0,68.0,https://pleiades.stoa.org/places/501324,
pl-501490,Kyria,settlement,pin,41.10547,24.30012,-30,640,0,68.0,https://pleiades.stoa.org/places/501490,
pl-491560,Chalastra,settlement,pin,40.70422,22.78117,-750,300,0,68.6,https://pleiades.stoa.org/places/491560,
pl-491688,Pella,unknown,wash,40.75000,22.75000,-330,-30,0,68.7,https://pleiades.stoa.org/places/491688,
pl-501326,Ad Duodecimum,station,wash,41.25000,24.25000,-30,640,0,68.7,https://pleiades.stoa.org/places/501326,
pl-502077,Untitled,aqueduct,wash,41.25000,24.25000,-30,640,0,68.7,https://pleiades.stoa.org/places/502077,
pl-502078,Untitled,aqueduct,wash,41.25000,24.25000,-30,640,0,68.7,https://pleiades.stoa.org/places/502078,
pl-502839,Untitled,bridge,wash,40.75000,24.25000,-30,640,0,68.7,https://pleiades.stoa.org/places/502839,
pl-504345,Untitled,mine,wash,41.25000,24.25000,-550,300,0,68.7,https://pleiades.stoa.org/places/504345,
pl-504346,Untitled,quarry,wash,40.75000,24.25000,-550,300,0,68.7,https://pleiades.stoa.org/places/504346,
pl-491509,Ad Decimum,station,pin,40.69080,22.78539,-30,640,0,69.0,https://pleiades.stoa.org/places/491509,
pl-501564,Philippoi,settlement,pin,41.02518,24.33451,-30,300,0,70.0,https://pleiades.stoa.org/places/501564,
pl-501656,Vălkosel,settlement,pin,41.51552,23.98377,-330,640,0,70.1,https://pleiades.stoa.org/places/501656,
pl-501533,Oisyme,"settlement, acropolis",pin,40.82126,24.30490,-750,300,0,70.3,https://pleiades.stoa.org/places/501533,
pl-491520,Amphax(it)is,"region, label",pin,40.92205,22.66444,-550,300,0,70.5,https://pleiades.stoa.org/places/491520,
pl-501525,Nicopolis ad Nestum/Ulpia Nicopolis,settlement,pin,41.59620,23.79580,-30,1453,0,70.7,https://pleiades.stoa.org/places/501525,
pl-494582,Kissynioi,"unlocated, people",wash,40.92983,22.65863,-30,300,0,70.9,https://pleiades.stoa.org/places/494582,
pl-501405,Drosike?,label,pin,41.44590,24.10705,-30,300,0,71.0,https://pleiades.stoa.org/places/501405,
pl-491674,Novi Dojran,settlement,pin,41.23246,22.70709,-30,640,0,71.3,https://pleiades.stoa.org/places/491674,
pl-501627,Stolos,settlement,pin,40.36915,23.66484,-550,-330,0,71.4,https://pleiades.stoa.org/places/501627,
pl-491672,*Neine,settlement,pin,41.61317,23.22858,-30,300,0,71.8,https://pleiades.stoa.org/places/491672,
pl-501417,Fons Co(...),station,pin,40.95762,24.35664,300,640,0,71.9,https://pleiades.stoa.org/places/501417,
pl-501387,Ciropolis,fort,pin,41.62887,23.73020,-30,640,0,72.4,https://pleiades.stoa.org/places/501387,
pl-491734,Sušica,villa,pin,41.43871,22.84955,-30,300,0,73.1,https://pleiades.stoa.org/places/491734,
pl-501451,Kalpapouritai,"label, people",pin,40.97898,24.37196,-30,300,0,73.1,https://pleiades.stoa.org/places/501451,
pl-501395,Debren,settlement,pin,41.60614,23.85092,300,640,0,73.4,https://pleiades.stoa.org/places/501395,
pl-494628,Trapezous,unlocated,wash,40.36915,23.23501,-550,-30,0,73.5,https://pleiades.stoa.org/places/494628,
pl-491554,Bottike,"region, label",pin,40.36902,23.22044,-550,-330,0,73.9,https://pleiades.stoa.org/places/491554,
pl-501552,Panormos (Chalkidiki),"settlement, settlement-modern",pin,40.39791,23.87762,-550,2099,0,73.9,https://pleiades.stoa.org/places/501552,
pl-501524,Nestos (river),river,pin,41.43257,24.17366,-550,2100,0,74.1,https://pleiades.stoa.org/places/501524,
pl-501351,Antisara,settlement,pin,40.92411,24.38128,-750,-330,0,74.3,https://pleiades.stoa.org/places/501351,
pl-455250148,Kastanas,settlement,pin,40.81791,22.64689,-3000,-30,0,74.3,https://pleiades.stoa.org/places/455250148,
pl-501619,*Skabla,settlement,pin,40.33259,23.59055,-550,-330,0,74.5,https://pleiades.stoa.org/places/501619,
pl-501339,Akanthos,"settlement, archaeological-site",pin,40.39336,23.88668,-750,2099,0,74.7,https://pleiades.stoa.org/places/501339,
pl-501424,Gospodinci,settlement,pin,41.65078,23.72597,-30,640,0,74.7,https://pleiades.stoa.org/places/501424,
pl-501363,Ass(er)a?,settlement,pin,40.36929,23.83052,-550,300,0,75.3,https://pleiades.stoa.org/places/501363,
pl-491621,Ilovica,mine,pin,41.45427,22.83027,-30,640,0,75.4,https://pleiades.stoa.org/places/491621,
pl-501567,Piloros,settlement,pin,40.34222,23.72471,-550,-330,0,75.4,https://pleiades.stoa.org/places/501567,
pl-491570,Dikaia,settlement,pin,40.46049,22.94712,-750,-330,0,75.7,https://pleiades.stoa.org/places/491570,
pl-491600,Gephyra,station,pin,40.72473,22.67187,-30,640,0,75.8,https://pleiades.stoa.org/places/491600,
pl-491573,Doberos,settlement,pin,41.38799,22.75324,-550,640,0,75.9,https://pleiades.stoa.org/places/491573,
pl-491637,Kithas,settlement,pin,40.39671,23.05591,-550,-330,0,76.6,https://pleiades.stoa.org/places/491637,
pl-501523,Neapolis (Kavalla),"settlement, port",pin,40.93432,24.41404,-750,2099,0,76.9,https://pleiades.stoa.org/places/501523,
pl-491552,Borboros?,"region, label",pin,40.69180,22.67014,,,0,77.5,https://pleiades.stoa.org/places/491552,
pl-491743,Tinde,settlement,pin,40.39522,23.02639,-550,-330,0,78.0,https://pleiades.stoa.org/places/491743,
pl-501605,Sermylia,settlement,pin,40.29822,23.53963,-550,-330,0,78.0,https://pleiades.stoa.org/places/501605,
pl-503587,Canal of Xerxes,canal,pin,40.37287,23.92283,-550,-330,0,78.1,https://pleiades.stoa.org/places/503587,
pl-491523,Antigoneia,settlement,pin,40.37994,23.05341,-330,300,0,78.3,https://pleiades.stoa.org/places/491523,
pl-554875758,House A VII 4,townhouse,pin,40.29612,23.35372,-550,-330,0,79.1,https://pleiades.stoa.org/places/554875758,
pl-491678,Olynthos,settlement,pin,40.29524,23.35426,-750,1999,0,79.2,https://pleiades.stoa.org/places/491678,
pl-501571,Platania,settlement,pin,41.17154,24.41741,-30,300,0,79.2,https://pleiades.stoa.org/places/501571,
pl-764913388,"Olynthus, House A 11",architecturalcomplex,wash,40.29384,23.35424,1900,2099,0,79.3,https://pleiades.stoa.org/places/764913388,
pl-170572803,House of Many Colors,villa,pin,40.29334,23.35939,-550,2099,0,79.3,https://pleiades.stoa.org/places/170572803,
pl-37482810,Villa of Good Fortune,villa,wash,40.29384,23.35424,1900,2099,0,79.3,https://pleiades.stoa.org/places/37482810,
pl-501599,Sane/Ouranopolis,settlement,pin,40.36357,23.93481,-550,-30,0,79.5,https://pleiades.stoa.org/places/501599,
pl-491712,Rhaikelos,settlement,pin,40.47104,22.85409,-750,-330,0,79.8,https://pleiades.stoa.org/places/491712,
pl-491595,Europos,"settlement, cemetery, acropolis, archaeological-site",pin,40.88665,22.55520,-750,640,0,80.1,https://pleiades.stoa.org/places/491595,
pl-491548,Bogdanci,settlement,pin,41.20292,22.57875,-30,640,0,80.4,https://pleiades.stoa.org/places/491548,
pl-491619,Ichnai,settlement,pin,40.76401,22.59126,-750,300,0,80.5,https://pleiades.stoa.org/places/491619,
pl-491513,Aineia,settlement,pin,40.47540,22.83467,-750,1999,0,80.6,https://pleiades.stoa.org/places/491513,
pl-491660,Mekyberna,settlement,pin,40.27832,23.39610,-750,-330,0,80.6,https://pleiades.stoa.org/places/491660,
pl-491645,Krousis,"region, label",pin,40.34094,23.09242,,,0,80.7,https://pleiades.stoa.org/places/491645,
pl-491517,Allante,settlement,pin,40.73482,22.59896,-550,300,0,81.0,https://pleiades.stoa.org/places/491517,
pl-491729,Spartolos,settlement,pin,40.31635,23.15984,-550,-330,0,81.1,https://pleiades.stoa.org/places/491729,
pl-491514,Aineion Pr.,cape,pin,40.47923,22.81379,2000,2099,0,81.5,https://pleiades.stoa.org/places/491514,
pl-491515,Aioleion,settlement,pin,40.30246,23.18162,-550,-330,0,81.9,https://pleiades.stoa.org/places/491515,
pl-491718,Sinos,settlement,pin,40.29128,23.22396,-550,-330,0,82.0,https://pleiades.stoa.org/places/491718,
pl-491700,Pleume,settlement,pin,40.29514,23.20344,-550,-330,0,82.1,https://pleiades.stoa.org/places/491700,
pl-501480,Kovačevica,station,pin,41.70875,23.78502,-30,640,0,82.2,https://pleiades.stoa.org/places/501480,
pl-491692,Petralinci,settlement,pin,41.47131,22.73382,-30,640,0,82.8,https://pleiades.stoa.org/places/491692,
pl-491580,Drvoš,fort,pin,41.50113,22.76564,-30,640,0,82.9,https://pleiades.stoa.org/places/491580,
pl-493772,Untitled,road,wash,41.00000,22.50000,,,0,83.8,https://pleiades.stoa.org/places/493772,
pl-504347,Untitled,mine,pin,40.98406,24.50040,-550,-330,0,83.8,https://pleiades.stoa.org/places/504347,
pl-491634,Kazandol,settlement,pin,41.28356,22.57000,-30,300,0,84.0,https://pleiades.stoa.org/places/491634,
pl-491742,Tiberia,settlement,pin,41.40732,22.65219,-30,640,0,84.2,https://pleiades.stoa.org/places/491742,
pl-491605,Gortynia,settlement,pin,41.15138,22.51417,-550,640,0,84.3,https://pleiades.stoa.org/places/491605,
pl-491707,Rabrovo,settlement,pin,41.30545,22.57913,-30,640,0,84.3,https://pleiades.stoa.org/places/491707,
pl-494631,Tritonos,"unlocated, settlement",wash,40.92905,22.49780,300,640,0,84.3,https://pleiades.stoa.org/places/494631,
pl-491656,Macedonia (region),"region, label",pin,40.96912,22.49208,-550,640,0,84.5,https://pleiades.stoa.org/places/491656,
pl-491641,Kosturino,settlement,pin,41.39177,22.63247,-30,640,0,84.7,https://pleiades.stoa.org/places/491641,
pl-491602,Gigonos,settlement,pin,40.32628,23.02276,-550,-330,0,84.8,https://pleiades.stoa.org/places/491602,
pl-491556,Brea,settlement,pin,40.28804,23.12941,-550,300,0,84.9,https://pleiades.stoa.org/places/491556,
pl-491516,Aisa,settlement,pin,40.30927,23.06037,-550,-330,0,85.1,https://pleiades.stoa.org/places/491516,
pl-501613,Singos,"settlement, archaeological-site",pin,40.25175,23.72124,-550,-330,0,85.1,https://pleiades.stoa.org/places/501613,
pl-855023565,Tower of Chrysokamaro,tower-defensive,pin,40.25246,23.72313,640,1453,0,85.1,https://pleiades.stoa.org/places/855023565,
pl-585841736,Chalcidean League,"league, state",wash,40.24149,23.65271,2000,2099,0,85.2,https://pleiades.stoa.org/places/585841736,
pl-491601,Gigonis Pr.,cape,wash,40.25000,23.25000,,,0,85.8,https://pleiades.stoa.org/places/491601,
pl-501529,Novo Ljaski,unknown,wash,41.75000,23.75000,-30,300,0,85.8,https://pleiades.stoa.org/places/501529,
pl-409986437,Macedonian palace at Pella,architecturalcomplex,pin,40.76520,22.51772,-330,-30,0,86.3,https://pleiades.stoa.org/places/409986437,
pl-491687,Pella/Diokletianoupolis,"settlement, archaeological-site",pin,40.75436,22.51822,-750,640,0,86.6,https://pleiades.stoa.org/places/491687,
pl-437137448,Public Bath of Pella,bath,pin,40.75221,22.51836,-330,2100,0,86.7,https://pleiades.stoa.org/places/437137448,
pl-991253193,Macedonia (Hellenistic kingdom),state,wash,40.75411,22.51790,,,0,86.7,https://pleiades.stoa.org/places/991253193,
pl-491702,Prdejci,temple,pin,41.20982,22.50041,-30,300,0,86.9,https://pleiades.stoa.org/places/491702,
pl-501341,Akontisma,"castle, station",pin,40.96801,24.53841,-30,640,0,87.1,https://pleiades.stoa.org/places/501341,
pl-492262,Kleidi Roman bridge (Emathia),bridge,pin,40.57402,22.62252,-30,2099,0,87.4,https://pleiades.stoa.org/places/492262,
pl-491694,Phakos,settlement,pin,40.75521,22.50467,-330,300,0,87.7,https://pleiades.stoa.org/places/491694,
pl-491519,Aloros,settlement,pin,40.58861,22.59735,-550,300,0,88.3,https://pleiades.stoa.org/places/491519,
pl-963101030,Tower in R. Nestos Valley,fort,pin,41.22544,24.51513,-330,300,0,88.6,https://pleiades.stoa.org/places/963101030,
pl-491699,Pirava,settlement,pin,41.33215,22.53298,-30,640,0,89.0,https://pleiades.stoa.org/places/491699,
pl-409986438,Necropolis at Archontiko,cemetery,pin,40.78631,22.46695,-850,-30,0,89.7,https://pleiades.stoa.org/places/409986438,
pl-491586,(E)Idomene,settlement,pin,41.27747,22.49371,-550,640,0,89.8,https://pleiades.stoa.org/places/491586,
pl-501422,Galepsos,settlement,pin,40.20001,23.68856,-550,-330,0,90.2,https://pleiades.stoa.org/places/501422,
pl-963101031,Tower in R. Nestos Valley,fort,pin,41.20724,24.54116,-330,300,0,90.2,https://pleiades.stoa.org/places/963101031,
pl-501400,Dion,settlement,pin,40.35594,24.16378,-550,-330,0,90.6,https://pleiades.stoa.org/places/501400,
pl-491701,Poteidaia/Kassandreia,settlement,pin,40.19370,23.32781,-750,2099,0,90.7,https://pleiades.stoa.org/places/491701,
pl-963101032,Tower in R. Nestos Valley,fort,pin,41.25297,24.53261,-330,300,0,90.9,https://pleiades.stoa.org/places/963101032,
pl-491739,Thermaicus Sinus,water-open,pin,40.38333,22.78333,1700,2100,0,91.0,https://pleiades.stoa.org/places/491739,
pl-501569,Pistyros,settlement,pin,40.97146,24.59201,-750,-330,0,91.5,https://pleiades.stoa.org/places/501569,
pl-491751,Vodoča,settlement,pin,41.46682,22.58641,-30,640,0,92.4,https://pleiades.stoa.org/places/491751,
pl-491537,Bansko,settlement,pin,41.83642,23.49874,-30,640,0,92.8,https://pleiades.stoa.org/places/491537,
pl-501584,*Purdae,station,pin,40.99148,24.60895,-30,640,0,92.9,https://pleiades.stoa.org/places/501584,
pl-501535,Olophyxos,settlement,pin,40.33042,24.19064,-550,-330,0,94.2,https://pleiades.stoa.org/places/501535,
pl-501629,Strymon (river),river,pin,41.80945,23.16119,300,2100,0,94.2,https://pleiades.stoa.org/places/501629,
pl-963101029,Tower in R. Nestos Valley,fort,pin,41.21982,24.59401,-330,300,0,94.8,https://pleiades.stoa.org/places/963101029,
pl-491545,Berovo,settlement,pin,41.70524,22.85948,-30,640,0,94.9,https://pleiades.stoa.org/places/491545,
pl-501601,Sapaike,"region, label",pin,41.11292,24.62235,-550,300,0,94.9,https://pleiades.stoa.org/places/501601,
pl-963101026,Tower in R. Nestos Valley,fort,pin,41.25049,24.58672,-330,300,0,95.2,https://pleiades.stoa.org/places/963101026,
pl-501449,Kalirachi,mine,pin,40.70127,24.57100,-750,300,0,95.7,https://pleiades.stoa.org/places/501449,
pl-501578,Prinos-Sotiro,mine,pin,40.74105,24.59261,-750,-330,0,95.9,https://pleiades.stoa.org/places/501578,
pl-501561,Phari,fort,pin,40.63181,24.53865,-550,300,0,96.1,https://pleiades.stoa.org/places/501561,
pl-501643,Thyssos,settlement,pin,40.28802,24.15867,-550,300,0,96.4,https://pleiades.stoa.org/places/501643,
pl-491663,Methone (Pieria),"settlement, agora",pin,40.46747,22.58275,-4000,300,0,96.9,https://pleiades.stoa.org/places/491663,
pl-335229933,Methone (Macedonian),settlement,pin,40.47455,22.57385,-330,300,0,97.1,https://pleiades.stoa.org/places/335229933,
pl-501618,Sithonia (peninsula),"peninsula, label",pin,40.15155,23.79847,2000,2099,0,97.4,https://pleiades.stoa.org/places/501618,
pl-491709,Razlog,fort,pin,41.87967,23.38818,-30,640,0,98.1,https://pleiades.stoa.org/places/491709,
pl-501612,Singitikos Kolpos,water-open,pin,40.20833,24.02289,-30,2100,0,98.2,https://pleiades.stoa.org/places/501612,
pl-501452,Kalyva,fort,pin,41.26262,24.62277,-330,300,0,98.5,https://pleiades.stoa.org/places/501452,
pl-501647,Toronaikos Kolpos,water-open,pin,40.11594,23.60615,-30,2100,0,98.5,https://pleiades.stoa.org/places/501647,
pl-963101027,Tower in R. Nestos Valley,fort,pin,41.21489,24.64085,-330,300,0,98.5,https://pleiades.stoa.org/places/963101027,
pl-491657,Maidoi,"label, people",pin,41.88049,23.34628,-550,300,0,98.6,https://pleiades.stoa.org/places/491657,
pl-491686,Pehčevo,settlement,pin,41.76298,22.88801,300,640,0,99.0,https://pleiades.stoa.org/places/491686,
pl-501331,Ag. Vassilis,fort,pin,40.66154,24.59279,-330,-30,0,99.0,https://pleiades.stoa.org/places/501331,
pl-963101033,Tower in R. Nestos Valley,fort,pin,41.26518,24.63050,-330,300,0,99.2,https://pleiades.stoa.org/places/963101033,
pl-491654,Loudias L.,lake,pin,40.68806,22.38889,1900,2099,0,99.3,https://pleiades.stoa.org/places/491654,
pl-495763997,Untitled,mine-2,pin,41.77918,22.90818,300,640,0,99.7,https://pleiades.stoa.org/places/495763997,
pl-501496,Limenaria,mine,pin,40.64228,24.59223,-750,-330,0,99.7,https://pleiades.stoa.org/places/501496,
pl-491703,Pydna,"settlement, archaeological-site",pin,40.39757,22.61499,-750,-30,0,99.8,https://pleiades.stoa.org/places/491703,
pl-501506,Maries,mine,pin,40.70081,24.62356,-750,-330,0,99.8,https://pleiades.stoa.org/places/501506,
pl-491565,Davidovo,settlement,pin,41.38879,22.42451,-30,640,0,99.9,https://pleiades.stoa.org/places/491565,
pl-491525,Aphytis,settlement,pin,40.09937,23.43661,-750,300,0,100.1,https://pleiades.stoa.org/places/491525,
pl-505097,Tower in R. Nestos Valley,fort,pin,41.30301,24.62581,-330,300,0,100.1,https://pleiades.stoa.org/places/505097,
pl-504351,Untitled,mine,pin,40.66747,24.61360,-30,640,0,100.3,https://pleiades.stoa.org/places/504351,
pl-491598,Genderros,settlement,pin,40.81560,22.32349,,,0,100.7,https://pleiades.stoa.org/places/491598,
pl-491730,Stenas,station,pin,41.36522,22.39278,-550,640,0,101.2,https://pleiades.stoa.org/places/491730,
pl-501553,Parthenopolis (Chalkidike),settlement,pin,40.13179,23.87218,-550,-330,0,101.3,https://pleiades.stoa.org/places/501553,
pl-491715,Sane,settlement,pin,40.09838,23.30612,-550,-330,0,101.4,https://pleiades.stoa.org/places/491715,
pl-491671,Negrevo,settlement,pin,41.78050,22.86489,300,640,0,101.7,https://pleiades.stoa.org/places/491671,
pl-963101028,Tower in R. Nestos Valley,fort,pin,41.22549,24.68193,-330,300,0,102.1,https://pleiades.stoa.org/places/963101028,
pl-491724,Smojmirovo,settlement,pin,41.74511,22.78390,-30,640,0,102.2,https://pleiades.stoa.org/places/491724,
pl-491647,Kyrros,"ruin, settlement",pin,40.83178,22.29853,-550,1999,0,102.4,https://pleiades.stoa.org/places/491647,
pl-491553,Botti(ai)a/Emathia,"region, label",pin,40.74034,22.32521,-550,300,0,102.5,https://pleiades.stoa.org/places/491553,
pl-501433,Helleniko (Thasos),fort,wash,40.68333,24.65000,-550,-30,0,102.6,https://pleiades.stoa.org/places/501433,
pl-491569,Demir Kapija,settlement,pin,41.39163,22.38678,-550,640,0,102.9,https://pleiades.stoa.org/places/491569,
pl-501365,Athos/Akte (peninsula),peninsula,wash,40.25658,24.24509,,,0,103.5,https://pleiades.stoa.org/places/501365,
pl-963101035,Tower in R. Nestos Valley,fort,pin,41.16517,24.71855,-330,300,0,103.7,https://pleiades.stoa.org/places/963101035,
pl-491704,Pydna/Kitron,"settlement, settlement-modern",pin,40.37441,22.57768,-30,2099,0,103.9,https://pleiades.stoa.org/places/491704,
pl-501635,Thasos (island),island,pin,40.67649,24.66504,-750,2100,0,104.0,https://pleiades.stoa.org/places/501635,
pl-491726,Solenas,settlement,pin,40.06256,23.44669,-550,-30,0,104.2,https://pleiades.stoa.org/places/491726,
pl-493018,Untitled,mine,wash,41.75000,22.75000,-30,300,0,104.3,https://pleiades.stoa.org/places/493018,
pl-232882995,"Komninon (Macedonian tomb), Stavroupolis",tomb,pin,41.18392,24.72203,-330,-30,0,104.4,https://pleiades.stoa.org/places/232882995,
pl-851289754,Archaic agora of Thasos,agora,pin,40.77969,24.71329,-750,2099,0,104.5,https://pleiades.stoa.org/places/851289754,
pl-31048418,Temple of Artemis (Thasos),"sanctuary, temple-2",pin,40.77992,24.71575,-750,300,0,104.7,https://pleiades.stoa.org/places/31048418,
pl-963101036,Tower in R. Nestos Valley,fort,pin,41.18173,24.72592,-330,300,0,104.7,https://pleiades.stoa.org/places/963101036,
pl-501634,Thasos (settlement),settlement,pin,40.78201,24.71754,-750,640,0,104.8,https://pleiades.stoa.org/places/501634,
pl-501560,Phanari,lighthouse,pin,40.78238,24.71879,-550,-30,0,104.9,https://pleiades.stoa.org/places/501560,
pl-393203594,Temple of Athena (Thasos),temple-2,pin,40.77717,24.71864,-750,-330,0,105.0,https://pleiades.stoa.org/places/393203594,
pl-493019,Untitled,mine,pin,41.78303,22.78388,300,640,0,105.6,https://pleiades.stoa.org/places/493019,
pl-501550,Panaghia,"settlement, island",pin,40.56022,24.62237,-330,2099,0,105.9,https://pleiades.stoa.org/places/501550,
pl-963101034,Tower in R. Nestos Valley,fort,pin,41.23063,24.72904,-330,300,0,106.1,https://pleiades.stoa.org/places/963101034,
pl-501469,Kleonai,settlement,pin,40.21418,24.23365,-550,-330,0,106.7,https://pleiades.stoa.org/places/501469,
pl-501645,Topeiros (Paradeisos),settlement,pin,41.07956,24.77311,-30,640,0,107.0,https://pleiades.stoa.org/places/501645,
pl-502841,Untitled,bridge,pin,41.01257,24.77993,-30,640,0,107.2,https://pleiades.stoa.org/places/502841,
pl-491507,Acerdos,station,pin,40.52073,22.38747,-30,640,0,107.3,https://pleiades.stoa.org/places/491507,
pl-501636,Theologo,fort,pin,40.65591,24.69750,-330,-30,0,107.3,https://pleiades.stoa.org/places/501636,
pl-504350,Untitled,quarry,pin,40.74757,24.73863,-30,640,0,107.5,https://pleiades.stoa.org/places/504350,
pl-501479,Koukos,"settlement, ceramicproduction",pin,40.57768,24.65612,-550,-30,0,107.6,https://pleiades.stoa.org/places/501479,
pl-501626,Stin Trypiti,fort,pin,40.59564,24.66688,-550,-30,0,107.6,https://pleiades.stoa.org/places/501626,
pl-501592,Rhodope (mountain),"mountain, label",pin,41.58360,24.53427,-30,300,0,108.2,https://pleiades.stoa.org/places/501592,
pl-491693,Petrovo,fort,wash,41.25000,22.25000,300,640,0,108.3,https://pleiades.stoa.org/places/491693,
pl-491716,Scurio,unknown,wash,40.75000,22.25000,-30,640,0,108.3,https://pleiades.stoa.org/places/491716,
pl-501447,Kalami,fort,pin,40.57798,24.66663,-550,-30,0,108.4,https://pleiades.stoa.org/places/501447,
pl-501603,Sarte,settlement,pin,40.08754,23.97870,-550,-330,0,108.9,https://pleiades.stoa.org/places/501603,
pl-501338,Ainyra,"region, label",pin,40.72519,24.74968,-550,-30,0,109.0,https://pleiades.stoa.org/places/501338,
pl-501522,Neapolis,settlement,pin,40.01732,23.52923,-750,-330,0,109.1,https://pleiades.stoa.org/places/501522,
pl-491532,Astraia?,settlement,pin,41.60405,22.46903,-330,640,0,109.3,https://pleiades.stoa.org/places/491532,
pl-167846411,Goritsa Neromyloi site,"archaeological-site, hill",pin,41.02675,22.19358,,,0,109.5,https://pleiades.stoa.org/places/167846411,
pl-491696,Pieria,"region, label, people",pin,40.36007,22.48718,-550,300,0,110.7,https://pleiades.stoa.org/places/491696,
pl-504352,Untitled,mine-2,pin,40.66701,24.74514,-750,-330,0,110.7,https://pleiades.stoa.org/places/504352,
pl-501586,Pyrgos,lighthouse,pin,40.74103,24.77858,-550,-30,0,110.9,https://pleiades.stoa.org/places/501586,
pl-501642,Thymonia,tower-single,pin,40.60669,24.71746,-550,-330,0,110.9,https://pleiades.stoa.org/places/501642,
pl-491649,Laki,settlement,pin,41.78288,22.67521,-30,640,0,111.0,https://pleiades.stoa.org/places/491649,
pl-501473,Koinyra,settlement,pin,40.67114,24.76170,-550,-330,0,111.8,https://pleiades.stoa.org/places/501473,
pl-504349,Alyke marble quarry,quarry,pin,40.61797,24.73454,-30,640,0,111.8,https://pleiades.stoa.org/places/504349,
pl-668537581,Macedonia (Archaic and Classical kingdom),state,wash,40.17324,22.73286,,,0,112.0,https://pleiades.stoa.org/places/668537581,
pl-493020,Untitled,mine,pin,41.79121,22.65590,-750,300,0,112.8,https://pleiades.stoa.org/places/493020,
pl-501346,Alyke (settlement),"settlement, archaeological-site",pin,40.60491,24.74265,-750,640,0,113.0,https://pleiades.stoa.org/places/501346,
pl-501504,Makario,fort,pin,41.17818,24.83098,-30,640,0,113.2,https://pleiades.stoa.org/places/501504,
pl-491682,Pallene/Phlegra,peninsula,pin,39.98326,23.64372,1700,2100,0,113.5,https://pleiades.stoa.org/places/491682,
pl-491653,Loudias (river),river,pin,40.75197,22.18406,1700,2100,0,113.6,https://pleiades.stoa.org/places/491653,
pl-531279448,Royal Tombs of Vergina,"tomb, cemetery",pin,40.48835,22.32403,-330,-30,0,113.7,https://pleiades.stoa.org/places/531279448,
pl-33116544,Koinyra (island),island,pin,40.65917,24.78211,2000,2099,0,113.9,https://pleiades.stoa.org/places/33116544,
pl-491564,Damjan,fort,pin,41.57875,22.37725,-30,640,0,113.9,https://pleiades.stoa.org/places/491564,
pl-501335,Aige,settlement,pin,39.97863,23.66606,-550,-330,0,114.2,https://pleiades.stoa.org/places/501335,
pl-491512,Aigeai,settlement,pin,40.48009,22.32187,-750,2100,0,114.3,https://pleiades.stoa.org/places/491512,
pl-159924549,Angelochori,settlement,pin,40.68482,22.19776,-1600,-1200,0,114.6,https://pleiades.stoa.org/places/159924549,
pl-501343,Akrothooi,settlement,pin,40.18383,24.34933,-550,-330,0,115.2,https://pleiades.stoa.org/places/501343,
pl-501515,Mende,settlement,pin,39.96378,23.42228,-750,-30,0,115.2,https://pleiades.stoa.org/places/501515,
pl-501538,Oraion,settlement,pin,41.27669,24.83293,-30,300,0,115.8,https://pleiades.stoa.org/places/501538,
pl-491631,Katerini,"production, cemetery, settlement-modern",pin,40.27136,22.50876,-30,2099,0,115.9,https://pleiades.stoa.org/places/491631,
pl-501366,Athos (mountain),mountain,pin,40.15722,24.32639,1700,2100,0,116.4,https://pleiades.stoa.org/places/501366,
pl-501641,Thrambos Pr.,cape,pin,39.96018,23.68357,1700,2100,0,116.4,https://pleiades.stoa.org/places/501641,
pl-648569776,Skydra Hellenistic Temple,temple-2,pin,40.76134,22.14529,-330,-30,0,116.5,https://pleiades.stoa.org/places/648569776,
pl-491594,Europos,"settlement, archaeological-site",pin,40.94615,22.11167,-330,300,0,116.5,https://pleiades.stoa.org/places/491594,
pl-481983,Scaptopara,"settlement, villa",pin,41.99569,23.05249,-330,1999,0,116.7,https://pleiades.stoa.org/places/481983,
pl-501371,Batak,settlement,pin,41.90162,24.21745,-750,640,0,116.7,https://pleiades.stoa.org/places/501371,
pl-501575,Poseidonion Pr.,cape,pin,39.95224,23.35707,1700,2100,0,116.9,https://pleiades.stoa.org/places/501575,
pl-630785464,Xantheia/Xanthi,"settlement, settlement-modern",pin,41.13805,24.88641,850,2099,0,117.1,https://pleiades.stoa.org/places/630785464,
pl-501637,Th(e)rambos,settlement,pin,39.95000,23.66667,-550,2100,0,117.4,https://pleiades.stoa.org/places/501637,
pl-491710,Razlovci,settlement,pin,41.89863,22.75967,300,640,0,117.5,https://pleiades.stoa.org/places/491710,
pl-491593,Euboia/Dausara,settlement,pin,40.76918,22.12943,300,640,0,117.6,https://pleiades.stoa.org/places/491593,
pl-501620,Skione,settlement,pin,39.93906,23.57478,-750,-330,0,117.9,https://pleiades.stoa.org/places/501620,
pl-501646,Torone,settlement,pin,39.97708,23.90079,-750,300,0,118.4,https://pleiades.stoa.org/places/501646,
pl-491518,Almopia,"region, label",pin,40.99610,22.07698,-550,-30,0,119.2,https://pleiades.stoa.org/places/491518,
pl-501476,Kophos,settlement,pin,39.97149,23.91769,-550,-330,0,119.4,https://pleiades.stoa.org/places/501476,
pl-501530,Nymphaion Pr.,cape,pin,40.11000,24.30500,,,0,119.6,https://pleiades.stoa.org/places/501530,
pl-491727,Šopur,settlement,pin,41.60527,22.31693,-30,640,0,119.7,https://pleiades.stoa.org/places/491727,
pl-491723,Skydra,"settlement, settlement-modern",pin,40.70979,22.12308,-330,2099,0,119.8,https://pleiades.stoa.org/places/491723,
pl-501453,Kanastraion Pr.,cape,pin,39.93436,23.74507,-30,2100,0,120.1,https://pleiades.stoa.org/places/501453,
pl-78619237,Asomata,"cemetery, archaeological-site",pin,40.49029,22.23456,-4000,-30,0,120.2,https://pleiades.stoa.org/places/78619237,
pl-419515104,Nea Nikomedeia,"settlement, settlement-modern",pin,40.52153,22.20368,1700,2100,0,120.9,https://pleiades.stoa.org/places/419515104,
pl-491546,Ber(r)oia,settlement,pin,40.52213,22.20149,-550,2099,0,121.0,https://pleiades.stoa.org/places/491546,
pl-836423101,Tomb of Lison and Kallikles ,tomb,pin,40.65254,22.12767,-300,2099,0,121.3,https://pleiades.stoa.org/places/836423101,
pl-501342,Akrathos Pr.,cape,pin,40.13700,24.39480,1700,2100,0,121.6,https://pleiades.stoa.org/places/501342,
pl-501478,Kossinites? (river),river,pin,41.16459,24.93652,1900,2099,0,121.7,https://pleiades.stoa.org/places/501478,
pl-491664,Mieza,"settlement, archaeological-site",pin,40.64480,22.12262,-550,-30,0,121.9,https://pleiades.stoa.org/places/491664,
pl-209287973,Mieza theater,theatre,pin,40.64416,22.12251,-330,-30,0,122.0,https://pleiades.stoa.org/places/209287973,
pl-491590,Enipeios (river),river,pin,40.24008,22.44322,2000,2099,0,122.3,https://pleiades.stoa.org/places/491590,
pl-781836776,Toumba Apsalou (Pella),"settlement, archaeological-site",pin,40.90990,22.03930,,,0,122.8,https://pleiades.stoa.org/places/781836776,
pl-491666,Mrežičko,fort,pin,41.18492,22.05123,300,640,0,123.1,https://pleiades.stoa.org/places/491666,
pl-491585,Edessa (Macedonia),settlement,pin,40.79972,22.05397,-550,1599,0,123.2,https://pleiades.stoa.org/places/491585,
pl-491690,Pešternica,settlement,pin,41.54935,22.22026,300,640,0,123.3,https://pleiades.stoa.org/places/491690,
pl-501398,Derris (promontory),cape,pin,39.93736,23.93043,1700,2100,0,123.3,https://pleiades.stoa.org/places/501398,
pl-501323,Abdera,settlement,pin,40.93283,24.97431,-750,300,0,123.7,https://pleiades.stoa.org/places/501323,
pl-376566547,Sanctuary of Isis at Dion,sanctuary,pin,40.17619,22.49522,-330,-30,0,124.3,https://pleiades.stoa.org/places/376566547,
pl-111698661,Mieza Nymphaion,"fountain, architecturalcomplex",pin,40.63069,22.09849,-330,-30,0,124.4,https://pleiades.stoa.org/places/111698661,
pl-491572,Dion,"settlement, archaeological-site",pin,40.17639,22.49144,-750,640,0,124.5,https://pleiades.stoa.org/places/491572,
pl-832363479,Hellenistic theater at Dion,theatre,pin,40.17242,22.49194,-330,-30,0,124.8,https://pleiades.stoa.org/places/832363479,
pl-491752,Vojšanci,temple,pin,41.50212,22.16728,-30,300,0,124.8,https://pleiades.stoa.org/places/491752,
pl-504348,Untitled,mine,pin,40.98724,24.99247,-550,300,0,125.0,https://pleiades.stoa.org/places/504348,
pl-501486,Koutson,settlement,pin,41.05833,24.99580,300,640,0,125.5,https://pleiades.stoa.org/places/501486,
pl-482004,Stob,settlement,pin,42.09503,23.10677,-330,640,0,125.9,https://pleiades.stoa.org/places/482004,
pl-491524,Antigoneia?,"settlement, settlement-modern",pin,41.46459,22.12482,-330,2100,0,126.2,https://pleiades.stoa.org/places/491524,
pl-481813,Dounax (mountain),"mountain, label",pin,42.13852,23.53161,,,0,126.4,https://pleiades.stoa.org/places/481813,
pl-501562,Philia,fort,pin,41.13698,24.99781,-30,300,0,126.4,https://pleiades.stoa.org/places/501562,
pl-501375,Bergepolis,settlement,pin,41.05759,25.01371,-550,300,0,127.0,https://pleiades.stoa.org/places/501375,
pl-491697,Pimpleia,settlement,pin,40.14341,22.49315,-330,300,0,127.1,https://pleiades.stoa.org/places/491697,
pl-981531,Macedonia (Roman province),province-2,wash,40.74384,22.02066,-330,-30,0,127.1,https://pleiades.stoa.org/places/981531,
pl-491606,Gradec,settlement,pin,41.85451,22.48865,300,640,0,127.2,https://pleiades.stoa.org/places/491606,
pl-501377,Bistones,"label, people",pin,41.12020,25.01975,-550,300,0,128.0,https://pleiades.stoa.org/places/501377,
pl-482000,Sportela,settlement,pin,42.12841,23.17222,-30,300,0,128.2,https://pleiades.stoa.org/places/482000,
pl-491608,Grljane,settlement,pin,41.94466,22.61740,-30,300,0,128.3,https://pleiades.stoa.org/places/491608,
pl-491749,Vinica,settlement,pin,41.87816,22.50397,-30,640,0,128.3,https://pleiades.stoa.org/places/491749,
pl-491658,Majdan,settlement,pin,41.15947,21.96398,-30,640,0,129.9,https://pleiades.stoa.org/places/491658,
pl-491713,Rožden,"settlement, mine",pin,41.20938,21.95491,-30,640,0,131.5,https://pleiades.stoa.org/places/491713,
pl-491633,Kavadarci,settlement,pin,41.44020,22.03056,-30,640,0,132.4,https://pleiades.stoa.org/places/491633,
pl-501348,Anastasioupolis,settlement,pin,41.11618,25.07578,300,640,0,132.6,https://pleiades.stoa.org/places/501348,
pl-491604,Glišič,settlement,pin,41.46692,22.03656,-30,640,0,133.1,https://pleiades.stoa.org/places/491604,
pl-491541,Begnište,settlement,pin,41.38063,21.98198,-30,640,0,134.0,https://pleiades.stoa.org/places/491541,
pl-491617,Herakleion,settlement,pin,39.98655,22.62333,-550,2099,0,134.3,https://pleiades.stoa.org/places/491617,
pl-491650,Leibethra,"settlement, archaeological-site",pin,40.02542,22.53502,-330,2099,0,135.0,https://pleiades.stoa.org/places/491650,
pl-491711,Resava,settlement,pin,41.39635,21.97458,-30,640,0,135.2,https://pleiades.stoa.org/places/491711,
pl-491551,Bora/Bermion M.,mountain,pin,40.52580,22.01042,-30,2100,0,135.4,https://pleiades.stoa.org/places/491551,
pl-491577,Doljani,settlement,pin,41.72071,22.19645,-30,640,0,135.4,https://pleiades.stoa.org/places/491577,
pl-491735,Sys (river),river,pin,40.02057,22.52204,2000,2099,0,136.1,https://pleiades.stoa.org/places/491735,
pl-491530,Astibos,station,pin,41.73069,22.19345,-30,640,0,136.2,https://pleiades.stoa.org/places/491530,
pl-491538,Bargala,settlement,pin,41.80100,22.26784,-30,640,0,136.2,https://pleiades.stoa.org/places/491538,
pl-501378,Bistonis (lake),lake,pin,41.04290,25.12529,1700,2100,0,136.2,https://pleiades.stoa.org/places/501378,
pl-491738,Teranci,settlement,pin,41.85480,22.32945,-30,640,0,136.4,https://pleiades.stoa.org/places/491738,
pl-216824,Golyamo Belovo,church,pin,42.19145,23.98708,300,640,0,138.4,https://pleiades.stoa.org/places/216824,
pl-491510,Ad Duodecimum,station,pin,40.78237,21.86314,-30,640,0,139.2,https://pleiades.stoa.org/places/491510,
pl-491677,Olympos (mountain in Greece),mountain,pin,40.08556,22.35861,-750,2100,0,139.4,https://pleiades.stoa.org/places/491677,
pl-501399,Dikaia,settlement,pin,40.99287,25.16565,-750,-330,0,139.5,https://pleiades.stoa.org/places/501399,
pl-491725,Sofilari,villa,pin,41.72168,22.12827,-30,640,0,140.1,https://pleiades.stoa.org/places/491725,
pl-540838,Ipnoi,people,wash,39.75000,23.25000,-550,-30,0,140.3,https://pleiades.stoa.org/places/540838,
pl-491750,Vitolište,"settlement, mine-2",pin,41.16494,21.83484,-30,640,0,140.7,https://pleiades.stoa.org/places/491750,
pl-541045,Phila,settlement,pin,39.91992,22.61920,-550,300,0,140.8,https://pleiades.stoa.org/places/541045,
pl-491691,Petra,bridge,pin,40.15690,22.23855,-330,640,0,141.2,https://pleiades.stoa.org/places/491691,
pl-308912370,Roman theater of Stobi,theatre,pin,41.55146,21.97463,-30,300,0,141.7,https://pleiades.stoa.org/places/308912370,
pl-491731,Stobi,settlement,pin,41.55233,21.97440,-330,640,0,141.7,https://pleiades.stoa.org/places/491731,
pl-540819,Homolion,settlement,pin,39.89205,22.65400,-750,640,0,141.9,https://pleiades.stoa.org/places/540819,
pl-491533,Audaristos,station,pin,41.43375,21.90547,-750,640,0,142.0,https://pleiades.stoa.org/places/491533,
pl-540784,Eurymenai,"settlement, settlement-modern",pin,39.83321,22.79224,-330,2099,0,142.4,https://pleiades.stoa.org/places/540784,
pl-491536,Banja,villa,pin,41.91884,22.31091,-30,300,0,142.6,https://pleiades.stoa.org/places/491536,
pl-491599,*Geneatae,"label, people",pin,41.23164,21.82552,-330,640,0,142.6,https://pleiades.stoa.org/places/491599,
pl-491756,Zeus Olympios (temple),temple-2,pin,40.04675,22.35171,-330,1999,0,143.0,https://pleiades.stoa.org/places/491756,
pl-491646,Krupište,settlement,pin,41.87579,22.24334,300,640,0,143.3,https://pleiades.stoa.org/places/491646,
pl-491539,Barnous (mountain),mountain,pin,40.93111,21.78917,1700,2100,0,143.5,https://pleiades.stoa.org/places/491539,
pl-491613,Hadži Hamzali,fort,pin,41.69815,22.05831,300,640,0,143.5,https://pleiades.stoa.org/places/491613,
pl-491578,Dolni Balvan,settlement,pin,41.81579,22.16824,-30,640,0,143.7,https://pleiades.stoa.org/places/491578,
pl-541085,Rhizous,settlement,pin,39.80726,22.82364,-550,300,0,144.0,https://pleiades.stoa.org/places/541085,
pl-481844,Germania,settlement,pin,42.28918,23.26418,-30,640,0,144.5,https://pleiades.stoa.org/places/481844,
pl-216732,Bessapara,settlement,pin,42.10181,24.43630,-30,640,0,145.3,https://pleiades.stoa.org/places/216732,
pl-491543,Begorritus lacus,lake,pin,40.75986,21.79450,-30,2100,0,145.3,https://pleiades.stoa.org/places/491543,
pl-491728,Spančevo,settlement,pin,41.93528,22.28194,-30,640,0,145.6,https://pleiades.stoa.org/places/491728,
pl-540668,Ascuris Palus,lake,pin,39.95000,22.45000,-330,2099,0,146.0,https://pleiades.stoa.org/places/540668,
pl-491662,Melnica,settlement,pin,41.14650,21.76587,-30,640,0,146.2,https://pleiades.stoa.org/places/491662,
pl-216926,Peroushtitsa,church,pin,42.05725,24.54720,300,640,0,146.5,https://pleiades.stoa.org/places/216926,
pl-769421955,Castle of Oria,"tower-defensive, castle",pin,39.87410,22.57675,-30,1453,0,147.0,https://pleiades.stoa.org/places/769421955,
pl-540671,Askyris,settlement,pin,40.00014,22.34718,-550,300,0,147.1,https://pleiades.stoa.org/places/540671,
pl-541131,Tempe,valley,pin,39.87597,22.56653,2000,2099,0,147.2,https://pleiades.stoa.org/places/541131,
pl-491610,Gujinovci,settlement,pin,41.89959,22.19718,-30,640,0,147.9,https://pleiades.stoa.org/places/491610,
pl-491744,Titarion (mountain),mountain,pin,40.15528,22.13472,1700,2100,0,147.9,https://pleiades.stoa.org/places/491744,
pl-491549,Bokeria/*Begorra,settlement,pin,40.70355,21.77738,-330,300,0,148.0,https://pleiades.stoa.org/places/491549,
pl-491667,Mrzen,settlement,pin,41.48330,21.85334,-30,640,0,148.0,https://pleiades.stoa.org/places/491667,
pl-491708,Rakle,settlement,pin,41.42628,21.82438,300,640,0,148.1,https://pleiades.stoa.org/places/491708,
pl-491644,Krivi Dol,settlement,pin,41.79819,22.07939,300,640,0,148.4,https://pleiades.stoa.org/places/491644,
pl-501498,Linos,settlement,pin,41.14356,25.26095,-550,-30,0,148.4,https://pleiades.stoa.org/places/501498,
pl-481980,Samokov,settlement,pin,42.33712,23.55764,-30,640,0,148.5,https://pleiades.stoa.org/places/481980,
pl-481845,Golemo selo,settlement,pin,42.29324,23.04209,-30,640,0,148.6,https://pleiades.stoa.org/places/481845,
pl-113317585,Chani Kokkonas,archaeological-site,pin,39.86883,22.54724,2000,2099,0,148.8,https://pleiades.stoa.org/places/113317585,
pl-491534,Axios (river),river,pin,41.54558,21.87627,-550,2100,0,148.9,https://pleiades.stoa.org/places/491534,
pl-491607,Gradište,unknown,wash,41.25000,21.75000,300,640,0,149.2,https://pleiades.stoa.org/places/491607,
pl-589838168,Zar Trypa Cave Sanctuary,"sanctuary, cave",pin,39.82000,22.64200,-550,2099,0,149.4,https://pleiades.stoa.org/places/589838168,
pl-481967,Prodanovci,settlement,pin,42.34663,23.52334,-30,640,0,149.5,https://pleiades.stoa.org/places/481967,
pl-540648,Temple of Apollo at Tempe,sanctuary,pin,39.85509,22.55811,-550,300,0,149.6,https://pleiades.stoa.org/places/540648,
pl-540779,(Eu)Dieron?,settlement,pin,39.92970,22.41559,-330,-30,0,149.6,https://pleiades.stoa.org/places/540779,
pl-501628,Molyvoti/Stryme?,"settlement, archaeological-site",pin,40.93613,25.28495,-550,2099,0,149.7,https://pleiades.stoa.org/places/501628,
pl-491527,Argos,settlement,pin,41.58135,21.88507,-30,640,0,149.9,https://pleiades.stoa.org/places/491527,
pl-540993,Ossa (mountain),mountain,pin,39.79578,22.68520,-550,2100,0,150.1,https://pleiades.stoa.org/places/540993,
pl-543766,Larissa,"unlocated, settlement",wash,39.79578,22.68520,,,0,150.1,https://pleiades.stoa.org/places/543766,
pl-491705,Pythion,"settlement, fort",pin,40.05418,22.21806,-550,300,0,150.2,https://pleiades.stoa.org/places/491705,
pl-491591,Eordaia,"region, label",pin,40.53503,21.81379,-550,640,0,150.4,https://pleiades.stoa.org/places/491591,
pl-481996,Soneio,station,pin,42.31802,23.93457,-30,640,0,150.8,https://pleiades.stoa.org/places/481996,
pl-491652,Lezovo,settlement,pin,41.94082,22.20034,300,640,0,150.9,https://pleiades.stoa.org/places/491652,
pl-540876,Kondylos,settlement,pin,39.87895,22.47207,-550,640,0,151.3,https://pleiades.stoa.org/places/540876,
pl-540793,Gonnoi,settlement,pin,39.85893,22.49814,-750,640,0,151.9,https://pleiades.stoa.org/places/540793,
pl-540982,Olympias/Gonnocondylus,settlement,pin,39.85514,22.49614,-550,-30,0,152.4,https://pleiades.stoa.org/places/540982,
pl-501440,Ismaris (lake),lake,pin,40.98629,25.31856,1700,2100,0,152.4,https://pleiades.stoa.org/places/501440,
pl-491611,Gurbita,station,pin,41.63057,21.87605,-30,640,0,153.0,https://pleiades.stoa.org/places/491611,
pl-481912,Messapion (mountain),"mountain, label",pin,42.15867,22.50312,2000,2099,0,153.3,https://pleiades.stoa.org/places/481912,
pl-501574,*Porsulae/Maximianopolis,"church-2, settlement, archaeological-site",pin,41.12843,25.32542,-30,1453,0,153.6,https://pleiades.stoa.org/places/501574,
pl-585579564,Bachkovo Monastery,monastery,pin,41.94185,24.84976,1000,2100,0,154.0,https://pleiades.stoa.org/places/585579564,
pl-491568,Delisinci,settlement,pin,41.79549,21.98737,-30,640,0,154.4,https://pleiades.stoa.org/places/491568,
pl-540798,Gyrton(e),settlement,pin,39.79815,22.56985,-750,640,0,154.5,https://pleiades.stoa.org/places/540798,
pl-481783,Cellae,station,pin,40.75647,21.67964,-30,640,0,154.9,https://pleiades.stoa.org/places/481783,
pl-481812,*Dostoneoi,settlement,pin,41.26716,21.68493,-30,300,0,154.9,https://pleiades.stoa.org/places/481812,
pl-934539043,Paradimi Neolithic Tomb,tomb,pin,41.07806,25.34626,-10000,-3300,0,154.9,https://pleiades.stoa.org/places/934539043,
pl-491676,*Oblostos,settlement,pin,40.17845,22.00081,-30,300,0,155.2,https://pleiades.stoa.org/places/491676,
pl-481801,Dentheletai,"label, people",pin,42.34541,22.98963,-330,300,0,155.3,https://pleiades.stoa.org/places/481801,
pl-491609,Grnčište,settlement,pin,41.64150,21.84760,-30,640,0,155.7,https://pleiades.stoa.org/places/491609,
pl-481742,Arnisa,settlement,pin,40.64581,21.70041,-550,-330,0,155.8,https://pleiades.stoa.org/places/481742,
pl-216908,Oescus (river),river,pin,42.40441,23.55095,-30,2100,0,155.9,https://pleiades.stoa.org/places/216908,
pl-481712,Alino,settlement,pin,42.40196,23.38310,-30,640,0,155.9,https://pleiades.stoa.org/places/481712,
pl-541118,Sykyrion,settlement,pin,39.71000,22.75353,-750,640,0,156.2,https://pleiades.stoa.org/places/541118,
pl-897490752,Kastri Livadiou ancient settlement,"fortified-settlement, basilica, sanctuary, archaeological-site",pin,40.05329,22.12127,500,2099,0,156.2,https://pleiades.stoa.org/places/897490752,
pl-501639,Thracium/Macedonicum Mare,water-open,pin,40.36667,25.16667,1700,2100,0,156.3,https://pleiades.stoa.org/places/501639,
pl-481949,Pautalia,"fort-2, settlement",pin,42.27473,22.69153,-30,1599,0,156.9,https://pleiades.stoa.org/places/481949,
pl-481823,*Egerica,station,pin,42.38742,23.87301,-30,640,0,157.1,https://pleiades.stoa.org/places/481823,
pl-491753,Volustana,pass,pin,40.09816,22.05291,-30,2100,0,157.2,https://pleiades.stoa.org/places/491753,
pl-491576,Doliche,settlement,wash,40.05935,22.09614,-30,640,0,157.3,https://pleiades.stoa.org/places/491576,
pl-501658,Vodeničarsko,settlement,pin,41.47861,25.27545,300,640,0,157.9,https://pleiades.stoa.org/places/501658,
pl-481850,Grande,station,pin,40.74846,21.64044,-30,640,0,158.3,https://pleiades.stoa.org/places/481850,
pl-481851,Grizilevci,settlement,pin,42.01775,22.17676,-30,640,0,158.3,https://pleiades.stoa.org/places/481851,
pl-491721,Skačinci,settlement,pin,41.62856,21.80248,300,640,0,158.4,https://pleiades.stoa.org/places/491721,
pl-99004197,Sarantaporo ancient settlement,"settlement, archaeological-site",pin,40.06541,22.07099,-550,2099,0,158.4,https://pleiades.stoa.org/places/99004197,
pl-481999,Spinopara,settlement,pin,42.32428,22.78247,-30,300,0,158.8,https://pleiades.stoa.org/places/481999,
pl-491588,Elimia,settlement,pin,40.28930,21.85485,-750,300,0,158.8,https://pleiades.stoa.org/places/491588,
pl-491587,Elimeia,"region, label",pin,40.25552,21.87599,-330,300,0,159.2,https://pleiades.stoa.org/places/491587,
pl-501418,Fotinovo,settlement,pin,41.33480,25.34834,-30,640,0,159.2,https://pleiades.stoa.org/places/501418,
pl-491680,Paionia,"label, people",pin,41.71478,21.84861,-750,300,0,159.5,https://pleiades.stoa.org/places/491680,
pl-491659,Mečkuevi,settlement,pin,41.93432,22.04985,-30,640,0,159.7,https://pleiades.stoa.org/places/491659,
pl-491592,Erigon (river),river,pin,41.21698,21.59754,-30,2100,0,161.2,https://pleiades.stoa.org/places/491592,
pl-481860,Helice,station,pin,42.43832,23.81611,-30,640,0,161.8,https://pleiades.stoa.org/places/481860,
pl-481952,Pelagonia,settlement,pin,41.31328,21.61069,-550,300,0,162.0,https://pleiades.stoa.org/places/481952,
pl-501661,Xantheia,settlement,pin,40.90505,25.42951,-550,640,0,162.0,https://pleiades.stoa.org/places/501661,
pl-481737,Argestaioi,"label, people",pin,41.57124,21.71949,-330,300,0,162.1,https://pleiades.stoa.org/places/481737,
pl-481953,Pelagonia,"region, label",pin,41.31188,21.61009,-330,640,0,162.1,https://pleiades.stoa.org/places/481953,
pl-540950,Mopsion,settlement,pin,39.78742,22.42056,-750,300,0,162.2,https://pleiades.stoa.org/places/540950,
pl-481874,*Karistoron,temple,pin,42.33081,22.70003,-30,640,0,162.2,https://pleiades.stoa.org/places/481874,
pl-540875,Kondaia,fort,pin,39.79854,22.39661,-330,-30,0,162.3,https://pleiades.stoa.org/places/540875,
pl-491557,Bylazora,"settlement, archaeological-site",pin,41.84691,21.91228,-330,640,0,162.9,https://pleiades.stoa.org/places/491557,
pl-491640,Kneže,settlement,pin,41.84722,21.91253,-30,640,0,162.9,https://pleiades.stoa.org/places/491640,
pl-491642,Kozani,settlement,pin,40.30086,21.78588,-750,300,0,163.2,https://pleiades.stoa.org/places/491642,
pl-540631,Amyros,settlement,pin,39.66033,22.69343,-750,2099,0,163.3,https://pleiades.stoa.org/places/540631,
pl-540981,Olooson,settlement,pin,39.89278,22.21571,-750,1999,0,163.3,https://pleiades.stoa.org/places/540981,
pl-482019,Tranupara,station,pin,42.08061,22.17728,-30,2099,0,163.3,https://pleiades.stoa.org/places/482019,
pl-501475,Komotene,settlement,pin,41.11702,25.44587,300,2099,0,163.5,https://pleiades.stoa.org/places/501475,
pl-540687,Azoros,"fort-2, settlement",pin,39.98493,22.08381,-330,2099,0,163.6,https://pleiades.stoa.org/places/540687,
pl-540760,Elone/Leimone,settlement,pin,39.82679,22.31844,-750,-30,0,163.6,https://pleiades.stoa.org/places/540760,
pl-481869,Jarlovo,settlement,pin,42.46856,23.27829,-30,640,0,164.1,https://pleiades.stoa.org/places/481869,
pl-229782807,Odeon of Philippopolis,odeon,pin,42.14350,24.75030,-30,300,0,164.6,https://pleiades.stoa.org/places/229782807,
pl-216927,Philippopolis/Trimontium,settlement,pin,42.14559,24.74947,-330,2099,0,164.7,https://pleiades.stoa.org/places/216927,
pl-925968978,Stadium of Philippopolis,stadion,pin,42.14772,24.74808,2000,2099,0,164.8,https://pleiades.stoa.org/places/925968978,
pl-229714163,Roman theater of Philippopolis,theatre,pin,42.14694,24.75122,-30,2099,0,164.9,https://pleiades.stoa.org/places/229714163,
pl-491559,Cambunii,mountain,pin,40.03082,22.00610,1700,2100,0,165.0,https://pleiades.stoa.org/places/491559,
pl-481903,Lynkos,"region, label",pin,40.91425,21.52769,-550,300,0,165.5,https://pleiades.stoa.org/places/481903,
pl-540856,Kasthaneia,settlement,pin,39.57280,22.91140,-750,-30,0,165.9,https://pleiades.stoa.org/places/540856,
pl-481966,Prisat,settlement,pin,41.42860,21.60058,-30,640,0,166.1,https://pleiades.stoa.org/places/481966,
pl-491540,Bašino Selo,settlement,pin,41.77305,21.80026,300,640,0,166.2,https://pleiades.stoa.org/places/491540,
pl-491689,Perraibia,"region, label, people",pin,39.94659,22.08753,,,0,166.4,https://pleiades.stoa.org/places/491689,
pl-217000,Succorum Angustiae,labeled feature,wash,42.50000,23.50000,,,0,166.5,https://pleiades.stoa.org/places/217000,
pl-491625,Kaisareia,settlement,pin,40.17182,21.84115,300,640,0,166.6,https://pleiades.stoa.org/places/491625,
pl-481883,Kolobaise,settlement,pin,41.35145,21.56240,-30,640,0,166.9,https://pleiades.stoa.org/places/481883,
pl-540862,Kerkineion,settlement,pin,39.60735,22.74549,-750,640,0,167.0,https://pleiades.stoa.org/places/540862,
pl-491508,‘Adcephalon’,station,pin,41.74974,21.77137,-30,640,0,167.0,https://pleiades.stoa.org/places/491508,
pl-501580,Priaticus Campus,"plain, label",pin,41.01898,25.50072,-30,300,0,167.6,https://pleiades.stoa.org/places/501580,
pl-693520033,Maroneia Cave,cave,pin,40.93230,25.50372,-4000,2099,0,168.0,https://pleiades.stoa.org/places/693520033,
pl-481784,Ceramia(e)?,settlement,pin,41.34805,21.54726,-30,640,0,168.1,https://pleiades.stoa.org/places/481784,
pl-491511,Aiane,settlement,pin,40.16516,21.82099,-750,300,0,168.4,https://pleiades.stoa.org/places/491511,
pl-481891,Laiaioi,"label, people",pin,42.46599,22.97747,-550,-330,0,168.5,https://pleiades.stoa.org/places/481891,
pl-300354622,Kilīd ūl-Baḥreyn,settlement,wash,40.25000,25.25000,1453,2000,0,168.6,https://pleiades.stoa.org/places/300354622,
pl-491531,Astibos (river),river,wash,41.75000,21.75000,,,0,168.6,https://pleiades.stoa.org/places/491531,
pl-491579,Dolno Čičevo,unknown,wash,41.75000,21.75000,-30,640,0,168.6,https://pleiades.stoa.org/places/491579,
pl-491603,Gjuzemelci,settlement,pin,41.86728,21.84756,-30,640,0,168.6,https://pleiades.stoa.org/places/491603,
pl-493017,Untitled,quarry,wash,41.75000,21.75000,-330,640,0,168.6,https://pleiades.stoa.org/places/493017,
pl-501431,Haskovo bani,unknown,wash,41.75000,25.25000,-30,300,0,168.6,https://pleiades.stoa.org/places/501431,
pl-501507,Maroneia,settlement,pin,40.87375,25.51143,-750,640,0,169.1,https://pleiades.stoa.org/places/501507,
pl-540924,Magoula Kastri,temple,pin,39.74012,22.36339,-550,300,0,169.2,https://pleiades.stoa.org/places/540924,
pl-595596935,Dionysus Sanctuary,sanctuary,pin,40.87936,25.51700,,,0,169.5,https://pleiades.stoa.org/places/595596935,
pl-19771164,Ancient theater of Maroneia,theatre,pin,40.87886,25.51927,-750,2099,0,169.7,https://pleiades.stoa.org/places/19771164,
pl-541097,Sepias (promuntory),cape,pin,39.49927,23.09627,2000,2099,0,170.0,https://pleiades.stoa.org/places/541097,
pl-541151,Titaresios (river),river,pin,39.84914,22.16181,1700,2100,0,170.0,https://pleiades.stoa.org/places/541151,
pl-481909,‘Melitonus’,station,pin,40.86393,21.46565,-30,640,0,171.1,https://pleiades.stoa.org/places/481909,
pl-540931,Malloia,fort,pin,39.87619,22.09155,-550,300,0,171.7,https://pleiades.stoa.org/places/540931,
pl-501459,Kărdžali,settlement,pin,41.63057,25.37572,-30,640,0,172.0,https://pleiades.stoa.org/places/501459,
pl-540901,Lakereia,settlement,pin,39.62389,22.54623,-750,-550,0,172.4,https://pleiades.stoa.org/places/540901,
pl-501382,Briantike,"label, people",pin,40.97486,25.55731,-750,300,0,172.4,https://pleiades.stoa.org/places/501382,
pl-519794781,Tserli,"farm, archaeological-site",pin,39.54967,22.76140,-330,-30,0,172.5,https://pleiades.stoa.org/places/519794781,
pl-540923,Magnesia (region),region,wash,39.50668,22.92052,-550,-30,0,172.7,https://pleiades.stoa.org/places/540923,
pl-501349,Angel vojvoda,settlement,pin,41.74860,25.30737,-30,640,0,172.7,https://pleiades.stoa.org/places/501349,
pl-541096,Sepias,fort,pin,39.47510,23.08526,-750,-30,0,172.8,https://pleiades.stoa.org/places/541096,
pl-501468,Kikones,"label, people",pin,40.93564,25.56108,-330,300,0,172.8,https://pleiades.stoa.org/places/501468,
pl-541165,Tripolis Larisaia,settlement,pin,39.61513,22.55487,-750,300,0,172.9,https://pleiades.stoa.org/places/541165,
pl-763750643,Paleoskala,"settlement, archaeological-site",pin,39.53670,22.78792,-10000,-3300,0,173.0,https://pleiades.stoa.org/places/763750643,
pl-491614,Haliakmon (river),river,pin,40.30690,21.64986,-30,2099,0,173.0,https://pleiades.stoa.org/places/491614,
pl-540741,Dotion Pedion,"plain, label",pin,39.58917,22.61729,-330,640,0,173.2,https://pleiades.stoa.org/places/540741,
pl-491746,Trstenik,settlement,pin,41.92964,21.83752,-30,640,0,173.3,https://pleiades.stoa.org/places/491746,
pl-481998,Sparata,station,pin,42.55591,23.71068,-30,640,0,173.6,https://pleiades.stoa.org/places/481998,
pl-482041,Zlogoš,settlement,pin,42.44588,22.70756,-30,640,0,173.7,https://pleiades.stoa.org/places/482041,
pl-216760,Celaletae Minores,"label, people",pin,41.97881,25.12696,-30,300,0,174.3,https://pleiades.stoa.org/places/216760,
pl-540949,Mondaia,settlement,pin,39.95960,21.93845,-550,-30,0,174.5,https://pleiades.stoa.org/places/540949,
pl-540712,Chyretiai,settlement,pin,39.80014,22.15202,-550,640,0,174.6,https://pleiades.stoa.org/places/540712,
pl-481993,Skombros (mountain),mountain,pin,42.56667,23.28333,1700,2100,0,174.8,https://pleiades.stoa.org/places/481993,
pl-481847,Gorno Ujno,settlement,pin,42.44476,22.66454,-30,640,0,175.0,https://pleiades.stoa.org/places/481847,
pl-501396,Demetrion,settlement,pin,40.47597,25.47449,-750,640,0,175.3,https://pleiades.stoa.org/places/501396,
pl-216980,Sernota,station,pin,42.18340,24.88974,-30,640,0,175.5,https://pleiades.stoa.org/places/216980,
pl-481775,Burgaraca,station,pin,42.57858,23.65790,-30,640,0,175.7,https://pleiades.stoa.org/places/481775,
pl-898976062,Basilica of St. Achillios,basilica,pin,39.64110,22.41571,650,850,0,176.1,https://pleiades.stoa.org/places/898976062,
pl-942647940,The Theater of Larissa,"building, theatre",pin,39.64029,22.41526,-330,2100,0,176.2,https://pleiades.stoa.org/places/942647940,
pl-542465599,"Second ancient theater, Larisa",theatre,pin,39.64028,22.41204,,,0,176.3,https://pleiades.stoa.org/places/542465599,
pl-540905,Larissa,settlement,pin,39.63485,22.42097,-750,2099,0,176.4,https://pleiades.stoa.org/places/540905,
pl-481764,Bistritsa,settlement,pin,42.58585,23.35982,-30,300,0,176.4,https://pleiades.stoa.org/places/481764,
pl-481920,Neapolis,unknown,wash,41.50000,21.50000,-330,300,0,176.5,https://pleiades.stoa.org/places/481920,
pl-481887,Kralev dol,fort,pin,42.56090,23.09388,-30,640,0,176.6,https://pleiades.stoa.org/places/481887,
pl-216917,Panagyurishte,settlement,pin,42.50486,24.18858,-330,-30,0,176.7,https://pleiades.stoa.org/places/216917,
pl-540690,Boibe (lake),lake,pin,39.49338,22.81816,2000,2099,0,176.7,https://pleiades.stoa.org/places/540690,
pl-501457,Karamanci,settlement,pin,41.74666,25.36317,-30,640,0,176.7,https://pleiades.stoa.org/places/501457,
pl-216733,Bessi,"label, people",pin,42.42940,24.43016,-550,300,0,176.8,https://pleiades.stoa.org/places/216733,
pl-481943,Pancharevo,settlement,pin,42.59305,23.41050,-30,640,0,177.0,https://pleiades.stoa.org/places/481943,
pl-481810,Dolno Ujno,settlement,pin,42.41634,22.52450,-30,640,0,177.2,https://pleiades.stoa.org/places/481810,
pl-501430,Harpessos (river),river,pin,41.59431,25.46580,2000,2099,0,177.4,https://pleiades.stoa.org/places/501430,
pl-191828977,Maltepe Tumulus,tumulus,pin,42.17436,24.93861,-30,300,0,177.5,https://pleiades.stoa.org/places/191828977,
pl-7283642,Ancient bridge on Via Egnatia at modern Arisvi,bridge,pin,41.05277,25.61872,-30,300,0,177.6,https://pleiades.stoa.org/places/7283642,
pl-540659,Argoura,settlement,pin,39.65463,22.35056,-750,300,0,177.7,https://pleiades.stoa.org/places/540659,
pl-540790,Glaphyrai,settlement,pin,39.45935,22.90452,-750,640,0,178.1,https://pleiades.stoa.org/places/540790,
pl-482008,Stuberra,settlement,pin,41.24374,21.39749,-330,2100,0,178.2,https://pleiades.stoa.org/places/482008,
pl-481802,Derriopos,"region, label",pin,41.25669,21.39456,-330,300,0,178.7,https://pleiades.stoa.org/places/481802,
pl-481843,German,settlement,pin,42.60956,23.41078,-30,640,0,178.8,https://pleiades.stoa.org/places/481843,
pl-481848,Gorubljane,settlement,pin,42.61040,23.42181,-30,640,0,178.9,https://pleiades.stoa.org/places/481848,
pl-501511,"Megaloi Theoi (sanctuary, Samothrace)","sanctuary, archaeological-site",pin,40.50081,25.53017,-750,640,0,178.9,https://pleiades.stoa.org/places/501511,
pl-501516,Mesambria,settlement,pin,40.86393,25.63090,-550,640,0,179.1,https://pleiades.stoa.org/places/501516,
pl-501596,Samothrace (settlement),"settlement, archaeological-site",pin,40.50211,25.53376,-750,2099,0,179.1,https://pleiades.stoa.org/places/501596,
pl-581674476,Sanctuary of Artemis at Avlonas,"sanctuary, archaeological-site",pin,39.89356,25.06221,,,0,179.5,https://pleiades.stoa.org/places/581674476,
pl-501667,Zone,"settlement, archaeological-site",pin,40.86309,25.63813,-750,640,0,179.8,https://pleiades.stoa.org/places/501667,
pl-481759,Beranci,settlement,pin,41.15930,21.35939,-550,300,0,180.2,https://pleiades.stoa.org/places/481759,
pl-550755,Myrina,"settlement, archaeological-site",pin,39.87750,25.05622,-750,640,0,180.3,https://pleiades.stoa.org/places/550755,
pl-540992,Orthe/Phalanna,settlement,pin,39.70851,22.19311,-750,640,0,180.4,https://pleiades.stoa.org/places/540992,
pl-541021,Pelion (mountain),mountain,pin,39.40822,23.06653,1700,2100,0,180.4,https://pleiades.stoa.org/places/541021,
pl-541178,"Zeus Akraios, T.","sanctuary, temple-2",pin,39.40883,23.05082,-550,300,0,180.6,https://pleiades.stoa.org/places/541178,
pl-185859210,Roman theater at Herakleia,theatre,pin,41.01146,21.34216,-30,300,0,180.8,https://pleiades.stoa.org/places/185859210,
pl-481861,Herakleia,settlement,pin,41.01100,21.34200,-550,640,0,180.8,https://pleiades.stoa.org/places/481861,
pl-540706,Chalkai,settlement,pin,39.55687,22.49695,-550,300,0,180.9,https://pleiades.stoa.org/places/540706,
pl-481799,Daskalovo,fort,pin,42.60280,23.11223,-30,640,0,180.9,https://pleiades.stoa.org/places/481799,
pl-540954,Mylai?,fort,pin,39.75384,22.09873,-550,300,0,181.4,https://pleiades.stoa.org/places/540954,
pl-481772,Brucida,station,pin,40.99367,21.33072,-30,640,0,181.7,https://pleiades.stoa.org/places/481772,
pl-481833,Eratyra,settlement,pin,40.34425,21.51238,-330,300,0,181.7,https://pleiades.stoa.org/places/481833,
pl-965485210,Crnobuki,"settlement, acropolis, archaeological-site",pin,41.12807,21.32545,1900,2099,0,182.7,https://pleiades.stoa.org/places/965485210,
pl-482036,Vladaja,settlement,pin,42.62956,23.19617,-30,640,0,182.7,https://pleiades.stoa.org/places/482036,
pl-484002,Perseis,unlocated,wash,41.12807,21.32545,-330,-30,0,182.7,https://pleiades.stoa.org/places/484002,
pl-501624,Spahievo,settlement,pin,41.89750,25.32896,-30,2100,0,182.8,https://pleiades.stoa.org/places/501624,
pl-501406,Drys,settlement,pin,40.85649,25.67519,-550,300,0,182.9,https://pleiades.stoa.org/places/501406,
pl-481958,Pernik,settlement,pin,42.61036,23.03258,-30,640,0,183.0,https://pleiades.stoa.org/places/481958,
pl-540662,Armenion,settlement,pin,39.48345,22.63912,-750,640,0,183.1,https://pleiades.stoa.org/places/540662,
pl-501557,Perperakion,"settlement, mine",pin,41.71500,25.47103,-30,640,0,183.2,https://pleiades.stoa.org/places/501557,
pl-216796,Douvanli,tumulus,pin,42.36981,24.72299,-550,-330,0,183.3,https://pleiades.stoa.org/places/216796,
pl-541018,Pelasgiotis,"region, label",pin,39.53068,22.48672,,,0,183.9,https://pleiades.stoa.org/places/541018,
pl-481835,‘Extuomne’,station,pin,42.65923,23.46491,-30,640,0,184.2,https://pleiades.stoa.org/places/481835,
pl-501597,Samothrace (island),island,pin,40.45231,25.57624,-30,2100,0,184.3,https://pleiades.stoa.org/places/501597,
pl-501600,Saos (mountain),mountain,pin,40.46166,25.58750,1700,2100,0,184.8,https://pleiades.stoa.org/places/501600,
pl-541022,Peneios (river),river,pin,39.66935,22.17046,1700,2100,0,185.0,https://pleiades.stoa.org/places/541022,
pl-501362,Arriana,bath,pin,41.11400,25.70613,-30,640,0,185.2,https://pleiades.stoa.org/places/501362,
pl-216920,Parambole,station,pin,42.19626,25.04570,-30,640,0,185.5,https://pleiades.stoa.org/places/216920,
pl-481713,Alkomena,settlement,pin,41.27587,21.31501,-330,300,0,185.6,https://pleiades.stoa.org/places/481713,
pl-481809,Dolno Kobile,settlement,pin,42.51504,22.54567,-30,640,0,186.2,https://pleiades.stoa.org/places/481809,
pl-1136,Withdrawn duplicate: Moesia Superior,province-2,wash,42.50000,22.50000,,,0,186.4,https://pleiades.stoa.org/places/1136,
pl-216887,Moesia Inferior,"region, label",wash,42.50000,24.50000,-30,640,0,186.4,https://pleiades.stoa.org/places/216887,
pl-217442,Untitled,aqueduct-group,wash,42.50000,24.50000,-30,640,0,186.4,https://pleiades.stoa.org/places/217442,
pl-222127,Oboulensioi,"unlocated, people",wash,42.50000,24.50000,-30,300,0,186.4,https://pleiades.stoa.org/places/222127,
pl-222131,Ostaphos,unlocated,wash,42.50000,22.50000,-30,300,0,186.4,https://pleiades.stoa.org/places/222131,
pl-481732,Aquae?,people,wash,42.50000,22.50000,-30,640,0,186.4,https://pleiades.stoa.org/places/481732,
pl-482456,Untitled,quarry,wash,42.50000,22.50000,-30,640,0,186.4,https://pleiades.stoa.org/places/482456,
pl-991368,Macedonia,province,wash,42.50000,22.50000,,,0,186.4,https://pleiades.stoa.org/places/991368,
pl-991369,Moesia Superior,province,wash,42.50000,22.50000,,,0,186.4,https://pleiades.stoa.org/places/991369,
pl-991371,Thracia,province,wash,42.50000,22.50000,,,0,186.4,https://pleiades.stoa.org/places/991371,
pl-1001888,Rhodope,province,wash,42.50000,22.50000,,,0,186.4,https://pleiades.stoa.org/places/1001888,
pl-1001902,Dardania,province,wash,42.50000,22.50000,,,0,186.4,https://pleiades.stoa.org/places/1001902,
pl-981519,Dacia Inferior (province),province-2,wash,42.50000,22.50000,,,0,186.4,https://pleiades.stoa.org/places/981519,
pl-981536,Moesia Superior (province),province-2,wash,42.50000,22.50000,,,0,186.4,https://pleiades.stoa.org/places/981536,
pl-981552,Thracia (province),province-2,wash,42.50000,22.50000,,,0,186.4,https://pleiades.stoa.org/places/981552,
pl-991365,Dacia Mediterranea,province-2,wash,42.50000,22.50000,,,0,186.4,https://pleiades.stoa.org/places/991365,
pl-991366,Dacia Ripensis,province-2,wash,42.50000,22.50000,,,0,186.4,https://pleiades.stoa.org/places/991366,
pl-991370,Rhodope,province,wash,42.50000,22.50000,,,0,186.4,https://pleiades.stoa.org/places/991370,
pl-992077,Moesiae,diocese-roman,wash,42.50000,22.50000,,,0,186.4,https://pleiades.stoa.org/places/992077,
pl-992078,Thracia,province,wash,42.50000,22.50000,,,0,186.4,https://pleiades.stoa.org/places/992078,
pl-1001132,Thrakike,diocese-roman,wash,42.50000,22.50000,,,0,186.4,https://pleiades.stoa.org/places/1001132,
pl-1001893,Makedonia I,province,wash,42.50000,22.50000,,,0,186.4,https://pleiades.stoa.org/places/1001893,
pl-1001894,Makedonia II,province,wash,42.50000,22.50000,,,0,186.4,https://pleiades.stoa.org/places/1001894,
pl-1001899,Nea Epeiros,province-2,wash,42.50000,22.50000,,,0,186.4,https://pleiades.stoa.org/places/1001899,
pl-1001900,Dakia Mesogeios,province,wash,42.50000,22.50000,,,0,186.4,https://pleiades.stoa.org/places/1001900,
pl-1001901,Parapotamia Dakia,province,wash,42.50000,22.50000,,,0,186.4,https://pleiades.stoa.org/places/1001901,
pl-1001904,Mysia I (province),province-2,wash,42.50000,22.50000,,,0,186.4,https://pleiades.stoa.org/places/1001904,
pl-540837,Iolkos,settlement,pin,39.36630,22.96886,-750,640,0,186.7,https://pleiades.stoa.org/places/540837,
pl-540795,Goritsa,"settlement, archaeological-site",pin,39.35494,22.97973,-550,-30,0,187.7,https://pleiades.stoa.org/places/540795,
pl-501606,Serreion (promontory),cape,pin,40.84537,25.73137,2000,2099,0,187.7,https://pleiades.stoa.org/places/501606,
pl-481954,Pelagoniae Fauces,pass,pin,41.24296,21.28080,-30,300,0,187.9,https://pleiades.stoa.org/places/481954,
pl-501432,Hebros (river),river,pin,41.77447,25.50158,-330,2100,0,188.4,https://pleiades.stoa.org/places/501432,
pl-501477,Korpilike,"region, label",pin,41.08234,25.74807,-330,300,0,188.5,https://pleiades.stoa.org/places/501477,
pl-550798,Palaio Pretorio,"well, temple-2",pin,39.93652,25.25518,-750,300,0,188.6,https://pleiades.stoa.org/places/550798,
pl-216826,Gorna Malina,fort,pin,42.69390,23.70621,-30,640,0,188.8,https://pleiades.stoa.org/places/216826,
pl-789002570,"Lamiospito Tholos Tomb, Dimini",tumulus,pin,39.36231,22.89303,-1600,-1200,0,188.8,https://pleiades.stoa.org/places/789002570,
pl-540613,Dimini,settlement,pin,39.36144,22.89380,-4000,-30,0,188.8,https://pleiades.stoa.org/places/540613,
pl-540946,Methone (Magnesian),"settlement, acropolis",pin,39.33160,23.05270,-750,1999,0,188.9,https://pleiades.stoa.org/places/540946,
pl-867812307,Roman Amphitheater of Serdica,amphitheatre,pin,42.69746,23.32746,-30,2099,0,189.0,https://pleiades.stoa.org/places/867812307,
pl-550693,Lemnos (island),island,pin,39.90502,25.22909,1500,2100,0,189.1,https://pleiades.stoa.org/places/550693,
pl-501664,Zerynthos,settlement,pin,40.48871,25.65337,300,640,0,189.1,https://pleiades.stoa.org/places/501664,
pl-583980739,Western gate of Serdica,"city-gate, city-wall, archaeological-site",pin,42.69887,23.32021,-30,640,0,189.2,https://pleiades.stoa.org/places/583980739,
pl-481788,Chepino,fort,pin,42.61666,22.78334,-30,640,0,189.2,https://pleiades.stoa.org/places/481788,
pl-113317586,Fonias Tower,tower-defensive,pin,40.49275,25.65727,1400,1499,0,189.3,https://pleiades.stoa.org/places/113317586,
pl-655392792,Starosel Monumental Tomb,"tomb, tumulus",pin,42.51212,24.54704,-400,2099,0,189.4,https://pleiades.stoa.org/places/655392792,
pl-786277755,Temple of Enodia,"sanctuary, temple-2",pin,39.38930,22.74237,-550,2099,0,189.7,https://pleiades.stoa.org/places/786277755,
pl-482035,Vizi(...),station,pin,42.09665,21.75817,-30,300,0,190.0,https://pleiades.stoa.org/places/482035,
pl-540730,Demetrias (Magnesian),settlement,pin,39.34348,22.92403,-750,2099,0,190.1,https://pleiades.stoa.org/places/540730,
pl-550657,Kokkinos,settlement,pin,39.93876,25.28272,-550,-30,0,190.2,https://pleiades.stoa.org/places/550657,
pl-543727,Hypereia (spring),"unlocated, spring, archaeological-site, monument",pin,39.38432,22.74254,-30,2099,0,190.2,https://pleiades.stoa.org/places/543727,
pl-481704,Agrianes,"label, people",pin,42.66169,22.94726,-550,-30,0,190.2,https://pleiades.stoa.org/places/481704,
pl-540881,Korope,settlement,pin,39.30966,23.10728,-750,300,0,190.5,https://pleiades.stoa.org/places/540881,
pl-541044,Pherai,settlement,pin,39.37904,22.75385,-750,640,0,190.5,https://pleiades.stoa.org/places/541044,
pl-501607,Serreion/Zonaion M.,"mountain, label",pin,40.92959,25.77370,,,0,190.6,https://pleiades.stoa.org/places/501607,
pl-937883502,Sesklo,settlement,pin,39.35538,22.84162,-10000,-3300,0,190.7,https://pleiades.stoa.org/places/937883502,
pl-550569,Hephaistia,"sanctuary, settlement",pin,39.96458,25.31823,-750,1999,0,190.8,https://pleiades.stoa.org/places/550569,
pl-58094152,Kokino,settlement,pin,42.26338,21.95312,-2000,-1000,0,190.9,https://pleiades.stoa.org/places/58094152,
pl-540649,"Apollo, T.",temple-2,pin,39.30349,23.12214,-750,300,0,191.0,https://pleiades.stoa.org/places/540649,
pl-481938,Orestis,label,pin,40.46800,21.32813,-550,300,0,191.3,https://pleiades.stoa.org/places/481938,
pl-550604,Kabeireion,sanctuary,pin,39.97935,25.34166,-750,300,0,191.4,https://pleiades.stoa.org/places/550604,
pl-540766,Ereikinion,settlement,pin,39.70237,21.99417,-330,300,0,191.5,https://pleiades.stoa.org/places/540766,
pl-207439,Serdica,"settlement, amphitheatre, archaeological-site",pin,42.72283,23.34289,-30,2100,0,191.7,https://pleiades.stoa.org/places/207439,
pl-541043,Phayttos,"settlement, acropolis, settlement-modern",pin,39.60751,22.12787,-750,2100,0,192.6,https://pleiades.stoa.org/places/541043,
pl-550753,Mosychlos (mountain),"mountain, label",pin,39.92393,25.30505,,,0,192.7,https://pleiades.stoa.org/places/550753,
pl-540682,Atrax,"settlement, acropolis",pin,39.57160,22.19210,-750,640,0,192.7,https://pleiades.stoa.org/places/540682,
pl-645204823,Koukonesi,island,pin,39.88572,25.26738,-3000,2100,0,192.9,https://pleiades.stoa.org/places/645204823,
pl-481773,Bryanion,settlement,pin,41.23702,21.21932,-550,300,0,192.9,https://pleiades.stoa.org/places/481773,
pl-540627,Amphanai?,settlement,pin,39.31311,22.93033,-750,-30,0,193.2,https://pleiades.stoa.org/places/540627,
pl-540998,Pagasai,settlement,pin,39.31084,22.94440,-750,640,0,193.2,https://pleiades.stoa.org/places/540998,
pl-471781651,Dispilio,settlement,pin,40.48562,21.29022,-10000,2100,0,193.7,https://pleiades.stoa.org/places/471781651,
pl-481846,Gorno Kobile,settlement,pin,42.56111,22.46540,-30,640,0,193.7,https://pleiades.stoa.org/places/481846,
pl-216833,Haskovo,settlement,pin,41.93338,25.45462,-30,640,0,193.8,https://pleiades.stoa.org/places/216833,
pl-550572,"Herakles, T.","sanctuary, temple-2",pin,39.90850,25.30990,-750,300,0,194.1,https://pleiades.stoa.org/places/550572,
pl-540886,Krannon/Ephyra,settlement,pin,39.49911,22.30413,-750,300,0,194.4,https://pleiades.stoa.org/places/540886,
pl-481924,Nicia,station,pin,41.05699,21.17795,-30,640,0,194.6,https://pleiades.stoa.org/places/481924,
pl-216792,Diocletianopolis,settlement,pin,42.50155,24.70458,-30,640,0,194.8,https://pleiades.stoa.org/places/216792,
pl-481877,Keletron,settlement,pin,40.52167,21.26254,-330,640,0,194.8,https://pleiades.stoa.org/places/481877,
pl-540600,Aianteion Pr.,cape,wash,39.25000,23.25000,,,0,195.4,https://pleiades.stoa.org/places/540600,
pl-540809,Helleniko,unknown,wash,39.25000,23.25000,-750,-330,0,195.4,https://pleiades.stoa.org/places/540809,
pl-731565554,Platia Magoula Zarkou,"settlement, cemetery",pin,39.58986,22.10360,-6000,-5000,0,195.4,https://pleiades.stoa.org/places/731565554,
pl-541150,Titanos (mountain),"mountain, label",pin,39.55000,22.16966,2000,2099,0,195.8,https://pleiades.stoa.org/places/541150,
pl-24323808,Thrace/Skudra (satrapy),satrapy,wash,40.89838,25.83696,,,0,196.1,https://pleiades.stoa.org/places/24323808,
pl-481774,Brygai,"label, people",pin,41.55204,21.27159,-550,-30,0,196.5,https://pleiades.stoa.org/places/481774,
pl-540731,Demetrion?,settlement,pin,39.28865,22.89643,-550,300,0,196.6,https://pleiades.stoa.org/places/540731,
pl-481782,Castra/Parembole,fort,pin,41.08396,21.15534,-30,640,0,196.6,https://pleiades.stoa.org/places/481782,
pl-216931,Pirdop,church,pin,42.69973,24.18149,300,640,0,197.1,https://pleiades.stoa.org/places/216931,
pl-541107,Skotoussa (Thessaly),settlement,pin,39.37943,22.53729,-750,-30,0,197.1,https://pleiades.stoa.org/places/541107,
pl-482023,Triballoi,"label, people",pin,42.25873,21.83697,-750,-330,0,197.3,https://pleiades.stoa.org/places/482023,
pl-481739,Argos Orestikon,settlement,pin,40.47374,21.24416,-30,640,0,197.8,https://pleiades.stoa.org/places/481739,
pl-216767,Cillis?,station,pin,42.21616,25.22994,-30,640,0,198.1,https://pleiades.stoa.org/places/216767,
pl-541081,Pyrasos,settlement,pin,39.27880,22.82130,-750,2099,0,199.3,https://pleiades.stoa.org/places/541081,
pl-550613,Kaminia,cemetery,pin,39.84858,25.32842,-550,-330,0,199.5,https://pleiades.stoa.org/places/550613,
pl-541071,Priounos,fort,pin,39.20461,23.60514,-550,-30,0,199.5,https://pleiades.stoa.org/places/541071,
pl-541053,Phylake,settlement,pin,39.28935,22.76237,-750,640,0,199.7,https://pleiades.stoa.org/places/541053,
pl-540810,Helleniko,tower-defensive,pin,39.20159,23.60401,-550,-30,0,199.8,https://pleiades.stoa.org/places/540810,
pl-1332,Thessalia,region,wash,39.44387,22.29543,-30,2100,0,200.0,https://pleiades.stoa.org/places/1332,
pl-422676686,Poliochne,settlement,pin,39.85374,25.34303,-3000,-1000,0,200.1,https://pleiades.stoa.org/places/422676686,
pl-540937,Mauragani,tower-defensive,pin,39.19858,23.59888,-550,-30,0,200.1,https://pleiades.stoa.org/places/540937,
pl-217040,Viamata,station,pin,42.49286,24.84301,300,640,0,200.3,https://pleiades.stoa.org/places/217040,
pl-540592,Ag. Athanasios,fort,pin,39.19618,23.44593,-550,-30,0,200.3,https://pleiades.stoa.org/places/540592,
pl-541101,Sindouka,fort,pin,39.19729,23.60779,-550,-30,0,200.3,https://pleiades.stoa.org/places/541101,
pl-731893156,Sykeon Roman bath (Thessaly),"archaeological-site, bath",pin,39.48180,22.19620,100,199,0,200.8,https://pleiades.stoa.org/places/731893156,
pl-481736,Argestaeus Campus,"plain, label",pin,40.45742,21.21383,-330,300,0,200.8,https://pleiades.stoa.org/places/481736,
pl-541144,Thetideion,"sanctuary, settlement, settlement-modern",pin,39.35111,22.50767,-550,2099,0,201.0,https://pleiades.stoa.org/places/541144,
pl-216862,Kasnakovo,temple,pin,42.01281,25.49028,-30,300,0,201.1,https://pleiades.stoa.org/places/216862,
pl-540674,Asterion/Peirasia,fort,pin,39.49852,22.15211,-750,300,0,201.3,https://pleiades.stoa.org/places/540674,
pl-207104,Dushinci,fort,pin,42.70161,22.66883,-30,640,0,201.3,https://pleiades.stoa.org/places/207104,
pl-541137,Thebai Phthiotides,"theatre, city-wall, wall-2, settlement, fort",pin,39.27339,22.76177,-750,640,0,201.4,https://pleiades.stoa.org/places/541137,
pl-541027,Perraibia (withdrawn),unknown,wash,39.75000,21.75000,,,0,201.9,https://pleiades.stoa.org/places/541027,
pl-550411,Ag. Sophia,"tower-defensive, settlement",pin,39.83008,25.34586,-550,-30,0,201.9,https://pleiades.stoa.org/places/550411,
pl-540833,Icus (island),island,pin,39.20641,23.90634,1700,2100,0,202.0,https://pleiades.stoa.org/places/540833,
pl-541041,Pharkadon,"settlement, settlement-modern",pin,39.56799,22.00854,-550,2100,0,202.2,https://pleiades.stoa.org/places/541041,
pl-540865,Khondro Teikhos,sanctuary,pin,39.17667,23.62420,-550,-330,0,202.7,https://pleiades.stoa.org/places/540865,
pl-481902,Lyke,settlement,pin,40.76517,21.09987,-330,640,0,202.7,https://pleiades.stoa.org/places/481902,
pl-541110,Spalauthra,settlement,pin,39.18348,23.22508,-750,-30,0,202.9,https://pleiades.stoa.org/places/541110,
pl-541135,Thaumakia?,settlement,pin,39.17316,23.33960,-750,300,0,203.2,https://pleiades.stoa.org/places/541135,
pl-207435,Scretisca,station,pin,42.81860,23.22519,-30,640,0,203.2,https://pleiades.stoa.org/places/207435,
pl-540916,Limnaion,"settlement, archaeological-site",pin,39.50806,22.08775,-1000,2099,0,203.5,https://pleiades.stoa.org/places/540916,
pl-541092,Skiathos/Sciathus (island),island,pin,39.16690,23.45390,-550,2100,0,203.5,https://pleiades.stoa.org/places/541092,
pl-541104,Skiathos (settlement),"settlement, settlement-modern",pin,39.16620,23.48889,-750,2099,0,203.6,https://pleiades.stoa.org/places/541104,
pl-540997,Pagasaeus/Demetriacus Sinus,water-open,pin,39.19994,23.02369,-30,2100,0,203.8,https://pleiades.stoa.org/places/540997,
pl-481995,Slupčane,settlement,pin,42.17392,21.62888,-30,640,0,203.8,https://pleiades.stoa.org/places/481995,
pl-540767,Eretria (Thessaly),"defensive-wall, settlement",pin,39.29195,22.60593,-750,300,0,203.9,https://pleiades.stoa.org/places/540767,
pl-541094,Selinous,settlement,pin,39.16517,23.61618,-750,300,0,203.9,https://pleiades.stoa.org/places/541094,
pl-481771,Božica,settlement,pin,42.64364,22.40981,-30,640,0,204.0,https://pleiades.stoa.org/places/481771,
pl-540634,Anauros (river),river,wash,39.25000,22.75000,,,0,204.2,https://pleiades.stoa.org/places/540634,
pl-540719,Cynoscephalae,hill,wash,39.25000,22.75000,-550,300,0,204.2,https://pleiades.stoa.org/places/540719,
pl-540742,Driskole,settlement,pin,39.37820,22.32479,300,640,0,205.2,https://pleiades.stoa.org/places/540742,
pl-540786,Euthia (island),island,pin,39.16062,23.20403,-30,2100,0,205.7,https://pleiades.stoa.org/places/540786,
pl-481897,Lojane,settlement,pin,42.23277,21.66463,-30,640,0,205.8,https://pleiades.stoa.org/places/481897,
pl-541020,Pelinna(ion)?,settlement,pin,39.57337,21.92645,-750,640,0,206.0,https://pleiades.stoa.org/places/541020,
pl-543837,Phakion,unlocated,wash,39.53104,21.99787,,,0,206.0,https://pleiades.stoa.org/places/543837,
pl-481985,Scirtiana,station,pin,41.05879,21.04231,-30,640,0,206.0,https://pleiades.stoa.org/places/481985,
pl-501437,Ilissos? (river),river,wash,40.25000,25.75000,,,0,206.1,https://pleiades.stoa.org/places/501437,
pl-528109753,Myrtonion,"unlocated, fort",wash,41.75000,25.75000,-330,1450,0,206.1,https://pleiades.stoa.org/places/528109753,
pl-541004,Palaipharsalos,settlement,pin,39.28748,22.54271,-750,300,0,206.3,https://pleiades.stoa.org/places/541004,
pl-540645,Aphetai?,settlement,pin,39.14629,23.31240,-750,300,0,206.4,https://pleiades.stoa.org/places/540645,
pl-540835,Ikos (settlement),settlement,pin,39.16456,23.90399,-550,-30,0,206.5,https://pleiades.stoa.org/places/540835,
pl-540778,Eudemia (island),island,pin,39.16847,23.95026,-30,2100,0,206.8,https://pleiades.stoa.org/places/540778,
pl-540713,Cicynethus (island),island,pin,39.16080,23.07718,1700,2100,0,207.2,https://pleiades.stoa.org/places/540713,
pl-540890,Krokion Pedion,"plain, label",pin,39.21432,22.77410,-550,2100,0,207.3,https://pleiades.stoa.org/places/540890,
pl-550564,Halonnesos (island),island,pin,39.51422,25.00465,-30,2100,0,207.6,https://pleiades.stoa.org/places/550564,
pl-541024,Peparethus (island),island,pin,39.13527,23.68534,300,2100,0,207.6,https://pleiades.stoa.org/places/541024,
pl-481987,Scupi,settlement,pin,42.00844,21.41248,-30,1999,0,207.6,https://pleiades.stoa.org/places/481987,
pl-541056,Phyllos,"ruin, settlement",pin,39.41189,22.18449,-750,1999,0,207.9,https://pleiades.stoa.org/places/541056,
pl-208962503,Skopje aqueduct,aqueduct,pin,42.02221,21.41913,-30,640,0,208.0,https://pleiades.stoa.org/places/208962503,
pl-540781,Euhydrion,"settlement, archaeological-site",pin,39.36381,22.28449,-550,640,0,208.2,https://pleiades.stoa.org/places/540781,
pl-481872,Kaloikinoi,"label, people",pin,40.61582,21.06744,-330,-30,0,208.2,https://pleiades.stoa.org/places/481872,
pl-495763998,Untitled,mine,pin,42.20504,21.59279,-30,640,0,208.4,https://pleiades.stoa.org/places/495763998,
pl-541066,Polyaegos (island),"island, label",pin,39.12256,23.49968,-550,2100,0,208.4,https://pleiades.stoa.org/places/541066,
pl-541052,Phthiotis,"district, label",pin,39.32171,22.37825,,,0,208.7,https://pleiades.stoa.org/places/541052,
pl-540979,Olizon,settlement,pin,39.12808,23.21081,-750,640,0,209.2,https://pleiades.stoa.org/places/540979,
pl-541038,Phaloreia?,settlement,pin,39.84663,21.52232,-550,300,0,209.4,https://pleiades.stoa.org/places/541038,
pl-216750,Carassura,station,pin,42.24056,25.38427,-30,640,0,209.5,https://pleiades.stoa.org/places/216750,
pl-540763,Enipeus (river),river,pin,39.31949,22.35850,2000,2099,0,209.6,https://pleiades.stoa.org/places/540763,
pl-541023,Peparethos,settlement,pin,39.11910,23.71962,-750,640,0,209.6,https://pleiades.stoa.org/places/541023,
pl-481756,*Battyna,settlement,pin,40.45777,21.09893,-30,300,0,210.0,https://pleiades.stoa.org/places/481756,
pl-501595,Sale,"settlement, settlement-modern",pin,40.90771,26.00492,-550,2099,0,210.1,https://pleiades.stoa.org/places/501595,
pl-541010,Panormos,"settlement, acropolis, settlement-modern",pin,39.11072,23.66461,-750,2099,0,210.2,https://pleiades.stoa.org/places/541010,
pl-599944,Sporades (archipelago),"archipelago, island",wash,39.14328,24.00973,-30,300,0,210.5,https://pleiades.stoa.org/places/599944,
pl-481970,Pylon,station,pin,41.09859,20.98287,-30,640,0,211.2,https://pleiades.stoa.org/places/481970,
pl-747917069,Theopetra Cave,cave,pin,39.67994,21.68178,1700,2100,0,211.4,https://pleiades.stoa.org/places/747917069,
pl-541042,Pharsalus,"settlement, acropolis",pin,39.28850,22.38785,-750,640,0,211.6,https://pleiades.stoa.org/places/541042,
pl-430178769,Archaic tholos tomb at Pharsalos,tomb,pin,39.29502,22.37113,-550,2100,0,211.6,https://pleiades.stoa.org/places/430178769,
pl-548453076,Meteora,"cultural-landscape, monastery, architecturalcomplex, church",pin,39.71373,21.63335,640,2100,0,211.7,https://pleiades.stoa.org/places/548453076,
pl-540647,Apidanos (river),river,pin,39.35210,22.22102,2000,2099,0,212.0,https://pleiades.stoa.org/places/540647,
pl-540804,Halos,settlement,pin,39.15518,22.83437,-900,640,0,212.2,https://pleiades.stoa.org/places/540804,
pl-540845,Kalabaka,church,pin,39.70025,21.64139,300,640,0,212.3,https://pleiades.stoa.org/places/540845,
pl-216995,Sub Radices,station,pin,42.72735,24.59970,-30,640,0,212.7,https://pleiades.stoa.org/places/216995,
pl-482040,Zlatokop,settlement,pin,42.50393,21.91976,-30,640,0,213.1,https://pleiades.stoa.org/places/482040,
pl-372660434,Public building (?) area at Halos,architecturalcomplex,pin,39.14512,22.81803,-330,-30,0,213.7,https://pleiades.stoa.org/places/372660434,
pl-400626652,Acropolis of Halos,acropolis,pin,39.14407,22.81399,-330,-30,0,213.9,https://pleiades.stoa.org/places/400626652,
pl-400626651,Byzantine fort at Halos,fort-2,pin,39.14319,22.81098,650,850,0,214.0,https://pleiades.stoa.org/places/400626651,
pl-541163,Trikka,settlement,pin,39.56890,21.78300,-750,2099,0,214.3,https://pleiades.stoa.org/places/541163,
pl-540842,Iton?,temple,pin,39.15477,22.72593,-750,640,0,214.8,https://pleiades.stoa.org/places/540842,
pl-501649,Traianoupolis,settlement,pin,40.85883,26.05725,-30,640,0,214.8,https://pleiades.stoa.org/places/501649,
pl-482006,Stropsko,settlement,pin,42.52156,21.90741,-30,640,0,215.2,https://pleiades.stoa.org/places/482006,
pl-541030,Peuma(ta),settlement,pin,39.20101,22.53210,-750,300,0,215.5,https://pleiades.stoa.org/places/541030,
pl-837465042,Asklepieion of Trikka,sanctuary,pin,39.55655,21.76481,,,0,216.3,https://pleiades.stoa.org/places/837465042,
pl-481955,Pelion,settlement,pin,40.64130,20.95988,-330,-30,0,216.5,https://pleiades.stoa.org/places/481955,
pl-845876618,Aleksandrovo tumulus,tumulus,pin,41.97965,25.73848,-330,2100,0,216.8,https://pleiades.stoa.org/places/845876618,
pl-216935,Pizus,station,pin,42.18931,25.55378,-30,640,0,216.9,https://pleiades.stoa.org/places/216935,
pl-481885,Korbevac,"fort-2, quarry",pin,42.61782,22.04600,-30,640,0,217.0,https://pleiades.stoa.org/places/481885,
pl-540925,Makkarai?,fort,pin,39.20338,22.47255,-550,-30,0,217.2,https://pleiades.stoa.org/places/540925,
pl-501510,"Megaloi Theoi (sanctuary, Imbros)","ruin, sanctuary, temple-2",pin,40.20994,25.87342,-550,1999,0,217.3,https://pleiades.stoa.org/places/501510,
pl-540867,Kierion,"settlement, acropolis, archaeological-site",pin,39.36686,22.06646,-750,640,0,217.4,https://pleiades.stoa.org/places/540867,
pl-541060,Pialeia,settlement,pin,39.64478,21.62542,-550,300,0,217.5,https://pleiades.stoa.org/places/541060,
pl-481816,Dubnica,settlement,pin,42.55598,21.92263,-30,640,0,217.5,https://pleiades.stoa.org/places/481816,
pl-540854,Karatsadagli,settlement,pin,39.12242,22.75431,-550,-30,0,217.6,https://pleiades.stoa.org/places/540854,
pl-501439,Imbros (island),island,pin,40.16331,25.85671,-550,2100,0,218.2,https://pleiades.stoa.org/places/501439,
pl-501602,Sarpedon (promontory in Thrace),cape,pin,40.64018,26.06121,1700,2100,0,218.2,https://pleiades.stoa.org/places/501602,
pl-541145,Thetonion,settlement,pin,39.29320,22.20606,-550,300,0,218.3,https://pleiades.stoa.org/places/541145,
pl-501438,Imbros (settlement),"settlement, settlement-modern",pin,40.23330,25.90081,-750,2100,0,218.4,https://pleiades.stoa.org/places/501438,
pl-207275,Meldia,station,pin,42.92213,22.93000,-30,640,0,218.6,https://pleiades.stoa.org/places/207275,
pl-540985,Onochonos (river),river,pin,39.40854,21.95844,1700,2100,0,218.8,https://pleiades.stoa.org/places/540985,
pl-501337,Ainos,settlement,pin,40.72490,26.08573,-550,2100,0,218.8,https://pleiades.stoa.org/places/501337,
pl-540815,Hestiaiotis,"region, label",pin,39.56702,21.69498,,,0,219.5,https://pleiades.stoa.org/places/540815,
pl-541089,Scandira (island),island,pin,39.07629,24.11289,-30,2100,0,219.6,https://pleiades.stoa.org/places/541089,
pl-482028,Uscana,settlement,pin,41.51362,20.96884,-330,-30,0,219.6,https://pleiades.stoa.org/places/482028,
pl-541073,Proerna,settlement,pin,39.24124,22.29725,-750,-30,0,219.7,https://pleiades.stoa.org/places/541073,
pl-216889,‘Monte Haemo’,station,pin,42.77658,24.66024,-30,640,0,219.9,https://pleiades.stoa.org/places/216889,
pl-540757,Elipeus (river),river,wash,39.25000,22.25000,,,0,220.7,https://pleiades.stoa.org/places/540757,
pl-540872,Ko(u)ralios (river),river,wash,39.25000,22.25000,2000,2099,0,220.7,https://pleiades.stoa.org/places/540872,
pl-543684,Dion/Orchomenos,settlement,wash,39.25000,22.25000,,,0,220.7,https://pleiades.stoa.org/places/543684,
pl-541025,Pereia,settlement,pin,39.14113,22.55517,-750,640,0,221.0,https://pleiades.stoa.org/places/541025,
pl-543789,Methylion,"unlocated, settlement",pin,39.37525,21.97557,1700,2100,0,221.0,https://pleiades.stoa.org/places/543789,
pl-481803,Diabolis,settlement,pin,40.71989,20.88809,-30,640,0,221.0,https://pleiades.stoa.org/places/481803,
pl-530787,Aiginion,settlement,pin,39.82819,21.36335,-330,300,0,221.3,https://pleiades.stoa.org/places/530787,
pl-540702,Chalai(on),settlement,pin,39.18854,22.39320,-750,-30,0,221.4,https://pleiades.stoa.org/places/540702,
pl-481935,Openica,"settlement, mine-2",pin,41.18371,20.86832,-30,640,0,221.4,https://pleiades.stoa.org/places/481935,
pl-207191,Iskrets,settlement,pin,42.98684,23.25218,-30,640,0,221.5,https://pleiades.stoa.org/places/207191,
pl-540667,Artemision,"sanctuary, temple-2",pin,39.01405,23.22138,-750,640,0,221.7,https://pleiades.stoa.org/places/540667,
pl-507364,Alopeconnesus (island),"unlocated, island",wash,40.39088,26.02865,-30,300,0,222.4,https://pleiades.stoa.org/places/507364,
pl-28110048,Philippaioi,"fortified-settlement, archaeological-site",pin,40.07349,21.14262,-330,2099,0,222.7,https://pleiades.stoa.org/places/28110048,
pl-216763,Chatalka,villa,pin,42.36201,25.45877,-30,640,0,223.1,https://pleiades.stoa.org/places/216763,
pl-541077,Pteleon,"fort-2, tower-defensive, settlement",pin,39.02762,22.96275,-10000,2099,0,223.5,https://pleiades.stoa.org/places/541077,
pl-482039,Železna Reka,settlement,pin,41.70222,20.99947,-30,640,0,223.5,https://pleiades.stoa.org/places/482039,
pl-501402,Doriskos,settlement,pin,40.87362,26.16401,-750,300,0,223.6,https://pleiades.stoa.org/places/501402,
pl-195824088,Theotokos Kosmosoteira,"church-2, fortified-church, mosque, monastery",pin,40.89400,26.17038,1200,2099,0,224.0,https://pleiades.stoa.org/places/195824088,
pl-540853,Karandai,fort,pin,39.11234,22.54949,-330,-30,0,224.2,https://pleiades.stoa.org/places/540853,
pl-907598626,Bera/Feres,settlement,pin,40.89419,26.17407,1200,2099,0,224.3,https://pleiades.stoa.org/places/907598626,
pl-216830,Haemus (mountain range),mountain,pin,42.71750,24.91667,-550,2100,0,224.6,https://pleiades.stoa.org/places/216830,
pl-501554,Pelevun,settlement,pin,41.50624,26.09566,-30,300,0,224.6,https://pleiades.stoa.org/places/501554,
pl-543817,Onthyrion,settlement,wash,39.45490,21.76748,-750,-30,0,224.7,https://pleiades.stoa.org/places/543817,
pl-481719,‘Anausaro’,station,pin,42.70760,22.05817,-30,640,0,224.8,https://pleiades.stoa.org/places/481719,
pl-530867,Elleniko Stathmo,fort,pin,39.76780,21.36832,-550,-30,0,224.9,https://pleiades.stoa.org/places/530867,
pl-541068,Poseidion,settlement,pin,38.97241,23.36661,-550,300,0,225.3,https://pleiades.stoa.org/places/541068,
pl-501360,Armira,villa,pin,41.49915,26.10665,-30,300,0,225.3,https://pleiades.stoa.org/places/501360,
pl-541055,Phyliadon,fort,pin,39.11470,22.50110,-550,-30,0,225.4,https://pleiades.stoa.org/places/541055,
pl-501441,Ivajlovgrad,settlement,pin,41.53929,26.09966,-30,640,0,225.9,https://pleiades.stoa.org/places/501441,
pl-540841,Ithome/Thamiai (Thessaly),"fort-2, settlement",pin,39.41555,21.80184,-750,2099,0,226.2,https://pleiades.stoa.org/places/540841,
pl-501429,Harmanli,settlement,pin,41.93033,25.90249,-30,640,0,226.2,https://pleiades.stoa.org/places/501429,
pl-216693,Ad Radices,station,pin,42.83115,24.69390,-30,640,0,226.5,https://pleiades.stoa.org/places/216693,
pl-541031,Phaika,settlement,pin,39.52520,21.62821,-330,300,0,226.7,https://pleiades.stoa.org/places/541031,
pl-216948,Pyrogeri,"label, people",pin,42.25863,25.63236,-30,300,0,226.8,https://pleiades.stoa.org/places/216948,
pl-207575,Zasele,settlement,pin,43.03983,23.33004,-30,640,0,226.9,https://pleiades.stoa.org/places/207575,
pl-541142,Thessaliotis,"district, label",pin,39.35050,21.89732,,,0,227.0,https://pleiades.stoa.org/places/541142,
pl-481900,Lychnidos,settlement,pin,41.11462,20.79381,-550,1999,0,227.1,https://pleiades.stoa.org/places/481900,
pl-540677,Sanctuary of Athena Itonia,"sanctuary, temple-2",pin,39.26673,22.05329,-2000,2099,0,227.4,https://pleiades.stoa.org/places/540677,
pl-206955,Ballanstra,station,pin,42.99419,22.86822,-30,640,0,227.6,https://pleiades.stoa.org/places/206955,
pl-540846,Kallas (river),river,pin,38.95727,23.19386,-30,2099,0,228.2,https://pleiades.stoa.org/places/540846,
pl-540598,Ag. Vasileios (Euboea),settlement,pin,38.93993,23.44434,-550,-30,0,228.7,https://pleiades.stoa.org/places/540598,
pl-873325866,Glyfa,cemetery,pin,38.97258,22.99891,-2000,-1000,0,228.9,https://pleiades.stoa.org/places/873325866,
pl-206879,Ad Fines,"station, settlement-modern",pin,42.76821,22.08834,-30,2099,0,229.1,https://pleiades.stoa.org/places/206879,
pl-193193665,Barç,archaeological-site,pin,40.62156,20.80834,-1000,-1,0,229.4,https://pleiades.stoa.org/places/193193665,
pl-540994,Othrys (mountain),mountain,pin,39.01694,22.70972,1700,2100,0,229.9,https://pleiades.stoa.org/places/540994,
pl-540988,Oreos,settlement,pin,38.94978,23.09917,-750,300,0,230.0,https://pleiades.stoa.org/places/540988,
pl-207574,Zanoge,settlement,pin,43.06816,23.31990,-30,640,0,230.1,https://pleiades.stoa.org/places/207574,
pl-540851,Kallithera,"settlement, settlement-modern",pin,39.27901,21.96756,-550,2099,0,230.2,https://pleiades.stoa.org/places/540851,
pl-541136,Thaumakoi,settlement,pin,39.12655,22.32200,-750,640,0,230.2,https://pleiades.stoa.org/places/541136,
pl-543756,Koroneia,settlement,wash,39.05835,22.53113,-750,300,0,230.3,https://pleiades.stoa.org/places/543756,
pl-200503614,Achilleion,settlement,pin,39.15000,22.25000,-10000,-3300,0,230.5,https://pleiades.stoa.org/places/200503614,
pl-540817,Histiaia/Hestiaia,settlement,pin,38.94660,23.09053,-750,2100,0,230.5,https://pleiades.stoa.org/places/540817,
pl-481894,Laktinje,settlement,pin,41.38713,20.79681,-30,640,0,230.5,https://pleiades.stoa.org/places/481894,
pl-207054,Crna Trava,fort,pin,42.87534,22.31455,-30,640,0,230.6,https://pleiades.stoa.org/places/207054,
pl-481761,Beue,settlement,pin,40.84600,20.75337,-330,300,0,230.7,https://pleiades.stoa.org/places/481761,
pl-501463,Kephalos Pr.,cape,pin,40.15574,26.01590,1700,2100,0,230.7,https://pleiades.stoa.org/places/501463,
pl-216714,Arzus,station,pin,42.04183,25.88336,-30,640,0,230.7,https://pleiades.stoa.org/places/216714,
pl-540585,Achaea Phthiotis,"region, label",pin,39.05279,22.53241,,,0,230.8,https://pleiades.stoa.org/places/540585,
pl-540947,Metropolis (Thessaly),"settlement, archaeological-site",pin,39.33976,21.83555,-750,2099,0,231.1,https://pleiades.stoa.org/places/540947,
pl-482020,Trebenishte,"settlement, cemetery",pin,41.20642,20.75474,-550,640,0,231.1,https://pleiades.stoa.org/places/482020,
pl-540792,Gomphoi,settlement,pin,39.43605,21.67681,-550,640,0,231.2,https://pleiades.stoa.org/places/540792,
pl-540644,Antron(es),settlement,pin,38.95098,22.96748,-750,300,0,231.8,https://pleiades.stoa.org/places/540644,
pl-207509,‘Translitis’,station,pin,43.01663,22.78333,-30,640,0,231.8,https://pleiades.stoa.org/places/207509,
pl-481800,Dassaretis,"label, people",pin,40.71273,20.75851,-330,300,0,231.9,https://pleiades.stoa.org/places/481800,
pl-501407,*Dymae,station,pin,40.93963,26.27120,-30,640,0,232.2,https://pleiades.stoa.org/places/501407,
pl-531134,Tymphe (mountain),"mountain, label",pin,39.87277,21.16234,-330,640,0,232.4,https://pleiades.stoa.org/places/531134,
pl-359707097,Temple of Apollo at Metropolis,temple-2,pin,39.33366,21.81939,-750,-30,0,232.5,https://pleiades.stoa.org/places/359707097,
pl-540904,Larisa Kremaste/Pelasgia,"settlement, fort",pin,38.96433,22.83863,-550,640,0,232.7,https://pleiades.stoa.org/places/540904,
pl-540991,Ortha,settlement,pin,39.20800,22.04589,-550,300,0,233.2,https://pleiades.stoa.org/places/540991,
pl-207321,Opletnja,fort,pin,43.10029,23.44512,-30,640,0,233.2,https://pleiades.stoa.org/places/207321,
pl-481901,Lychnidus L.,lake,pin,41.03188,20.71107,1700,2100,0,233.7,https://pleiades.stoa.org/places/481901,
pl-540811,(H)Ellopia (Euboea),settlement,pin,38.91177,23.13601,-550,300,0,233.8,https://pleiades.stoa.org/places/540811,
pl-216871,Ljutibrod,settlement,pin,43.10539,23.62927,-30,640,0,233.9,https://pleiades.stoa.org/places/216871,
pl-541116,(S)Tymphaia,label,wash,39.75000,21.25000,-550,300,0,234.1,https://pleiades.stoa.org/places/541116,
pl-530949,Kitios (mountain),mountain,pin,39.92526,21.09577,-330,-30,0,234.1,https://pleiades.stoa.org/places/530949,
pl-481957,Penestae,"label, people",pin,41.70847,20.86442,-330,-30,0,234.4,https://pleiades.stoa.org/places/481957,
pl-530789,Aithikia,"region, label",pin,39.71652,21.27616,-550,-30,0,234.5,https://pleiades.stoa.org/places/530789,
pl-540941,Meliteia,settlement,pin,39.03840,22.45671,-750,640,0,234.6,https://pleiades.stoa.org/places/540941,
pl-540955,Myonessos (island),island,pin,38.92593,22.94366,1700,2100,0,234.9,https://pleiades.stoa.org/places/540955,
pl-481766,Boion (mountain),"mountain, label",pin,40.25975,20.87159,,,0,235.0,https://pleiades.stoa.org/places/481766,
pl-481765,Boioi,"label, people",pin,40.89150,20.69708,-330,-30,0,235.1,https://pleiades.stoa.org/places/481765,
pl-481829,Encheleioi,"label, people",pin,41.20329,20.70502,-750,-30,0,235.2,https://pleiades.stoa.org/places/481829,
pl-501663,Zervae/Zirinae,station,pin,41.16084,26.31194,-30,640,0,236.2,https://pleiades.stoa.org/places/501663,
pl-502842,"Unnamed bridge over Hebros river, near *Dymae",bridge,pin,40.93397,26.31985,-30,640,0,236.3,https://pleiades.stoa.org/places/502842,
pl-217046,Vicus Longinopara,settlement,pin,43.07271,24.14979,-30,300,0,236.4,https://pleiades.stoa.org/places/217046,
pl-530938,Kelaithoi,"label, people",pin,39.85538,21.11385,-550,-30,0,236.9,https://pleiades.stoa.org/places/530938,
pl-501472,Koilaletai,"label, people",pin,41.56327,26.22884,-550,300,0,237.0,https://pleiades.stoa.org/places/501472,
pl-481879,Kerax,settlement,pin,41.17732,20.67911,-330,-30,0,237.1,https://pleiades.stoa.org/places/481879,
pl-540864,Khironisi,settlement,pin,38.89764,22.97733,-750,-330,0,237.4,https://pleiades.stoa.org/places/540864,
pl-216981,Seuthopolis,settlement,pin,42.61227,25.36293,-330,-30,0,237.5,https://pleiades.stoa.org/places/216981,
pl-207438,Serdoi,"label, people",pin,43.07609,22.80450,-330,300,0,237.7,https://pleiades.stoa.org/places/207438,
pl-216731,Beroe/Augusta Traiana,settlement,pin,42.42540,25.62486,-330,2099,0,238.2,https://pleiades.stoa.org/places/216731,
pl-541130,Telethrion (mountain),mountain,pin,38.86667,23.18972,1700,2100,0,238.2,https://pleiades.stoa.org/places/541130,
pl-501517,Mezek,tumulus,pin,41.77994,26.14870,-550,640,0,238.2,https://pleiades.stoa.org/places/501517,
pl-216883,Mezdra,fort,pin,43.14163,23.70807,-30,640,0,238.4,https://pleiades.stoa.org/places/216883,
pl-540601,Aidepsos? (polis),settlement-modern,pin,38.87982,23.04420,-750,300,0,238.4,https://pleiades.stoa.org/places/540601,
pl-803280733,Ancient forum of Beroe/Augusta Traiana,forum,pin,42.42713,25.62645,-30,300,0,238.4,https://pleiades.stoa.org/places/803280733,
pl-216823,Glava Panega,sanctuary,pin,43.09201,24.15062,-30,300,0,238.5,https://pleiades.stoa.org/places/216823,
pl-540752,*Ekarra,settlement,pin,39.08032,22.21147,-550,300,0,238.9,https://pleiades.stoa.org/places/540752,
pl-540637,Ano Ktimeni,settlement,pin,39.10840,22.13127,-550,-30,0,239.2,https://pleiades.stoa.org/places/540637,
pl-63235269,"Paleochristian Church, Lin",church,pin,41.06587,20.64480,300,640,0,239.3,https://pleiades.stoa.org/places/63235269,
pl-540934,Markesi,temple,pin,38.97461,24.48427,-550,-30,0,239.5,https://pleiades.stoa.org/places/540934,
pl-216863,Kazanluk,tumulus,pin,42.61872,25.39446,-330,-30,0,239.7,https://pleiades.stoa.org/places/216863,
pl-540692,Boudoros (river),river,wash,38.83463,23.47194,-30,2099,0,240.4,https://pleiades.stoa.org/places/540692,
pl-540861,Kerinthos,"settlement, acropolis",pin,38.83463,23.47194,-750,300,0,240.4,https://pleiades.stoa.org/places/540861,
pl-501384,Castra Iarba,"fort-2, station",pin,41.93230,26.09178,-30,1999,0,240.5,https://pleiades.stoa.org/places/501384,
pl-405244946,Thracian Tomb of Kazanlak,tomb,pin,42.62590,25.39915,-330,-30,0,240.6,https://pleiades.stoa.org/places/405244946,
pl-540602,Aidepsos (spa),"settlement, bath",pin,38.85919,23.04553,-550,640,0,240.7,https://pleiades.stoa.org/places/540602,
pl-531147,Voutonosi,settlement,pin,39.76825,21.13377,-550,-30,0,240.8,https://pleiades.stoa.org/places/531147,
pl-541174,Xyniai,settlement,pin,39.03837,22.26768,-750,640,0,241.0,https://pleiades.stoa.org/places/541174,
pl-541175,Xynias L.,lake,wash,39.03837,22.26768,,,0,241.0,https://pleiades.stoa.org/places/541175,
pl-501373,Bennoi,"label, people",pin,41.29974,26.34948,-330,300,0,241.0,https://pleiades.stoa.org/places/501373,
pl-263405328,Palamari,"defensive-wall, archaeological-site",pin,38.96467,24.50922,-3000,-1000,0,241.2,https://pleiades.stoa.org/places/263405328,
pl-216989,Sostra,"station, fort",pin,42.98498,24.67353,-30,640,0,241.3,https://pleiades.stoa.org/places/216989,
pl-530827,Chalkis,settlement,pin,39.68055,21.20897,-550,-30,0,241.4,https://pleiades.stoa.org/places/530827,
pl-207384,Repište,settlement,pin,42.87116,22.03114,-30,640,0,241.4,https://pleiades.stoa.org/places/207384,
pl-540636,Angeia,"fortified-settlement, archaeological-site",pin,39.10772,22.06456,-550,300,0,242.0,https://pleiades.stoa.org/places/540636,
pl-540957,Narthakion,settlement,pin,38.95064,22.50883,-550,300,0,242.2,https://pleiades.stoa.org/places/540957,
pl-541002,Palaiokhori,settlement,pin,38.82790,23.23068,-750,640,0,242.2,https://pleiades.stoa.org/places/541002,
pl-501489,Kypsela,settlement,pin,40.92451,26.39205,-550,2099,0,242.4,https://pleiades.stoa.org/places/501489,
pl-541035,Phalassia (promontory),cape,pin,38.87070,22.85069,-30,2100,0,242.5,https://pleiades.stoa.org/places/541035,
pl-481791,Claudanon,"station, settlement-modern",pin,41.08492,20.60779,-30,2099,0,242.5,https://pleiades.stoa.org/places/481791,
pl-501345,Alopekonnesos,settlement,pin,40.31394,26.24954,-550,-30,0,242.6,https://pleiades.stoa.org/places/501345,
pl-540749,Echinos,settlement,pin,38.89341,22.72392,-550,640,0,242.7,https://pleiades.stoa.org/places/540749,
pl-207158,Grdelica,fort,pin,42.90170,22.06998,300,640,0,242.7,https://pleiades.stoa.org/places/207158,
pl-540989,Orobiai,settlement,pin,38.82251,23.21431,-750,300,0,242.9,https://pleiades.stoa.org/places/540989,
pl-207477,Svodje,fort,pin,42.97798,22.26009,-30,640,0,242.9,https://pleiades.stoa.org/places/207477,
pl-541034,Phalara,settlement,pin,38.91379,22.62257,-550,640,0,243.0,https://pleiades.stoa.org/places/541034,
pl-531046,Paroraia,"region, label",pin,39.71858,21.14778,-550,-30,0,243.0,https://pleiades.stoa.org/places/531046,
pl-501381,Bourdepa,settlement,pin,41.77465,26.21293,-30,640,0,243.0,https://pleiades.stoa.org/places/501381,
pl-585148249,Tomb of Seuthes III,tumulus,pin,42.70007,25.33344,-330,-30,0,243.3,https://pleiades.stoa.org/places/585148249,
pl-368753598,Ostrusha mound,tumulus,pin,42.68983,25.35098,1900,2099,0,243.4,https://pleiades.stoa.org/places/368753598,
pl-540681,Athenai Diades,settlement,pin,38.84228,22.98290,-750,300,0,243.4,https://pleiades.stoa.org/places/540681,
pl-541005,Pamisos (river),river,wash,39.25000,21.75000,,,0,243.4,https://pleiades.stoa.org/places/541005,
pl-207564,Vratsa,settlement,pin,43.20375,23.54868,-30,640,0,244.7,https://pleiades.stoa.org/places/207564,
pl-217030,Tylis,settlement,pin,42.57401,25.54687,-330,-30,0,244.8,https://pleiades.stoa.org/places/217030,
pl-540734,Dion?,settlement,pin,38.84958,22.85056,-750,300,0,244.8,https://pleiades.stoa.org/places/540734,
pl-217054,Vicus Trullensium,settlement,pin,43.17185,24.01403,-30,300,0,244.9,https://pleiades.stoa.org/places/217054,
pl-550848,Pteleos L.,lake,wash,40.25000,26.25000,-330,300,0,245.0,https://pleiades.stoa.org/places/550848,
pl-501327,Aeolium Pr.,cape,wash,40.25000,26.25000,-30,300,0,245.0,https://pleiades.stoa.org/places/501327,
pl-501608,Sestias Pr.,cape,wash,40.25000,26.25000,1700,2100,0,245.0,https://pleiades.stoa.org/places/501608,
pl-769548551,Çanakkale,settlement,wash,40.25000,26.25000,-1750,2000,0,245.0,https://pleiades.stoa.org/places/769548551,
pl-481963,Pons Servili,"bridge, settlement-modern, plain",pin,41.06278,20.57302,-30,2099,0,245.3,https://pleiades.stoa.org/places/481963,
pl-531033,Palaiokhori,settlement,pin,39.53013,21.31219,-550,-30,0,245.4,https://pleiades.stoa.org/places/531033,
pl-540858,Kenaion,sanctuary,pin,38.84043,22.86651,-750,300,0,245.5,https://pleiades.stoa.org/places/540858,
pl-540897,Kypaira,fortified-settlement,pin,39.05466,22.10084,-750,-30,0,245.7,https://pleiades.stoa.org/places/540897,
pl-481927,Novo Brdo,"settlement, mine-2",pin,42.56443,21.42522,-30,640,0,245.7,https://pleiades.stoa.org/places/481927,
pl-501388,Colla,station,pin,40.79713,26.42059,-30,640,0,245.7,https://pleiades.stoa.org/places/501388,
pl-207228,Krupac,settlement,pin,43.12831,22.68357,-30,640,0,245.9,https://pleiades.stoa.org/places/207228,
pl-501497,Limnai,settlement,pin,40.27056,26.27268,-550,-330,0,246.0,https://pleiades.stoa.org/places/501497,
pl-550611,Kalydnai/Lagusae (islands),"archipelago, island",pin,39.92600,26.06996,-330,2100,0,246.1,https://pleiades.stoa.org/places/550611,
pl-540658,Argithea,settlement,pin,39.34760,21.53216,-550,300,0,246.6,https://pleiades.stoa.org/places/540658,
pl-530972,Lakmon (mountain),"mountain, label",pin,39.68567,21.12741,-550,2099,0,246.6,https://pleiades.stoa.org/places/530972,
pl-501509,Mast(o)usia (promontory),cape,pin,40.05436,26.16658,1700,2100,0,246.8,https://pleiades.stoa.org/places/501509,
pl-541062,Pindus (mountain range),mountain,pin,40.04486,20.83806,-30,2100,0,246.9,https://pleiades.stoa.org/places/541062,
pl-164618009,Untitled,mine-2,pin,42.57841,21.41792,-30,640,0,247.2,https://pleiades.stoa.org/places/164618009,
pl-209142,Metalli Ulpiani,"region, quarry, mine-2",wash,42.57074,21.40704,-30,640,0,247.3,https://pleiades.stoa.org/places/209142,
pl-540761,Elymnion?,settlement,pin,38.77418,23.31862,-750,640,0,247.5,https://pleiades.stoa.org/places/540761,
pl-540929,Maliacus Sinus,water-open,pin,38.86789,22.63377,1700,2100,0,247.5,https://pleiades.stoa.org/places/540929,
pl-530779,Ag. Panagia,"monastery, church",pin,39.48737,21.32977,-550,-30,0,247.5,https://pleiades.stoa.org/places/530779,
pl-501404,Drabos,settlement,pin,40.35814,26.33590,-550,300,0,248.0,https://pleiades.stoa.org/places/501404,
pl-541074,Prokopion,settlement,pin,38.76521,23.46132,-550,300,0,248.1,https://pleiades.stoa.org/places/541074,
pl-540737,Dolopia,"region, label",pin,39.09070,21.95355,-330,300,0,248.4,https://pleiades.stoa.org/places/540737,
pl-540732,Diakria?,label,pin,38.76236,23.59658,-550,-30,0,248.5,https://pleiades.stoa.org/places/540732,
pl-573313209,Lichades Islands,"archipelago, island",pin,38.82055,22.81777,-30,300,0,248.6,https://pleiades.stoa.org/places/573313209,
pl-540621,Alope,settlement,pin,38.80837,22.88042,-750,-30,0,248.7,https://pleiades.stoa.org/places/540621,
pl-481741,Argyros,settlement,pin,40.25768,20.69776,-330,-30,0,248.8,https://pleiades.stoa.org/places/481741,
pl-530999,Mesokhora,settlement,pin,39.47055,21.32708,-550,-30,0,248.9,https://pleiades.stoa.org/places/530999,
pl-207086,Dolno Ozirovo,fort,pin,43.23916,23.34929,-30,640,0,248.9,https://pleiades.stoa.org/places/207086,
pl-528599073,The Tomb of Protesilaus,"landmark, tomb",pin,40.04470,26.18900,-550,300,0,249.0,https://pleiades.stoa.org/places/528599073,
pl-540902,Lamia,settlement,pin,38.90300,22.44259,-550,640,0,249.1,https://pleiades.stoa.org/places/540902,
pl-481988,Selcë e Poshtme,settlement-modern,pin,40.99201,20.52518,-330,2099,0,249.2,https://pleiades.stoa.org/places/481988,
pl-541108,Skyros (settlement),settlement,pin,38.90298,24.56536,-750,640,0,249.3,https://pleiades.stoa.org/places/541108,
pl-550912,Tenedos (island),island,pin,39.82059,26.03532,-750,2100,0,249.5,https://pleiades.stoa.org/places/550912,
pl-540894,Ktimene,settlement,pin,39.06424,21.97851,-750,300,0,249.8,https://pleiades.stoa.org/places/540894,
pl-216759,Celaletae Maiores,"label, people",pin,42.69740,25.46294,-30,300,0,250.1,https://pleiades.stoa.org/places/216759,
pl-540696,Boumeliteia,unknown,wash,38.75000,23.25000,-750,300,0,250.6,https://pleiades.stoa.org/places/540696,
pl-530882,Gradetsi,settlement,pin,39.69810,21.05410,-550,-30,0,250.7,https://pleiades.stoa.org/places/530882,
pl-501411,Elaious,settlement,pin,40.05446,26.22333,-750,-330,0,251.1,https://pleiades.stoa.org/places/501411,
pl-550911,Tenedos,"settlement, settlement-modern",pin,39.83432,26.06964,-750,2100,0,251.2,https://pleiades.stoa.org/places/550911,
pl-550877,Sigeion,settlement,pin,39.98353,26.18087,-750,-330,0,251.3,https://pleiades.stoa.org/places/550877,
pl-530958,Konitsa,fort,pin,40.03807,20.78447,300,640,0,251.3,https://pleiades.stoa.org/places/530958,
pl-550878,Sigeion (promontory),cape,pin,40.00784,26.19896,1700,2100,0,251.5,https://pleiades.stoa.org/places/550878,
pl-481992,Skardon (mountain),mountain,pin,41.99210,20.79818,-330,2100,0,251.7,https://pleiades.stoa.org/places/481992,
pl-540676,Athamania,"label, people",pin,39.29090,21.52209,-330,300,0,251.9,https://pleiades.stoa.org/places/540676,
pl-207521,Turres,station,pin,43.16645,22.60000,-30,640,0,252.0,https://pleiades.stoa.org/places/207521,
pl-540870,Knemis,fort,pin,38.78414,22.83251,-550,300,0,252.2,https://pleiades.stoa.org/places/540870,
pl-550401,Achilleion,"settlement, archaeological-site",pin,39.91508,26.15174,-750,300,0,252.7,https://pleiades.stoa.org/places/550401,
pl-210709924,Kumtepe (Troad),settlement,pin,39.97805,26.19605,-4000,2100,0,252.7,https://pleiades.stoa.org/places/210709924,
pl-207328,Pakleštica,fort,pin,43.20656,22.74096,-30,640,0,253.0,https://pleiades.stoa.org/places/207328,
pl-541103,Skarpheia,settlement,pin,38.80909,22.66381,-750,640,0,253.1,https://pleiades.stoa.org/places/541103,
pl-541093,Scyrus (island),island,pin,38.86083,24.54993,1700,2100,0,253.2,https://pleiades.stoa.org/places/541093,
pl-531099,Skamneli,"fort-2, settlement",pin,39.91036,20.84469,-550,-30,0,253.2,https://pleiades.stoa.org/places/531099,
pl-530846,Dovroï,settlement,pin,39.45375,21.27487,-550,300,0,253.4,https://pleiades.stoa.org/places/530846,
pl-530910,Kalarritai,settlement,pin,39.57829,21.13379,-550,-30,0,253.4,https://pleiades.stoa.org/places/530910,
pl-501513,Melas Kolpos,water-open,pin,40.53068,26.46324,1700,2100,0,253.6,https://pleiades.stoa.org/places/501513,
pl-540963,Nikaia,settlement,pin,38.81197,22.61732,-550,640,0,253.9,https://pleiades.stoa.org/places/540963,
pl-217034,Utus (river),river,pin,43.18899,24.38303,-30,2100,0,254.0,https://pleiades.stoa.org/places/217034,
pl-207448,Sjarina,settlement,pin,42.78339,21.60017,300,640,0,254.0,https://pleiades.stoa.org/places/207448,
pl-540926,Makra Kome,"settlement, fort",pin,38.95733,22.12355,-550,2100,0,254.4,https://pleiades.stoa.org/places/540926,
pl-540930,Malis,"region, label",pin,38.85937,22.41302,,,0,254.5,https://pleiades.stoa.org/places/540930,
pl-540641,Antikyra?,settlement,pin,38.85278,22.43053,-750,300,0,254.6,https://pleiades.stoa.org/places/540641,
pl-540860,Kephissos (river),river,wash,38.85000,24.56000,-550,300,0,254.6,https://pleiades.stoa.org/places/540860,
pl-543604,Achilleion,unlocated,wash,38.85000,24.56000,-330,-30,0,254.6,https://pleiades.stoa.org/places/543604,
pl-501572,Plotino(u)polis,"settlement, archaeological-site, estate",pin,41.34428,26.50446,-140,2099,0,254.6,https://pleiades.stoa.org/places/501572,
pl-564394244,Acropolis?,acropolis,pin,38.95822,22.11285,-330,-30,0,254.7,https://pleiades.stoa.org/places/564394244,
pl-481831,Eordaikos (river),river,pin,40.74172,20.47540,-30,2099,0,255.0,https://pleiades.stoa.org/places/481831,
pl-540887,Kresion,settlement,pin,38.84392,24.55722,-550,640,0,255.2,https://pleiades.stoa.org/places/540887,
pl-540722,Daphnous,settlement,pin,38.74867,22.87886,-750,640,0,255.3,https://pleiades.stoa.org/places/540722,
pl-541147,Thronion,fort,pin,38.77584,22.72573,-750,-30,0,255.3,https://pleiades.stoa.org/places/541147,
pl-501334,Aianteion,"settlement, port, settlement-modern",pin,39.98159,26.23703,-30,2100,0,255.6,https://pleiades.stoa.org/places/501334,
pl-540624,Alpenos,settlement,pin,38.80185,22.58608,-750,640,0,255.7,https://pleiades.stoa.org/places/540624,
pl-540896,Kynos,settlement,pin,38.71837,23.07017,-750,640,0,255.8,https://pleiades.stoa.org/places/540896,
pl-501471,Koila,settlement,pin,40.20712,26.36755,-550,300,0,255.8,https://pleiades.stoa.org/places/501471,
pl-501503,Madytos,settlement,pin,40.18475,26.35607,-3000,2099,0,255.8,https://pleiades.stoa.org/places/501503,
pl-207563,Vorovum Minor,settlement,pin,43.30463,23.42113,-30,640,0,255.9,https://pleiades.stoa.org/places/207563,
pl-207235,Latina,station,pin,43.18557,22.51844,-30,640,0,256.2,https://pleiades.stoa.org/places/207235,
pl-540920,Loutra Hypatis Early Christian basilica and bath,"church-2, basilica, bath",pin,38.88603,22.26790,-30,1999,0,256.3,https://pleiades.stoa.org/places/540920,
pl-898419745,Çobantepe,settlement,pin,39.98135,26.24665,-3000,-1000,0,256.4,https://pleiades.stoa.org/places/898419745,
pl-540604,Aigai (mountain),"mountain, label",pin,38.68943,23.44839,1700,2100,0,256.5,https://pleiades.stoa.org/places/540604,
pl-541112,Spercheios,river,pin,38.90399,22.20913,-750,2100,0,256.6,https://pleiades.stoa.org/places/541112,
pl-540745,Dyras (river),river,pin,38.84102,22.40285,1700,2100,0,256.7,https://pleiades.stoa.org/places/540745,
pl-540773,Erythrai?,settlement,pin,38.84625,22.38459,-550,-30,0,256.7,https://pleiades.stoa.org/places/540773,
pl-550883,Simoeis (river),river,pin,39.96812,26.24337,-750,2100,0,256.8,https://pleiades.stoa.org/places/550883,
pl-551154,Aqueduct at Roman Ilium,aqueduct,wash,39.95737,26.23820,-30,300,0,256.9,https://pleiades.stoa.org/places/551154,
pl-550595,Ilium/Troia,settlement,pin,39.95744,26.23852,-3000,2100,0,256.9,https://pleiades.stoa.org/places/550595,
pl-216447619,Scaean Gate,"city-gate, defensive-wall",wash,39.95737,26.23820,-330,300,0,256.9,https://pleiades.stoa.org/places/216447619,
pl-877521473,Temple of Athena (Ilium),temple-2,pin,39.95776,26.23927,-330,2099,0,257.0,https://pleiades.stoa.org/places/877521473,
pl-945703088,Bouleuterion (Troy),architecturalcomplex,pin,39.95695,26.23924,-330,300,0,257.0,https://pleiades.stoa.org/places/945703088,
pl-897256486,Uvecik Tepe,tumulus,pin,39.90032,26.19917,-30,640,0,257.0,https://pleiades.stoa.org/places/897256486,
pl-540917,Locris Epiknemidia,"region, label",pin,38.74571,22.79282,,,0,257.1,https://pleiades.stoa.org/places/540917,
pl-481780,Candabia,station,pin,41.08332,20.43333,-30,1999,0,257.1,https://pleiades.stoa.org/places/481780,
pl-207238,Leskovac,fort,pin,42.99670,21.94529,300,640,0,257.1,https://pleiades.stoa.org/places/207238,
pl-501609,Sestos,settlement,pin,40.21340,26.38927,-750,300,0,257.3,https://pleiades.stoa.org/places/501609,
pl-541140,Thermopylae,"fort, pass",pin,38.79600,22.54364,-550,2100,0,257.4,https://pleiades.stoa.org/places/541140,
pl-481725,Aoi Stena,unknown,wash,40.50000,20.50000,,,0,257.4,https://pleiades.stoa.org/places/481725,
pl-481743,Artatus (river),river,wash,41.50000,20.50000,,,0,257.4,https://pleiades.stoa.org/places/481743,
pl-481762,Bevus (river),river,wash,40.50000,20.50000,,,0,257.4,https://pleiades.stoa.org/places/481762,
pl-481794,Codrion,unknown,wash,40.50000,20.50000,-330,-30,0,257.4,https://pleiades.stoa.org/places/481794,
pl-481911,Meropus M.,mountain,wash,40.50000,20.50000,,,0,257.4,https://pleiades.stoa.org/places/481911,
pl-482022,Tres Tabernae,people,wash,41.50000,20.50000,-30,640,0,257.4,https://pleiades.stoa.org/places/482022,
pl-540623,Alope?,unknown,wash,38.75000,22.75000,-750,640,0,257.5,https://pleiades.stoa.org/places/540623,
pl-540710,Chersonesos? Pr.,cape,wash,38.75000,24.25000,,,0,257.5,https://pleiades.stoa.org/places/540710,
pl-540936,Marmara,unknown,wash,38.75000,22.75000,-550,300,0,257.5,https://pleiades.stoa.org/places/540936,
pl-529934476,Phocian Wall,defensive-wall,pin,38.79424,22.53676,,,0,257.8,https://pleiades.stoa.org/places/529934476,
pl-207240,Liljache,fort,pin,43.32258,23.52245,-30,640,0,257.8,https://pleiades.stoa.org/places/207240,
pl-164618010,Untitled,mine,pin,42.56360,21.22301,-30,640,0,257.9,https://pleiades.stoa.org/places/164618010,
pl-540848,Kallidromon,fort,pin,38.78215,22.58373,-550,-30,0,257.9,https://pleiades.stoa.org/places/540848,
pl-550942,Traron,settlement,pin,39.99987,26.28053,-330,300,0,258.0,https://pleiades.stoa.org/places/550942,
pl-216880,Melta,station,pin,43.13473,24.71724,-30,640,0,258.0,https://pleiades.stoa.org/places/216880,
pl-540640,Anthela,"shrine, archaeological-site",pin,38.79790,22.51040,-550,300,0,258.1,https://pleiades.stoa.org/places/540640,
pl-541109,Sosthenis?,settlement,pin,38.81972,22.42273,-550,640,0,258.3,https://pleiades.stoa.org/places/541109,
pl-540827,Hypata,settlement,pin,38.87140,22.25209,-550,640,0,258.4,https://pleiades.stoa.org/places/540827,
pl-531118,Theudoria?,settlement,pin,39.44281,21.20487,-330,-30,0,258.5,https://pleiades.stoa.org/places/531118,
pl-104777481,Aetolian League,"league, state",wash,38.90028,22.16393,,,0,258.6,https://pleiades.stoa.org/places/104777481,
pl-164618019,Untitled,mine,pin,42.59145,21.23992,-30,640,0,258.9,https://pleiades.stoa.org/places/164618019,
pl-90956722,Cape Nara,cape,pin,40.19633,26.40123,2000,2099,0,258.9,https://pleiades.stoa.org/places/90956722,
pl-216825,Gorna Bešovitsa,fort,pin,43.31904,23.83968,-30,300,0,259.0,https://pleiades.stoa.org/places/216825,
pl-550946,Troicus Campus,"plain, label",pin,39.90927,26.23406,-330,300,0,259.1,https://pleiades.stoa.org/places/550946,
pl-541128,Teichious,settlement,pin,38.78451,22.52388,-550,-30,0,259.2,https://pleiades.stoa.org/places/541128,
pl-550398,Achaiion,settlement,pin,39.81311,26.16414,-750,2099,0,259.2,https://pleiades.stoa.org/places/550398,
pl-207274,Medvedja,settlement,pin,42.82958,21.57708,-30,640,0,259.2,https://pleiades.stoa.org/places/207274,
pl-550856,Rhoiteion,settlement,pin,40.00968,26.30329,-750,-30,0,259.3,https://pleiades.stoa.org/places/550856,
pl-481811,Donja Gušterica,settlement,pin,42.54716,21.18017,-30,640,0,259.3,https://pleiades.stoa.org/places/481811,
pl-501487,Kynossema (promontory),cape,pin,40.14420,26.38100,1700,2100,0,259.4,https://pleiades.stoa.org/places/501487,
pl-207151,Govezhda,fort,pin,43.30189,22.96654,-30,640,0,259.4,https://pleiades.stoa.org/places/207151,
pl-540942,Mendenitsa,settlement,pin,38.75391,22.63352,-550,300,0,259.7,https://pleiades.stoa.org/places/540942,
pl-541086,Rhodountia,fort,pin,38.77184,22.54912,-550,-30,0,259.8,https://pleiades.stoa.org/places/541086,
pl-549287251,Heptastadion,strait,wash,40.20124,26.41443,-30,300,0,259.8,https://pleiades.stoa.org/places/549287251,
pl-501325,Abydos,"settlement, archaeological-site",pin,40.19422,26.41131,-750,2000,0,259.8,https://pleiades.stoa.org/places/501325,
pl-541172,Vounous,settlement,pin,38.80952,22.40368,-550,640,0,259.9,https://pleiades.stoa.org/places/541172,
pl-560221,Aegaeum Mare,water-open,wash,38.91396,24.91724,-550,2100,0,260.2,https://pleiades.stoa.org/places/560221,
pl-501356,Apsinthis,"label, people",pin,40.75591,26.58910,-550,300,0,260.2,https://pleiades.stoa.org/places/501356,
pl-540675,Atalante (island),island,pin,38.67352,23.09538,1700,2100,0,260.5,https://pleiades.stoa.org/places/540675,
pl-541157,Trachis/Herakleia,settlement,pin,38.79204,22.44758,-750,640,0,260.5,https://pleiades.stoa.org/places/541157,
pl-207123,Gaganitsa,fort,pin,43.32876,23.10610,-30,640,0,260.6,https://pleiades.stoa.org/places/207123,
pl-540918,Locris Opuntia,"region, label",pin,38.68432,22.97753,,,0,260.7,https://pleiades.stoa.org/places/540918,
pl-207204,Kalimanitsa,settlement,pin,43.33259,23.13342,-30,640,0,260.7,https://pleiades.stoa.org/places/207204,
pl-540847,Kalliaros,settlement,pin,38.67335,23.06339,-550,-30,0,260.8,https://pleiades.stoa.org/places/540847,
pl-501386,Chersonesus,peninsula,pin,40.33662,26.48798,-750,2100,0,260.9,https://pleiades.stoa.org/places/501386,
pl-550787,Ophryneion,"settlement, settlement-modern",pin,40.02471,26.33782,-330,2100,0,261.2,https://pleiades.stoa.org/places/550787,
pl-540611,Ainis,"region, label, people",pin,38.86985,22.17632,-750,300,0,261.2,https://pleiades.stoa.org/places/540611,
pl-541111,Spercheiai,"defensive-wall, fort",pin,38.92295,22.03326,-550,-30,0,261.3,https://pleiades.stoa.org/places/541111,
pl-155598151,Palaiokastro,"settlement, fort",pin,38.97639,21.90337,-330,2100,0,261.4,https://pleiades.stoa.org/places/155598151,
pl-540958,Naryka/Tarphe?,settlement,pin,38.71705,22.72822,-750,640,0,261.5,https://pleiades.stoa.org/places/540958,
pl-501393,Dardanos,settlement,pin,40.07973,26.37442,-750,1999,0,261.6,https://pleiades.stoa.org/places/501393,
pl-540800,Halai,settlement,pin,38.65376,23.19375,-750,640,0,261.7,https://pleiades.stoa.org/places/540800,
pl-531144,Vitsa,settlement,pin,39.87715,20.75327,-750,-330,0,261.7,https://pleiades.stoa.org/places/531144,
pl-530810,Arktanes,"label, people",pin,39.70522,20.88489,-550,-30,0,262.0,https://pleiades.stoa.org/places/530810,
pl-550434,Antigoneia/(Col. Augusta) Alexandria Troas,settlement,pin,39.75170,26.15756,-330,640,0,262.2,https://pleiades.stoa.org/places/550434,
pl-584982269,Tell Karanovo,tell,pin,42.51351,25.90947,-6000,2099,0,262.6,https://pleiades.stoa.org/places/584982269,
pl-540871,Knemis (mountain),"mountain, label",pin,38.74127,22.56456,,,0,262.7,https://pleiades.stoa.org/places/540871,
pl-481748,Atintanis,"label, people",pin,41.28813,20.38597,-330,-30,0,262.8,https://pleiades.stoa.org/places/481748,
pl-501668,*Zorlanae,station,pin,40.85864,26.63531,300,1999,0,263.1,https://pleiades.stoa.org/places/501668,
pl-540680,"Athena, T.",sanctuary,pin,38.78727,22.37189,-750,300,0,263.2,https://pleiades.stoa.org/places/540680,
pl-207326,Ovsinjac,fort,pin,43.13738,22.13736,-30,640,0,263.3,https://pleiades.stoa.org/places/207326,
pl-481849,Grandavia,station,pin,41.13788,20.36156,-30,640,0,263.4,https://pleiades.stoa.org/places/481849,
pl-482027,Ulpiana,settlement,pin,42.59665,21.17475,-30,640,0,263.4,https://pleiades.stoa.org/places/482027,
pl-207489,Tautiomosis,settlement,pin,43.37259,23.48170,-30,640,0,263.4,https://pleiades.stoa.org/places/207489,
pl-581020757,Bozköy-Hanaytepe,tell,pin,39.90868,26.29320,-2000,2099,0,263.5,https://pleiades.stoa.org/places/581020757,
pl-530813,Kastraki of Agios Minas,"fort-2, ruin, settlement",pin,39.96352,20.67009,-330,2099,0,263.5,https://pleiades.stoa.org/places/530813,
pl-540583,Abantes,"label, people",pin,38.62902,23.70687,-750,-550,0,263.7,https://pleiades.stoa.org/places/540583,
pl-540638,Ano Phteri,settlement,pin,38.88707,22.05633,-550,300,0,263.9,https://pleiades.stoa.org/places/540638,
pl-550929,Thymbras Pedion,"plain, label",pin,39.89972,26.29333,-330,300,0,264.0,https://pleiades.stoa.org/places/550929,
pl-501434,Hellespont (strait),water-open,pin,40.21881,26.47687,-30,2100,0,264.0,https://pleiades.stoa.org/places/501434,
pl-645204824,Mitrou,settlement,pin,38.63667,23.12451,-2000,-550,0,264.2,https://pleiades.stoa.org/places/645204824,
pl-540593,Ag. Demetrios,temple,pin,38.76873,22.39963,-550,640,0,264.3,https://pleiades.stoa.org/places/540593,
pl-530875,Eurymenai?,settlement,pin,39.63047,20.91961,-550,640,0,264.3,https://pleiades.stoa.org/places/530875,
pl-540818,Homilai,settlement,pin,38.76247,22.41667,-750,640,0,264.4,https://pleiades.stoa.org/places/540818,
pl-531038,[Pambotis L.],lake,pin,39.66696,20.88261,300,2100,0,264.5,https://pleiades.stoa.org/places/531038,
pl-540968,Oeta (mountain),mountain,pin,38.80438,22.26921,-550,2100,0,264.6,https://pleiades.stoa.org/places/540968,
pl-550944,Troas (region),region,wash,39.89049,26.29770,-750,300,0,264.8,https://pleiades.stoa.org/places/550944,
pl-540736,Dirphys (mountain),mountain,pin,38.62750,23.84278,1700,2100,0,264.9,https://pleiades.stoa.org/places/540736,
pl-550546,Gentinos?,"settlement, archaeological-site",pin,39.87575,26.28976,-330,300,0,264.9,https://pleiades.stoa.org/places/550546,
pl-550594,Ilieon Kome,settlement,pin,39.94908,26.34392,-330,300,0,265.3,https://pleiades.stoa.org/places/550594,
pl-207193,Iustiniana Prima,settlement,pin,42.95215,21.67025,300,640,0,265.4,https://pleiades.stoa.org/places/207193,
pl-540986,Opous,settlement,pin,38.63064,23.04788,-750,640,0,265.7,https://pleiades.stoa.org/places/540986,
pl-481697,Ad Dianam,station,pin,41.15577,20.33375,-30,640,0,265.8,https://pleiades.stoa.org/places/481697,
pl-501644,Tonzos (river),river,pin,42.37949,26.09296,-330,2100,0,265.8,https://pleiades.stoa.org/places/501644,
pl-207236,Lece,settlement,pin,42.90528,21.57855,-30,640,0,265.8,https://pleiades.stoa.org/places/207236,
pl-207382,Remesiana,settlement,pin,43.21450,22.29350,-30,640,0,265.8,https://pleiades.stoa.org/places/207382,
pl-216966,Sadovets,settlement,pin,43.30768,24.35116,300,640,0,265.9,https://pleiades.stoa.org/places/216966,
pl-540977,Oion?,settlement,pin,38.62896,23.05006,-550,300,0,265.9,https://pleiades.stoa.org/places/540977,
pl-530900,Ioannina,settlement,pin,39.66880,20.85811,300,1599,0,266.1,https://pleiades.stoa.org/places/530900,
pl-501590,Rhodios (river),river,pin,40.13999,26.46454,1900,2099,0,266.1,https://pleiades.stoa.org/places/501590,
pl-540633,Anastasis,settlement,pin,38.62183,23.08285,-750,640,0,266.3,https://pleiades.stoa.org/places/540633,
pl-540679,Athena Kranaia (temple),"sanctuary, archaeological-site, temple-2",pin,38.65783,22.81066,-550,300,0,266.3,https://pleiades.stoa.org/places/540679,
pl-540603,Aigai,settlement,pin,38.59819,23.55263,-750,640,0,266.6,https://pleiades.stoa.org/places/540603,
pl-540863,Khili,settlement,pin,38.64884,24.14939,-550,-30,0,266.6,https://pleiades.stoa.org/places/540863,
pl-540899,Kytinion,settlement,pin,38.71539,22.50877,-550,300,0,266.8,https://pleiades.stoa.org/places/540899,
pl-207493,Temska,settlement,pin,43.29349,22.54222,-30,640,0,266.9,https://pleiades.stoa.org/places/207493,
pl-540743,Drymaia,settlement,pin,38.70616,22.54099,-750,640,0,267.0,https://pleiades.stoa.org/places/540743,
pl-530946,Khuka,settlement,pin,39.34039,21.19251,-330,-30,0,267.0,https://pleiades.stoa.org/places/530946,
pl-481781,Candaviae M.,mountain,pin,41.11667,20.31667,-30,2100,0,267.0,https://pleiades.stoa.org/places/481781,
pl-540665,"Artemis Elaphebolia, T.","sanctuary, temple-2",pin,38.63670,22.89554,-750,300,0,267.2,https://pleiades.stoa.org/places/540665,
pl-955675680,Temple of Artemis and Apollo,sanctuary,pin,38.63651,22.89542,2000,2099,0,267.2,https://pleiades.stoa.org/places/955675680,
pl-550661,Kolonai,settlement,pin,39.67702,26.16643,-750,-30,0,267.3,https://pleiades.stoa.org/places/550661,
pl-501428,Hadrianoupolis,settlement,pin,41.67646,26.56289,-1750,2000,0,267.3,https://pleiades.stoa.org/places/501428,
pl-495763999,Untitled,mine,pin,42.91519,21.56156,-30,640,0,267.5,https://pleiades.stoa.org/places/495763999,
pl-207127,Georgi Damjanovo,fort,pin,43.38565,23.03090,-30,640,0,267.7,https://pleiades.stoa.org/places/207127,
pl-481837,*Gabuleum,"station, settlement-modern",pin,42.21302,20.73633,-30,2099,0,267.8,https://pleiades.stoa.org/places/481837,
pl-595443937,Kyrtones tower (Phthiotis),tower-defensive,pin,38.60742,23.06916,-330,-30,0,268.0,https://pleiades.stoa.org/places/595443937,
pl-542836711,Typhrestos/Tymphrestos (mountain),mountain,pin,38.94378,21.82419,-330,2100,0,268.0,https://pleiades.stoa.org/places/542836711,
pl-540755,Elateia,"settlement, archaeological-site, settlement-modern",pin,38.64563,22.77999,-750,2100,0,268.2,https://pleiades.stoa.org/places/540755,
pl-550486,Birytis?,"settlement, settlement-modern",pin,39.95000,26.38333,-550,2100,0,268.2,https://pleiades.stoa.org/places/550486,
pl-909179853,"Mycenaean necropolis, Elateia",cemetery,pin,38.64749,22.77217,-2000,-1,0,268.2,https://pleiades.stoa.org/places/909179853,
pl-540740,Doris,"region, label",pin,38.72285,22.42477,-750,300,0,268.3,https://pleiades.stoa.org/places/540740,
pl-207293,Montana,settlement,pin,43.40874,23.22610,-30,640,0,268.4,https://pleiades.stoa.org/places/207293,
pl-530911,Kalenzion,settlement,pin,39.48808,20.99825,-330,-30,0,268.5,https://pleiades.stoa.org/places/530911,
pl-530807,Arachthos/Araththos/Aratthos/Aracthus (river),river,pin,39.45453,21.03318,-750,2100,0,268.6,https://pleiades.stoa.org/places/530807,
pl-482032,‘Vicianum’,station,pin,42.63911,21.14154,-30,640,0,268.6,https://pleiades.stoa.org/places/482032,
pl-501543,Paion,settlement,pin,40.50543,26.63960,-550,-330,0,268.7,https://pleiades.stoa.org/places/501543,
pl-207125,Gavril Genovo,fort,pin,43.39751,23.05842,-30,640,0,268.7,https://pleiades.stoa.org/places/207125,
pl-550652,Yedi Taşlar,quarry,pin,39.74123,26.24166,-30,2100,0,268.8,https://pleiades.stoa.org/places/550652,
pl-550897,Stoma Limne,labeled feature,wash,39.75000,26.25000,-330,300,0,268.9,https://pleiades.stoa.org/places/550897,
pl-550927,Thymbra,unlocated,wash,39.75000,26.25000,-750,599,0,268.9,https://pleiades.stoa.org/places/550927,
pl-550951,Xanthos (river),river,wash,39.75000,26.25000,-330,300,0,268.9,https://pleiades.stoa.org/places/550951,
pl-551907,Untitled,bridge,wash,39.75000,26.25000,-30,640,0,268.9,https://pleiades.stoa.org/places/551907,
pl-540695,Boumelit(ei)a,settlement,pin,38.58892,23.19241,300,640,0,268.9,https://pleiades.stoa.org/places/540695,
pl-540908,Ledon,settlement,pin,38.65839,22.67608,-550,2100,0,268.9,https://pleiades.stoa.org/places/540908,
pl-550400,Acheloos (river),river,wash,39.75000,26.25000,-330,300,0,268.9,https://pleiades.stoa.org/places/550400,
pl-550413,Agammia? Pr.,cape,wash,39.75000,26.25000,-550,2100,0,268.9,https://pleiades.stoa.org/places/550413,
pl-550415,Aianteion,monument,wash,39.75000,26.25000,-550,640,0,268.9,https://pleiades.stoa.org/places/550415,
pl-550462,Assios (river),river,wash,39.75000,26.25000,-330,300,0,268.9,https://pleiades.stoa.org/places/550462,
pl-541080,Pyra,"sanctuary, temple-2",pin,38.75196,22.29911,-750,640,0,269.0,https://pleiades.stoa.org/places/541080,
pl-550561,(H)Alesion Pedion,bridge,pin,39.58486,26.10986,-330,300,0,269.2,https://pleiades.stoa.org/places/550561,
pl-540651,"Apollo, T.",temple-2,pin,38.58507,23.80506,-550,-30,0,269.3,https://pleiades.stoa.org/places/540651,
pl-541153,Tithronion,settlement,pin,38.67533,22.58107,-550,300,0,269.3,https://pleiades.stoa.org/places/541153,
pl-481945,Parauaea,"region, label",pin,40.24309,20.44617,-330,300,0,269.3,https://pleiades.stoa.org/places/481945,
pl-540882,Korseia,settlement,pin,38.59375,23.08241,-550,300,0,269.4,https://pleiades.stoa.org/places/540882,
pl-501359,Arisbe,"settlement, settlement-modern",pin,40.19429,26.53576,-750,2100,0,269.6,https://pleiades.stoa.org/places/501359,
pl-921892403,Panagitsa,"settlement, cemetery, settlement-modern",pin,38.63931,22.73916,1900,2099,0,269.7,https://pleiades.stoa.org/places/921892403,
pl-531042,Passaron,settlement,pin,39.73301,20.75239,-550,300,0,269.7,https://pleiades.stoa.org/places/531042,
pl-550685,Larisa/Ptolemais?,settlement,pin,39.61551,26.14642,-750,-30,0,269.8,https://pleiades.stoa.org/places/550685,
pl-540596,Ag. Triada,settlement,pin,38.57568,23.72865,-550,640,0,269.8,https://pleiades.stoa.org/places/540596,
pl-482013,Theranda,station,pin,42.36028,20.82971,-30,1599,0,269.9,https://pleiades.stoa.org/places/482013,
pl-501336,Aigospotamos,settlement,pin,40.33150,26.59937,-550,-330,0,270.0,https://pleiades.stoa.org/places/501336,
pl-501445,Kainike,label,pin,41.02380,26.72336,,,0,270.0,https://pleiades.stoa.org/places/501445,
pl-530790,Akropolis Passaron,acropolis,pin,39.71012,20.76621,-550,300,0,270.1,https://pleiades.stoa.org/places/530790,
pl-530880,Gourgiana,settlement,pin,39.41712,21.05076,-330,-30,0,270.1,https://pleiades.stoa.org/places/530880,
pl-540594,Ag. Ilias,settlement,pin,38.56813,23.65493,-750,-330,0,270.2,https://pleiades.stoa.org/places/540594,
pl-216795,Doriones,station,pin,43.25358,24.73011,-30,640,0,270.5,https://pleiades.stoa.org/places/216795,
pl-540906,Larymna (Boeotia),"settlement, port",pin,38.56735,23.28135,-750,640,0,270.6,https://pleiades.stoa.org/places/540906,
pl-530872,Epitaphion,settlement,pin,39.36627,21.10025,-550,-30,0,270.7,https://pleiades.stoa.org/places/530872,
pl-540587,Acheloos (river),river,wash,38.75000,22.25000,,,0,270.8,https://pleiades.stoa.org/places/540587,
pl-540589,Achilleion Sinus,water-open,wash,38.75000,24.75000,,,0,270.8,https://pleiades.stoa.org/places/540589,
pl-540721,Daphnos (river),river,wash,38.75000,22.25000,1700,2100,0,270.8,https://pleiades.stoa.org/places/540721,
pl-540971,Oichalia?,"settlement, archaeological-site",pin,38.60268,24.09983,-550,300,0,270.8,https://pleiades.stoa.org/places/540971,
pl-541036,Phalika?,unknown,wash,38.75000,22.25000,-550,300,0,270.8,https://pleiades.stoa.org/places/541036,
pl-541049,Phoinix? (river),river,wash,38.75000,22.25000,,,0,270.8,https://pleiades.stoa.org/places/541049,
pl-541099,Side,unknown,wash,38.75000,22.25000,-550,300,0,270.8,https://pleiades.stoa.org/places/541099,
pl-550565,Hamaxitos,settlement,pin,39.54360,26.09471,-750,2100,0,270.9,https://pleiades.stoa.org/places/550565,
pl-579931,Euboicus Sinus,water-open,pin,38.56000,23.43000,1700,2100,0,270.9,https://pleiades.stoa.org/places/579931,
pl-550609,Kallikolone M.,"mountain, label",pin,39.96806,26.43204,-750,-30,0,271.0,https://pleiades.stoa.org/places/550609,
pl-501556,Perkote,settlement,pin,40.27391,26.58881,-750,-30,0,271.0,https://pleiades.stoa.org/places/501556,
pl-482021,Treiecto,station,pin,41.16056,20.26816,-30,640,0,271.3,https://pleiades.stoa.org/places/482021,
pl-540820,Hyampolis,settlement,pin,38.59607,22.90558,-550,300,0,271.4,https://pleiades.stoa.org/places/540820,
pl-540769,Erineos,settlement,pin,38.69436,22.41574,-750,640,0,271.6,https://pleiades.stoa.org/places/540769,
pl-550500,Chrysa,settlement,pin,39.52126,26.08288,-750,-30,0,271.6,https://pleiades.stoa.org/places/550500,
pl-501483,Kressa,settlement,pin,40.35115,26.62586,-750,-330,0,271.6,https://pleiades.stoa.org/places/501483,
pl-540595,Ag. Paraskevi,fort,pin,38.55496,23.65060,-750,1999,0,271.7,https://pleiades.stoa.org/places/540595,
pl-540885,Kotylaion (mountain),"mountain, label",pin,38.58220,24.00873,,,0,271.7,https://pleiades.stoa.org/places/540885,
pl-531021,Oraiokastron,settlement,pin,39.97921,20.55134,-550,640,0,271.8,https://pleiades.stoa.org/places/531021,
pl-550772,Neandria,settlement,pin,39.72369,26.27322,-750,1999,0,272.1,https://pleiades.stoa.org/places/550772,
pl-501485,Krithote,settlement,pin,40.40673,26.65166,-550,-330,0,272.1,https://pleiades.stoa.org/places/501485,
pl-541098,"Serapis, T.",temple-2,pin,38.58807,22.90915,-330,300,0,272.3,https://pleiades.stoa.org/places/541098,
pl-540629,Amphikleia,settlement,pin,38.64232,22.59821,-750,640,0,272.4,https://pleiades.stoa.org/places/540629,
pl-550888,Skamandreia,settlement,pin,39.83749,26.36487,-550,300,0,272.5,https://pleiades.stoa.org/places/550888,
pl-437726118,Palaiophiva,fortified-settlement,pin,38.62377,22.68062,-550,2099,0,272.5,https://pleiades.stoa.org/places/437726118,
pl-775947099,Monachou/Palio Chorio,"fortified-settlement, ruin",pin,38.55743,23.15316,1900,1999,0,272.7,https://pleiades.stoa.org/places/775947099,
pl-530963,Kraneia?,church,pin,39.25140,21.21417,-550,-30,0,272.7,https://pleiades.stoa.org/places/530963,
pl-501436,Ide,settlement,pin,40.50408,26.68922,-550,-330,0,272.8,https://pleiades.stoa.org/places/501436,
pl-282029780,Tower of Amfikleia,tower-single,pin,38.64241,22.58134,640,1453,0,272.8,https://pleiades.stoa.org/places/282029780,
pl-550892,Smintheion,"sanctuary, settlement, temple-2",pin,39.53621,26.11774,-750,2100,0,272.9,https://pleiades.stoa.org/places/550892,
pl-207526,‘Ulmo’,station,pin,43.26529,22.23438,-30,640,0,272.9,https://pleiades.stoa.org/places/207526,
pl-540582,Abai,"settlement, archaeological-site",pin,38.58020,22.91706,-750,300,0,273.0,https://pleiades.stoa.org/places/540582,
pl-540823,Hyettos,"ruin, settlement",pin,38.55800,23.10310,-750,640,0,273.1,https://pleiades.stoa.org/places/540823,
pl-501481,Kremaste,settlement,pin,40.09031,26.52958,-550,-330,0,273.1,https://pleiades.stoa.org/places/501481,
pl-550691,Lekton/Lectum,cape,pin,39.47832,26.06331,-550,2100,0,273.2,https://pleiades.stoa.org/places/550691,
pl-342573283,Harilaq,fortified-settlement,pin,42.57828,20.99770,300,640,0,273.2,https://pleiades.stoa.org/places/342573283,
pl-540618,Akyphas/Pindos,settlement,pin,38.68549,22.37987,-750,640,0,273.5,https://pleiades.stoa.org/places/540618,
pl-540635,Anchoe,settlement,pin,38.54148,23.28910,-550,640,0,273.5,https://pleiades.stoa.org/places/540635,
pl-541129,Teleidai,settlement,pin,38.58279,24.13187,-550,300,0,273.5,https://pleiades.stoa.org/places/541129,
pl-506607,Untitled,wall-2,wash,40.75000,26.75000,-550,-30,0,273.7,https://pleiades.stoa.org/places/506607,
pl-506608,Untitled,wall-2,wash,40.75000,26.75000,300,640,0,273.7,https://pleiades.stoa.org/places/506608,
pl-216803,Emporium Discoduraterae,settlement,pin,43.02356,25.36833,-30,640,0,273.8,https://pleiades.stoa.org/places/216803,
pl-540970,Oichalia (Aetolia),"settlement, settlement-modern",pin,38.90832,21.76509,-550,2099,0,273.9,https://pleiades.stoa.org/places/540970,
pl-540857,Kastriotissa,settlement,pin,38.72251,22.23487,-550,-30,0,274.1,https://pleiades.stoa.org/places/540857,
pl-530887,Helikranon?,settlement,pin,39.83404,20.61511,-330,-30,0,274.1,https://pleiades.stoa.org/places/530887,
pl-550889,Skamandros,settlement,pin,39.80025,26.36124,300,640,0,274.2,https://pleiades.stoa.org/places/550889,
pl-540728,"Demeter, T.",temple-2,pin,38.63555,22.55235,-750,2099,0,274.2,https://pleiades.stoa.org/places/540728,
pl-501450,Kallipo(u)lis,"settlement, port",pin,40.41390,26.68078,-330,2000,0,274.3,https://pleiades.stoa.org/places/501450,
pl-216804,Emporium Piretensium,settlement,pin,43.12771,25.17043,-30,300,0,274.5,https://pleiades.stoa.org/places/216804,
pl-540691,Boion,settlement,pin,38.65814,22.44741,-550,640,0,274.5,https://pleiades.stoa.org/places/540691,
pl-550940,Tragasai,settlement,pin,39.56652,26.17250,-330,300,0,274.7,https://pleiades.stoa.org/places/550940,
pl-540980,Olmones,"ruin, settlement",pin,38.54184,23.09770,-550,2099,0,274.9,https://pleiades.stoa.org/places/540980,
pl-531003,Molossis,"region, label",pin,39.77579,20.64762,-550,300,0,274.9,https://pleiades.stoa.org/places/531003,
pl-540709,Charadra,settlement,pin,38.64094,22.48957,-550,640,0,275.2,https://pleiades.stoa.org/places/540709,
pl-530871,Epirus,"region, label",pin,39.68546,20.71392,-750,640,0,275.3,https://pleiades.stoa.org/places/530871,
pl-550930,Thymbrios (river),river,wash,39.86036,26.42301,-330,300,0,275.6,https://pleiades.stoa.org/places/550930,
pl-550432,Andiros (river),river,wash,39.86036,26.42301,-330,300,0,275.6,https://pleiades.stoa.org/places/550432,
pl-540770,Erochos,settlement,pin,38.62369,22.54090,-750,640,0,275.7,https://pleiades.stoa.org/places/540770,
pl-540915,Lilaia,settlement,pin,38.63198,22.50127,-550,300,0,275.8,https://pleiades.stoa.org/places/540915,
pl-540775,Euboea (island),island,pin,38.53000,23.87000,-550,2100,0,275.9,https://pleiades.stoa.org/places/540775,
pl-540911,Lelant(i)on Pedion,plain,wash,38.53000,23.87000,-30,2100,0,275.9,https://pleiades.stoa.org/places/540911,
pl-207112,Erden,fort,pin,43.48132,23.28702,-30,640,0,276.0,https://pleiades.stoa.org/places/207112,
pl-207154,Gradeshnitsa,fort,pin,43.48625,23.48079,-30,640,0,276.0,https://pleiades.stoa.org/places/207154,
pl-216716,Asamus (river),river,pin,43.25923,24.87908,-30,2100,0,276.1,https://pleiades.stoa.org/places/216716,
pl-540673,Aspledon/Eudeielos,settlement,pin,38.54100,22.99272,-550,300,0,276.2,https://pleiades.stoa.org/places/540673,
pl-540884,Kotylaion,settlement,pin,38.54522,24.03760,-550,300,0,276.2,https://pleiades.stoa.org/places/540884,
pl-791881840,Acropolis of Lilaia,acropolis,pin,38.62576,22.50629,,,0,276.4,https://pleiades.stoa.org/places/791881840,
pl-540785,Eurytania,"region, label",pin,38.95427,21.61018,,,0,276.8,https://pleiades.stoa.org/places/540785,
pl-207578,Zlata,fort,pin,43.06285,21.64447,300,640,0,276.8,https://pleiades.stoa.org/places/207578,
pl-541152,Tithorea/Neon,settlement,pin,38.58550,22.66860,-550,2099,0,276.9,https://pleiades.stoa.org/places/541152,
pl-501458,Kardia/Lysimacheia,settlement,pin,40.54823,26.75081,-550,300,0,276.9,https://pleiades.stoa.org/places/501458,
pl-530914,Kalogeritsa,settlement,pin,39.48587,20.86955,-550,-30,0,277.1,https://pleiades.stoa.org/places/530914,
pl-530823,Bouga,settlement,pin,39.30633,21.06826,-330,-30,0,277.2,https://pleiades.stoa.org/places/530823,
pl-530952,Klimatia,settlement,pin,39.70165,20.67277,-550,-30,0,277.2,https://pleiades.stoa.org/places/530952,
pl-481744,Asnaus (mountain),"mountain, label",pin,40.15909,20.38404,,,0,277.2,https://pleiades.stoa.org/places/481744,
pl-721831063,Epirote League,league,wash,39.60765,20.75306,2000,2099,0,277.2,https://pleiades.stoa.org/places/721831063,
pl-554307,Pedasos,unlocated,wash,39.54776,26.19393,-330,-30,0,277.3,https://pleiades.stoa.org/places/554307,
pl-541168,Tsouka,settlement,pin,38.98135,21.54779,-550,-30,0,277.4,https://pleiades.stoa.org/places/541168,
pl-541050,Phokai?,settlement,pin,38.50319,23.32463,-550,640,0,277.5,https://pleiades.stoa.org/places/541050,
pl-206910,Almus (river),river,wash,43.50000,23.50000,,,0,277.5,https://pleiades.stoa.org/places/206910,
pl-206935,Augusta (river),river,wash,43.50000,23.50000,-30,640,0,277.5,https://pleiades.stoa.org/places/206935,
pl-207209,Kebros (river),river,wash,43.50000,23.50000,,,0,277.5,https://pleiades.stoa.org/places/207209,
pl-540932,Manika,fort,pin,38.50162,23.64561,-550,1999,0,277.6,https://pleiades.stoa.org/places/540932,
pl-501570,Pityoussa/Lampsacus,settlement,pin,40.34669,26.69916,-750,2099,0,277.6,https://pleiades.stoa.org/places/501570,
pl-981526,Hellespontus (province),province-2,wash,40.34669,26.69916,,,0,277.6,https://pleiades.stoa.org/places/981526,
pl-207095,Draškova kutina,fort,pin,43.23877,22.02250,-30,640,0,277.6,https://pleiades.stoa.org/places/207095,
pl-540639,Anthedon,"settlement, port",pin,38.49769,23.45165,-750,640,0,277.8,https://pleiades.stoa.org/places/540639,
pl-540869,Klavsion,settlement,pin,38.86437,21.77077,-330,640,0,277.8,https://pleiades.stoa.org/places/540869,
pl-541011,Parapotamioi,settlement,pin,38.55115,22.81786,-750,300,0,277.8,https://pleiades.stoa.org/places/541011,
pl-540654,"Apollo Tegyraios, T.",temple-2,pin,38.52059,23.03644,-750,-30,0,277.9,https://pleiades.stoa.org/places/540654,
pl-252533527,Ampouria Parnassou,"sanctuary, cave, settlement-modern",pin,38.56822,22.70592,2000,2099,0,278.0,https://pleiades.stoa.org/places/252533527,
pl-550870,Satnioeis (river),river,pin,39.54345,26.20048,-750,2099,0,278.1,https://pleiades.stoa.org/places/550870,
pl-530886,Hani Emin Aga,settlement,pin,39.45253,20.88885,-550,-30,0,278.1,https://pleiades.stoa.org/places/530886,
pl-540912,Lelantus (river),river,pin,38.49939,23.75536,2000,2099,0,278.4,https://pleiades.stoa.org/places/540912,
pl-550774,Nesope (island),island,pin,39.21615,25.83754,1700,2100,0,278.5,https://pleiades.stoa.org/places/550774,
pl-531004,Moni Sosinou,settlement,pin,39.83860,20.55296,-550,-30,0,278.5,https://pleiades.stoa.org/places/531004,
pl-541126,Tegyra,settlement,pin,38.51298,23.05054,-750,300,0,278.6,https://pleiades.stoa.org/places/541126,
pl-618644371,Bouleuterion at Dodona,"building, archaeological-site",pin,39.54673,20.78906,-330,300,0,278.6,https://pleiades.stoa.org/places/618644371,
pl-179549802,Theater of Pyrrhus,theatre,pin,39.54665,20.78782,-330,300,0,278.7,https://pleiades.stoa.org/places/179549802,
pl-540735,"Dionysos, T.",temple-2,pin,38.52368,22.95317,-550,-330,0,278.7,https://pleiades.stoa.org/places/540735,
pl-530843,Dodona (Epirus),settlement,pin,39.54644,20.78773,-750,640,0,278.7,https://pleiades.stoa.org/places/530843,
pl-501577,Praktios (river),river,pin,40.24357,26.67277,-30,2099,0,278.7,https://pleiades.stoa.org/places/501577,
pl-540878,Kopai,settlement,pin,38.50153,23.16328,-750,640,0,278.8,https://pleiades.stoa.org/places/540878,
pl-550682,Lapsarna,settlement,pin,39.27842,25.92473,-330,640,0,278.9,https://pleiades.stoa.org/places/550682,
pl-540705,Chalia,"church-2, settlement",pin,38.48832,23.57238,-750,2099,0,278.9,https://pleiades.stoa.org/places/540705,
pl-541015,Psilo Kastro (Ag. Marina),settlement,pin,38.56041,22.69891,-550,2099,0,279.0,https://pleiades.stoa.org/places/541015,
pl-550948,Tsouloumountra,settlement,pin,39.27167,25.92016,-330,300,0,279.1,https://pleiades.stoa.org/places/550948,
pl-207266,Marchevo,fort,pin,43.51215,23.34514,-30,640,0,279.2,https://pleiades.stoa.org/places/207266,
pl-531037,Paliouri-Dragoumi,settlement,pin,39.70099,20.64469,-550,-30,0,279.3,https://pleiades.stoa.org/places/531037,
pl-501322,Abarnis,settlement,pin,40.37825,26.73436,-550,-30,0,279.6,https://pleiades.stoa.org/places/501322,
pl-541048,Phocis,region,wash,38.55571,22.68658,,,0,279.7,https://pleiades.stoa.org/places/541048,
pl-501397,Deris,settlement,pin,40.65781,26.80898,-550,-330,0,279.8,https://pleiades.stoa.org/places/501397,
pl-550880,Sigron,settlement,pin,39.21282,25.85647,-750,640,0,279.9,https://pleiades.stoa.org/places/550880,
pl-550840,Polymedion/Palamedium,settlement,pin,39.46158,26.14903,-750,300,0,280.0,https://pleiades.stoa.org/places/550840,
pl-550799,Palaiokhori,settlement,pin,39.24178,25.89843,-330,300,0,280.1,https://pleiades.stoa.org/places/550799,
pl-541088,Salganeus,settlement,pin,38.47676,23.50853,-550,300,0,280.1,https://pleiades.stoa.org/places/541088,
pl-501547,Palaiperkote,settlement,pin,40.23637,26.68646,-750,-330,0,280.1,https://pleiades.stoa.org/places/501547,
pl-550861,Samonion Pedion,"plain, label",pin,39.69770,26.36543,-330,300,0,280.2,https://pleiades.stoa.org/places/550861,
pl-550720,Mantra,fort,pin,39.22449,25.87775,-30,300,0,280.2,https://pleiades.stoa.org/places/550720,
pl-207160,Gromshin,settlement,pin,43.52564,23.49184,-30,640,0,280.3,https://pleiades.stoa.org/places/207160,
pl-207373,*Radices,station,pin,43.28589,22.07697,-30,640,0,280.3,https://pleiades.stoa.org/places/207373,
pl-550879,Sigrion (promontory),cape,pin,39.18915,25.83297,-30,2100,0,280.4,https://pleiades.stoa.org/places/550879,
pl-464482221,L-Shaped Palace at Gla,architecturalcomplex,pin,38.48558,23.18210,-1600,2100,0,280.4,https://pleiades.stoa.org/places/464482221,
pl-540789,Gla,"settlement, fort",pin,38.48405,23.18191,-1600,-30,0,280.5,https://pleiades.stoa.org/places/540789,
pl-550723,Marpessos,"settlement, settlement-modern",pin,39.88875,26.50913,-550,2099,0,280.6,https://pleiades.stoa.org/places/550723,
pl-540839,Isos,settlement,pin,38.47387,23.38492,-750,640,0,280.6,https://pleiades.stoa.org/places/540839,
pl-481718,Amyron (mountain),"mountain, label",pin,40.64160,20.18381,2000,2099,0,280.6,https://pleiades.stoa.org/places/481718,
pl-501332,Agora,settlement,pin,40.51355,26.78635,-550,-330,0,280.6,https://pleiades.stoa.org/places/501332,
pl-501546,Paktye,settlement,pin,40.48538,26.78069,-550,-330,0,280.7,https://pleiades.stoa.org/places/501546,
pl-540700,Cephisus (river),river,pin,38.51122,22.89421,2000,2099,0,280.9,https://pleiades.stoa.org/places/540700,
pl-531112,Talares,"label, people",pin,39.61108,20.69738,-550,-30,0,280.9,https://pleiades.stoa.org/places/531112,
pl-501617,Sithones,"label, people",pin,41.80259,26.68146,-550,300,0,281.0,https://pleiades.stoa.org/places/501617,
pl-524604228,Akontion (Boeotian mountain),mountain,pin,38.50660,22.91740,-30,2099,0,281.0,https://pleiades.stoa.org/places/524604228,
pl-541000,Palaiokastro Koniakou,settlement,pin,38.66372,22.20401,-550,640,0,281.1,https://pleiades.stoa.org/places/541000,
pl-540880,Korax (mountain),mountain,pin,38.64722,22.25194,-30,2100,0,281.3,https://pleiades.stoa.org/places/540880,
pl-550871,Scamander (river),river,pin,39.82871,26.47842,-750,2100,0,281.4,https://pleiades.stoa.org/places/550871,
pl-207324,Orljane,fort,pin,43.19468,21.81970,300,640,0,281.4,https://pleiades.stoa.org/places/207324,
pl-543787,Messapion (mountain),"unlocated, mountain",pin,38.46397,23.48842,-30,2099,0,281.5,https://pleiades.stoa.org/places/543787,
pl-206983,Bregovina,fort,pin,43.08325,21.58330,300,640,0,281.5,https://pleiades.stoa.org/places/206983,
pl-297166731,Theater of Orchomenus,theatre,pin,38.49344,22.97526,-330,300,0,281.7,https://pleiades.stoa.org/places/297166731,
pl-540783,Euripos,"water-open, bridge, strait",pin,38.46278,23.58944,1700,2100,0,281.7,https://pleiades.stoa.org/places/540783,
pl-540987,Orchomenos/Orchomenus (Boeotia),"tomb, settlement",pin,38.49332,22.97470,-1600,640,0,281.7,https://pleiades.stoa.org/places/540987,
pl-207091,Donje Stanovce,settlement,pin,42.73994,21.05272,-30,640,0,281.7,https://pleiades.stoa.org/places/207091,
pl-531020,Onopernoi,"label, people",pin,39.65969,20.64379,-550,-30,0,281.8,https://pleiades.stoa.org/places/531020,
pl-207205,Kalna,settlement,pin,43.39971,22.40032,-30,640,0,281.8,https://pleiades.stoa.org/places/207205,
pl-216699,Altimir,fort,pin,43.52805,23.81339,-30,640,0,281.8,https://pleiades.stoa.org/places/216699,
pl-481726,Aous (river),river,pin,40.23999,20.28908,-750,2100,0,281.9,https://pleiades.stoa.org/places/481726,
pl-530913,Kalokhori,fort,pin,39.68721,20.61974,-550,-30,0,281.9,https://pleiades.stoa.org/places/530913,
pl-550896,Sta Oikia,fort,pin,39.21977,25.90140,-30,300,0,282.0,https://pleiades.stoa.org/places/550896,
pl-380437088,Stroviki Helladic Settlement,"settlement, archaeological-site",pin,38.47715,23.10431,-10000,2099,0,282.0,https://pleiades.stoa.org/places/380437088,
pl-216992,Storgosia,station,pin,43.39567,24.62482,-30,640,0,282.1,https://pleiades.stoa.org/places/216992,
pl-541121,Tamynai,settlement,pin,38.49942,24.10415,-750,640,0,282.1,https://pleiades.stoa.org/places/541121,
pl-540652,"Apollo, T.",temple-2,pin,38.50132,24.12333,-750,640,0,282.2,https://pleiades.stoa.org/places/540652,
pl-540830,Hyria (Boeotia),settlement,pin,38.45682,23.56479,-750,640,0,282.3,https://pleiades.stoa.org/places/540830,
pl-531124,T(o)maros (mountain),mountain,pin,39.48800,20.79100,-550,2100,0,282.3,https://pleiades.stoa.org/places/531124,
pl-216822,Giridava,station,pin,43.34775,24.79812,-30,640,0,282.4,https://pleiades.stoa.org/places/216822,
pl-540703,Chalcis,settlement,pin,38.45714,23.62194,-750,640,0,282.4,https://pleiades.stoa.org/places/540703,
pl-540826,Hylike (lake),lake,pin,38.45809,23.35156,1700,2100,0,282.4,https://pleiades.stoa.org/places/540826,
pl-981502,Achaia (province),province-2,wash,38.45714,23.62194,,,0,282.4,https://pleiades.stoa.org/places/981502,
pl-550416,Aidoneus (river),river,pin,39.84676,26.50556,-330,2099,0,282.5,https://pleiades.stoa.org/places/550416,
pl-207211,Klisura,"fort-2, settlement-modern",pin,43.21744,21.84523,-30,2099,0,282.5,https://pleiades.stoa.org/places/207211,
pl-531076,Psina,settlement,pin,39.57990,20.70051,-550,-30,0,282.6,https://pleiades.stoa.org/places/531076,
pl-541078,Sanctuary of Ptoan Apollo,"sanctuary, temple-2",pin,38.45934,23.25097,-750,1999,0,282.8,https://pleiades.stoa.org/places/541078,
pl-207146,Gorni Lom,fort,pin,43.48346,22.74508,-30,640,0,282.8,https://pleiades.stoa.org/places/207146,
pl-531146,Voedros Han,settlement,pin,39.20869,21.09848,-550,-30,0,282.9,https://pleiades.stoa.org/places/531146,
pl-501488,Kypasis,settlement,pin,40.62513,26.84114,-550,-330,0,283.0,https://pleiades.stoa.org/places/501488,
pl-531047,Patiopoulo,fort,pin,39.09300,21.25566,-550,-30,0,283.1,https://pleiades.stoa.org/places/531047,
pl-550695,Lesbas,fort,pin,39.17728,25.86712,-750,300,0,283.3,https://pleiades.stoa.org/places/550695,
pl-541012,Parnassus (mountain),mountain,pin,38.53516,22.62206,1700,2100,0,283.3,https://pleiades.stoa.org/places/541012,
pl-501544,Paisos,settlement,pin,40.40022,26.78710,-750,-330,0,283.3,https://pleiades.stoa.org/places/501544,
pl-487031708,Thourion,hill,pin,38.49900,22.82400,-30,300,0,283.3,https://pleiades.stoa.org/places/487031708,
pl-540650,"Apollo, T.",temple-2,pin,38.45399,23.25258,-750,640,0,283.4,https://pleiades.stoa.org/places/540650,
pl-540663,Arne,settlement,pin,38.48288,22.93328,-550,640,0,283.4,https://pleiades.stoa.org/places/540663,
pl-540825,Hyle,settlement,pin,38.45011,23.32001,-750,-330,0,283.4,https://pleiades.stoa.org/places/540825,
pl-388668362,Ancient Theater of Chaeronea,theatre,pin,38.49427,22.84187,-750,-330,0,283.5,https://pleiades.stoa.org/places/388668362,
pl-207551,‘Vindenis’,station,pin,42.86680,21.19058,-30,640,0,283.5,https://pleiades.stoa.org/places/207551,
pl-540701,Chaeronea,"settlement, acropolis",pin,38.49397,22.84143,-750,2100,0,283.6,https://pleiades.stoa.org/places/540701,
pl-267762471,Sarakenos Cave,cave,pin,38.45382,23.20613,-10000,2099,0,283.7,https://pleiades.stoa.org/places/267762471,
pl-550435,Antissa,settlement,pin,39.29138,26.01899,-750,2100,0,283.7,https://pleiades.stoa.org/places/550435,
pl-530898,Ilion?,settlement,pin,39.74089,20.55290,-30,300,0,283.7,https://pleiades.stoa.org/places/530898,
pl-541028,Peteon,settlement,pin,38.44396,23.41212,-750,300,0,283.8,https://pleiades.stoa.org/places/541028,
pl-540617,Akraiphiai,"settlement, acropolis",pin,38.45134,23.21895,-750,640,0,283.9,https://pleiades.stoa.org/places/540617,
pl-541100,Sigditsa,fort-2,pin,38.59935,22.32861,-750,300,0,284.0,https://pleiades.stoa.org/places/541100,
pl-501352,Aphrodisias/Col. Flaviopolis,settlement,pin,40.53871,26.83464,-330,640,0,284.0,https://pleiades.stoa.org/places/501352,
pl-540723,Daulis,"settlement, acropolis",pin,38.50750,22.72886,-750,2100,0,284.1,https://pleiades.stoa.org/places/540723,
pl-540655,"Apollo Thourios, T.",temple-2,pin,38.48689,22.84988,-330,300,0,284.2,https://pleiades.stoa.org/places/540655,
pl-541008,Panopeos/Phanotis,"settlement, archaeological-site",pin,38.49529,22.79432,-750,2099,0,284.2,https://pleiades.stoa.org/places/541008,
pl-501470,Kobrys,settlement,pin,40.58951,26.84899,-550,-330,0,284.2,https://pleiades.stoa.org/places/501470,
pl-530951,Kleisoura 2,fort,pin,39.37250,20.87820,-550,-30,0,284.4,https://pleiades.stoa.org/places/530951,
pl-541013,Parthenion,settlement,pin,38.46084,23.96327,-550,300,0,284.5,https://pleiades.stoa.org/places/541013,
pl-207152,Grad,fort,pin,42.89525,21.21288,300,640,0,284.5,https://pleiades.stoa.org/places/207152,
pl-531128,Toskesi,settlement,pin,39.46044,20.78335,-330,-30,0,284.6,https://pleiades.stoa.org/places/531128,
pl-531018,Omphales,"label, people",wash,40.25000,20.25000,-550,-30,0,284.7,https://pleiades.stoa.org/places/531018,
pl-501545,Paisos (river),river,wash,40.25000,26.75000,,,0,284.7,https://pleiades.stoa.org/places/501545,
pl-550658,*Kokylion?,settlement,pin,39.67291,26.41015,-550,300,0,284.8,https://pleiades.stoa.org/places/550658,
pl-540657,"Archegetes, T.",temple-2,pin,38.49929,22.74127,-750,300,0,284.8,https://pleiades.stoa.org/places/540657,
pl-22611669,Ostudizum,"settlement, settlement-modern",pin,41.54930,26.82056,-30,2099,0,284.8,https://pleiades.stoa.org/places/22611669,
pl-741537853,Temple of Artemis (Aulis),"ruin, sanctuary, temple-2",pin,38.43336,23.59243,,,0,285.0,https://pleiades.stoa.org/places/741537853,
pl-206880,Ad Herculem,fort,pin,43.18859,21.71753,-30,640,0,285.2,https://pleiades.stoa.org/places/206880,
pl-540877,Koniakos,settlement,pin,38.62507,22.19891,-550,640,0,285.3,https://pleiades.stoa.org/places/540877,
pl-579889,Aulis,settlement,pin,38.43026,23.59365,-750,640,0,285.3,https://pleiades.stoa.org/places/579889,
pl-531060,Phloriada,settlement,pin,39.10403,21.20031,-550,-30,0,285.3,https://pleiades.stoa.org/places/531060,
pl-501372,Bebrykia,label,pin,40.32780,26.78659,,,0,285.3,https://pleiades.stoa.org/places/501372,
pl-481842,Genusus (river),river,pin,41.05223,20.09309,2000,2099,0,285.5,https://pleiades.stoa.org/places/481842,
pl-540715,Copais L.,lake,pin,38.44709,23.06873,-750,1453,0,285.7,https://pleiades.stoa.org/places/540715,
pl-481982,‘Scampis’,station,pin,41.11677,20.09265,-30,1599,0,285.7,https://pleiades.stoa.org/places/481982,
pl-540597,Ag. Vasileios,settlement,pin,38.88995,21.54518,-550,-30,0,285.8,https://pleiades.stoa.org/places/540597,
pl-530869,Embesos,settlement,pin,39.01493,21.32673,-550,300,0,285.8,https://pleiades.stoa.org/places/530869,
pl-541051,Phokikon,temple,pin,38.48510,22.76057,-750,300,0,285.9,https://pleiades.stoa.org/places/541051,
pl-550635,Kenchreai,settlement,pin,39.96352,26.62876,-30,640,0,286.2,https://pleiades.stoa.org/places/550635,
pl-530935,Kato Mousiotitsa,fort,pin,39.39631,20.82468,-330,-30,0,286.2,https://pleiades.stoa.org/places/530935,
pl-501514,Melas? (river),river,pin,40.61839,26.87899,2000,2099,0,286.2,https://pleiades.stoa.org/places/501514,
pl-550669,Kouphi,mine-2,pin,39.28549,26.05314,-550,-30,0,286.3,https://pleiades.stoa.org/places/550669,
pl-550725,Megalos Lakkos,fort,pin,39.20414,25.95250,-750,-550,0,286.3,https://pleiades.stoa.org/places/550725,
pl-541091,Schoinos,settlement,pin,38.42177,23.36404,-750,640,0,286.4,https://pleiades.stoa.org/places/541091,
pl-531024,Voulista Panagia,"fortified-settlement, acropolis, settlement-modern",pin,39.35864,20.86272,-750,2100,0,286.4,https://pleiades.stoa.org/places/531024,
pl-550670,Kourouklos,fort,pin,39.22210,25.98086,-750,-330,0,286.6,https://pleiades.stoa.org/places/550670,
pl-550722,Markaion (mountain),mountain,pin,39.96624,26.63557,300,2100,0,286.6,https://pleiades.stoa.org/places/550722,
pl-540943,Mesochoros,label,pin,38.45481,24.07907,-550,300,0,286.7,https://pleiades.stoa.org/places/540943,
pl-540953,Mykalessos,settlement,pin,38.41672,23.51960,-750,640,0,286.7,https://pleiades.stoa.org/places/540953,
pl-531100,Solomos,settlement,pin,39.08234,21.20463,-550,-30,0,286.9,https://pleiades.stoa.org/places/531100,
pl-501364,Astyra,settlement,pin,40.04319,26.68284,-550,-330,0,287.0,https://pleiades.stoa.org/places/501364,
pl-531029,Palaiokastro,fort,pin,39.92961,20.38000,-550,-30,0,287.1,https://pleiades.stoa.org/places/531029,
pl-550671,Koutlougouni,fort,pin,39.30125,26.08730,-750,-30,0,287.3,https://pleiades.stoa.org/places/550671,
pl-530967,Ktismata,settlement,pin,39.89348,20.39994,-330,-30,0,287.3,https://pleiades.stoa.org/places/530967,
pl-501632,Syrascell(a)e/Sirogellis,station,pin,40.88404,26.92637,-30,640,0,287.3,https://pleiades.stoa.org/places/501632,
pl-541047,Phlygonion?,settlement,pin,38.47478,22.74069,-550,300,0,287.4,https://pleiades.stoa.org/places/541047,
pl-206953,Balainac,fort,pin,43.24393,21.78834,-30,640,0,287.4,https://pleiades.stoa.org/places/206953,
pl-176836030,Lefkandi Heroon(?),tomb,pin,38.41321,23.67284,1900,1999,0,287.5,https://pleiades.stoa.org/places/176836030,
pl-207273,Mediana,"settlement, archaeological-site, villa",pin,43.31011,21.94879,300,640,0,287.5,https://pleiades.stoa.org/places/207273,
pl-550788,Ordymnos (mountain),"mountain, label",pin,39.21366,25.98739,,,0,287.6,https://pleiades.stoa.org/places/550788,
pl-216909,Oitensioi?,"labeled feature, label",pin,43.48699,24.46544,-30,300,0,287.7,https://pleiades.stoa.org/places/216909,
pl-540883,Korykion Antron (Parnassos),"sanctuary, cave",pin,38.51592,22.52153,-750,2100,0,287.7,https://pleiades.stoa.org/places/540883,
pl-540909,Lefkandi,settlement,pin,38.41178,23.68217,-1000,-550,0,287.7,https://pleiades.stoa.org/places/540909,
pl-550547,Gergis,settlement,pin,39.89849,26.60926,-750,640,0,287.7,https://pleiades.stoa.org/places/550547,
pl-207138,Gjurgich,fort,pin,43.55105,22.87355,-30,640,0,288.0,https://pleiades.stoa.org/places/207138,
pl-550738,Methymna,settlement,pin,39.36917,26.17689,-750,640,0,288.2,https://pleiades.stoa.org/places/550738,
pl-530768,Achelous (river),river,pin,38.98522,21.32854,-750,2100,0,288.3,https://pleiades.stoa.org/places/530768,
pl-540660,Argoura,settlement,pin,38.40431,23.66316,-550,300,0,288.4,https://pleiades.stoa.org/places/540660,
pl-540824,Hylai,settlement,pin,38.40801,23.26433,-330,300,0,288.4,https://pleiades.stoa.org/places/540824,
pl-540836,Inachos (river),river,pin,38.98550,21.32561,-750,2100,0,288.4,https://pleiades.stoa.org/places/540836,
pl-540609,Aiglepheira,settlement,pin,38.41963,23.90942,-550,300,0,288.5,https://pleiades.stoa.org/places/540609,
pl-501526,Nike,settlement,pin,41.59461,26.85225,-30,640,0,288.5,https://pleiades.stoa.org/places/501526,
pl-541179,"Zeus Hypatos, T.","temple-2, monastery",pin,38.40006,23.41102,-550,640,0,288.7,https://pleiades.stoa.org/places/541179,
pl-531025,Orraon/Horreum,"settlement, acropolis",pin,39.27122,20.92539,-330,-30,0,288.7,https://pleiades.stoa.org/places/531025,
pl-216717,Athrys/Iatros/Ieterus (river),river,pin,43.08002,25.56975,-550,2100,0,288.7,https://pleiades.stoa.org/places/216717,
pl-216944,Prisovo,villa,pin,43.01327,25.68371,-30,300,0,288.8,https://pleiades.stoa.org/places/216944,
pl-550626,Kastrelli,fort,pin,39.30424,26.11474,-330,-30,0,288.8,https://pleiades.stoa.org/places/550626,
pl-550656,Koja Dag,fort,pin,39.29170,26.10021,-750,-30,0,288.8,https://pleiades.stoa.org/places/550656,
pl-550747,Molibos,cemetery,pin,39.36627,26.18277,-750,-550,0,288.8,https://pleiades.stoa.org/places/550747,
pl-530939,Kerasson,settlement,pin,39.31885,20.86658,-550,-30,0,288.9,https://pleiades.stoa.org/places/530939,
pl-207487,Târgovishte,fort,pin,43.53240,22.70335,-30,1999,0,288.9,https://pleiades.stoa.org/places/207487,
pl-540612,Aiolidai?,settlement,pin,38.45452,22.77736,-550,-30,0,289.0,https://pleiades.stoa.org/places/540612,
pl-690059595,Fifth century baths at Lebadeia,"building, archaeological-site, bath",pin,38.43899,22.87682,400,499,0,289.0,https://pleiades.stoa.org/places/690059595,
pl-337621961,Acropolis of Eretria,"defensive-wall, acropolis, archaeological-site",pin,38.40123,23.79545,,,0,289.5,https://pleiades.stoa.org/places/337621961,
pl-531129,Tourka,settlement,pin,39.02420,21.24390,-550,-30,0,289.5,https://pleiades.stoa.org/places/531129,
pl-550875,Selles,fort,pin,39.31271,26.13743,-750,-550,0,289.6,https://pleiades.stoa.org/places/550875,
pl-540855,Karpenision,unknown,wash,38.75000,21.75000,-750,640,0,289.6,https://pleiades.stoa.org/places/540855,
pl-540907,Lebadeia,settlement,wash,38.43363,22.87073,-750,2099,0,289.7,https://pleiades.stoa.org/places/540907,
pl-543713,Graia,settlement,wash,38.39968,23.79437,-750,-330,0,289.7,https://pleiades.stoa.org/places/543713,
pl-579925,Eretria (Euboea),"settlement, archaeological-site",pin,38.39992,23.79472,-750,2099,0,289.7,https://pleiades.stoa.org/places/579925,
pl-216922,Pavlikeni,"production, villa, estate",pin,43.25009,25.25529,-30,300,0,289.8,https://pleiades.stoa.org/places/216922,
pl-75526757,Ancient theater of Eretria,theatre,pin,38.39864,23.79063,-500,-101,0,289.8,https://pleiades.stoa.org/places/75526757,
pl-189946519,Temple of Dionysos at Eretria,sanctuary,pin,38.39825,23.79016,-330,-30,0,289.8,https://pleiades.stoa.org/places/189946519,
pl-373984234,Trophonius oracle (Boeotia),"shrine, cave",pin,38.43156,22.87489,-30,300,0,289.9,https://pleiades.stoa.org/places/373984234,
pl-523458668,Heroon of Eretria,"tomb, shrine",pin,38.39788,23.78973,-750,1999,0,289.9,https://pleiades.stoa.org/places/523458668,
pl-207513,Triballi,people,wash,43.50000,22.50000,-550,300,0,289.9,https://pleiades.stoa.org/places/207513,
pl-550825,Phonias,fort,pin,39.26849,26.09341,-750,-550,0,290.1,https://pleiades.stoa.org/places/550825,
pl-217028,Tsaravets,settlement,pin,43.05806,25.63399,300,640,0,290.1,https://pleiades.stoa.org/places/217028,
pl-530937,Kato Zalongon,settlement,pin,39.62515,20.55523,-550,-30,0,290.1,https://pleiades.stoa.org/places/530937,
pl-540796,Graia,settlement,pin,38.38716,23.63010,-750,-330,0,290.2,https://pleiades.stoa.org/places/540796,
pl-462127127,Temple of Apollo Daphnephoros,temple-2,pin,38.39537,23.79467,-750,-330,0,290.2,https://pleiades.stoa.org/places/462127127,
pl-474652024,Temple of Zeus at Lebadea,temple-2,pin,38.43034,22.86047,-30,2100,0,290.2,https://pleiades.stoa.org/places/474652024,
pl-530849,Dryopis,"region, label",pin,39.16794,21.02910,-750,300,0,290.2,https://pleiades.stoa.org/places/530849,
pl-991367,Dardania (province),province-2,wash,43.31629,21.89388,,,0,290.2,https://pleiades.stoa.org/places/991367,
pl-207303,Naissus,settlement,pin,43.31629,21.89388,-30,2100,0,290.2,https://pleiades.stoa.org/places/207303,
pl-550603,Kabaki,fort,pin,39.34095,26.17981,-550,-330,0,290.4,https://pleiades.stoa.org/places/550603,
pl-541075,Prophitis Elias,quarry,pin,38.50464,22.44829,-550,300,0,290.7,https://pleiades.stoa.org/places/541075,
pl-507461,Serreion (settlement),"unlocated, settlement",wash,41.48569,26.90996,-550,-30,0,290.7,https://pleiades.stoa.org/places/507461,
pl-540940,Medeon?,settlement,pin,38.39108,23.17781,-750,-30,0,290.8,https://pleiades.stoa.org/places/540940,
pl-550463,Assos/Apollonia,"settlement, archaeological-site",pin,39.49014,26.33635,-750,2100,0,290.8,https://pleiades.stoa.org/places/550463,
pl-550533,Eresos,"settlement, hill",pin,39.13315,25.93541,-750,2099,0,290.8,https://pleiades.stoa.org/places/550533,
pl-989985817,Temple of Athena at Assos,temple-2,pin,39.49076,26.33681,,,0,290.8,https://pleiades.stoa.org/places/989985817,
pl-550816,Petra,"settlement, settlement-modern",pin,39.32737,26.17556,-30,2100,0,291.0,https://pleiades.stoa.org/places/550816,
pl-629588005,Amphissa Tholos,tomb,pin,38.51302,22.40174,-2000,2099,0,291.0,https://pleiades.stoa.org/places/629588005,
pl-865385553,Niš Fortress,fort-2,pin,43.32577,21.89545,1,2099,0,291.1,https://pleiades.stoa.org/places/865385553,
pl-540630,Amphissa,settlement,pin,38.51840,22.37417,-750,640,0,291.2,https://pleiades.stoa.org/places/540630,
pl-540791,Glisas,settlement,pin,38.37818,23.39050,-750,300,0,291.2,https://pleiades.stoa.org/places/540791,
pl-530902,Ioustinianoupolis,settlement,pin,39.99204,20.29117,300,640,0,291.2,https://pleiades.stoa.org/places/530902,
pl-531148,Vrosina,fort,pin,39.64395,20.52414,-550,-30,0,291.2,https://pleiades.stoa.org/places/531148,
pl-540805,Harma,settlement,pin,38.37573,23.48413,-750,-30,0,291.3,https://pleiades.stoa.org/places/540805,
pl-481934,Omphalion,settlement,pin,40.03333,20.26673,-330,640,0,291.3,https://pleiades.stoa.org/places/481934,
pl-531122,Thyamon (mountain),"mountain, label",pin,38.97641,21.28441,-550,-330,0,291.4,https://pleiades.stoa.org/places/531122,
pl-550639,Khydera,fort,pin,39.20688,26.04252,-750,-330,0,291.5,https://pleiades.stoa.org/places/550639,
pl-541158,Trapheia?,settlement,pin,38.37808,23.30176,-750,300,0,291.5,https://pleiades.stoa.org/places/541158,
pl-203037083,Castalian spring,spring,pin,38.48305,22.50542,-550,2100,0,291.5,https://pleiades.stoa.org/places/203037083,
pl-207478,Svrljig,settlement,pin,43.41142,22.12294,-30,640,0,291.5,https://pleiades.stoa.org/places/207478,
pl-540678,"Athena Itonia?, T.",sanctuary,pin,38.39999,22.99875,-550,300,0,291.6,https://pleiades.stoa.org/places/540678,
pl-661181030,Lesche of the Cnidians (Delphi),lesche,pin,38.48304,22.50110,-30,300,0,291.6,https://pleiades.stoa.org/places/661181030,
pl-579880,Asopos (river),river,wash,38.37500,23.62500,,,0,291.6,https://pleiades.stoa.org/places/579880,
pl-580043,Oropia,unknown,wash,38.37500,23.62500,-550,300,0,291.6,https://pleiades.stoa.org/places/580043,
pl-530929,Kastriotissa,settlement,pin,39.08211,21.12098,-550,-30,0,291.6,https://pleiades.stoa.org/places/530929,
pl-164931929,Gymnasium at Delphi,gymnasium,pin,38.48150,22.50590,,,0,291.7,https://pleiades.stoa.org/places/164931929,
pl-540726,Delphi,"sanctuary, settlement",pin,38.48229,22.50117,-750,2100,0,291.7,https://pleiades.stoa.org/places/540726,
pl-333036424,Theater at Delphi,theatre,pin,38.48255,22.50050,-550,300,0,291.7,https://pleiades.stoa.org/places/333036424,
pl-530820,Bestia,settlement,pin,39.45490,20.68325,-550,300,0,291.7,https://pleiades.stoa.org/places/530820,
pl-530877,Gardiki,settlement,pin,39.72949,20.45199,-330,-30,0,291.7,https://pleiades.stoa.org/places/530877,
pl-464482219,Temple of Apollo at Delphi,temple-2,pin,38.48232,22.50122,-750,2100,0,291.7,https://pleiades.stoa.org/places/464482219,
pl-550748,Monasteraki,sanctuary,pin,39.33753,26.19902,-550,-30,0,291.8,https://pleiades.stoa.org/places/550748,
pl-333036425,The Siphnian Treasury,treasury,pin,38.48162,22.50157,-550,2100,0,291.8,https://pleiades.stoa.org/places/333036425,
pl-530978,Liapokhori,settlement,pin,39.03108,21.19249,-550,-30,0,291.8,https://pleiades.stoa.org/places/530978,
pl-579842268,Treasury of the Massaliots,treasure-house,pin,38.48013,22.50806,-600,2099,0,291.8,https://pleiades.stoa.org/places/579842268,
pl-274083926,Tholos of Athena Pronaia,temple-2,pin,38.48015,22.50787,-400,2099,0,291.8,https://pleiades.stoa.org/places/274083926,
pl-707804475,Athenian Treasury at Delphi,treasury,pin,38.48182,22.50127,-550,2100,0,291.8,https://pleiades.stoa.org/places/707804475,
pl-513711610,Temple of Athena Pronaia,temple-2,pin,38.48013,22.50837,-750,2100,0,291.8,https://pleiades.stoa.org/places/513711610,
pl-333036426,Stadium of Delphi,stadion,pin,38.48201,22.49711,-30,300,0,291.9,https://pleiades.stoa.org/places/333036426,
pl-550633,Kebren,settlement,pin,39.74180,26.56303,-750,1999,0,292.1,https://pleiades.stoa.org/places/550633,
pl-579859,Amarynthos,"settlement, archaeological-site",pin,38.38703,23.90893,-1600,1999,0,292.1,https://pleiades.stoa.org/places/579859,
pl-579946,Heleon,settlement,pin,38.36830,23.47013,-1600,640,0,292.1,https://pleiades.stoa.org/places/579946,
pl-481701,Ad Quintum,"station, archaeological-site",pin,41.09418,20.01532,-30,640,0,292.1,https://pleiades.stoa.org/places/481701,
pl-207147,Gornja Kamenica,fort,pin,43.48826,22.36687,-30,640,0,292.1,https://pleiades.stoa.org/places/207147,
pl-540619,Alalkomenai,settlement,pin,38.39252,23.01870,-550,1999,0,292.2,https://pleiades.stoa.org/places/540619,
pl-530797,Amphilochia,"region, label",pin,38.98962,21.24253,-550,300,0,292.5,https://pleiades.stoa.org/places/530797,
pl-531056,Phanota?,settlement,pin,39.65854,20.49515,-550,-30,0,292.5,https://pleiades.stoa.org/places/531056,
pl-540879,Koralios (river),river,pin,38.39647,22.95311,2000,2099,0,292.6,https://pleiades.stoa.org/places/540879,
pl-541040,Pharai?,settlement,pin,38.36551,23.62299,-750,-330,0,292.6,https://pleiades.stoa.org/places/541040,
pl-541132,Tenerikon Pedion,"plain, label",pin,38.36549,23.33815,,,0,292.7,https://pleiades.stoa.org/places/541132,
pl-496501628,Sanctuary of Herakles Hippodetos,sanctuary,wash,38.36565,23.33539,-30,300,0,292.7,https://pleiades.stoa.org/places/496501628,
pl-688532642,Tower of Koronia,tower-defensive,pin,38.39326,22.96129,640,1453,0,292.8,https://pleiades.stoa.org/places/688532642,
pl-216867,Krushovitsa,settlement,pin,43.62599,23.83978,-30,640,0,292.9,https://pleiades.stoa.org/places/216867,
pl-550891,Skoteino,fort,pin,39.27844,26.15204,-750,-550,0,293.0,https://pleiades.stoa.org/places/550891,
pl-540984,Onchestos,settlement,pin,38.37327,23.15027,-750,640,0,293.0,https://pleiades.stoa.org/places/540984,
pl-540717,Coronea,settlement,pin,38.39120,22.95711,-750,640,0,293.1,https://pleiades.stoa.org/places/540717,
pl-540801,Haliartos,"settlement, acropolis",pin,38.37832,23.08660,-750,640,0,293.1,https://pleiades.stoa.org/places/540801,
pl-530889,Herakleia?,settlement,pin,39.21987,20.91609,-330,-30,0,293.1,https://pleiades.stoa.org/places/530889,
pl-531139,Vavouri,settlement,pin,39.74533,20.42172,-330,-30,0,293.1,https://pleiades.stoa.org/places/531139,
pl-530804,Aphas (river),river,pin,39.27724,20.84542,-330,2100,0,293.3,https://pleiades.stoa.org/places/530804,
pl-531098,Sistrouni,settlement,pin,39.42261,20.69157,-330,640,0,293.3,https://pleiades.stoa.org/places/531098,
pl-550614,Kampos Krousos,fort,pin,39.11482,25.95681,-30,300,0,293.5,https://pleiades.stoa.org/places/550614,
pl-541133,Teumessos,settlement,pin,38.35755,23.38228,-750,640,0,293.5,https://pleiades.stoa.org/places/541133,
pl-530794,Ambracia,settlement,pin,39.15492,20.99009,-750,1999,0,293.5,https://pleiades.stoa.org/places/530794,
pl-207174,Hum,fort,pin,43.35735,21.91247,-30,640,0,293.5,https://pleiades.stoa.org/places/207174,
pl-550678,Lamponia,settlement,pin,39.53811,26.42123,-550,300,0,293.6,https://pleiades.stoa.org/places/550678,
pl-580084,Porthmos,settlement,pin,38.38931,24.05973,-550,640,0,293.6,https://pleiades.stoa.org/places/580084,
pl-530896,Idomene Minor,sanctuary,pin,39.06543,21.10968,-550,-330,0,293.6,https://pleiades.stoa.org/places/530896,
pl-540797,Grynchai,settlement,pin,38.40111,24.15984,-750,300,0,293.7,https://pleiades.stoa.org/places/540797,
pl-481948,Parthini,"label, people",pin,41.12717,19.99797,-330,300,0,293.7,https://pleiades.stoa.org/places/481948,
pl-540626,Ambrossos,settlement,pin,38.42919,22.66722,-750,2100,0,293.8,https://pleiades.stoa.org/places/540626,
pl-541171,Velousia,sanctuary,pin,38.39053,24.08946,-550,1999,0,293.8,https://pleiades.stoa.org/places/541171,
pl-550430,Ametelle,fort,pin,39.28884,26.17530,-750,-30,0,293.8,https://pleiades.stoa.org/places/550430,
pl-630032554,Kirphis (Mountain),mountain,pin,38.46200,22.49900,-330,2099,0,293.9,https://pleiades.stoa.org/places/630032554,
pl-499970655,Agora of Onchestos,"plaza, architecturalcomplex",pin,38.36631,23.13853,-550,-30,0,293.9,https://pleiades.stoa.org/places/499970655,
pl-540849,Kallipolis,"fort-2, settlement, fort",pin,38.55033,22.16577,-750,2100,0,294.0,https://pleiades.stoa.org/places/540849,
pl-207570,Vučitrn,settlement,pin,42.82775,20.96018,-30,640,0,294.0,https://pleiades.stoa.org/places/207570,
pl-530821,Bodrishtë,tumulus,pin,39.90109,20.30475,-330,300,0,294.2,https://pleiades.stoa.org/places/530821,
pl-530891,Hieron Oros/Crania M.,mountain,pin,39.12300,21.02100,-330,2100,0,294.2,https://pleiades.stoa.org/places/530891,
pl-530895,Idomene Maior,fort,pin,39.04247,21.13149,-550,-330,0,294.2,https://pleiades.stoa.org/places/530895,
pl-235166067,Bouleuterion of Onchestos,"architecturalcomplex, temple-2",pin,38.36239,23.14404,-550,-30,0,294.3,https://pleiades.stoa.org/places/235166067,
pl-162490152,Sanctuary of Poseidon (Onchestos),"sanctuary, archaeological-site",pin,38.36248,23.14507,-30,300,0,294.3,https://pleiades.stoa.org/places/162490152,
pl-481722,Antigoneia,settlement,pin,40.05340,20.21878,-330,300,0,294.3,https://pleiades.stoa.org/places/481722,
pl-531068,Polystaphylon,settlement,pin,39.35511,20.74540,-550,-30,0,294.3,https://pleiades.stoa.org/places/531068,
pl-530956,Kokkinopilo,settlement,pin,39.26189,20.84489,-330,300,0,294.4,https://pleiades.stoa.org/places/530956,
pl-540889,Krisa,"settlement, archaeological-site, acropolis",pin,38.46540,22.45957,-750,300,0,294.5,https://pleiades.stoa.org/places/540889,
pl-540591,Aetolia,"region, label",pin,38.70284,21.73892,-750,300,0,294.6,https://pleiades.stoa.org/places/540591,
pl-532277,Untitled,bridge,pin,39.15100,20.97790,-550,300,0,294.6,https://pleiades.stoa.org/places/532277,
pl-207164,Hammeum,station,pin,43.23333,21.60001,-30,640,0,294.6,https://pleiades.stoa.org/places/207164,
pl-531140,Vereniki,settlement,pin,39.56285,20.54224,-330,-30,0,294.7,https://pleiades.stoa.org/places/531140,
pl-550606,Kalapetro,cemetery,pin,39.27392,26.17475,-330,300,0,294.8,https://pleiades.stoa.org/places/550606,
pl-543815,Olenon,"unlocated, settlement",wash,38.69914,21.74175,,,0,294.8,https://pleiades.stoa.org/places/543815,
pl-540725,Delion,settlement,pin,38.34621,23.66135,-550,640,0,294.9,https://pleiades.stoa.org/places/540725,
pl-540914,Lidorikion,settlement,pin,38.53059,22.20123,-750,2100,0,294.9,https://pleiades.stoa.org/places/540914,
pl-541148,Tilphosaion?,fort,pin,38.37106,22.99454,-550,-30,0,294.9,https://pleiades.stoa.org/places/541148,
pl-531088,Romano,settlement,pin,39.38489,20.70537,-550,300,0,294.9,https://pleiades.stoa.org/places/531088,
pl-530785,Agriliais,fort-2,pin,39.04553,21.11330,-550,-30,0,295.0,https://pleiades.stoa.org/places/530785,
pl-530864,Ellenika,settlement,pin,39.41895,20.66722,-330,-30,0,295.2,https://pleiades.stoa.org/places/530864,
pl-531095,Selo,settlement,pin,39.83922,20.32962,-330,-30,0,295.2,https://pleiades.stoa.org/places/531095,
pl-540664,"Artemis Diktynnaia, T.",temple-2,pin,38.41557,22.65553,-550,300,0,295.5,https://pleiades.stoa.org/places/540664,
pl-531090,Salonike,settlement,pin,39.52330,20.56238,-330,-30,0,295.7,https://pleiades.stoa.org/places/531090,
pl-501638,Thracia,"region, label",pin,41.51783,26.96241,-750,1999,0,295.7,https://pleiades.stoa.org/places/501638,
pl-550694,Leptymnos (mountain),mountain,pin,39.34556,26.26861,1700,2100,0,295.8,https://pleiades.stoa.org/places/550694,
pl-540952,Myania,settlement,pin,38.47804,22.35774,-750,300,0,295.8,https://pleiades.stoa.org/places/540952,
pl-207232,Kuršumlijska Banja,"settlement-modern, bath",pin,43.05766,21.25453,-30,2099,0,295.9,https://pleiades.stoa.org/places/207232,
pl-809327743,Hosios Loukas,"monastery, church",pin,38.39472,22.74667,640,1453,0,296.0,https://pleiades.stoa.org/places/809327743,
pl-531130,Tripolitai,label,pin,39.38582,20.68749,-330,-30,0,296.0,https://pleiades.stoa.org/places/531130,
pl-530885,Hadrianopolis,"settlement, archaeological-site",pin,39.99642,20.22470,-330,2099,0,296.1,https://pleiades.stoa.org/places/530885,
pl-216692,Ad Putea,station,pin,43.52759,24.63061,-30,640,0,296.1,https://pleiades.stoa.org/places/216692,
pl-207222,Krachimir,fort,pin,43.57404,22.56994,-30,640,0,296.2,https://pleiades.stoa.org/places/207222,
pl-530982,Litharostrougga,settlement,pin,39.67555,20.42972,-330,-30,0,296.3,https://pleiades.stoa.org/places/530982,
pl-207308,Niševac,settlement,pin,43.45454,22.10935,-30,640,0,296.3,https://pleiades.stoa.org/places/207308,
pl-531141,Vigla Keramitsas,tower-single,pin,39.66044,20.43978,-330,-30,0,296.4,https://pleiades.stoa.org/places/531141,
pl-540978,Okaleia?,settlement,pin,38.35054,23.04810,-550,640,0,296.5,https://pleiades.stoa.org/places/540978,
pl-541114,Stephon?,settlement,pin,38.32858,23.51874,-750,-30,0,296.5,https://pleiades.stoa.org/places/541114,
pl-530829,Charadros,settlement,pin,39.20699,20.87731,-550,300,0,296.5,https://pleiades.stoa.org/places/530829,
pl-207155,Gradište,settlement,pin,43.50302,22.26054,-30,640,0,296.6,https://pleiades.stoa.org/places/207155,
pl-530973,Lemiko,settlement,pin,39.76964,20.35608,-330,-30,0,296.7,https://pleiades.stoa.org/places/530973,
pl-501474,Kolonai,settlement,pin,40.28083,26.91075,-550,-30,0,296.7,https://pleiades.stoa.org/places/501474,
pl-530777,Ag. Kyriake,fort,pin,39.49048,20.57541,-330,300,0,296.8,https://pleiades.stoa.org/places/530777,
pl-540739,Dorikon,fort,pin,38.52589,22.15184,-750,300,0,296.9,https://pleiades.stoa.org/places/540739,
pl-550599,Xirokastrini,settlement,pin,39.20711,26.13147,-750,2099,0,297.0,https://pleiades.stoa.org/places/550599,
pl-540828,Hypnia?,settlement,pin,38.46440,22.36790,-550,2099,0,297.0,https://pleiades.stoa.org/places/540828,
pl-541113,Stiris/Steiris,"settlement, acropolis",pin,38.38432,22.75535,-550,1453,0,297.0,https://pleiades.stoa.org/places/541113,
pl-550777,Ntantania,fort,pin,39.26565,26.20101,-550,-330,0,297.1,https://pleiades.stoa.org/places/550777,
pl-531065,Phrosyne,settlement,pin,39.45694,20.60212,-330,-30,0,297.1,https://pleiades.stoa.org/places/531065,
pl-550681,Lapedia,fort,pin,39.14363,26.05691,-30,300,0,297.2,https://pleiades.stoa.org/places/550681,
pl-531131,Tsangari,settlement,pin,39.42032,20.63584,-330,-30,0,297.2,https://pleiades.stoa.org/places/531131,
pl-899305140,Ismenus (river),river,pin,38.32480,23.32440,-330,2099,0,297.3,https://pleiades.stoa.org/places/899305140,
pl-530792,Alpokhori,settlement,pin,39.35287,20.70173,-750,300,0,297.3,https://pleiades.stoa.org/places/530792,
pl-530868,Ellenikouli,fort-2,pin,38.98683,21.15758,-550,-30,0,297.4,https://pleiades.stoa.org/places/530868,
pl-218651082,Oedipodia,spring,pin,38.32428,23.32432,-30,300,0,297.4,https://pleiades.stoa.org/places/218651082,
pl-530931,Kastro,settlement,pin,39.28457,20.77202,-750,-30,0,297.5,https://pleiades.stoa.org/places/530931,
pl-531052,Pente Ekklesies,settlement,pin,39.60274,20.46959,-330,-30,0,297.5,https://pleiades.stoa.org/places/531052,
pl-531092,Sardiniena,settlement,pin,38.90678,21.28120,-330,-30,0,297.5,https://pleiades.stoa.org/places/531092,
pl-907860743,Neistan Gate (Thebes),"unlocated, city-gate",pin,38.32150,23.31540,-30,300,0,297.7,https://pleiades.stoa.org/places/907860743,
pl-291401357,Proitidian Gate (Thebes),city-gate,pin,38.32110,23.31980,-30,2099,0,297.7,https://pleiades.stoa.org/places/291401357,
pl-239936126,Cadmea,acropolis,pin,38.32073,23.31773,-750,300,0,297.8,https://pleiades.stoa.org/places/239936126,
pl-33738912,Temple of Dionysus Lysios (Thebes),"unlocated, temple-2",wash,38.32052,23.31873,,,0,297.8,https://pleiades.stoa.org/places/33738912,
pl-541138,Thebai/Thebae,"settlement, archaeological-site, findspot",pin,38.31995,23.31765,-1600,2100,0,297.9,https://pleiades.stoa.org/places/541138,
pl-132272517,Homoloid Gate (Thebes),"unlocated, city-gate",wash,38.31995,23.31765,-30,300,0,297.9,https://pleiades.stoa.org/places/132272517,
pl-492759698,Electran Gate (Thebes),city-gate,pin,38.31750,23.32010,,,0,298.1,https://pleiades.stoa.org/places/492759698,
pl-116141527,"Sanctuary of Apollo Ismenios, Thebes",temple-2,pin,38.31648,23.32246,-550,-330,0,298.2,https://pleiades.stoa.org/places/116141527,
pl-217053,Vicus Siamus,settlement,pin,43.65689,24.02862,-30,300,0,298.2,https://pleiades.stoa.org/places/217053,
pl-530818,Batiai,settlement,pin,39.22442,20.82778,-750,-30,0,298.3,https://pleiades.stoa.org/places/530818,
pl-531066,Plakoti,"settlement, settlement-modern",pin,39.58193,20.47548,-330,2100,0,298.3,https://pleiades.stoa.org/places/531066,
pl-540844,Kabeirion,"sanctuary, archaeological-site",pin,38.31812,23.25503,-750,300,0,298.4,https://pleiades.stoa.org/places/540844,
pl-541037,Phalika?,settlement,pin,38.49163,22.21900,-550,300,0,298.4,https://pleiades.stoa.org/places/541037,
pl-481859,Hekatompedon,settlement,pin,40.25262,20.07824,-30,300,0,298.4,https://pleiades.stoa.org/places/481859,
pl-540746,Dystos,"tower-defensive, settlement",pin,38.35516,24.14480,-750,1499,0,298.5,https://pleiades.stoa.org/places/540746,
pl-540747,Dystos? L.,lake,pin,38.35358,24.13339,1700,2100,0,298.5,https://pleiades.stoa.org/places/540747,
pl-541156,Trachin?,settlement,pin,38.36606,22.78134,-550,300,0,298.5,https://pleiades.stoa.org/places/541156,
pl-580044,Oropos,"settlement, port, settlement-modern",pin,38.31998,23.79020,-750,2099,0,298.5,https://pleiades.stoa.org/places/580044,
pl-540670,Askra,settlement,pin,38.32822,23.07538,-750,640,0,298.7,https://pleiades.stoa.org/places/540670,
pl-540840,Itea,church,pin,38.43440,22.42517,300,640,0,298.7,https://pleiades.stoa.org/places/540840,
pl-540868,Kirra,"settlement, archaeological-site",pin,38.42958,22.44555,-750,1999,0,298.7,https://pleiades.stoa.org/places/540868,
pl-540750,Eilesion,settlement,pin,38.30779,23.50789,-750,300,0,298.8,https://pleiades.stoa.org/places/540750,
pl-541106,Skolos,settlement,pin,38.30938,23.38353,-750,640,0,298.8,https://pleiades.stoa.org/places/541106,
pl-525018437,Keressos,"unlocated, tower-defensive",pin,38.32702,23.07407,-330,300,0,298.8,https://pleiades.stoa.org/places/525018437,
pl-580114,Tanagra,"settlement, archaeological-site",pin,38.30929,23.58649,-750,300,0,298.8,https://pleiades.stoa.org/places/580114,
pl-531032,Palaiokhori,settlement,pin,39.33883,20.69393,-550,-30,0,298.8,https://pleiades.stoa.org/places/531032,
pl-550796,Palaia Gargara,settlement,pin,39.57337,26.52592,-750,-330,0,298.9,https://pleiades.stoa.org/places/550796,
pl-541026,Perista,settlement,pin,38.63041,21.79915,-750,-30,0,299.1,https://pleiades.stoa.org/places/541026,
pl-530808,Argeia,"region, label",pin,38.93026,21.21309,-550,300,0,299.1,https://pleiades.stoa.org/places/530808,
pl-550890,Skepsis,"settlement, hill, settlement-modern",pin,39.80741,26.70292,-550,2099,0,299.2,https://pleiades.stoa.org/places/550890,
pl-540975,Oinophyta?,settlement,pin,38.30629,23.63813,-750,-30,0,299.2,https://pleiades.stoa.org/places/540975,
pl-540808,Helicon (mountain),mountain,pin,38.35278,22.82250,1700,2100,0,299.3,https://pleiades.stoa.org/places/540808,
pl-481724,Antipatreia,settlement,pin,40.69978,19.94971,-330,640,0,299.3,https://pleiades.stoa.org/places/481724,
pl-540689,Boeotia,region,wash,38.31690,23.13492,-550,300,0,299.4,https://pleiades.stoa.org/places/540689,
pl-531001,Metropolis (sanctuary),sanctuary,pin,38.96485,21.15387,-550,-330,0,299.4,https://pleiades.stoa.org/places/531001,
pl-550638,Khontro Bigli,temple,pin,39.14543,26.09921,-550,-30,0,299.6,https://pleiades.stoa.org/places/550638,
pl-550943,Trianta,settlement,pin,39.22428,26.19666,-550,640,0,299.8,https://pleiades.stoa.org/places/550943,
pl-651069708,Theater of the Muses,theatre,pin,38.32051,23.05403,-330,300,0,299.8,https://pleiades.stoa.org/places/651069708,
pl-207512,Trgovište,settlement,pin,43.54351,22.29125,-30,640,0,299.9,https://pleiades.stoa.org/places/207512,
pl-550803,Parakoila,settlement,pin,39.17186,26.13793,-750,-330,0,300.0,https://pleiades.stoa.org/places/550803,
pl-540608,Aigition,settlement,pin,38.49039,22.16893,-550,2100,0,300.1,https://pleiades.stoa.org/places/540608,
pl-541070,Potniai,settlement,pin,38.29991,23.31163,-750,300,0,300.1,https://pleiades.stoa.org/places/541070,
pl-540727,Delphinion,settlement,pin,38.30860,23.85114,-550,640,0,300.2,https://pleiades.stoa.org/places/540727,
pl-540939,Medeon,"defensive-wall, settlement, archaeological-site, acropolis",pin,38.36659,22.68388,-750,640,0,300.2,https://pleiades.stoa.org/places/540939,
pl-540951,Sanctuary of the Muses,sanctuary,pin,38.31601,23.06004,-750,640,0,300.2,https://pleiades.stoa.org/places/540951,
pl-531117,Thesprotia,"label, people",pin,39.45794,20.55650,-550,300,0,300.2,https://pleiades.stoa.org/places/531117,
pl-540642,Antikyra,"settlement, port",pin,38.37544,22.62606,-750,1999,0,300.4,https://pleiades.stoa.org/places/540642,
pl-530809,Argos Amphilochikon,"settlement, archaeological-site",pin,38.93000,21.19000,-550,2099,0,300.4,https://pleiades.stoa.org/places/530809,
pl-550484,Bigla tou Aetou,fort,pin,39.14285,26.11375,-750,-330,0,300.7,https://pleiades.stoa.org/places/550484,
pl-966876571,Ancient Theater of Amphilochian Argos,theatre,pin,38.92730,21.18739,,,0,300.8,https://pleiades.stoa.org/places/966876571,
pl-550769,Nape?,settlement,pin,39.27739,26.27368,-750,300,0,300.9,https://pleiades.stoa.org/places/550769,
pl-530841,Dhrovian,settlement,pin,39.87918,20.22901,-550,-30,0,300.9,https://pleiades.stoa.org/places/530841,
pl-531017,Olpai,settlement,pin,38.95000,21.14983,-550,-30,0,300.9,https://pleiades.stoa.org/places/531017,
pl-550446,Apotheke,"monument, fort",pin,39.12466,26.09836,-750,300,0,301.2,https://pleiades.stoa.org/places/550446,
pl-550817,Petra,labeled feature,wash,39.25000,26.25000,-750,-330,0,301.3,https://pleiades.stoa.org/places/550817,
pl-550837,Platy Bounari,unknown,wash,39.25000,26.25000,-330,300,0,301.3,https://pleiades.stoa.org/places/550837,
pl-551155,Untitled,aqueduct,wash,39.25000,26.25000,-30,300,0,301.3,https://pleiades.stoa.org/places/551155,
pl-550627,Kastri,unknown,wash,39.25000,26.25000,-750,-330,0,301.3,https://pleiades.stoa.org/places/550627,
pl-550455,Arisba,settlement,pin,39.24415,26.24327,-750,300,0,301.3,https://pleiades.stoa.org/places/550455,
pl-550489,Brisa Pr.,cape,wash,39.25000,26.25000,1700,2100,0,301.3,https://pleiades.stoa.org/places/550489,
pl-530775,Ag. Georgios,unknown,wash,39.25000,20.75000,-550,300,0,301.3,https://pleiades.stoa.org/places/530775,
pl-530800,Ano Kotsanopoulo,unknown,wash,39.25000,20.75000,-330,-30,0,301.3,https://pleiades.stoa.org/places/530800,
pl-530814,Assos?,unknown,wash,39.25000,20.75000,-330,300,0,301.3,https://pleiades.stoa.org/places/530814,
pl-530925,Kastri,unknown,wash,39.25000,20.75000,-550,-30,0,301.3,https://pleiades.stoa.org/places/530925,
pl-530964,Krania,unknown,wash,39.25000,20.75000,-330,-30,0,301.3,https://pleiades.stoa.org/places/530964,
pl-531040,Pandosia (lake),lake,wash,39.25000,20.75000,-30,300,0,301.3,https://pleiades.stoa.org/places/531040,
pl-531149,Vrysoula,unknown,wash,39.25000,20.75000,-330,-30,0,301.3,https://pleiades.stoa.org/places/531149,
pl-531523,Untitled,aqueduct,wash,39.25000,20.75000,-30,640,0,301.3,https://pleiades.stoa.org/places/531523,
pl-207409,Salash,fort,pin,43.61354,22.52769,-30,640,0,301.3,https://pleiades.stoa.org/places/207409,
pl-531044,Paramythia,settlement,pin,39.47556,20.52209,-750,640,0,301.4,https://pleiades.stoa.org/places/531044,
pl-550711,Makara,fort,pin,39.09521,26.06627,-750,-30,0,301.5,https://pleiades.stoa.org/places/550711,
pl-481795,Creveni,unknown,wash,42.50000,20.50000,-30,1999,0,301.5,https://pleiades.stoa.org/places/481795,
pl-481798,Dardania,region,wash,42.50000,20.50000,-550,640,0,301.5,https://pleiades.stoa.org/places/481798,
pl-217039,Variana,fort,pin,43.69085,24.00003,-30,640,0,301.6,https://pleiades.stoa.org/places/217039,
pl-550520,Drakou Pedema,fort,pin,39.28601,26.29532,-550,-30,0,301.7,https://pleiades.stoa.org/places/550520,
pl-530860,Elea,settlement,pin,39.43974,20.55014,-550,640,0,301.8,https://pleiades.stoa.org/places/530860,
pl-530784,Agrai(i)s,"region, label",pin,38.86477,21.26685,-550,-30,0,301.9,https://pleiades.stoa.org/places/530784,
pl-206878,Ad Fines,"station, settlement-modern",pin,43.13803,21.27186,-30,2099,0,301.9,https://pleiades.stoa.org/places/206878,
pl-540718,Crisaeus Sinus,"water-open, bay",pin,38.39966,22.43906,1900,2099,0,302.0,https://pleiades.stoa.org/places/540718,
pl-541057,Physkeis,"ruin, settlement",pin,38.44890,22.24674,-750,640,0,302.0,https://pleiades.stoa.org/places/541057,
pl-530822,Rogous,"fort-2, settlement, acropolis",pin,39.15640,20.84700,-750,2099,0,302.1,https://pleiades.stoa.org/places/530822,
pl-531097,Sinou,settlement,pin,39.75977,20.29022,-550,-30,0,302.1,https://pleiades.stoa.org/places/531097,
pl-531132,Tsourila,settlement,pin,39.53418,20.46207,-330,-30,0,302.1,https://pleiades.stoa.org/places/531132,
pl-550544,Gargara,settlement,pin,39.53446,26.54077,-550,640,0,302.2,https://pleiades.stoa.org/places/550544,
pl-540816,Hippotai?,settlement,pin,38.31339,22.90499,-550,300,0,302.4,https://pleiades.stoa.org/places/540816,
pl-530954,Kodra e Ducës,settlement,pin,39.78112,20.27080,-330,640,0,302.5,https://pleiades.stoa.org/places/530954,
pl-550543,Garbias,settlement,pin,39.08111,26.06551,-550,640,0,302.6,https://pleiades.stoa.org/places/550543,
pl-207219,Kosovska Mitrovica,settlement,pin,42.87571,20.87957,-30,640,0,302.6,https://pleiades.stoa.org/places/207219,
pl-217038,Valeriana,fort,pin,43.66048,24.29641,-30,640,0,302.8,https://pleiades.stoa.org/places/217038,
pl-531064,Photike,settlement,pin,39.48205,20.49625,-30,640,0,302.8,https://pleiades.stoa.org/places/531064,
pl-531050,Pecë,temple,pin,39.93314,20.17230,-330,300,0,302.9,https://pleiades.stoa.org/places/531050,
pl-216895,Nicopolis ad Istrum,settlement,pin,43.21760,25.61199,-30,640,0,303.1,https://pleiades.stoa.org/places/216895,
pl-530965,Krenai?,settlement,pin,38.91099,21.16909,-550,-30,0,303.1,https://pleiades.stoa.org/places/530965,
pl-979926376,Yurta-Stroyno,"settlement, archaeological-site",pin,42.28680,26.69434,-30,640,0,303.3,https://pleiades.stoa.org/places/979926376,
pl-207350,Pločnik,settlement,pin,43.20194,21.35559,-30,640,0,303.3,https://pleiades.stoa.org/places/207350,
pl-216859,Kabyle,settlement,pin,42.55015,26.48333,-2000,2099,0,303.4,https://pleiades.stoa.org/places/216859,
pl-540751,Eiteia?,settlement,pin,38.74292,21.45710,-750,-30,0,303.4,https://pleiades.stoa.org/places/540751,
pl-207500,Timacum Maius,station,pin,43.56996,22.26381,-30,640,0,303.5,https://pleiades.stoa.org/places/207500,
pl-550864,Sandalium? (island),island,pin,39.07595,26.07793,-30,2100,0,303.7,https://pleiades.stoa.org/places/550864,
pl-541177,Zarex/Zaret(h)ra,settlement,pin,38.31288,24.18245,-750,-330,0,303.7,https://pleiades.stoa.org/places/541177,
pl-531121,Thyamis (river),river,pin,39.58997,20.39159,-550,2100,0,303.8,https://pleiades.stoa.org/places/531121,
pl-531157,Zervokhori,"ruin, settlement",pin,39.39579,20.56212,-330,2099,0,303.8,https://pleiades.stoa.org/places/531157,
pl-531039,Pandosia?,"fortified-settlement, settlement",pin,39.27839,20.67769,-750,300,0,304.0,https://pleiades.stoa.org/places/531039,
pl-550800,Palaiskepsis?,settlement,pin,39.83666,26.78679,-750,-330,0,304.1,https://pleiades.stoa.org/places/550800,
pl-216924,Pedonianis,fort,pin,43.66300,24.35488,300,640,0,304.1,https://pleiades.stoa.org/places/216924,
pl-48050879,Delian League,region,wash,39.44356,26.48696,1700,2100,0,304.1,https://pleiades.stoa.org/places/48050879,
pl-550853,Pyrraios Sinus,water-open,pin,39.15671,26.19207,1700,2100,0,304.5,https://pleiades.stoa.org/places/550853,
pl-541166,Triteia,settlement,pin,38.40323,22.32251,-550,300,0,304.7,https://pleiades.stoa.org/places/541166,
pl-530874,Euroia?,settlement,pin,39.33590,20.60729,-330,640,0,304.7,https://pleiades.stoa.org/places/530874,
pl-530991,Malçan,settlement,pin,39.80047,20.22866,-550,-30,0,304.7,https://pleiades.stoa.org/places/530991,
pl-207511,Trepča,settlement,pin,42.92198,20.89951,-30,640,0,304.9,https://pleiades.stoa.org/places/207511,
pl-530944,Khoika,settlement,pin,39.34215,20.59468,-550,-30,0,305.1,https://pleiades.stoa.org/places/530944,
pl-540903,Laphron?,settlement,pin,38.44284,22.16047,-550,-30,0,305.2,https://pleiades.stoa.org/places/540903,
pl-540653,"Apollo Nasiotas, T.","temple-2, island",pin,38.37693,22.40435,-550,2099,0,305.3,https://pleiades.stoa.org/places/540653,
pl-713959974,Theatre of Parium,theatre,pin,40.42562,27.06699,-550,640,0,305.5,https://pleiades.stoa.org/places/713959974,
pl-530783,Agora,"settlement, settlement-modern",pin,39.37532,20.55644,-330,2099,0,305.5,https://pleiades.stoa.org/places/530783,
pl-218198,Roman bridge at Valeriana,bridge,pin,43.69115,24.27163,-30,300,0,305.6,https://pleiades.stoa.org/places/218198,
pl-550634,Kebren? (river),river,wash,39.75000,26.75000,-330,300,0,305.6,https://pleiades.stoa.org/places/550634,
pl-540704,Chaleion,settlement,pin,38.37800,22.38728,-750,2100,0,305.6,https://pleiades.stoa.org/places/540704,
pl-550545,Gargara Akron,cape,wash,39.75000,26.75000,-330,300,0,305.6,https://pleiades.stoa.org/places/550545,
pl-530948,Kiraios Sinus,water-open,wash,39.75000,20.25000,-550,-330,0,305.6,https://pleiades.stoa.org/places/530948,
pl-531522,Untitled,aqueduct,wash,39.75000,20.25000,-30,300,0,305.6,https://pleiades.stoa.org/places/531522,
pl-535297,Untitled,wall-2,wash,39.75000,20.25000,-750,-30,0,305.6,https://pleiades.stoa.org/places/535297,
pl-504614114,Roman Baths (Parium),bath,pin,40.42571,27.06764,-330,1453,0,305.6,https://pleiades.stoa.org/places/504614114,
pl-550696,Lesbos (island),island,wash,39.17746,26.23748,-750,2100,0,305.8,https://pleiades.stoa.org/places/550696,
pl-530796,Ambracus,settlement,pin,39.04091,20.93412,-550,300,0,305.8,https://pleiades.stoa.org/places/530796,
pl-481908,Mathis (river),river,pin,41.59625,19.93618,2000,2099,0,305.8,https://pleiades.stoa.org/places/481908,
pl-511354,Parium/Col. Gemella Iulia *Hadriana,"settlement, port",pin,40.42370,27.07026,-10000,1453,0,305.9,https://pleiades.stoa.org/places/511354,
pl-541127,Teichion?,fort,pin,38.48770,21.99355,-550,-30,0,306.1,https://pleiades.stoa.org/places/541127,
pl-530992,Mandrotopos,settlement,pin,39.34882,20.57344,-330,-30,0,306.1,https://pleiades.stoa.org/places/530992,
pl-530856,Elaiatis,"district, label",pin,39.32642,20.58988,-550,-330,0,306.5,https://pleiades.stoa.org/places/530856,
pl-531105,Strongyli,settlement,pin,39.12217,20.81727,-550,640,0,306.5,https://pleiades.stoa.org/places/531105,
pl-531142,Vigla,"settlement, settlement-modern",pin,39.08530,20.86214,-330,2099,0,306.6,https://pleiades.stoa.org/places/531142,
pl-531096,Sevasto,settlement,pin,39.43074,20.48362,-330,-30,0,306.9,https://pleiades.stoa.org/places/531096,
pl-550885,Skala Polykhnitou,sanctuary,pin,39.10780,26.17359,-750,-550,0,307.0,https://pleiades.stoa.org/places/550885,
pl-511274,Hermoton/Hermaion,settlement,pin,40.32633,27.05731,-550,-330,0,307.2,https://pleiades.stoa.org/places/511274,
pl-207156,Gramrianae,station,pin,43.44996,21.79527,-30,640,0,307.2,https://pleiades.stoa.org/places/207156,
pl-550418,Aigeiros?,settlement,pin,39.27690,26.37195,-750,640,0,307.4,https://pleiades.stoa.org/places/550418,
pl-541125,Taxiarkhis,temple,pin,38.60892,21.64358,-750,-30,0,307.6,https://pleiades.stoa.org/places/541125,
pl-540622,Alope?,settlement,pin,38.42320,22.14579,-550,300,0,307.7,https://pleiades.stoa.org/places/540622,
pl-530801,Ano Rakhi,settlement,pin,39.22793,20.67510,-330,300,0,307.7,https://pleiades.stoa.org/places/530801,
pl-530980,Limnaia,"settlement, acropolis",pin,38.85805,21.16841,-550,-30,0,307.7,https://pleiades.stoa.org/places/530980,
pl-531071,Pras?,settlement,pin,38.79738,21.26989,-330,-30,0,307.7,https://pleiades.stoa.org/places/531071,
pl-531062,Phoinike (Mesopotam),settlement,pin,39.91208,20.11965,-30,1999,0,307.9,https://pleiades.stoa.org/places/531062,
pl-530950,Kleisoura 1,settlement,pin,39.29213,20.60291,-550,-30,0,308.0,https://pleiades.stoa.org/places/530950,
pl-530883,Grika,settlement,pin,39.47000,20.43101,-330,-30,0,308.1,https://pleiades.stoa.org/places/530883,
pl-541154,Tol(o)phon,"city-wall, settlement",pin,38.37548,22.29651,-550,640,0,308.3,https://pleiades.stoa.org/places/541154,
pl-550852,Pyrraion (mountain),"mountain, label",pin,39.15711,26.25446,,,0,308.4,https://pleiades.stoa.org/places/550852,
pl-540646,"Aphrodite Phystiou, T.",sanctuary,pin,38.62037,21.59758,-750,-30,0,308.5,https://pleiades.stoa.org/places/540646,
pl-550409,Ag. Isidoros,church-2,pin,39.12207,26.21634,-550,2099,0,308.6,https://pleiades.stoa.org/places/550409,
pl-550734,Messon,"church-2, sanctuary, temple-2",pin,39.19643,26.30543,-750,640,0,308.7,https://pleiades.stoa.org/places/550734,
pl-531006,Mouzakeika,settlement,pin,39.27970,20.60307,-550,-30,0,308.8,https://pleiades.stoa.org/places/531006,
pl-550407,Ag. Berenike,settlement,pin,39.14373,26.25058,-330,640,0,309.1,https://pleiades.stoa.org/places/550407,
pl-540666,"Artemis Hegemone, T.",sanctuary,pin,38.58839,21.65307,-750,-30,0,309.2,https://pleiades.stoa.org/places/540666,
pl-530859,Elat(r)eia?,settlement,pin,39.16520,20.71980,-750,300,0,309.4,https://pleiades.stoa.org/places/530859,
pl-207400,Rudnik,settlement,pin,42.78959,20.66859,-30,640,0,309.4,https://pleiades.stoa.org/places/207400,
pl-550698,Leukai (islands),island,pin,39.31166,26.44139,1700,2100,0,309.6,https://pleiades.stoa.org/places/550698,
pl-540866,Khrysovitsa,temple,pin,38.56464,21.69773,-750,640,0,309.6,https://pleiades.stoa.org/places/540866,
pl-530795,Ambracius Sinus,"water-open, bay",pin,38.96799,20.96642,-750,2100,0,309.7,https://pleiades.stoa.org/places/530795,
pl-530844,Doliane,settlement,pin,39.53442,20.35423,-550,300,0,309.7,https://pleiades.stoa.org/places/530844,
pl-550610,Kalogera,fort,pin,39.17365,26.29602,-550,-30,0,309.8,https://pleiades.stoa.org/places/550610,
pl-541032,Phaistinos,settlement,pin,38.37263,22.25376,-550,300,0,309.8,https://pleiades.stoa.org/places/541032,
pl-540891,Krokyleion?,settlement,pin,38.45459,21.97450,-550,2100,0,310.1,https://pleiades.stoa.org/places/540891,
pl-550851,Pyrra,settlement,pin,39.15605,26.28549,-750,300,0,310.4,https://pleiades.stoa.org/places/550851,
pl-541069,Poteidania,settlement,pin,38.43725,22.01355,-550,300,0,310.5,https://pleiades.stoa.org/places/541069,
pl-531059,Philiates,fort,pin,39.57677,20.30936,-550,-30,0,310.5,https://pleiades.stoa.org/places/531059,
pl-531086,Riziani,settlement,pin,39.52634,20.34912,-550,-30,0,310.5,https://pleiades.stoa.org/places/531086,
pl-551908,Untitled,bridge,pin,39.16011,26.29537,-30,300,0,310.7,https://pleiades.stoa.org/places/551908,
pl-541143,Thesteia,settlement,pin,38.64771,21.49057,-750,640,0,310.7,https://pleiades.stoa.org/places/541143,
pl-217033,Utus,fort,pin,43.64165,24.72817,-30,640,0,310.8,https://pleiades.stoa.org/places/217033,
pl-541058,Phystion,settlement,pin,38.59964,21.59077,-750,300,0,310.8,https://pleiades.stoa.org/places/541058,
pl-530960,Korone,settlement,pin,39.28586,20.56434,-330,-30,0,310.9,https://pleiades.stoa.org/places/530960,
pl-207501,Timacum Minus,fort,pin,43.64114,22.26537,-30,640,0,310.9,https://pleiades.stoa.org/places/207501,
pl-481787,Chaonia,"region, label",pin,40.21845,19.93454,-330,300,0,311.0,https://pleiades.stoa.org/places/481787,
pl-531045,Parapotamos,"cemetery, tell, tumulus",pin,39.54917,20.32278,-330,1923,0,311.1,https://pleiades.stoa.org/places/531045,
pl-550692,Leleges,"label, people",pin,39.59199,26.71184,-750,300,0,311.2,https://pleiades.stoa.org/places/550692,
pl-530919,Kasnetsi,fort,pin,39.62206,20.26493,-30,640,0,311.2,https://pleiades.stoa.org/places/530919,
pl-530930,Kastriza,settlement,pin,39.29340,20.55271,-330,-30,0,311.2,https://pleiades.stoa.org/places/530930,
pl-728329645,Temple of Apollo at Thermos,temple-2,pin,38.55975,21.66810,-750,2100,0,311.3,https://pleiades.stoa.org/places/728329645,
pl-502254148,Megaron A at Thermon,architecturalcomplex,pin,38.56002,21.66810,-1600,2100,0,311.3,https://pleiades.stoa.org/places/502254148,
pl-174919692,Central Springhouse at Thermon,spring,pin,38.55925,21.66795,-400,-301,0,311.4,https://pleiades.stoa.org/places/174919692,
pl-540765,Erateini,settlement,pin,38.36293,22.23337,-550,640,0,311.4,https://pleiades.stoa.org/places/540765,
pl-541139,Thermon,"sanctuary, agora, fortified-settlement, settlement, architecturalcomplex, archaeological-site",pin,38.55878,21.66757,-750,300,0,311.4,https://pleiades.stoa.org/places/541139,
pl-550509,Damandri,settlement,pin,39.08896,26.22211,-550,-30,0,311.4,https://pleiades.stoa.org/places/550509,
pl-530847,Dramese,fort,pin,39.50913,20.35124,-330,-30,0,311.4,https://pleiades.stoa.org/places/530847,
pl-968563189,West Stoa at Thermon,"building, stoa",pin,38.55849,21.66788,-330,-30,0,311.5,https://pleiades.stoa.org/places/968563189,
pl-572529816,East Stoa at Thermon,stoa,pin,38.55794,21.66825,-330,-30,0,311.5,https://pleiades.stoa.org/places/572529816,
pl-814334500,Circuit wall at Thermon,defensive-wall,pin,38.55878,21.66670,-10000,-30,0,311.5,https://pleiades.stoa.org/places/814334500,
pl-174919691,South Stoa at Thermon,stoa,pin,38.55764,21.66684,-330,-30,0,311.6,https://pleiades.stoa.org/places/174919691,
pl-769923984,Bouleuterion at Thermon,building,pin,38.55707,21.66791,-330,-30,0,311.6,https://pleiades.stoa.org/places/769923984,
pl-530928,Kastrion,settlement,pin,39.26548,20.57242,-750,-30,0,311.8,https://pleiades.stoa.org/places/530928,
pl-530873,Euripos?,settlement,pin,38.91823,20.99807,-330,-30,0,312.0,https://pleiades.stoa.org/places/530873,
pl-550567,Hekatonnesoi (islands),"archipelago, island, label",pin,39.35324,26.52409,-550,300,0,312.4,https://pleiades.stoa.org/places/550567,
pl-540693,Boukation?,"city-wall, settlement",pin,38.61389,21.51991,-330,-30,0,312.5,https://pleiades.stoa.org/places/540693,
pl-531061,Phoinike/Finiq,"settlement, protected-area-modern",pin,39.91344,20.05881,-750,1999,0,312.5,https://pleiades.stoa.org/places/531061,
pl-530786,Aidonia,settlement,pin,39.21014,20.61950,-550,-30,0,312.6,https://pleiades.stoa.org/places/530786,
pl-531101,Spatharaioi,settlement,pin,39.32601,20.49939,-330,-30,0,312.6,https://pleiades.stoa.org/places/531101,
pl-622079673,Theater at Phoinike,theatre,pin,39.91366,20.05657,-330,300,0,312.7,https://pleiades.stoa.org/places/622079673,
pl-550438,Aphrodisios (river),river,pin,39.14869,26.31427,-330,2099,0,312.7,https://pleiades.stoa.org/places/550438,
pl-531077,Pteleon (mountain),mountain,pin,39.14589,20.68960,-330,2100,0,312.7,https://pleiades.stoa.org/places/531077,
pl-530831,Chaunoi,"label, people",pin,39.55222,20.29678,-330,-30,0,312.8,https://pleiades.stoa.org/places/530831,
pl-207586,Žuč,settlement,pin,43.20098,21.16886,-30,640,0,312.8,https://pleiades.stoa.org/places/207586,
pl-530799,Anapos? (river),river,wash,38.75000,21.25000,-550,-330,0,312.9,https://pleiades.stoa.org/places/530799,
pl-530828,Charadra (river),river,wash,38.75000,21.25000,-550,-330,0,312.9,https://pleiades.stoa.org/places/530828,
pl-531053,Petitaros (river),river,wash,38.75000,21.25000,-330,-30,0,312.9,https://pleiades.stoa.org/places/531053,
pl-143620624,Akripos,"unlocated, settlement",wash,38.75000,21.25000,-550,-330,0,312.9,https://pleiades.stoa.org/places/143620624,
pl-531005,Morphe,settlement,pin,39.39748,20.42389,-330,300,0,313.1,https://pleiades.stoa.org/places/531005,
pl-531091,Sarandiniko,settlement,pin,38.87043,21.04848,-330,300,0,313.1,https://pleiades.stoa.org/places/531091,
pl-550592,Ida (mountain),mountain,pin,39.69274,26.81918,-750,2100,0,313.6,https://pleiades.stoa.org/places/550592,
pl-530922,Kassope,"settlement, plaza",pin,39.14502,20.67592,-750,300,0,313.6,https://pleiades.stoa.org/places/530922,
pl-530953,Klisia,settlement,pin,39.58107,20.26314,300,640,0,313.6,https://pleiades.stoa.org/places/530953,
pl-530990,Makrykhora,settlement,pin,39.45949,20.36172,-330,-30,0,313.6,https://pleiades.stoa.org/places/530990,
pl-540850,Kallithea (Phokis),settlement,pin,38.36585,22.14376,-550,1999,0,313.7,https://pleiades.stoa.org/places/540850,
pl-530848,Drymos,settlement,pin,38.88470,21.01669,300,640,0,313.7,https://pleiades.stoa.org/places/530848,
pl-541065,Polis,settlement,pin,38.38529,22.07186,-550,300,0,313.9,https://pleiades.stoa.org/places/541065,
pl-550425,Alexandreia (mountain),"mountain, label",pin,39.62966,26.77838,-330,300,0,313.9,https://pleiades.stoa.org/places/550425,
pl-530770,Acherusia (lake),lake,pin,39.25300,20.55300,-550,2099,0,313.9,https://pleiades.stoa.org/places/530770,
pl-530878,Gitana,settlement,pin,39.57066,20.26223,-550,1999,0,314.2,https://pleiades.stoa.org/places/530878,
pl-531116,Themelo,settlement,pin,39.26479,20.53675,-330,-30,0,314.2,https://pleiades.stoa.org/places/531116,
pl-550818,Phalakrai,mountain,pin,39.70000,26.83333,-330,2100,0,314.3,https://pleiades.stoa.org/places/550818,
pl-530996,Mazarakia,settlement,pin,39.42662,20.38066,-330,-30,0,314.3,https://pleiades.stoa.org/places/530996,
pl-550514,"Dionysos Bresagenes, T.",temple-2,pin,39.00670,26.17015,-750,640,0,314.6,https://pleiades.stoa.org/places/550514,
pl-540969,Oiantheia/Euantheia?,settlement,pin,38.34214,22.19100,-750,1999,0,314.7,https://pleiades.stoa.org/places/540969,
pl-530993,Margariti,cemetery,pin,39.35556,20.43822,-330,300,0,314.8,https://pleiades.stoa.org/places/530993,
pl-530923,Kassopia,"region, label",pin,39.13775,20.66447,-550,-30,0,314.9,https://pleiades.stoa.org/places/530923,
pl-540972,Oineon,settlement,pin,38.40029,21.99357,-550,640,0,315.0,https://pleiades.stoa.org/places/540972,
pl-530942,Kestrine/Kammania,"region, label",pin,39.64667,20.19024,-550,300,0,315.3,https://pleiades.stoa.org/places/530942,
pl-554310,Philetaireia,unlocated,wash,39.69222,26.84235,-330,-30,0,315.4,https://pleiades.stoa.org/places/554310,
pl-531002,Mikhalitsi,settlement,pin,39.05369,20.75733,-750,-30,0,315.4,https://pleiades.stoa.org/places/531002,
pl-533032,Kephalos Island Settlement,"church-2, island, settlement, architecturalcomplex",pin,38.96482,20.87238,300,2099,0,315.4,https://pleiades.stoa.org/places/533032,
pl-531136,Vagalat,settlement,pin,39.72917,20.12774,-550,-30,0,315.8,https://pleiades.stoa.org/places/531136,
pl-207567,Vrbica,fort,pin,43.68951,22.27016,-30,640,0,315.8,https://pleiades.stoa.org/places/207567,
pl-540599,Agrinion,"settlement, settlement-modern",pin,38.64832,21.37394,-550,2100,0,316.0,https://pleiades.stoa.org/places/540599,
pl-540782,Eupalion,"settlement, acropolis",pin,38.41558,21.91881,-550,2099,0,316.0,https://pleiades.stoa.org/places/540782,
pl-530989,Maiandria?,settlement,pin,39.81919,20.06818,-330,300,0,316.0,https://pleiades.stoa.org/places/530989,
pl-540772,Erythrai?,settlement,pin,38.40645,21.94206,-550,300,0,316.1,https://pleiades.stoa.org/places/540772,
pl-530870,Ephyra/Kichyros,"settlement, archaeological-site",pin,39.24349,20.53069,-750,2099,0,316.1,https://pleiades.stoa.org/places/530870,
pl-215815905,Spathari (quarry),quarry,pin,38.69060,21.28930,-400,-301,0,316.2,https://pleiades.stoa.org/places/215815905,
pl-541162,Trichonis L.,lake,pin,38.55853,21.55436,2000,2099,0,316.2,https://pleiades.stoa.org/places/541162,
pl-13022744,Spathari (temple),temple-2,pin,38.68610,21.29541,-750,300,0,316.3,https://pleiades.stoa.org/places/13022744,
pl-531011,Nekromanteion,"sanctuary, temple-2",pin,39.23619,20.53420,-750,300,0,316.3,https://pleiades.stoa.org/places/531011,
pl-530918,Karteri,settlement,pin,39.38466,20.38769,-330,-30,0,316.4,https://pleiades.stoa.org/places/530918,
pl-786052705,Theater of Stratos,theatre,pin,38.67185,21.31958,-330,300,0,316.5,https://pleiades.stoa.org/places/786052705,
pl-530998,Medion,settlement,pin,38.78250,21.12502,-550,-30,0,316.5,https://pleiades.stoa.org/places/530998,
pl-531104,Stratos,settlement,pin,38.67173,21.31948,-750,300,0,316.5,https://pleiades.stoa.org/places/531104,
pl-530838,Çukë e Ajtojt,settlement,pin,39.70058,20.13637,-750,640,0,316.6,https://pleiades.stoa.org/places/530838,
pl-530943,Kheimadio,settlement,pin,39.16757,20.60014,-550,-30,0,316.8,https://pleiades.stoa.org/places/530943,
pl-530994,Masklinitsa,cemetery,pin,39.58855,20.21150,-550,300,0,316.9,https://pleiades.stoa.org/places/530994,
pl-530890,Herakleia?,settlement,pin,38.90007,20.93571,-330,-30,0,317.0,https://pleiades.stoa.org/places/530890,
pl-531115,Tatzat,settlement,pin,40.03907,19.93587,-550,-30,0,317.1,https://pleiades.stoa.org/places/531115,
pl-540697,Bouttos,settlement,pin,38.43189,21.83806,-550,300,0,317.2,https://pleiades.stoa.org/places/540697,
pl-541006,Pamphia,settlement,pin,38.50535,21.64995,-550,300,0,317.3,https://pleiades.stoa.org/places/541006,
pl-530897,Igoumenitsa,settlement,pin,39.50729,20.26984,-30,640,0,317.3,https://pleiades.stoa.org/places/530897,
pl-530837,Çuke,fort,pin,39.84371,20.03203,-550,-30,0,317.6,https://pleiades.stoa.org/places/530837,
pl-534542,Untitled,road,wash,39.25000,20.50000,-30,640,0,317.6,https://pleiades.stoa.org/places/534542,
pl-534544,Untitled,road,wash,39.25000,20.50000,-330,-30,0,317.6,https://pleiades.stoa.org/places/534544,
pl-534545,Untitled,road,wash,39.25000,20.50000,-30,640,0,317.6,https://pleiades.stoa.org/places/534545,
pl-534546,Untitled,road,wash,39.25000,20.50000,-30,640,0,317.6,https://pleiades.stoa.org/places/534546,
pl-534547,Untitled,road,wash,39.25000,20.50000,-30,640,0,317.6,https://pleiades.stoa.org/places/534547,
pl-534548,Untitled,road,wash,39.25000,20.50000,-330,-30,0,317.6,https://pleiades.stoa.org/places/534548,
pl-534549,Untitled,road,wash,39.25000,20.50000,-550,-330,0,317.6,https://pleiades.stoa.org/places/534549,
pl-550433,Antandros,"settlement, archaeological-site",pin,39.57161,26.78630,-750,-30,0,317.7,https://pleiades.stoa.org/places/550433,
pl-531019,Onchesmos,"settlement, port",pin,39.87618,20.01231,-550,640,0,317.7,https://pleiades.stoa.org/places/531019,
pl-531123,Thyrreion,"settlement, archaeological-site",pin,38.85325,20.98755,-550,300,0,317.9,https://pleiades.stoa.org/places/531123,
pl-540945,Metapa,"church-2, settlement",pin,38.52532,21.58450,-550,2099,0,318.1,https://pleiades.stoa.org/places/540945,
pl-530988,Magoula,temple,pin,38.89924,20.91680,-550,-30,0,318.1,https://pleiades.stoa.org/places/530988,
pl-550887,Skala ton Mistegnon,"settlement, settlement-modern",pin,39.21467,26.47367,-330,2099,0,318.3,https://pleiades.stoa.org/places/550887,
pl-540893,Krounoi,temple,pin,38.42360,21.82633,-550,300,0,318.5,https://pleiades.stoa.org/places/540893,
pl-495850428,Actium Victory Monument,monument,pin,39.02773,20.73565,-30,300,0,318.7,https://pleiades.stoa.org/places/495850428,
pl-530819,Berenike?,settlement,pin,39.10347,20.64253,-550,300,0,318.8,https://pleiades.stoa.org/places/530819,
pl-530863,Elinia,settlement,pin,39.40061,20.33872,-330,-30,0,318.8,https://pleiades.stoa.org/places/530863,
pl-231467659,Acarnanian League,league,wash,38.84885,20.97628,-550,-330,0,318.9,https://pleiades.stoa.org/places/231467659,
pl-530782,Ag. Thomas,church,pin,38.97548,20.79925,300,640,0,318.9,https://pleiades.stoa.org/places/530782,
pl-531058,Phaskomelia,settlement,pin,39.46409,20.28292,-550,-30,0,318.9,https://pleiades.stoa.org/places/531058,
pl-531072,Prichhit,settlement,pin,40.00129,19.93014,-330,300,0,318.9,https://pleiades.stoa.org/places/531072,
pl-481984,Scirtari,"label, people",pin,42.24689,20.07050,-330,300,0,318.9,https://pleiades.stoa.org/places/481984,
pl-530941,Kestria?,settlement,pin,39.68034,20.11768,-550,-30,0,319.0,https://pleiades.stoa.org/places/530941,
pl-209141,Metalli Dardanici,mine,pin,43.04829,20.82958,-30,640,0,319.0,https://pleiades.stoa.org/places/209141,
pl-206992,Bučje,mine,pin,43.68318,22.13363,-30,640,0,319.1,https://pleiades.stoa.org/places/206992,
pl-550402,Adramyttenos/Idaios Sinus,water-open,pin,39.46952,26.72736,-330,2100,0,319.3,https://pleiades.stoa.org/places/550402,
pl-550460,Aspaneus,settlement,pin,39.57066,26.80717,-330,-30,0,319.3,https://pleiades.stoa.org/places/550460,
pl-216906,Odrysae,"region, label, state, people",pin,42.40480,26.82807,-330,2099,0,319.4,https://pleiades.stoa.org/places/216906,
pl-530854,Elaias Limen,settlement,pin,39.24526,20.47831,-550,-30,0,319.4,https://pleiades.stoa.org/places/530854,
pl-531085,Riza,settlement,pin,39.13335,20.59868,-330,300,0,319.4,https://pleiades.stoa.org/places/531085,
pl-531013,Nicopolis,settlement,pin,39.01570,20.73600,-30,1999,0,319.6,https://pleiades.stoa.org/places/531013,
pl-991364,Epirus Vetus,province-2,wash,39.01570,20.73600,,,0,319.6,https://pleiades.stoa.org/places/991364,
pl-216715,Asamus,fort-2,pin,43.69455,24.85131,-30,640,0,319.8,https://pleiades.stoa.org/places/216715,
pl-983965673,Por(d)oselene (island),island,pin,39.36220,26.64061,1900,2099,0,319.8,https://pleiades.stoa.org/places/983965673,
pl-36476595,Acheron (mythological river),"river, fiction",wash,39.23566,20.47987,-900,-750,0,319.9,https://pleiades.stoa.org/places/36476595,
pl-550622,Karini,settlement,pin,39.12291,26.39855,-330,-30,0,320.0,https://pleiades.stoa.org/places/550622,
pl-530769,Acheron (river),river,pin,39.23582,20.47948,-750,2100,0,320.0,https://pleiades.stoa.org/places/530769,
pl-391966943,Villa of Manius Antoninus,villa,pin,39.01377,20.73154,-30,300,0,320.0,https://pleiades.stoa.org/places/391966943,
pl-216978,Securisca,fort-2,pin,43.70259,24.83437,-30,640,0,320.1,https://pleiades.stoa.org/places/216978,
pl-505237964,Asklepeion of Ancient Trichoneion,sanctuary,pin,38.52872,21.52864,-30,300,0,320.2,https://pleiades.stoa.org/places/505237964,
pl-530912,Kalivo,settlement,pin,39.75669,20.05128,-750,300,0,320.2,https://pleiades.stoa.org/places/530912,
pl-391966942,"City wall, Nicopolis",city-wall,pin,39.01122,20.73168,-30,300,0,320.2,https://pleiades.stoa.org/places/391966942,
pl-82145424,Roman theater at Nicopolis,theatre,pin,39.01106,20.72913,-30,300,0,320.3,https://pleiades.stoa.org/places/82145424,
pl-540616,Akrai?,settlement,pin,38.50357,21.58213,-330,640,0,320.3,https://pleiades.stoa.org/places/540616,
pl-541059,Phytaion,settlement,pin,38.49018,21.61266,-330,640,0,320.3,https://pleiades.stoa.org/places/541059,
pl-530940,Kerentza,settlement,pin,39.22853,20.48167,-550,-30,0,320.3,https://pleiades.stoa.org/places/530940,
pl-531022,Ormos Vathy 1,settlement,pin,38.98076,20.76887,-30,640,0,320.3,https://pleiades.stoa.org/places/531022,
pl-65323470,Bouleuterion,architecturalcomplex,pin,39.01116,20.72870,-30,300,0,320.4,https://pleiades.stoa.org/places/65323470,
pl-207069,Dard(...),"settlement, archaeological-site",pin,43.05152,20.80947,-30,640,0,320.4,https://pleiades.stoa.org/places/207069,
pl-531051,Pelodes Limen,"lake, port",pin,39.78414,20.03049,-330,2100,0,320.5,https://pleiades.stoa.org/places/531051,
pl-531079,Pyrgos,fort,pin,39.53754,20.20082,-750,300,0,320.5,https://pleiades.stoa.org/places/531079,
pl-530798,Anactorium,settlement,pin,38.92094,20.84350,-750,300,0,320.6,https://pleiades.stoa.org/places/530798,
pl-207455,Sočanica,settlement,pin,43.06437,20.82306,-30,640,0,320.6,https://pleiades.stoa.org/places/207455,
pl-550846,Psyra (island),island,pin,38.57292,25.57737,-750,2100,0,320.7,https://pleiades.stoa.org/places/550846,
pl-540960,Naupactus,settlement,pin,38.39973,21.83127,-550,1599,0,320.7,https://pleiades.stoa.org/places/540960,
pl-550785,Olympos (mountain),mountain,pin,39.07243,26.35342,1700,2100,0,320.8,https://pleiades.stoa.org/places/550785,
pl-530879,Glykys/Elaias?/Cheimerion? Limen,settlement,pin,39.21850,20.48500,-550,640,0,320.8,https://pleiades.stoa.org/places/530879,
pl-541161,Trichonion,settlement,pin,38.52448,21.52067,-750,300,0,320.9,https://pleiades.stoa.org/places/541161,
pl-531082,Qare,settlement,pin,39.72542,20.06129,-30,300,0,320.9,https://pleiades.stoa.org/places/531082,
pl-550607,Kale Peuke,settlement,pin,39.79377,26.98319,-330,300,0,321.0,https://pleiades.stoa.org/places/550607,
pl-540669,"Asklepios, T.",sanctuary,pin,38.39449,21.83848,-550,300,0,321.0,https://pleiades.stoa.org/places/540669,
pl-550687,Larsos,settlement,pin,39.13079,26.42890,-550,300,0,321.3,https://pleiades.stoa.org/places/550687,
pl-531126,Torybeia?,settlement,pin,38.76302,21.06285,-550,-30,0,321.5,https://pleiades.stoa.org/places/531126,
pl-530984,Lykoniko,settlement,pin,38.84534,20.93398,-550,-30,0,321.6,https://pleiades.stoa.org/places/530984,
pl-531127,Toryne?,settlement,pin,39.28616,20.40116,-330,300,0,321.8,https://pleiades.stoa.org/places/531127,
pl-550457,"Artemis Thermia, T.","sanctuary, archaeological-site",pin,39.18176,26.49809,-750,300,0,322.2,https://pleiades.stoa.org/places/550457,
pl-550493,Chalkis? (island),island,pin,39.28417,26.60267,-550,2100,0,322.2,https://pleiades.stoa.org/places/550493,
pl-550845,Psyra (settlement),settlement,pin,38.54909,25.56219,-750,640,0,322.3,https://pleiades.stoa.org/places/550845,
pl-550922,Therma?,settlement,pin,39.18074,26.49914,-550,-30,0,322.3,https://pleiades.stoa.org/places/550922,
pl-530773,Agia,settlement,pin,39.31965,20.36172,-330,-30,0,322.3,https://pleiades.stoa.org/places/530773,
pl-306176341,Komaros Limen,port,pin,39.00383,20.70561,1700,2100,0,322.3,https://pleiades.stoa.org/places/306176341,
pl-550841,Por(d)oselene/Nasos (settlement),settlement,pin,39.33668,26.65481,-550,640,0,322.4,https://pleiades.stoa.org/places/550841,
pl-550668,Kotylos (mountain),"mountain, label",pin,39.75180,26.97536,-330,2100,0,322.4,https://pleiades.stoa.org/places/550668,
pl-530771,Actium,"shrine, monument",pin,38.95389,20.76585,-750,300,0,322.6,https://pleiades.stoa.org/places/530771,
pl-530934,Kato Aetos,settlement,pin,39.69003,20.06250,-330,-30,0,322.6,https://pleiades.stoa.org/places/530934,
pl-73856966,"""The Great Basilica"" at Butrint ","basilica, archaeological-site",pin,39.74645,20.02309,300,1200,0,322.8,https://pleiades.stoa.org/places/73856966,
pl-724562435,"Thermi, Lesbos","settlement, archaeological-site",pin,39.17692,26.50322,-3000,-1000,0,322.9,https://pleiades.stoa.org/places/724562435,
pl-11257637,Baptistery of Butrint,church-2,pin,39.74556,20.02289,300,640,0,322.9,https://pleiades.stoa.org/places/11257637,
pl-530802,Anthousa,cemetery,pin,39.29953,20.37300,-550,300,0,322.9,https://pleiades.stoa.org/places/530802,
pl-616395377,Junia Rufina's Well,"building, well",pin,39.74762,20.02103,100,2099,0,322.9,https://pleiades.stoa.org/places/616395377,
pl-439667643,Lion gate of Butrint,city-gate,pin,39.74763,20.02099,-750,300,0,322.9,https://pleiades.stoa.org/places/439667643,
pl-200345143,Triconch Palace at Butrint,architecturalcomplex,pin,39.74444,20.02205,-30,1450,0,323.0,https://pleiades.stoa.org/places/200345143,
pl-530824,Bouthroton,"settlement, port, theatre, archaeological-site",pin,39.74583,20.02078,-750,2100,0,323.0,https://pleiades.stoa.org/places/530824,
pl-404148110,Theater at Butrint,theatre,pin,39.74560,20.02043,-330,2099,0,323.0,https://pleiades.stoa.org/places/404148110,
pl-207217,Korman,fort,pin,43.54310,21.62580,-30,640,0,323.0,https://pleiades.stoa.org/places/207217,
pl-531125,Torone,"settlement, archaeological-site",pin,39.51829,20.18021,-550,-30,0,323.1,https://pleiades.stoa.org/places/531125,
pl-531120,Thyamis Pr.,cape,pin,39.55472,20.14944,-330,2100,0,323.3,https://pleiades.stoa.org/places/531120,
pl-540615,Akrai?,settlement,pin,38.52625,21.46024,-550,-30,0,323.4,https://pleiades.stoa.org/places/540615,
pl-550686,Larissai Petrai,escarpment,pin,39.12290,26.45687,,,0,323.7,https://pleiades.stoa.org/places/550686,
pl-550645,Killaios (mountain),"mountain, label",pin,39.68534,26.95130,-330,300,0,323.9,https://pleiades.stoa.org/places/550645,
pl-540822,Hydra L.,lake,pin,38.56049,21.37856,2000,2099,0,323.9,https://pleiades.stoa.org/places/540822,
pl-531063,Phoitiai,settlement,pin,38.68700,21.14339,-550,-30,0,323.9,https://pleiades.stoa.org/places/531063,
pl-570236,Erineos,settlement,pin,38.30976,21.99333,-750,300,0,324.2,https://pleiades.stoa.org/places/570236,
pl-217036,Valea Totişii,labeled feature,wash,43.50000,25.50000,-30,300,0,324.2,https://pleiades.stoa.org/places/217036,
pl-217443,Untitled,aqueduct,wash,43.50000,25.50000,-30,640,0,324.2,https://pleiades.stoa.org/places/217443,
pl-218953,Brazda lui Novac de Sud,earthwork,wash,43.50000,25.50000,300,640,0,324.2,https://pleiades.stoa.org/places/218953,
pl-209140,Metalli Aureliani,mine,wash,43.50000,21.50000,-30,640,0,324.2,https://pleiades.stoa.org/places/209140,
pl-550468,Astyr(i)a?,settlement,pin,39.58660,26.88859,-550,640,0,324.3,https://pleiades.stoa.org/places/550468,
pl-530985,Lykovitsi,fort,pin,38.65072,21.19794,-550,-30,0,324.3,https://pleiades.stoa.org/places/530985,
pl-207457,Sokobanja,bath,pin,43.64743,21.86374,-30,640,0,324.3,https://pleiades.stoa.org/places/207457,
pl-216790,Dimum,"fort-2, archaeological-site",pin,43.65082,25.12941,-30,640,0,324.4,https://pleiades.stoa.org/places/216790,
pl-207055,Crni Lug,settlement,pin,42.73331,20.38074,-30,640,0,324.5,https://pleiades.stoa.org/places/207055,
pl-540948,Molykreion?,"settlement, archaeological-site",pin,38.38804,21.75773,-750,300,0,324.6,https://pleiades.stoa.org/places/540948,
pl-267084998,Rhion,"unlocated, settlement, port",wash,38.38804,21.75773,-550,-330,0,324.6,https://pleiades.stoa.org/places/267084998,
pl-550630,Kato Tritos,"settlement, settlement-modern",pin,39.08683,26.43374,300,2099,0,324.8,https://pleiades.stoa.org/places/550630,
pl-481950,Peć,settlement,pin,42.65967,20.30707,-30,640,0,324.8,https://pleiades.stoa.org/places/481950,
pl-531007,Myrtountion (lake),lake,pin,38.86513,20.84153,-330,2100,0,325.2,https://pleiades.stoa.org/places/531007,
pl-530772,Actium (promontory),cape,pin,38.92357,20.74977,-750,2099,0,325.9,https://pleiades.stoa.org/places/530772,
pl-530833,Cheimerion? (promontory),cape,pin,39.28419,20.34140,-550,2099,0,326.0,https://pleiades.stoa.org/places/530833,
pl-570203,Drepanon (promontory),"cape, lighthouse",pin,38.33902,21.84936,-30,2099,0,326.1,https://pleiades.stoa.org/places/570203,
pl-530840,Derion?,settlement,pin,38.63538,21.18984,-550,-30,0,326.1,https://pleiades.stoa.org/places/530840,
pl-530862,Elina,"settlement, archaeological-site",pin,39.33029,20.29411,-550,300,0,326.3,https://pleiades.stoa.org/places/530862,
pl-531070,Poseidion (promontory),cape,pin,39.74450,19.97850,-330,1999,0,326.3,https://pleiades.stoa.org/places/531070,
pl-216812,Flămînda,fort,pin,43.70127,25.04011,-30,300,0,326.4,https://pleiades.stoa.org/places/216812,
pl-530959,Konope/Arsinoe,"castle, settlement",pin,38.57294,21.29892,-750,1453,0,326.5,https://pleiades.stoa.org/places/530959,
pl-550571,Herakleia/Elateia?,settlement,pin,39.30755,26.68981,-330,640,0,326.6,https://pleiades.stoa.org/places/550571,
pl-550749,Moria,"settlement, cemetery, mine-2",pin,39.13257,26.51627,-30,300,0,326.8,https://pleiades.stoa.org/places/550749,
pl-531107,Sybota (islands),"archipelago, island",pin,39.40432,20.22129,-550,2100,0,326.8,https://pleiades.stoa.org/places/531107,
pl-530968,Kyathos? (river),river,pin,38.57141,21.29366,-330,2099,0,326.9,https://pleiades.stoa.org/places/530968,
pl-550835,Plagia,settlement,pin,39.00162,26.36842,-330,640,0,327.0,https://pleiades.stoa.org/places/550835,
pl-550713,Malea,settlement,pin,39.14079,26.52749,-550,300,0,327.0,https://pleiades.stoa.org/places/550713,
pl-551156,Roman Aqueduct at Mytilene,aqueduct,wash,39.12607,26.51477,,,0,327.2,https://pleiades.stoa.org/places/551156,
pl-290080326,Roman Aqueduct at Moria,aqueduct,pin,39.12607,26.51477,-30,2100,0,327.2,https://pleiades.stoa.org/places/290080326,
pl-550501,Chryse (Aeolis),settlement,pin,39.58511,26.92809,-750,640,0,327.3,https://pleiades.stoa.org/places/550501,
pl-570157,Bolinaios (river),river,pin,38.32154,21.85955,-30,2100,0,327.5,https://pleiades.stoa.org/places/570157,
pl-550719,Manna,"spring, sanctuary",pin,39.05129,26.43762,-550,300,0,327.6,https://pleiades.stoa.org/places/550719,
pl-531143,Vigla (Acarnania),"fortified-settlement, tower-single, ruin, acropolis",pin,38.86185,20.80288,-550,-30,0,327.7,https://pleiades.stoa.org/places/531143,
pl-536133,Sollion,"unlocated, settlement",wash,38.86185,20.80288,-750,-330,0,327.7,https://pleiades.stoa.org/places/536133,
pl-550850,Pyrra Pr.,cape,pin,39.43301,26.81658,-330,2100,0,327.8,https://pleiades.stoa.org/places/550850,
pl-531152,Xylokastro (Palairos),fort-2,pin,38.79420,20.89680,-550,-30,0,327.9,https://pleiades.stoa.org/places/531152,
pl-207363,Praesidium Pompei,station,pin,43.58955,21.61773,-30,640,0,327.9,https://pleiades.stoa.org/places/207363,
pl-807935494,Drepanon Cemetery,cemetery,pin,38.31961,21.85355,-900,2100,0,327.9,https://pleiades.stoa.org/places/807935494,
pl-963101099,Metalli Dardanici,mine,pin,43.08107,20.71886,-30,640,0,328.1,https://pleiades.stoa.org/places/963101099,
pl-530909,Pirgos (Kakavoula),fort-2,pin,38.79850,20.88490,-330,1999,0,328.2,https://pleiades.stoa.org/places/530909,
pl-530767,Acarnania,"region, label",pin,38.69172,21.04980,-550,640,0,328.3,https://pleiades.stoa.org/places/530767,
pl-530920,Kassiope,settlement,pin,39.79103,19.92261,-330,2099,0,328.4,https://pleiades.stoa.org/places/530920,
pl-749300429,Kassiopi Castle,castle,pin,39.79181,19.92071,650,2099,0,328.5,https://pleiades.stoa.org/places/749300429,
pl-531034,Palairos,"settlement, archaeological-site",pin,38.83576,20.82591,-750,300,0,328.5,https://pleiades.stoa.org/places/531034,
pl-207510,Trebič,settlement,pin,43.64583,21.74213,-30,640,0,328.5,https://pleiades.stoa.org/places/207510,
pl-550646,Killaios? (river),river,pin,39.58305,26.94344,-330,2100,0,328.6,https://pleiades.stoa.org/places/550646,
pl-540921,Lysimacheia,"church-2, settlement",pin,38.52983,21.33570,-750,2099,0,328.7,https://pleiades.stoa.org/places/540921,
pl-550410,Ag. Nikolaos,settlement,pin,39.10327,26.51473,-750,640,0,328.8,https://pleiades.stoa.org/places/550410,
pl-540656,Arakynthos,mountain,pin,38.45778,21.48277,1700,2100,0,328.9,https://pleiades.stoa.org/places/540656,
pl-531094,Sauria?,"settlement, archaeological-site, acropolis",pin,38.58293,21.22922,-550,-30,0,328.9,https://pleiades.stoa.org/places/531094,
pl-540927,Makyneia,settlement,pin,38.35570,21.72438,-750,300,0,329.1,https://pleiades.stoa.org/places/540927,
pl-570555,"Panormos (settlement, port)","settlement, port",pin,38.31667,21.81667,-550,2100,0,329.5,https://pleiades.stoa.org/places/570555,
pl-570556,Panormos (harbor),water-open,wash,38.31667,21.81667,-550,-30,0,329.5,https://pleiades.stoa.org/places/570556,
pl-550436,Ano Latomeia Kourtzi,quarry,pin,39.10967,26.53383,-550,640,0,329.6,https://pleiades.stoa.org/places/550436,
pl-531073,Profitis Elias,sanctuary,pin,38.83073,20.81085,-550,-30,0,329.7,https://pleiades.stoa.org/places/531073,
pl-550648,Kisthene?,settlement,pin,39.39318,26.81318,-550,-30,0,329.9,https://pleiades.stoa.org/places/550648,
pl-541123,Taphiassos (mountain),mountain,pin,38.36251,21.68387,1700,2100,0,329.9,https://pleiades.stoa.org/places/541123,
pl-550667,Koryphas,settlement,pin,39.35593,26.78298,-330,640,0,330.1,https://pleiades.stoa.org/places/550667,
pl-550763,Mytilene,settlement,pin,39.11048,26.54705,-750,2099,0,330.4,https://pleiades.stoa.org/places/550763,
pl-540643,Antirrhion Pr.,cape,pin,38.32700,21.76580,1700,2100,0,330.4,https://pleiades.stoa.org/places/540643,
pl-531156,Zavitsa,fort,pin,38.69047,21.01076,-550,-30,0,330.5,https://pleiades.stoa.org/places/531156,
pl-216899,Novae,"fort-2, settlement",pin,43.61303,25.39399,-30,1999,0,330.6,https://pleiades.stoa.org/places/216899,
pl-550576,Hiera,settlement,pin,39.05495,26.48942,-550,300,0,330.6,https://pleiades.stoa.org/places/550576,
pl-531000,Metropolis? (settlement),"settlement, archaeological-site, settlement-modern",pin,38.55336,21.24570,-750,2100,0,330.8,https://pleiades.stoa.org/places/531000,
pl-118337620,Commercial Stoa of Mytilene,stoa,pin,39.11195,26.55586,-330,2100,0,330.8,https://pleiades.stoa.org/places/118337620,
pl-554823496,Barnako,fort-2,pin,38.70929,20.97158,640,2099,0,330.9,https://pleiades.stoa.org/places/554823496,
pl-533787,Mytikas Valley Dam,dam,pin,38.71094,20.97000,-550,-30,0,330.9,https://pleiades.stoa.org/places/533787,
pl-531067,Pogonia,settlement,pin,38.79288,20.84022,-550,-30,0,331.2,https://pleiades.stoa.org/places/531067,
pl-570657,Selemnos? (river),river,pin,38.30680,21.79477,-30,2100,0,331.3,https://pleiades.stoa.org/places/570657,
pl-530857,Elaos?,settlement,pin,38.50869,21.32140,-330,-30,0,331.3,https://pleiades.stoa.org/places/530857,
pl-550836,Plakos (mountain),"mountain, label",pin,39.62184,27.00945,-750,300,0,331.4,https://pleiades.stoa.org/places/550836,
pl-530961,Koronta,settlement,pin,38.58932,21.15997,-750,-30,0,331.7,https://pleiades.stoa.org/places/530961,
pl-627098676,Alyzeia Fortifications,"tower-defensive, city-wall",pin,38.71092,20.95215,,,0,331.8,https://pleiades.stoa.org/places/627098676,
pl-530850,Duo Ekklesies,fort,pin,38.52340,21.28002,-550,640,0,331.9,https://pleiades.stoa.org/places/530850,
pl-530926,Kastri (Xiromero),fort-2,pin,38.67307,21.01223,-550,-30,0,331.9,https://pleiades.stoa.org/places/530926,
pl-570646,Rhion Pr.,cape,pin,38.30640,21.77694,-750,2100,0,332.0,https://pleiades.stoa.org/places/570646,
pl-530793,Alyz(e)ia,"settlement, settlement-modern",pin,38.70891,20.94771,-550,2099,0,332.2,https://pleiades.stoa.org/places/530793,
pl-550821,Phara,settlement,pin,39.06990,26.53344,-330,300,0,332.4,https://pleiades.stoa.org/places/550821,
pl-550403,Adramyttium,"settlement, archaeological-site",pin,39.49864,26.93610,-750,2099,0,332.6,https://pleiades.stoa.org/places/550403,
pl-207080,Djunis,fort,pin,43.60558,21.53941,300,640,0,332.6,https://pleiades.stoa.org/places/207080,
pl-541079,Pylene?,settlement,pin,38.46455,21.38150,-330,300,0,332.7,https://pleiades.stoa.org/places/541079,
pl-540829,(Hypo)Chalkis,settlement,pin,38.35405,21.63132,-750,2100,0,332.8,https://pleiades.stoa.org/places/540829,
pl-531103,Sterna,settlement,pin,38.80609,20.79060,-750,-30,0,332.9,https://pleiades.stoa.org/places/531103,
pl-530955,Kokkino Stephani,fort,pin,38.79711,20.79750,-550,-30,0,333.2,https://pleiades.stoa.org/places/530955,
pl-481961,Pirustae,"label, people",pin,42.39492,19.97753,-330,300,0,333.2,https://pleiades.stoa.org/places/481961,
pl-550919,Thebe,settlement,pin,39.59743,27.02017,-750,300,0,333.5,https://pleiades.stoa.org/places/550919,
pl-550920,Thebes Pedion,plain,wash,39.59743,27.02017,-550,300,0,333.5,https://pleiades.stoa.org/places/550920,
pl-550735,Metaon?,settlement,pin,38.98459,26.45273,-750,-330,0,333.5,https://pleiades.stoa.org/places/550735,
pl-540708,Chalkis (mountain),mountain,pin,38.36251,21.59252,1700,2100,0,333.5,https://pleiades.stoa.org/places/540708,
pl-459238841,"Temple of ""Artemis Epikrateia""",temple-2,pin,38.66239,20.99688,-550,1999,0,333.6,https://pleiades.stoa.org/places/459238841,
pl-550886,Skala ton Loutron,fort,pin,39.04924,26.52873,-550,640,0,333.6,https://pleiades.stoa.org/places/550886,
pl-550742,Miletos?,settlement,pin,39.52840,26.97418,-550,300,0,333.7,https://pleiades.stoa.org/places/550742,
pl-530842,Dioryktos?,settlement,pin,38.82096,20.74812,-550,640,0,334.1,https://pleiades.stoa.org/places/530842,
pl-530977,Leukimma Pr.,"cape, lighthouse",pin,39.45922,20.07141,-550,2100,0,334.3,https://pleiades.stoa.org/places/530977,
pl-530781,Ag. Sophia (Mytikas),"church-2, archaeological-site",pin,38.67533,20.96041,300,640,0,334.4,https://pleiades.stoa.org/places/530781,
pl-550615,Kanaites (river),river,wash,39.25000,26.75000,-30,300,0,334.5,https://pleiades.stoa.org/places/550615,
pl-550618,Kane/Autokane,water-open,wash,39.25000,26.75000,-750,2099,0,334.5,https://pleiades.stoa.org/places/550618,
pl-550715,Malia (promontory),cape,wash,39.25000,26.75000,1700,2100,0,334.5,https://pleiades.stoa.org/places/550715,
pl-550716,Maloeis Sinus,water-open,wash,39.25000,26.75000,,,0,334.5,https://pleiades.stoa.org/places/550716,
pl-530861,Elimi,unknown,wash,39.25000,20.25000,-550,300,0,334.5,https://pleiades.stoa.org/places/530861,
pl-540802,Halikyrna,settlement,pin,38.38748,21.50250,-750,1999,0,334.8,https://pleiades.stoa.org/places/540802,
pl-530907,Ithoria,settlement,pin,38.48849,21.28752,-550,2100,0,334.8,https://pleiades.stoa.org/places/530907,
pl-540699,Calydon,settlement,pin,38.37293,21.53318,-750,640,0,334.9,https://pleiades.stoa.org/places/540699,
pl-530924,Kastellaki,fort,pin,38.64952,20.99085,-550,-30,0,335.0,https://pleiades.stoa.org/places/530924,
pl-817324525,Ayio Gala,cave,pin,38.56227,25.86022,-10000,2100,0,335.1,https://pleiades.stoa.org/places/817324525,
pl-244463746,Artemis Laphria Sanctuary (Kalydon),sanctuary,pin,38.37207,21.52987,-900,300,0,335.2,https://pleiades.stoa.org/places/244463746,
pl-531078,Ptychia (island),island,pin,39.64122,19.92389,-550,2100,0,335.4,https://pleiades.stoa.org/places/531078,
pl-550727,Melaina Pr.,cape,pin,38.53993,25.83100,1700,2100,0,335.7,https://pleiades.stoa.org/places/550727,
pl-550905,Tarti,quarry,pin,38.97567,26.48098,-550,300,0,335.9,https://pleiades.stoa.org/places/550905,
pl-540961,Nea Pleuron,settlement,pin,38.41522,21.40938,-750,640,0,336.1,https://pleiades.stoa.org/places/540961,
pl-530892,Hieros Limen Herakleous,"anchorage, bay",pin,38.67141,20.93339,-10000,1999,0,336.2,https://pleiades.stoa.org/places/530892,
pl-530927,Kastri Lithies,fort,pin,38.78640,20.75946,-330,-30,0,336.3,https://pleiades.stoa.org/places/530927,
pl-532278,Untitled,bridge,pin,38.80939,20.72682,-30,300,0,336.3,https://pleiades.stoa.org/places/532278,
pl-550643,Kilikes,"label, people",pin,39.57318,27.04417,-750,-550,0,336.5,https://pleiades.stoa.org/places/550643,
pl-550537,Euenos (river),river,pin,39.53688,27.01759,-330,2100,0,336.5,https://pleiades.stoa.org/places/550537,
pl-207006,‘Cametas’,station,pin,43.65977,21.57156,-30,640,0,336.5,https://pleiades.stoa.org/places/207006,
pl-550758,Myrsinia,settlement,pin,38.98624,26.50909,-550,300,0,336.9,https://pleiades.stoa.org/places/550758,
pl-530970,Kynos Kephale? Pr.,cape,pin,39.36171,20.11105,300,2099,0,337.1,https://pleiades.stoa.org/places/530970,
pl-531012,Nerikos?,settlement,pin,38.79233,20.73542,-550,-330,0,337.2,https://pleiades.stoa.org/places/531012,
pl-545970870,"Temple of Hera, Mon Repos","sanctuary, temple-2",pin,39.60369,19.92481,-750,-550,0,337.2,https://pleiades.stoa.org/places/545970870,
pl-530974,Leucas,settlement,pin,38.80734,20.71312,-750,640,0,337.3,https://pleiades.stoa.org/places/530974,
pl-96199445,Doric Temple at Kardaki,"sanctuary, temple-2",pin,39.60139,19.92611,-750,-330,0,337.3,https://pleiades.stoa.org/places/96199445,
pl-531054,Phagia,fort,pin,38.77020,20.76317,-750,-30,0,337.4,https://pleiades.stoa.org/places/531054,
pl-540999,Palaia Pleuron,settlement,pin,38.39448,21.41878,-750,-30,0,337.7,https://pleiades.stoa.org/places/540999,
pl-541159,Treis Ekklesies,fort,pin,38.41730,21.36984,-550,-30,0,337.7,https://pleiades.stoa.org/places/541159,
pl-550453,Arios (mountain),"mountain, label",pin,38.55372,25.89787,,,0,337.8,https://pleiades.stoa.org/places/550453,
pl-531151,Xylokastro (fort on Kalamos),fort-2,pin,38.64387,20.94763,-550,-30,0,337.8,https://pleiades.stoa.org/places/531151,
pl-550473,Attea?,settlement,pin,39.21419,26.76661,-330,640,0,337.9,https://pleiades.stoa.org/places/550473,
pl-530881,Gouria,settlement,pin,38.46822,21.25960,-330,-30,0,337.9,https://pleiades.stoa.org/places/530881,
pl-550644,Killaion (mountain),mountain,pin,38.98300,26.52300,2000,2099,0,338.0,https://pleiades.stoa.org/places/550644,
pl-530815,Astakos (Acarnania),settlement,pin,38.55437,21.09135,-550,300,0,338.2,https://pleiades.stoa.org/places/530815,
pl-216888,Mogilets,villa,pin,43.02200,26.52368,-30,300,0,338.4,https://pleiades.stoa.org/places/216888,
pl-595395155,Temple of Zeus Karaos,temple-2,pin,38.55411,21.08628,-330,-30,0,338.5,https://pleiades.stoa.org/places/595395155,
pl-530778,Ag. Mina,settlement,pin,38.64077,20.93493,-550,-30,0,338.8,https://pleiades.stoa.org/places/530778,
pl-216846,Iatrus,"fort-2, fort",pin,43.62889,25.57407,-30,640,0,339.6,https://pleiades.stoa.org/places/216846,
pl-531028,Paianion,"settlement, acropolis",pin,38.44247,21.27372,-330,2100,0,339.7,https://pleiades.stoa.org/places/531028,
pl-550824,Phoinikous? Sinus,water-open,wash,38.75000,26.25000,-550,300,0,339.8,https://pleiades.stoa.org/places/550824,
pl-550843,Poseideion Pr.,cape,wash,38.75000,26.25000,,,0,339.8,https://pleiades.stoa.org/places/550843,
pl-550902,Tantalos (mountain),"mountain, label",wash,38.75000,26.25000,,,0,339.8,https://pleiades.stoa.org/places/550902,
pl-550689,Latom,unknown,wash,38.75000,26.25000,-550,300,0,339.8,https://pleiades.stoa.org/places/550689,
pl-530853,Echinos,unknown,wash,38.75000,20.75000,-330,-30,0,339.8,https://pleiades.stoa.org/places/530853,
pl-540780,Euenos (river),river,pin,38.32640,21.51846,300,2100,0,340.0,https://pleiades.stoa.org/places/540780,
pl-550408,Ag. Georgios,settlement,pin,39.02860,26.61127,-750,-330,0,340.3,https://pleiades.stoa.org/places/550408,
pl-963101095,Metalli Dardanici,mine,pin,43.29131,20.79904,-30,640,0,340.4,https://pleiades.stoa.org/places/963101095,
pl-550554,Grylios (river),river,pin,39.20612,26.80589,-30,2099,0,341.1,https://pleiades.stoa.org/places/550554,
pl-550454,Ariousia,label,pin,38.52566,25.93191,-750,300,0,342.0,https://pleiades.stoa.org/places/550454,
pl-530917,Karnos (island),island,pin,38.61904,20.90616,-550,2100,0,342.1,https://pleiades.stoa.org/places/530917,
pl-530979,Limani Ozia,"church-2, archaeological-site",pin,39.18194,20.20156,300,640,0,342.2,https://pleiades.stoa.org/places/530979,
pl-531075,Propaxos (island),island,pin,39.14865,20.23131,-30,2100,0,342.4,https://pleiades.stoa.org/places/531075,
pl-550809,Pelinnaion (mountain),mountain,pin,38.55722,26.00640,1700,2100,0,342.9,https://pleiades.stoa.org/places/550809,
pl-550429,Amades,settlement,pin,38.57414,26.03849,-550,-30,0,343.1,https://pleiades.stoa.org/places/550429,
pl-531049,Paxos (island),island,pin,39.20732,20.16170,-330,2100,0,343.2,https://pleiades.stoa.org/places/531049,
pl-530780,Ag. Pandeleimona,"settlement, acropolis",pin,38.48950,21.10016,-550,-30,0,343.6,https://pleiades.stoa.org/places/530780,
pl-207398,Rudnica,settlement,pin,43.24201,20.67268,-30,640,0,343.6,https://pleiades.stoa.org/places/207398,
pl-207463,Stalać,fort,pin,43.67783,21.42518,300,640,0,344.3,https://pleiades.stoa.org/places/207463,
pl-550631,Kaukasa?,settlement,pin,38.49195,25.92372,-550,640,0,344.6,https://pleiades.stoa.org/places/550631,
pl-530865,Elleniko,fort,pin,38.72069,20.70549,-550,-30,0,344.7,https://pleiades.stoa.org/places/530865,
pl-531023,Ormos Vathy 2,settlement,pin,38.66376,20.78720,-750,-330,0,344.8,https://pleiades.stoa.org/places/531023,
pl-530888,Hellomenon,settlement,pin,38.71333,20.71306,-550,-330,0,344.9,https://pleiades.stoa.org/places/530888,
pl-531113,Taphiae? (islands),"archipelago, island",wash,38.61077,20.86758,-330,2100,0,344.9,https://pleiades.stoa.org/places/531113,
pl-963101097,Metalli Dardanici,mine,pin,43.24389,20.65275,-30,640,0,344.9,https://pleiades.stoa.org/places/963101097,
pl-550714,Malene,settlement,pin,39.16851,26.82724,-550,-330,0,345.0,https://pleiades.stoa.org/places/550714,
pl-207312,Novi Pazar,settlement,pin,43.14286,20.51712,-30,640,0,345.0,https://pleiades.stoa.org/places/207312,
pl-550621,Karene?,settlement,pin,39.17898,26.84228,-550,-330,0,345.3,https://pleiades.stoa.org/places/550621,
pl-531048,Paxoi (islands),"archipelago, label",pin,39.15698,20.17155,-330,300,0,345.8,https://pleiades.stoa.org/places/531048,
pl-530966,Krithote Pr.,cape,pin,38.50143,21.03189,-330,2099,0,345.9,https://pleiades.stoa.org/places/530966,
pl-678468433,Kastos (island),island,pin,38.57067,20.91343,1700,2100,0,345.9,https://pleiades.stoa.org/places/678468433,
pl-531014,Nydri,settlement,pin,38.70056,20.70918,300,640,0,346.1,https://pleiades.stoa.org/places/531014,
pl-81835094,Fortification Walls at Oiniadai,city-wall,pin,38.40781,21.19679,-400,-30,0,346.4,https://pleiades.stoa.org/places/81835094,
pl-531016,Oiniadai,"settlement, port",pin,38.40707,21.19638,-550,300,0,346.5,https://pleiades.stoa.org/places/531016,
pl-207271,Maskare,fort-2,pin,43.67868,21.37696,300,640,0,346.5,https://pleiades.stoa.org/places/207271,
pl-550765,Nagos,temple-2,pin,38.55748,26.08314,-750,300,0,346.9,https://pleiades.stoa.org/places/550765,
pl-531114,Taphos (island),island,pin,38.64402,20.77774,-330,2100,0,347.0,https://pleiades.stoa.org/places/531114,
pl-531102,Spelaion,"sanctuary, cave",pin,38.66152,20.74908,-750,640,0,347.1,https://pleiades.stoa.org/places/531102,
pl-531145,Vlikho,fort,pin,38.68345,20.71344,-550,-30,0,347.3,https://pleiades.stoa.org/places/531145,
pl-550783,Okcular,fortified-settlement,pin,39.27814,26.96835,300,640,0,347.8,https://pleiades.stoa.org/places/550783,
pl-530995,Mavroneri,fort,pin,38.69572,20.67845,-550,-30,0,348.3,https://pleiades.stoa.org/places/530995,
pl-531031,Palaiokatouna,fort,pin,38.68661,20.68173,-550,-30,0,348.8,https://pleiades.stoa.org/places/531031,
pl-550619,Kardamyle?,settlement,pin,38.54709,26.10559,-750,640,0,349.0,https://pleiades.stoa.org/places/550619,
pl-530975,Leucas (island),island,pin,38.69875,20.65365,-750,2100,0,349.4,https://pleiades.stoa.org/places/530975,
pl-550814,Perperene/Theodosiopolis,settlement,pin,39.24050,26.96233,-550,1999,0,349.7,https://pleiades.stoa.org/places/550814,
pl-68277902,Stari Ras,"settlement, fort",pin,43.12822,20.41553,640,1453,0,350.1,https://pleiades.stoa.org/places/68277902,
pl-530936,Katokhori,fort,pin,38.65989,20.69601,-550,-30,0,350.2,https://pleiades.stoa.org/places/530936,
pl-530945,Khortata,temple,pin,38.72649,20.59811,-750,-550,0,350.4,https://pleiades.stoa.org/places/530945,
pl-550466,Astyra?,settlement,pin,39.16348,26.90674,-330,300,0,350.7,https://pleiades.stoa.org/places/550466,
pl-550532,Epi Peraia?,"labeled feature, label",pin,38.53038,26.12427,,,0,351.4,https://pleiades.stoa.org/places/550532,
pl-531009,Nasos,settlement,pin,38.35485,21.19327,-330,-30,0,351.5,https://pleiades.stoa.org/places/531009,
pl-531069,Poros,fort,pin,38.63420,20.70868,-550,-30,0,351.6,https://pleiades.stoa.org/places/531069,
pl-552662,Untitled,road,wash,39.25000,27.00000,-30,640,0,351.7,https://pleiades.stoa.org/places/552662,
pl-552663,Untitled,road,wash,39.25000,27.00000,-30,640,0,351.7,https://pleiades.stoa.org/places/552663,
pl-552664,Untitled,road,wash,39.25000,27.00000,-30,640,0,351.7,https://pleiades.stoa.org/places/552664,
pl-552665,Untitled,road,wash,39.25000,27.00000,-30,640,0,351.7,https://pleiades.stoa.org/places/552665,
pl-552666,Untitled,road,wash,39.25000,27.00000,-30,640,0,351.7,https://pleiades.stoa.org/places/552666,
pl-552667,Untitled,road,wash,39.25000,27.00000,-30,640,0,351.7,https://pleiades.stoa.org/places/552667,
pl-552668,Untitled,road,wash,39.25000,27.00000,-30,640,0,351.7,https://pleiades.stoa.org/places/552668,
pl-552669,Untitled,road,wash,39.25000,27.00000,-30,640,0,351.7,https://pleiades.stoa.org/places/552669,
pl-552670,Untitled,road,wash,39.25000,27.00000,-30,640,0,351.7,https://pleiades.stoa.org/places/552670,
pl-552671,Untitled,road,wash,39.25000,27.00000,-30,640,0,351.7,https://pleiades.stoa.org/places/552671,
pl-552672,Untitled,road,wash,39.25000,27.00000,-30,640,0,351.7,https://pleiades.stoa.org/places/552672,
pl-552673,Untitled,road,wash,39.25000,27.00000,-30,640,0,351.7,https://pleiades.stoa.org/places/552673,
pl-552674,Untitled,road,wash,39.25000,27.00000,-30,640,0,351.7,https://pleiades.stoa.org/places/552674,
pl-552675,Untitled,road,wash,39.25000,27.00000,-30,640,0,351.7,https://pleiades.stoa.org/places/552675,
pl-552676,Untitled,road,wash,39.25000,27.00000,-30,640,0,351.7,https://pleiades.stoa.org/places/552676,
pl-552677,Untitled,road,wash,39.25000,27.00000,-30,640,0,351.7,https://pleiades.stoa.org/places/552677,
pl-552678,Untitled,road,wash,39.25000,27.00000,-550,-330,0,351.7,https://pleiades.stoa.org/places/552678,
pl-552680,Untitled,road,wash,39.25000,27.00000,-30,640,0,351.7,https://pleiades.stoa.org/places/552680,
pl-552681,Untitled,road,wash,39.25000,27.00000,-30,640,0,351.7,https://pleiades.stoa.org/places/552681,
pl-552682,Untitled,road,wash,39.25000,27.00000,-30,640,0,351.7,https://pleiades.stoa.org/places/552682,
pl-552683,Untitled,road,wash,39.25000,27.00000,-30,640,0,351.7,https://pleiades.stoa.org/places/552683,
pl-552684,Untitled,road,wash,39.25000,27.00000,-30,640,0,351.7,https://pleiades.stoa.org/places/552684,
pl-552685,Untitled,road,wash,39.25000,27.00000,-30,640,0,351.7,https://pleiades.stoa.org/places/552685,
pl-552686,Untitled,road,wash,39.25000,27.00000,-30,640,0,351.7,https://pleiades.stoa.org/places/552686,
pl-552687,Untitled,road,wash,39.25000,27.00000,-30,640,0,351.7,https://pleiades.stoa.org/places/552687,
pl-550739,Metokhi,settlement,pin,38.42772,25.96092,-550,640,0,352.2,https://pleiades.stoa.org/places/550739,
pl-550655,Koila,settlement,pin,38.49903,26.08908,-550,640,0,352.3,https://pleiades.stoa.org/places/550655,
pl-550417,Aiga/Kane Pr.,cape,pin,39.02839,26.80549,-330,2100,0,353.0,https://pleiades.stoa.org/places/550417,
pl-963101094,Metalli Dardanici,mine,pin,43.41693,20.75765,-30,640,0,353.2,https://pleiades.stoa.org/places/963101094,
pl-550726,Melaina Pr.,cape,pin,38.65963,26.36061,-30,2099,0,353.4,https://pleiades.stoa.org/places/550726,
pl-550449,Arginous(s)ai Inss.,"archipelago, island",pin,39.00583,26.78846,-550,2100,0,353.4,https://pleiades.stoa.org/places/550449,
pl-963101096,Metalli Dardanici,mine,pin,43.23385,20.49212,-30,640,0,353.5,https://pleiades.stoa.org/places/963101096,
pl-530776,Ag. Ioannis Rodakis,temple,pin,38.64663,20.65078,-550,-330,0,353.8,https://pleiades.stoa.org/places/530776,
pl-550512,Delphinion,"settlement, fort",pin,38.49632,26.12008,-550,-30,0,354.1,https://pleiades.stoa.org/places/550512,
pl-530852,Echinades (islands),"archipelago, label",pin,38.41741,21.00896,-550,300,0,354.6,https://pleiades.stoa.org/places/530852,
pl-550527,Elinta,settlement,pin,38.40092,25.98783,-550,300,0,355.9,https://pleiades.stoa.org/places/550527,
pl-550941,Trarion,settlement,pin,39.25009,27.06351,-30,300,0,356.2,https://pleiades.stoa.org/places/550941,
pl-550469,Atarneus,"settlement, archaeological-site",pin,39.09145,26.92132,-750,300,0,356.4,https://pleiades.stoa.org/places/550469,
pl-530845,Dolicha (island),"island, hill",pin,38.32248,21.14824,-330,2099,0,356.6,https://pleiades.stoa.org/places/530845,
pl-531137,Vasiliki,fort,pin,38.62819,20.62325,-550,-30,0,356.9,https://pleiades.stoa.org/places/531137,
pl-550704,Lysimachea?,settlement,pin,38.99717,26.83368,-330,-30,0,357.0,https://pleiades.stoa.org/places/550704,
pl-531057,Phara,settlement,pin,38.63865,20.60586,-550,-30,0,357.0,https://pleiades.stoa.org/places/531057,
pl-550673,Kybelaia,settlement,pin,38.61061,26.35806,-750,-330,0,357.3,https://pleiades.stoa.org/places/550673,
pl-550781,Oinous(s)ai (islands),"archipelago, island",pin,38.52217,26.22895,1700,2100,0,357.6,https://pleiades.stoa.org/places/550781,
pl-550782,Oinousa (island),island,pin,38.52217,26.22893,2000,2099,0,357.6,https://pleiades.stoa.org/places/550782,
pl-554294,Oios ho Hermaites,unlocated,wash,38.41400,26.05300,-330,-30,0,358.0,https://pleiades.stoa.org/places/554294,
pl-550497,Chios (island),island,pin,38.38364,26.01424,-550,2100,0,358.8,https://pleiades.stoa.org/places/550497,
pl-550743,Milingos,settlement,pin,38.45091,26.13927,-550,300,0,359.1,https://pleiades.stoa.org/places/550743,
pl-550476,Augonema,settlement,pin,38.38123,26.02400,-550,300,0,359.5,https://pleiades.stoa.org/places/550476,
pl-550625,Kastelli,fort,pin,38.42835,26.11319,-550,300,0,359.7,https://pleiades.stoa.org/places/550625,
pl-550568,Helos,settlement,pin,38.57404,26.36131,-550,-330,0,360.5,https://pleiades.stoa.org/places/550568,
pl-531026,Oxeiai/Thoai (islands),"archipelago, island",pin,38.30127,21.10536,-750,2100,0,360.5,https://pleiades.stoa.org/places/531026,
pl-550616,Kane (mountain),mountain,pin,38.96917,26.85972,-550,2100,0,360.6,https://pleiades.stoa.org/places/550616,
pl-550482,Babrantion,settlement,pin,38.42301,26.13006,-750,-330,0,361.1,https://pleiades.stoa.org/places/550482,
pl-550524,Elaioussa (island),island,pin,38.91946,26.81528,-330,2100,0,361.2,https://pleiades.stoa.org/places/550524,
pl-376031237,Sanctuary of Kybele,sanctuary,pin,38.42214,26.13418,,,0,361.3,https://pleiades.stoa.org/places/376031237,
pl-550699,Lithi,settlement,pin,38.34220,25.99287,-750,300,0,361.4,https://pleiades.stoa.org/places/550699,
pl-963101098,Metalli Dardanici,mine,pin,43.38349,20.56057,-30,640,0,361.4,https://pleiades.stoa.org/places/963101098,
pl-514403427,Nea Moni,"monastery, church",pin,38.37418,26.05498,640,1453,0,361.6,https://pleiades.stoa.org/places/514403427,
pl-191828976,Pasas (island),island,pin,38.50499,26.28381,2000,2099,0,362.1,https://pleiades.stoa.org/places/191828976,
pl-550876,Sidoussa? Ins.,island,pin,38.65952,26.51568,-750,2100,0,362.4,https://pleiades.stoa.org/places/550876,
pl-550470,Atarneus sub Pitanem,settlement,pin,38.92831,26.85959,-330,1999,0,363.4,https://pleiades.stoa.org/places/550470,
pl-207568,Vrnjačka Banja,"spring, bath",pin,43.61771,20.89440,-30,640,0,363.4,https://pleiades.stoa.org/places/207568,
pl-550915,Tes Kores to Gephyri,settlement,pin,38.37380,26.11690,-330,300,0,364.7,https://pleiades.stoa.org/places/550915,
pl-550690,Latomi,quarry,pin,38.38283,26.13276,-750,300,0,364.7,https://pleiades.stoa.org/places/550690,
pl-550744,Mimas (mountain),mountain,pin,38.58855,26.46951,-750,2100,0,365.4,https://pleiades.stoa.org/places/550744,
pl-550496,Chios (settlement),"settlement, settlement-modern",pin,38.37224,26.13298,-750,2099,0,365.7,https://pleiades.stoa.org/places/550496,
pl-731893155,Veliki Preslav,"fortified-settlement, archaeological-site",pin,43.14593,26.81345,800,2099,0,365.8,https://pleiades.stoa.org/places/731893155,
pl-530806,"Apollo Leukatas, T.",sanctuary,pin,38.56881,20.54858,-330,300,0,366.0,https://pleiades.stoa.org/places/530806,
pl-695323976,Leukata(s) Pr./Leukas Petra,cape,pin,38.56158,20.54181,1700,2100,0,367.0,https://pleiades.stoa.org/places/695323976,
pl-550833,Pitane,settlement,pin,38.92830,26.93745,-750,640,0,368.5,https://pleiades.stoa.org/places/550833,
pl-550916,Teuthrania,settlement,pin,39.03522,27.05477,-750,640,0,369.1,https://pleiades.stoa.org/places/550916,
pl-550566,Harmatos Pr.,cape,wash,38.75000,26.75000,-550,-30,0,369.5,https://pleiades.stoa.org/places/550566,
pl-550662,Kontari,settlement,pin,38.33613,26.14755,-330,300,0,369.6,https://pleiades.stoa.org/places/550662,
pl-308594948,School of Homer Ag. Athanasios excavations (Ithaca),archaeological-site,pin,38.46054,20.63776,2000,2099,0,370.1,https://pleiades.stoa.org/places/308594948,
pl-550923,Thymiana,quarry,pin,38.32307,26.14450,-30,300,0,370.6,https://pleiades.stoa.org/places/550923,
pl-550847,Pteleon,settlement,pin,38.48008,26.41518,-550,-330,0,371.3,https://pleiades.stoa.org/places/550847,
pl-530905,Ithaca (settlement),settlement,pin,38.44193,20.63840,-750,2099,0,371.6,https://pleiades.stoa.org/places/530905,
pl-530906,Ithaca (island),island,pin,38.40032,20.69281,-750,2100,0,372.3,https://pleiades.stoa.org/places/530906,
pl-550505,Corynaeum? Pr.,cape,pin,38.44509,26.39658,-30,2100,0,373.2,https://pleiades.stoa.org/places/550505,
pl-531041,Panormos (Cephallania),"settlement, settlement-modern",pin,38.46093,20.57524,-330,2099,0,373.4,https://pleiades.stoa.org/places/531041,
pl-550582,Hydra Pr.,cape,pin,38.82000,26.89600,-550,2100,0,373.5,https://pleiades.stoa.org/places/550582,
pl-550525,Elaitikos Sinus,"water-open, bay",pin,38.88430,26.97683,-330,2100,0,374.1,https://pleiades.stoa.org/places/550525,
pl-550733,Mesate Pr.,cape,pin,38.37715,26.31361,-30,2100,0,374.6,https://pleiades.stoa.org/places/550733,
pl-530816,Asteria (island),"island, port",pin,38.43157,20.59814,-750,2100,0,374.7,https://pleiades.stoa.org/places/530816,
pl-550674,Kyllene?/Ascanius Portus?,settlement,pin,38.74527,26.83198,-550,300,0,374.9,https://pleiades.stoa.org/places/550674,
pl-550523,Elaea,settlement,pin,38.94164,27.05526,-750,640,0,375.4,https://pleiades.stoa.org/places/550523,
pl-507447,Pergamon,"unlocated, temple",wash,38.94164,27.05526,-330,-30,0,375.4,https://pleiades.stoa.org/places/507447,
pl-550823,Phocaea,"settlement, settlement-modern",pin,38.67030,26.75656,-750,2100,0,375.9,https://pleiades.stoa.org/places/550823,
pl-934416215,Archaic City Wall and Gate of Phocaea,"defensive-wall, city-gate",pin,38.66352,26.76051,-750,2099,0,376.7,https://pleiades.stoa.org/places/934416215,
pl-530791,Al(al)komenai,"defensive-wall, settlement, archaeological-site",pin,38.35638,20.68083,-750,300,0,376.7,https://pleiades.stoa.org/places/530791,
pl-550756,Myrina/Sebastopolis,"settlement, archaeological-site",pin,38.84698,26.98020,-750,640,0,377.0,https://pleiades.stoa.org/places/550756,
pl-530866,Elleniko,fort,pin,38.32259,20.73033,-550,-30,0,377.0,https://pleiades.stoa.org/places/530866,
pl-550757,Myrmekes,"archipelago, label, island",pin,38.61133,26.70904,-30,2100,0,377.6,https://pleiades.stoa.org/places/550757,
pl-550488,*Boutheia,settlement,pin,38.32724,26.30718,-550,-330,0,378.6,https://pleiades.stoa.org/places/550488,
pl-531080,Pyrgos (Kefalonia),"fort-2, settlement-modern",pin,38.39214,20.58160,-330,2099,0,378.9,https://pleiades.stoa.org/places/531080,
pl-220487,Road: Sexaginta Prista → Abritus → Shoumen,road,wash,43.55026,26.50809,-30,640,0,379.0,https://pleiades.stoa.org/places/220487,
pl-216688,Abrittus,"settlement, archaeological-site",pin,43.52205,26.55209,-330,2099,0,379.1,https://pleiades.stoa.org/places/216688,
pl-550406,Aeolis,region,wash,38.84349,27.01162,-750,300,0,379.3,https://pleiades.stoa.org/places/550406,
pl-550579,Hippoi (islands),"archipelago, island",pin,38.39211,26.43856,-30,2100,0,380.0,https://pleiades.stoa.org/places/550579,
pl-550399,Achaion Limen,"settlement, archaeological-site",pin,38.85815,27.03949,-330,300,0,380.1,https://pleiades.stoa.org/places/550399,
pl-550506,Cyme,settlement,pin,38.76019,26.93832,-750,640,0,380.5,https://pleiades.stoa.org/places/550506,
pl-550555,Gryneion,"settlement, settlement-modern",pin,38.87902,27.06798,-330,2099,0,380.5,https://pleiades.stoa.org/places/550555,
pl-80227978,Blakeia,"unlocated, settlement",wash,38.76069,26.93922,-550,-330,0,380.5,https://pleiades.stoa.org/places/80227978,
pl-550535,Erythrai,"settlement, port, theatre",pin,38.38278,26.48083,-550,640,0,383.1,https://pleiades.stoa.org/places/550535,
pl-595976578,Temple of Athena Polias,temple-2,pin,38.38067,26.48090,-750,300,0,383.3,https://pleiades.stoa.org/places/595976578,
pl-550838,*Polichna,settlement,pin,38.42915,26.57715,-550,-330,0,384.6,https://pleiades.stoa.org/places/550838,
pl-530983,Logarata,fort,pin,38.32310,20.58274,-550,-30,0,384.7,https://pleiades.stoa.org/places/530983,
pl-530997,Mazata,fort,pin,38.33105,20.56997,-550,-30,0,384.7,https://pleiades.stoa.org/places/530997,
pl-531035,Palatia,fort,pin,38.31451,20.59611,-550,-30,0,384.8,https://pleiades.stoa.org/places/531035,
pl-550494,Chalkitis,"labeled feature, label",pin,38.31515,26.40710,-30,300,0,384.9,https://pleiades.stoa.org/places/550494,
pl-550826,Phrikonis,"region, label",pin,38.72745,26.98698,-550,-30,0,386.0,https://pleiades.stoa.org/places/550826,
pl-550573,Hermeios Sinus,water-open,pin,38.53586,26.75491,-550,2100,0,386.2,https://pleiades.stoa.org/places/550573,
pl-550730,Meletos/Smyrnaeus Sinus,water-open,pin,38.53586,26.75491,-750,2100,0,386.2,https://pleiades.stoa.org/places/550730,
pl-550521,Drymousa (island),island,pin,38.49970,26.71951,-550,2100,0,387.0,https://pleiades.stoa.org/places/550521,
pl-550933,Tisna/Titne,"settlement, archaeological-site",pin,38.78388,27.07249,-900,-30,0,387.4,https://pleiades.stoa.org/places/550933,
pl-735295266,Ionian League,region,wash,38.39517,26.58844,-550,-330,0,388.0,https://pleiades.stoa.org/places/735295266,
pl-216983,Shoumen,settlement,pin,43.28223,27.02680,300,2099,0,389.2,https://pleiades.stoa.org/places/216983,
pl-325069622,Panaztepe,settlement,pin,38.62169,26.94062,-3000,-700,0,390.9,https://pleiades.stoa.org/places/325069622,
pl-550697,Leukai,"settlement, port",pin,38.54675,26.85680,-550,300,0,391.4,https://pleiades.stoa.org/places/550697,
pl-550683,Buruncuk,settlement,pin,38.68907,27.03341,-750,2100,0,391.7,https://pleiades.stoa.org/places/550683,
pl-550807,Pele (island),island,pin,38.43756,26.76193,-550,2100,0,394.4,https://pleiades.stoa.org/places/550807,
pl-207021,Cel(...),settlement,pin,43.58331,20.23335,-30,640,0,396.4,https://pleiades.stoa.org/places/207021,
pl-550586,Hypokremnos,settlement,pin,38.32731,26.64918,-30,300,0,397.0,https://pleiades.stoa.org/places/550586,
pl-550721,Marathoussa (island),island,pin,38.40686,26.79356,-550,2100,0,398.7,https://pleiades.stoa.org/places/550721,
pl-550839,Polichne,settlement,pin,38.36020,26.76851,-550,-330,0,401.0,https://pleiades.stoa.org/places/550839,
pl-550651,Klazomenai (later),"settlement, island",pin,38.37305,26.78662,-550,2099,0,401.0,https://pleiades.stoa.org/places/550651,
pl-278163592,Akropolis of Klazomenai,"settlement, city-wall, hill, acropolis",pin,38.35837,26.76785,-750,-330,0,401.1,https://pleiades.stoa.org/places/278163592,
pl-550650,Klazomenai (earlier),settlement,pin,38.36146,26.77057,-3000,640,0,401.1,https://pleiades.stoa.org/places/550650,
pl-550502,Chyton/Chytrion,settlement,pin,38.33789,26.74188,-550,300,0,401.3,https://pleiades.stoa.org/places/550502,
pl-299493180,Limantepe,"settlement, port",pin,38.36269,26.77575,-3000,2000,0,401.3,https://pleiades.stoa.org/places/299493180,
pl-867631586,Feride Gül Tarla (FGT) excavation sector,"urban, settlement",pin,38.36144,26.77436,-750,-330,0,401.3,https://pleiades.stoa.org/places/867631586,
pl-550882,Sillyos,settlement,pin,38.50130,27.05896,300,640,0,407.2,https://pleiades.stoa.org/places/550882,
pl-550597,Ionia (region),"region, label",pin,38.29906,26.80156,-750,640,0,407.9,https://pleiades.stoa.org/places/550597,
pl-550724,Mastousia (mountain),"mountain, label",pin,38.35716,26.95865,-30,2100,0,412.3,https://pleiades.stoa.org/places/550724,
pl-550914,Termetis (mountain),"mountain, label",pin,38.36599,27.02818,-30,300,0,415.7,https://pleiades.stoa.org/places/550914,
pl-550412,Agamemnoniai Thermai,bath,pin,38.37596,27.05613,-30,300,0,416.6,https://pleiades.stoa.org/places/550412,
