key,name,kind,tier,lat,lon,from,until,locations,km,uri,why
pl-638743,Anaua/Sanaos,settlement,pin,37.88917,29.80943,-550,640,0,14.6,https://pleiades.stoa.org/places/638743,
pl-639091,Sanaos (lake),lake,pin,37.82745,29.88054,-330,2100,0,19.2,https://pleiades.stoa.org/places/639091,
pl-610799,Untitled,bridge,pin,38.17411,29.73558,-30,300,0,24.1,https://pleiades.stoa.org/places/610799,
pl-638986,Marsyas (river),river,pin,38.08044,30.16018,-550,2099,0,24.4,https://pleiades.stoa.org/places/638986,
pl-638751,Apamea/Kelainai/Kibotos,"settlement, settlement-modern",pin,38.07008,30.17162,-550,2100,0,25.0,https://pleiades.stoa.org/places/638751,
pl-609408,*Homadena,settlement,pin,38.23642,29.99208,-30,640,0,27.5,https://pleiades.stoa.org/places/609408,
pl-609390,Glaukos (river),river,wash,38.25000,29.75000,-30,300,0,30.7,https://pleiades.stoa.org/places/609390,
pl-612325,19,numbered feature,wash,38.25000,29.75000,-30,640,0,30.7,https://pleiades.stoa.org/places/612325,
pl-612326,20,unknown,wash,38.25000,29.75000,-30,640,0,30.7,https://pleiades.stoa.org/places/612326,
pl-612329,Unnamed rock relief,monument,wash,38.25000,29.75000,-750,-550,0,30.7,https://pleiades.stoa.org/places/612329,
pl-638784,Aulutrene/‘Aulocrene’ (lake),"marsh-wetland, lake",pin,38.05965,30.25009,-30,2100,0,31.3,https://pleiades.stoa.org/places/638784,
pl-609330,Aulutrene,label,pin,38.21079,30.15672,-30,640,0,32.4,https://pleiades.stoa.org/places/609330,
pl-56861725,Beycesultan,settlement,pin,38.25668,29.70119,-3000,-1000,0,33.4,https://pleiades.stoa.org/places/56861725,
pl-638982,*Malgasa,settlement,pin,37.72277,30.05141,-30,640,0,33.5,https://pleiades.stoa.org/places/638982,
pl-609329,Aulutrene,settlement,pin,38.07629,30.27463,-30,640,0,33.8,https://pleiades.stoa.org/places/609329,
pl-638759,Aporidos Come,"settlement, settlement-modern",pin,38.07512,30.27698,-330,2099,0,34.0,https://pleiades.stoa.org/places/638759,
pl-638783,Aulutrena,"fort-2, settlement-modern",pin,38.07512,30.27698,-30,2099,0,34.0,https://pleiades.stoa.org/places/638783,
pl-638868,Ilyas,settlement,pin,37.80338,30.19816,-330,300,0,34.0,https://pleiades.stoa.org/places/638868,
pl-639080,Rhotrini Fontes,spring,pin,38.07534,30.27656,-330,2099,0,34.0,https://pleiades.stoa.org/places/639080,
pl-638973,Lysinoe,settlement,pin,37.71569,30.09079,-330,640,0,35.7,https://pleiades.stoa.org/places/638973,
pl-609382,Fulvia/Eumeneia,settlement,pin,38.32002,29.84862,-330,1999,0,35.8,https://pleiades.stoa.org/places/609382,
pl-638774,Ascanius (lake),lake,pin,37.72165,30.16108,-330,2100,0,38.4,https://pleiades.stoa.org/places/638774,
pl-638964,Lounda,settlement,pin,38.02961,29.45501,-30,640,0,39.1,https://pleiades.stoa.org/places/638964,
pl-639064,*Plinnena,settlement,pin,38.04714,30.35474,-30,300,0,40.1,https://pleiades.stoa.org/places/639064,
pl-609406,Hisar,fort,pin,38.32386,30.11539,-330,-30,0,40.6,https://pleiades.stoa.org/places/609406,
pl-638974,Lysis (river),river,wash,37.75000,30.25000,-330,300,0,41.3,https://pleiades.stoa.org/places/638974,
pl-639021,Orgas (river),river,wash,38.25000,30.25000,-330,300,0,41.3,https://pleiades.stoa.org/places/639021,
pl-609535,Stektorion,settlement,pin,38.33236,30.14865,-30,640,0,42.8,https://pleiades.stoa.org/places/609535,
pl-609437,Klydros (river),river,pin,38.38709,29.91154,-30,2099,0,43.0,https://pleiades.stoa.org/places/609437,
pl-609410,Hyrgaleis,"labeled feature, label",pin,38.15880,29.44732,-30,300,0,43.3,https://pleiades.stoa.org/places/609410,
pl-639126,*Takina,settlement,pin,37.59628,29.93415,-30,300,0,44.9,https://pleiades.stoa.org/places/639126,
pl-639070,[Praetoria],settlement,pin,37.73050,30.30491,-1750,2000,0,46.4,https://pleiades.stoa.org/places/639070,
pl-639158,Tymbrianassos,settlement,pin,37.59898,30.04855,-30,300,0,46.4,https://pleiades.stoa.org/places/639158,
pl-630619066,Kuruçay Höyük,"fortified-settlement, tell",pin,37.63444,30.16692,-10000,2099,0,46.8,https://pleiades.stoa.org/places/630619066,
pl-350639157,Haçilar,settlement,pin,37.60000,30.10000,-10000,-3300,0,47.7,https://pleiades.stoa.org/places/350639157,
pl-609327,Atyochorion,"findspot, settlement, settlement-modern",pin,38.15213,29.37925,-30,2100,0,48.6,https://pleiades.stoa.org/places/609327,
pl-897646525,Temple of Zeus Trossou,"unlocated, temple-2",wash,38.15213,29.37925,-30,300,0,48.6,https://pleiades.stoa.org/places/897646525,
pl-96282639,Dionysopolis,"unlocated, settlement",wash,38.15213,29.37925,,,0,48.6,https://pleiades.stoa.org/places/96282639,
pl-609497,Pentapolis,"region, label",pin,38.41114,30.10051,300,640,0,48.9,https://pleiades.stoa.org/places/609497,
pl-638758,Apollonia/Mordiaion/Sozopolis,settlement,pin,38.07572,30.46384,-330,640,0,50.0,https://pleiades.stoa.org/places/638758,
pl-609363,Dionysoupolis,settlement,pin,38.23386,29.41186,-330,640,0,50.0,https://pleiades.stoa.org/places/609363,
pl-609489,Otrous,settlement,pin,38.45150,29.95884,-30,640,0,50.4,https://pleiades.stoa.org/places/609489,
pl-609507,*Polyntena,settlement,pin,38.22201,30.42099,-30,300,0,51.8,https://pleiades.stoa.org/places/609507,
pl-638979,*Magastara,settlement,pin,37.71620,30.38877,-30,300,0,53.1,https://pleiades.stoa.org/places/638979,
pl-638957,*Legeita,settlement,pin,37.68205,30.35645,-30,300,0,53.3,https://pleiades.stoa.org/places/638957,
pl-638781,Aulindenos? L.,lake,pin,37.54858,29.68217,-30,2100,0,53.6,https://pleiades.stoa.org/places/638781,
pl-609476,Mossyna,settlement,pin,38.09559,29.29855,-30,640,0,53.7,https://pleiades.stoa.org/places/609476,
pl-638813,Conana/Iustinianopolis?,settlement,pin,37.95591,30.51290,-330,640,0,53.8,https://pleiades.stoa.org/places/638813,
pl-609291,Agros Thermon,spring,pin,38.43217,30.18335,-30,640,0,54.0,https://pleiades.stoa.org/places/609291,
pl-609472,Metropolitanus Campus,label,pin,38.26221,30.42887,-330,640,0,54.7,https://pleiades.stoa.org/places/609472,
pl-639089,Salda,station,pin,37.53520,29.65922,-30,300,0,55.7,https://pleiades.stoa.org/places/639089,
pl-638852,Hadrianopolis/Hadriani,settlement,pin,37.50683,30.04333,-30,300,0,56.2,https://pleiades.stoa.org/places/638852,
pl-638914,Keretapa?/Diokaisareia?,settlement,pin,37.49366,29.92603,-30,640,0,56.2,https://pleiades.stoa.org/places/638914,
pl-609518,*Saloudeia?,settlement,pin,38.12181,29.27618,-30,300,0,56.2,https://pleiades.stoa.org/places/609518,
pl-609378,Eukarpia,settlement,pin,38.48237,30.10502,-330,640,0,56.5,https://pleiades.stoa.org/places/609378,
pl-609421,*Kagyetteia,settlement,pin,38.16873,29.28933,-30,300,0,56.6,https://pleiades.stoa.org/places/609421,
pl-609312,"Apollo Lairmenos, T.",sanctuary,pin,38.22461,29.31455,-30,300,0,57.0,https://pleiades.stoa.org/places/609312,
pl-639083,"Roma et Augustus, T.",sanctuary,pin,37.52042,30.13883,-30,300,0,57.2,https://pleiades.stoa.org/places/639083,
pl-609403,Hierapolis/Koçhisar,settlement,pin,38.46177,30.19770,-30,640,0,57.5,https://pleiades.stoa.org/places/609403,
pl-638936,Kormasa?,settlement,pin,37.50534,30.11940,-330,1999,0,58.2,https://pleiades.stoa.org/places/638936,
pl-609471,Metropolis,settlement,pin,38.24119,30.49060,-330,640,0,58.2,https://pleiades.stoa.org/places/609471,
pl-609544,Tatarlı,tumulus,pin,38.24184,30.49553,-550,-330,0,58.6,https://pleiades.stoa.org/places/609544,
pl-609478,Motella/Metelloupolis,settlement,pin,38.25112,29.30725,-30,640,0,58.9,https://pleiades.stoa.org/places/609478,
pl-609521,Sebaste,settlement,pin,38.49609,29.65570,-30,640,0,59.1,https://pleiades.stoa.org/places/609521,
pl-609523,Selçikler,tumulus,pin,38.49713,29.65716,-550,-330,0,59.1,https://pleiades.stoa.org/places/609523,
pl-614797,Pepouza,"unlocated, settlement",pin,38.40806,29.46139,-30,640,0,59.4,https://pleiades.stoa.org/places/614797,
pl-609436,Kleros Politike,settlement,pin,38.53491,29.95827,-30,640,0,59.6,https://pleiades.stoa.org/places/609436,
pl-612324,Unnamed quarry,quarry,pin,38.52463,29.72555,-30,640,0,60.2,https://pleiades.stoa.org/places/612324,
pl-638998,Moatra,settlement,pin,37.54866,30.28597,-30,300,0,60.4,https://pleiades.stoa.org/places/638998,
pl-638790,Baris,settlement,pin,37.76100,30.52412,-30,2000,0,60.7,https://pleiades.stoa.org/places/638790,
pl-638811,Colossae,settlement,pin,37.78679,29.25992,-550,640,0,60.8,https://pleiades.stoa.org/places/638811,
pl-609477,*Motaleia,settlement,pin,38.11662,29.20853,-30,300,0,61.9,https://pleiades.stoa.org/places/609477,
pl-638829,*Eleinokapria,settlement,pin,37.81905,29.22983,-30,300,0,62.0,https://pleiades.stoa.org/places/638829,
pl-612331,25,spring,pin,38.10022,30.59952,300,640,0,62.2,https://pleiades.stoa.org/places/612331,
pl-612323,Unnamed quarry,quarry,pin,38.54812,29.73910,-30,640,0,62.4,https://pleiades.stoa.org/places/612323,
pl-639067,*Polyetta,settlement,pin,37.43429,29.92415,-30,300,0,62.8,https://pleiades.stoa.org/places/639067,
pl-609563,Tymandos,settlement,pin,38.10442,30.60702,-30,640,0,62.9,https://pleiades.stoa.org/places/609563,
pl-638775,Asopos? (river),river,wash,37.75000,29.25000,-30,300,0,63.3,https://pleiades.stoa.org/places/638775,
pl-638883,Kadmos (river),river,wash,37.75000,29.25000,-330,300,0,63.3,https://pleiades.stoa.org/places/638883,
pl-638895,Kapros? (river),river,wash,37.75000,29.25000,-30,640,0,63.3,https://pleiades.stoa.org/places/638895,
pl-639488,Untitled,aqueduct,wash,37.75000,29.25000,-330,300,0,63.3,https://pleiades.stoa.org/places/639488,
pl-609405,Hippourios (river),river,wash,38.25000,29.25000,-30,300,0,63.3,https://pleiades.stoa.org/places/609405,
pl-609529,Sindros (river),river,wash,38.25000,29.25000,-30,300,0,63.3,https://pleiades.stoa.org/places/609529,
pl-612328,Unnamed quarries to the west of Thiounta,quarry,wash,38.25000,29.25000,-30,300,0,63.3,https://pleiades.stoa.org/places/612328,
pl-609345,Brouzos,settlement,pin,38.52996,30.17448,-30,640,0,63.5,https://pleiades.stoa.org/places/609345,
pl-639098,Seleucia/Claudioseleucia/Seleucia Sidera,"settlement, archaeological-site",pin,37.89985,30.61754,-330,640,0,63.7,https://pleiades.stoa.org/places/639098,
pl-638981,Makron Pedion,"plain, label",pin,37.43499,30.05524,-30,300,0,64.2,https://pleiades.stoa.org/places/638981,
pl-639087,Sagalassos,settlement,pin,37.67289,30.51416,-550,640,0,64.8,https://pleiades.stoa.org/places/639087,
pl-639494,Unnamed aqueduct at Sagalassos,aqueduct,wash,37.67023,30.51141,-330,-30,0,64.8,https://pleiades.stoa.org/places/639494,
pl-290042871,Upper Agora,plaza,pin,37.67731,30.51762,-30,300,0,64.8,https://pleiades.stoa.org/places/290042871,
pl-288813555,Heroön,tomb,pin,37.67736,30.51733,-30,300,0,64.8,https://pleiades.stoa.org/places/288813555,
pl-160453231,Odeion at Sagalassos,theatre,pin,37.67626,30.51850,-30,300,0,64.9,https://pleiades.stoa.org/places/160453231,
pl-609505,*Plouristreia,settlement,pin,38.21030,30.59278,-30,300,0,64.9,https://pleiades.stoa.org/places/609505,
pl-695803524,Macellum of Sagalassos,architecturalcomplex,pin,37.67678,30.51845,-30,300,0,64.9,https://pleiades.stoa.org/places/695803524,
pl-89361977,Roman baths at Sagalassos,bath,pin,37.67553,30.51916,-30,300,0,65.0,https://pleiades.stoa.org/places/89361977,
pl-62651370,Theater of Sagalassos,theatre,pin,37.67830,30.52178,-30,300,0,65.1,https://pleiades.stoa.org/places/62651370,
pl-638735,[Agrai],settlement,pin,37.95141,30.64291,300,640,0,65.2,https://pleiades.stoa.org/places/638735,
pl-609370,Eibeos,settlement,pin,38.57316,29.71328,-30,640,0,65.7,https://pleiades.stoa.org/places/609370,
pl-638912,Kepez Kalesi,settlement,pin,37.58196,30.43715,-330,-30,0,66.0,https://pleiades.stoa.org/places/638912,
pl-638738,Alassos,settlement,pin,37.42778,30.10842,-30,300,0,66.1,https://pleiades.stoa.org/places/638738,
pl-609339,*Banboulena,settlement,pin,38.25827,30.58217,300,640,0,66.2,https://pleiades.stoa.org/places/609339,
pl-640243,Untitled,bridge,pin,37.87854,29.15762,-30,300,0,66.3,https://pleiades.stoa.org/places/640243,
pl-609556,*Thiounta,settlement,pin,38.11307,29.15541,-30,640,0,66.3,https://pleiades.stoa.org/places/609556,
pl-638860,Hierapolis/Pamukkale,"settlement, bath",pin,37.92692,29.12786,-330,640,0,68.0,https://pleiades.stoa.org/places/638860,
pl-954952360,Insula 104 at Hierapolis,"urban, townhouse",pin,37.92712,29.12808,-30,640,0,68.0,https://pleiades.stoa.org/places/954952360,
pl-827909265,Temple of Apollo at Hierapolis,temple-2,pin,37.92692,29.12653,-330,300,0,68.1,https://pleiades.stoa.org/places/827909265,
pl-609335,Babdalai,settlement,pin,38.54308,29.53859,-30,640,0,68.1,https://pleiades.stoa.org/places/609335,
pl-232079424,Ploutonion at Hierapolis,"sanctuary, shrine",pin,37.92625,29.12705,-330,2100,0,68.1,https://pleiades.stoa.org/places/232079424,
pl-638967,Lycus (river),river,pin,37.87308,29.13710,-550,2100,0,68.2,https://pleiades.stoa.org/places/638967,
pl-612320,Unnamed quarry,quarry,pin,38.60506,29.75537,-30,640,0,68.3,https://pleiades.stoa.org/places/612320,
pl-612322,Unnamed quarry,quarry,pin,38.61380,29.84567,-30,640,0,68.3,https://pleiades.stoa.org/places/612322,
pl-612321,Unnamed quarry,quarry,pin,38.61114,29.80193,-30,300,0,68.4,https://pleiades.stoa.org/places/612321,
pl-6521786521191321,Unnamed Place,bridge,pin,37.86520,29.13210,,,0,68.8,https://pleiades.stoa.org/places/6521786521191321,
pl-612319,Unnamed quarry,quarry,pin,38.60568,29.71830,-30,300,0,69.1,https://pleiades.stoa.org/places/612319,
pl-609300,Altuncebbar,shrine,pin,38.12562,30.68278,-30,300,0,69.9,https://pleiades.stoa.org/places/609300,
pl-601030061,Eastern theater at Laodicea ad Lycum,theatre,pin,37.83794,29.11114,-550,300,0,71.3,https://pleiades.stoa.org/places/601030061,
pl-763220261,"""Western Theater"" at Laodicea ad Lycum",theatre,pin,37.83870,29.10777,-550,300,0,71.6,https://pleiades.stoa.org/places/763220261,
pl-638955,Laodicea ad Lycum/Diospolis/Roas,settlement,pin,37.83594,29.10739,-550,300,0,71.7,https://pleiades.stoa.org/places/638955,
pl-115105706,Stadium at Laodicea ad Lycum,stadion,pin,37.83141,29.10454,-30,300,0,72.1,https://pleiades.stoa.org/places/115105706,
pl-609344,Blaundos,settlement,pin,38.35758,29.20901,-330,640,0,72.3,https://pleiades.stoa.org/places/609344,
pl-638791,Bindaios,settlement,pin,37.86589,30.72130,-30,640,0,73.4,https://pleiades.stoa.org/places/638791,
pl-609362,Diokleia,settlement,pin,38.66380,29.88814,-30,640,0,73.7,https://pleiades.stoa.org/places/609362,
pl-638928,Kodroula,settlement,pin,37.43697,30.35161,-330,640,0,73.9,https://pleiades.stoa.org/places/638928,
pl-609293,Akmonia,settlement,pin,38.65970,29.77395,-330,1999,0,74.1,https://pleiades.stoa.org/places/609293,
pl-755967974,Denizli,"settlement, settlement-modern",pin,37.78279,29.09665,-1750,2099,0,74.3,https://pleiades.stoa.org/places/755967974,
pl-638929,Kolbasa,settlement,pin,37.45992,30.40880,-330,640,0,74.7,https://pleiades.stoa.org/places/638929,
pl-609364,Dioskome,settlement,pin,38.63091,29.59546,-330,640,0,74.9,https://pleiades.stoa.org/places/609364,
pl-609483,Nais,settlement,pin,38.42704,29.21140,-30,300,0,76.6,https://pleiades.stoa.org/places/609483,
pl-639023,Ormeleis,"label, people",pin,37.30686,29.84833,-30,300,0,77.1,https://pleiades.stoa.org/places/639023,
pl-639030,Ouiaros (mountain),mountain,pin,37.75454,30.72686,-30,2100,0,77.3,https://pleiades.stoa.org/places/639030,
pl-609479,Moxeanoi,"labeled feature, label",pin,38.69434,29.96780,-30,300,0,77.3,https://pleiades.stoa.org/places/609479,
pl-639015,Olbasa/Col. Iulia Augusta,settlement,pin,37.30751,30.00928,-330,640,0,77.5,https://pleiades.stoa.org/places/639015,
pl-639039,Parlais/Col. Iulia Augusta Hadriana,settlement,pin,38.01487,30.78785,-30,640,0,77.7,https://pleiades.stoa.org/places/639039,
pl-638920,*Kilaraza,settlement,pin,37.83931,29.03415,-30,300,0,77.8,https://pleiades.stoa.org/places/638920,
pl-609490,*Oueiniata,settlement,pin,38.30842,30.69914,-30,640,0,77.8,https://pleiades.stoa.org/places/609490,
pl-609326,Atlıhisar,"settlement, settlement-modern",pin,38.44978,30.58408,-30,2099,0,77.9,https://pleiades.stoa.org/places/609326,
pl-638946,Kretopolis,settlement,pin,37.37498,30.32171,-330,640,0,78.6,https://pleiades.stoa.org/places/638946,
pl-639495,Unnamed aqueduct at Sagalassos,aqueduct,wash,37.75000,30.75000,-30,300,0,79.4,https://pleiades.stoa.org/places/639495,
pl-609404,Hippophoras (river),river,wash,38.25000,30.75000,-30,300,0,79.4,https://pleiades.stoa.org/places/609404,
pl-609428,*Kaualena,settlement,pin,38.59603,29.38464,-30,640,0,80.1,https://pleiades.stoa.org/places/609428,
pl-609588,"Zeus Orkamaneites, T.",sanctuary,pin,38.71473,29.74782,-30,300,0,80.4,https://pleiades.stoa.org/places/609588,
pl-609365,Doiantos Pedion,"plain, label",pin,38.72166,29.79293,-30,640,0,80.6,https://pleiades.stoa.org/places/609365,
pl-638995,Milyadeis,"label, people",pin,37.28997,30.14558,-330,300,0,81.7,https://pleiades.stoa.org/places/638995,
pl-638913,*Keraia,settlement,pin,37.51237,30.60162,-330,300,0,81.8,https://pleiades.stoa.org/places/638913,
pl-609538,Synnada,"settlement, settlement-modern",pin,38.53396,30.54613,-330,2099,0,81.9,https://pleiades.stoa.org/places/609538,
pl-609424,*Karmena,settlement,pin,38.32588,30.74135,-330,300,0,82.0,https://pleiades.stoa.org/places/609424,
pl-609559,Traianoupolis,"settlement, settlement-modern",pin,38.68645,29.54695,-30,2100,0,82.2,https://pleiades.stoa.org/places/609559,
pl-639095,Saraganda,settlement,pin,37.25896,29.86977,-30,300,0,82.3,https://pleiades.stoa.org/places/639095,
pl-639152,Tripolis ad Maeandrum/Apollonia ad Maeandrum/Antoniopolis,settlement,pin,38.05047,28.96088,-330,850,0,82.3,https://pleiades.stoa.org/places/639152,
pl-639072,Prostanna,"settlement, acropolis",pin,37.85278,30.82742,-330,640,0,82.8,https://pleiades.stoa.org/places/639072,
pl-639094,Sandalion,settlement,pin,37.60831,30.70612,-330,-30,0,82.8,https://pleiades.stoa.org/places/639094,
pl-638812,Comama/Col. Iulia Augusta Prima Fida,settlement,pin,37.32209,30.31432,-30,640,0,83.5,https://pleiades.stoa.org/places/638812,
pl-639066,Pogla,settlement,pin,37.30198,30.25995,-330,640,0,83.6,https://pleiades.stoa.org/places/639066,
pl-377769382,Lake Eğirdir,lake,pin,38.06426,30.85225,2000,2099,0,83.6,https://pleiades.stoa.org/places/377769382,
pl-609349,Çizikdam,settlement,pin,38.56936,29.27389,-30,640,0,83.6,https://pleiades.stoa.org/places/609349,
pl-638795,Caularis (river),river,wash,37.25000,29.75000,-330,2099,0,84.3,https://pleiades.stoa.org/places/638795,
pl-638893,Kapıkaya,settlement,pin,37.65809,30.76106,-330,300,0,84.3,https://pleiades.stoa.org/places/638893,
pl-638994,"Men Karou, T.",sanctuary,pin,37.91501,28.94121,-30,300,0,84.4,https://pleiades.stoa.org/places/638994,
pl-609493,Panasion,settlement,pin,38.76588,29.75327,-30,640,0,86.0,https://pleiades.stoa.org/places/609493,
pl-609433,Kidyessos,settlement,pin,38.74297,30.19084,-30,640,0,86.3,https://pleiades.stoa.org/places/609433,
pl-639149,Trapezopolis,settlement,pin,37.85444,28.92912,-30,640,0,86.4,https://pleiades.stoa.org/places/639149,
pl-638744,Andeda,settlement,pin,37.27201,30.25993,-330,640,0,86.7,https://pleiades.stoa.org/places/638744,
pl-609549,Temenouthyrai,settlement,pin,38.67946,29.41045,-30,640,0,86.7,https://pleiades.stoa.org/places/609549,
pl-612318,Unnamed place,unknown,wash,38.67946,29.41045,-30,640,0,86.7,https://pleiades.stoa.org/places/612318,
pl-638822,Dikmen Tepesi,fort,pin,37.56729,30.72953,-330,-30,0,87.0,https://pleiades.stoa.org/places/638822,
pl-638863,*Hyia,settlement,pin,37.41541,30.56183,-330,300,0,87.0,https://pleiades.stoa.org/places/638863,
pl-638884,Kadmos (mountain),"mountain, label",pin,37.70905,28.97488,-30,300,0,87.1,https://pleiades.stoa.org/places/638884,
pl-639096,Sebastopolis/Saleia,"settlement, settlement-modern",pin,37.48604,29.13783,-330,2099,0,87.7,https://pleiades.stoa.org/places/639096,
pl-638857,Herakleia Salbakes,settlement,pin,37.63288,29.00350,-330,640,0,88.4,https://pleiades.stoa.org/places/638857,
pl-638814,Cremna/Col. Iulia Augusta Felix,"settlement, archaeological-site",pin,37.49877,30.68902,-330,640,0,88.6,https://pleiades.stoa.org/places/638814,
pl-639049,*Perminounda,settlement,pin,37.32759,30.44656,-30,300,0,88.6,https://pleiades.stoa.org/places/639049,
pl-210593355,Baths at Cremna,bath,pin,37.49763,30.68812,,,0,88.7,https://pleiades.stoa.org/places/210593355,
pl-638930,Kolobatos (river),river,wash,37.25000,30.25000,-330,300,0,88.7,https://pleiades.stoa.org/places/638930,
pl-639069,[*Praedium Plancianum],unknown,wash,37.25000,30.25000,-30,300,0,88.7,https://pleiades.stoa.org/places/639069,
pl-639129,Tauros (river),river,wash,37.25000,30.25000,-330,300,0,88.7,https://pleiades.stoa.org/places/639129,
pl-639492,Untitled,aqueduct,wash,37.25000,30.25000,-30,300,0,88.7,https://pleiades.stoa.org/places/639492,
pl-609430,Kaystros (river),river,wash,38.75000,30.25000,-550,-330,0,88.7,https://pleiades.stoa.org/places/609430,
pl-612330,Unnamed Bridge,bridge,wash,38.75000,30.25000,-30,1999,0,88.7,https://pleiades.stoa.org/places/612330,
pl-944396035,Bey Dağları,settlement,wash,37.25000,30.25000,1918,2000,0,88.7,https://pleiades.stoa.org/places/944396035,
pl-15619004,Äußerer Westtaurus,settlement,wash,37.25000,30.25000,1918,2000,0,88.7,https://pleiades.stoa.org/places/15619004,
pl-609342,Beudos (Palaion),settlement,pin,38.54784,30.64246,-330,1999,0,89.0,https://pleiades.stoa.org/places/609342,
pl-609389,Ghaziri,tomb,pin,38.23339,30.88521,-750,640,0,90.0,https://pleiades.stoa.org/places/609389,
pl-639029,*Ouerbe,settlement,pin,37.23936,30.26641,-30,640,0,90.3,https://pleiades.stoa.org/places/639029,
pl-903224682,Spring at Temple of Apollo,spring,pin,38.79862,29.69386,-30,300,0,90.5,https://pleiades.stoa.org/places/903224682,
pl-609310,"Apollo, T.",temple-2,pin,38.81022,29.69704,-30,300,0,91.7,https://pleiades.stoa.org/places/609310,
pl-638757,Apollonia Salbakes,settlement,pin,37.51511,29.03906,-330,640,0,92.6,https://pleiades.stoa.org/places/638757,
pl-639104,Sibidounda,settlement,pin,37.22461,30.29912,-30,640,0,92.9,https://pleiades.stoa.org/places/639104,
pl-638901,Karoura,settlement,pin,37.94034,28.82293,-30,640,0,94.4,https://pleiades.stoa.org/places/638901,
pl-638953,Lagbe,settlement,pin,37.14296,29.92495,-330,640,0,95.2,https://pleiades.stoa.org/places/638953,
pl-639020,Ören tepe,fort,pin,37.27310,30.48698,-330,640,0,95.6,https://pleiades.stoa.org/places/639020,
pl-638797,Çaykenarı,settlement,pin,37.20294,30.33443,-30,640,0,96.3,https://pleiades.stoa.org/places/638797,
pl-638983,Malos,settlement,pin,37.77781,30.96487,-30,640,0,96.4,https://pleiades.stoa.org/places/638983,
pl-639036,Panemoteichos,settlement,pin,37.26435,30.50071,-30,640,0,97.1,https://pleiades.stoa.org/places/639036,
pl-609511,Prymnessos,settlement,pin,38.69783,30.56939,-30,640,0,97.1,https://pleiades.stoa.org/places/609511,
pl-638779,Attouda,"settlement, settlement-modern",pin,37.83905,28.80688,-330,2100,0,97.3,https://pleiades.stoa.org/places/638779,
pl-609451,*Lankena,settlement,pin,38.87655,29.90636,-30,640,0,97.3,https://pleiades.stoa.org/places/609451,
pl-609336,Bagis,settlement,pin,38.65753,29.16085,-30,640,0,97.5,https://pleiades.stoa.org/places/609336,
pl-638977,‘Madamprus’,settlement,pin,37.12158,29.85363,-330,-30,0,97.6,https://pleiades.stoa.org/places/638977,
pl-609453,Lyendos,settlement,pin,38.71682,29.25077,-330,640,0,97.8,https://pleiades.stoa.org/places/609453,
pl-638919,*Kidrama,settlement,pin,37.35402,29.12947,-30,640,0,98.4,https://pleiades.stoa.org/places/638919,
pl-640999,Untitled,road,wash,37.25000,30.50000,-30,640,0,98.4,https://pleiades.stoa.org/places/640999,
pl-641000,Untitled,road,wash,37.25000,30.50000,-30,640,0,98.4,https://pleiades.stoa.org/places/641000,
pl-641001,Untitled,road,wash,37.25000,30.50000,-30,640,0,98.4,https://pleiades.stoa.org/places/641001,
pl-641002,Untitled,road,wash,37.25000,30.50000,-30,640,0,98.4,https://pleiades.stoa.org/places/641002,
pl-641003,Untitled,road,wash,37.25000,30.50000,-30,640,0,98.4,https://pleiades.stoa.org/places/641003,
pl-641004,Untitled,road,wash,37.25000,30.50000,-30,640,0,98.4,https://pleiades.stoa.org/places/641004,
pl-641005,Untitled,road,wash,37.25000,30.50000,-30,640,0,98.4,https://pleiades.stoa.org/places/641005,
pl-641006,Untitled,road,wash,37.25000,30.50000,-30,640,0,98.4,https://pleiades.stoa.org/places/641006,
pl-641007,Untitled,road,wash,37.25000,30.50000,-30,640,0,98.4,https://pleiades.stoa.org/places/641007,
pl-641008,Untitled,road,wash,37.25000,30.50000,-30,640,0,98.4,https://pleiades.stoa.org/places/641008,
pl-641009,Untitled,road,wash,37.25000,30.50000,-30,640,0,98.4,https://pleiades.stoa.org/places/641009,
pl-641010,Untitled,road,wash,37.25000,30.50000,-30,640,0,98.4,https://pleiades.stoa.org/places/641010,
pl-641011,Untitled,road,wash,37.25000,30.50000,-30,640,0,98.4,https://pleiades.stoa.org/places/641011,
pl-641012,Untitled,road,wash,37.25000,30.50000,-30,640,0,98.4,https://pleiades.stoa.org/places/641012,
pl-641013,Untitled,road,wash,37.25000,30.50000,-30,640,0,98.4,https://pleiades.stoa.org/places/641013,
pl-641014,Untitled,road,wash,37.25000,30.50000,-30,640,0,98.4,https://pleiades.stoa.org/places/641014,
pl-641015,Untitled,road,wash,37.25000,30.50000,-30,640,0,98.4,https://pleiades.stoa.org/places/641015,
pl-641016,Untitled,road,wash,37.25000,30.50000,-30,640,0,98.4,https://pleiades.stoa.org/places/641016,
pl-641017,Untitled,road,wash,37.25000,30.50000,-30,640,0,98.4,https://pleiades.stoa.org/places/641017,
pl-641018,Untitled,road,wash,37.25000,30.50000,-30,640,0,98.4,https://pleiades.stoa.org/places/641018,
pl-638999,*Mokolda?,settlement,pin,37.39278,29.05963,-30,300,0,99.7,https://pleiades.stoa.org/places/638999,
pl-703416438,Agora at Kibyra,agora,pin,37.16084,29.49133,,,0,99.8,https://pleiades.stoa.org/places/703416438,
pl-216907428,Theater at Kibyra,theatre,pin,37.16067,29.48895,,,0,99.9,https://pleiades.stoa.org/places/216907428,
pl-638804,Cibyra,settlement,pin,37.15944,29.49215,-330,2099,0,99.9,https://pleiades.stoa.org/places/638804,
pl-639088,Salbake (mountain),mountain,pin,37.29465,29.19071,-30,2100,0,99.9,https://pleiades.stoa.org/places/639088,
pl-233224275,Stadium at Kibyra,stadion,pin,37.15828,29.49655,,,0,99.9,https://pleiades.stoa.org/places/233224275,
pl-2193086,Odeon at Kibyra,odeon,pin,37.15956,29.48905,,,0,100.0,https://pleiades.stoa.org/places/2193086,
pl-609502,Phrygia,"region, label",pin,38.78304,30.47301,-750,640,0,100.3,https://pleiades.stoa.org/places/609502,
pl-145018742,Afyonkarahisar Castle,fort,pin,38.75635,30.53293,-2000,2100,0,100.6,https://pleiades.stoa.org/places/145018742,
pl-609298,*Alia,settlement,pin,38.90737,29.91318,-30,640,0,100.7,https://pleiades.stoa.org/places/609298,
pl-638909,Kazanes (river),river,wash,37.25000,29.25000,-330,300,0,100.8,https://pleiades.stoa.org/places/638909,
pl-609325,Asteles (river),river,wash,38.75000,29.25000,-30,640,0,100.8,https://pleiades.stoa.org/places/609325,
pl-609409,Hyllos (river),river,wash,38.75000,29.25000,-30,300,0,100.8,https://pleiades.stoa.org/places/609409,
pl-609413,İkiztepe,unknown,wash,38.75000,29.25000,-550,-330,0,100.8,https://pleiades.stoa.org/places/609413,
pl-639111,Sinda,settlement,pin,37.12050,29.60450,-330,-30,0,101.0,https://pleiades.stoa.org/places/639111,
pl-609295,Akroenos/[Akroinos],fort,pin,38.75892,30.54598,-30,640,0,101.4,https://pleiades.stoa.org/places/609295,
pl-639103,Sia,settlement,pin,37.26319,30.58866,-330,640,0,101.6,https://pleiades.stoa.org/places/639103,
pl-638834,Eukereia,settlement,pin,37.08311,29.92536,-330,300,0,101.8,https://pleiades.stoa.org/places/638834,
pl-639120,*Sparza,"region, label",pin,37.34651,29.08083,-30,300,0,102.0,https://pleiades.stoa.org/places/639120,
pl-639123,*Syneta?,settlement,pin,37.90730,28.73706,-330,-30,0,102.2,https://pleiades.stoa.org/places/639123,
pl-609316,Aquae Ger(...),spring,pin,38.81864,30.43978,-30,300,0,102.4,https://pleiades.stoa.org/places/609316,
pl-609475,Mokadene,"labeled feature, label",pin,38.68955,29.11406,-30,300,0,102.9,https://pleiades.stoa.org/places/609475,
pl-609361,Dindymos (mountain),"mountain, label",pin,38.92361,29.74398,-30,640,0,103.4,https://pleiades.stoa.org/places/609361,
pl-638761,Ariassos,settlement,pin,37.18087,30.47111,-330,640,0,103.7,https://pleiades.stoa.org/places/638761,
pl-639144,Timbriada,settlement,pin,37.80031,31.06118,-330,640,0,104.0,https://pleiades.stoa.org/places/639144,
pl-639145,Timeles (river),river,wash,37.75000,28.75000,-30,300,0,104.3,https://pleiades.stoa.org/places/639145,
pl-639487,Untitled,aqueduct,wash,37.75000,28.75000,-30,300,0,104.3,https://pleiades.stoa.org/places/639487,
pl-640242,Untitled,bridge,wash,37.75000,28.75000,-30,300,0,104.3,https://pleiades.stoa.org/places/640242,
pl-638872,Isinda (Pisidian),"settlement, archaeological-site, acropolis",pin,37.08085,30.16720,-330,2099,0,104.7,https://pleiades.stoa.org/places/638872,
pl-609452,Leontos Kome,bath,pin,38.65013,30.77040,-30,1999,0,104.9,https://pleiades.stoa.org/places/609452,
pl-638882,Kabalitis L.,lake,pin,37.05000,29.88333,-330,2100,0,105.5,https://pleiades.stoa.org/places/638882,
pl-638837,Aksu - Zindan Mağarası Sanctuary,"sanctuary, cave",pin,37.81191,31.08457,-30,2099,0,105.7,https://pleiades.stoa.org/places/638837,
pl-640247,Zindan Bridge,bridge,pin,37.81166,31.08468,-30,300,0,105.7,https://pleiades.stoa.org/places/640247,
pl-638733,Adada,settlement,pin,37.57753,30.98403,-330,2099,0,105.8,https://pleiades.stoa.org/places/638733,
pl-609577,"Zeus Bennios, Soter, T.",temple-2,pin,38.94954,30.05988,-30,300,0,106.3,https://pleiades.stoa.org/places/609577,
pl-638754,"Apollo, T.",sanctuary,pin,37.46399,30.91288,-30,300,0,106.7,https://pleiades.stoa.org/places/638754,
pl-638772,Asar,settlement,pin,37.30208,30.74778,-330,640,0,107.2,https://pleiades.stoa.org/places/638772,
pl-120399833,Sebasteion at Aphrodisias,architecturalcomplex,pin,37.70850,28.72578,-30,2099,0,107.7,https://pleiades.stoa.org/places/120399833,
pl-792804150,Tetrapylon at Aphrodisias,"arch, gateway",pin,37.71005,28.72513,-30,2099,0,107.7,https://pleiades.stoa.org/places/792804150,
pl-638753,Aphrodisias,settlement,pin,37.70850,28.72382,-550,2099,0,107.8,https://pleiades.stoa.org/places/638753,
pl-463141627,Odeon at Aphrodisias,"odeon, architecturalcomplex",pin,37.70918,28.72357,-30,2099,0,107.8,https://pleiades.stoa.org/places/463141627,
pl-792804149,Theater of Aphrodisias,theatre,pin,37.70719,28.72512,-30,2099,0,107.8,https://pleiades.stoa.org/places/792804149,
pl-638927,Klimax,"road, pass",pin,37.19115,30.58452,-330,2100,0,107.9,https://pleiades.stoa.org/places/638927,
pl-778690133,City walls of Aphrodisias,city-wall,pin,37.70843,28.72371,,,0,107.9,https://pleiades.stoa.org/places/778690133,
pl-609547,Tekmoreioi,temple,pin,38.43256,31.00478,-30,300,0,107.9,https://pleiades.stoa.org/places/609547,
pl-612327,Unnamed hot spring,spring,pin,38.65207,30.81424,300,640,0,107.9,https://pleiades.stoa.org/places/612327,
pl-840672014,Stadium (Aphrodisias),stadion,pin,37.71265,28.72208,-30,2099,0,107.9,https://pleiades.stoa.org/places/840672014,
pl-326045393,North Agora,"plaza, agora",pin,37.70856,28.72339,,,0,107.9,https://pleiades.stoa.org/places/326045393,
pl-329428991,Temple/Church,"church-2, temple-2",pin,37.70972,28.72319,,,0,107.9,https://pleiades.stoa.org/places/329428991,
pl-792804148,South Agora,"plaza, agora",pin,37.70780,28.72389,,,0,107.9,https://pleiades.stoa.org/places/792804148,
pl-685696905,Civil Basilica at Aphrodisias,basilica,pin,37.70713,28.72322,-30,2099,0,107.9,https://pleiades.stoa.org/places/685696905,
pl-46120818,Martyrion at Aphrodisias,"church-2, sanctuary",pin,37.70617,28.72304,100,599,0,108.0,https://pleiades.stoa.org/places/46120818,
pl-38314636,Hadrianic Baths,bath,pin,37.70786,28.72219,-30,300,0,108.0,https://pleiades.stoa.org/places/38314636,
pl-609536,Sülümenli,settlement,pin,38.72347,30.72812,-30,640,0,108.1,https://pleiades.stoa.org/places/609536,
pl-609311,"Apollo, T.",temple-2,pin,38.75464,30.69753,-30,300,0,109.0,https://pleiades.stoa.org/places/609311,
pl-638793,Brioula,settlement,pin,37.96103,28.64958,-30,640,0,109.5,https://pleiades.stoa.org/places/638793,
pl-6521781351211310,Unnamed Place,bridge,pin,37.81350,31.13100,,,0,109.6,https://pleiades.stoa.org/places/6521781351211310,
pl-639125,Tabai,settlement,pin,37.44263,28.85650,-330,640,0,110.3,https://pleiades.stoa.org/places/639125,
pl-609415,Ipsos,settlement,pin,38.85619,30.54921,-330,640,0,110.7,https://pleiades.stoa.org/places/609415,
pl-638941,Kovanlık,station,pin,37.16938,30.60283,-330,640,0,110.8,https://pleiades.stoa.org/places/638941,
pl-638915,Kestros (river),river,pin,37.33520,30.85101,-330,2100,0,111.2,https://pleiades.stoa.org/places/638915,
pl-639496,Unnamed aqueduct (at Cremna),aqueduct,wash,37.25000,30.75000,-30,300,0,111.6,https://pleiades.stoa.org/places/639496,
pl-641752,Untitled,wall-2,wash,37.25000,30.75000,-330,-30,0,111.6,https://pleiades.stoa.org/places/641752,
pl-609368,Doureios (river),river,wash,38.75000,30.75000,-30,300,0,111.6,https://pleiades.stoa.org/places/609368,
pl-610805,Untitled,bridge,wash,38.75000,30.75000,-30,640,0,111.6,https://pleiades.stoa.org/places/610805,
pl-610806,Untitled,bridge,wash,38.75000,30.75000,300,640,0,111.6,https://pleiades.stoa.org/places/610806,
pl-613062,Untitled,quarry,wash,38.75000,30.75000,-330,640,0,111.6,https://pleiades.stoa.org/places/613062,
pl-638881,Kabalis,"region, label",pin,37.00159,29.71924,-550,300,0,111.9,https://pleiades.stoa.org/places/638881,
pl-639159,*Tynada,settlement,pin,37.75550,31.16072,-30,300,0,113.6,https://pleiades.stoa.org/places/639159,
pl-639060,Pisidia (region),"region, label",pin,37.47080,31.01459,-550,640,0,113.8,https://pleiades.stoa.org/places/639060,
pl-609314,Appia,settlement,pin,39.02460,29.98345,-330,640,0,114.0,https://pleiades.stoa.org/places/609314,
pl-638918,Kibyratis,"region, label",pin,37.00303,29.55994,-330,300,0,114.6,https://pleiades.stoa.org/places/638918,
pl-639160,Tyriaion,settlement,pin,36.96677,29.92345,-30,640,0,114.7,https://pleiades.stoa.org/places/639160,
pl-638845,Gölcük Kale,fort,pin,37.02370,30.38164,-330,1999,0,116.3,https://pleiades.stoa.org/places/638845,
pl-600985,Unnamed bridge,bridge,pin,37.90436,28.57441,-30,300,0,116.4,https://pleiades.stoa.org/places/600985,
pl-599803,Morsynos (river),river,pin,37.79739,28.59114,-30,2099,0,116.7,https://pleiades.stoa.org/places/599803,
pl-609540,Tabala,settlement,pin,38.61217,28.80337,-30,640,0,117.6,https://pleiades.stoa.org/places/609540,
pl-588333104,Yalvac Theatre - Antioch Pisidia,theatre,pin,38.30490,31.18844,-30,300,0,117.7,https://pleiades.stoa.org/places/588333104,
pl-6521790061185606,Unnamed Place,bridge,pin,37.90060,28.56060,,,0,117.7,https://pleiades.stoa.org/places/6521790061185606,
pl-609307,Antiochia/Col. Caesarea,"settlement, archaeological-site",pin,38.30537,31.18987,-330,1999,0,117.8,https://pleiades.stoa.org/places/609307,
pl-588333103,"Augusteum, Antioch in Pisidia","architecturalcomplex, temple-2",pin,38.30409,31.19135,-30,300,0,117.9,https://pleiades.stoa.org/places/588333103,
pl-609416,Iskome?,settlement,pin,39.05714,30.02772,-30,640,0,117.9,https://pleiades.stoa.org/places/609416,
pl-609513,Regio Ipsina et Moeteana,"labeled feature, label",pin,38.94086,30.52631,-30,300,0,117.9,https://pleiades.stoa.org/places/609513,
pl-639063,Plarasa,settlement,pin,37.62384,28.63441,-30,300,0,118.3,https://pleiades.stoa.org/places/639063,
pl-610809,Untitled,bridge,pin,38.31251,31.19402,-30,300,0,118.4,https://pleiades.stoa.org/places/610809,
pl-609343,*Birgena,settlement,pin,39.04638,30.18537,-30,640,0,118.8,https://pleiades.stoa.org/places/609343,
pl-638870,Indus (river),river,pin,37.08664,29.18908,-330,2099,0,118.9,https://pleiades.stoa.org/places/638870,
pl-638748,Antiochia ad Maeandrum,settlement,pin,37.87354,28.54828,-330,640,0,119.1,https://pleiades.stoa.org/places/638748,
pl-638789,Balboura,settlement,pin,36.95264,29.58231,-330,640,0,119.5,https://pleiades.stoa.org/places/638789,
pl-208943032,Untitled,bridge,pin,38.31882,31.20579,-30,300,0,119.6,https://pleiades.stoa.org/places/208943032,
pl-639113,Skiritis,label,pin,37.25424,28.90636,300,640,0,120.0,https://pleiades.stoa.org/places/639113,
pl-550701,Lydia/Maionia (region),region,wash,38.58652,28.74613,-750,640,0,120.1,https://pleiades.stoa.org/places/550701,
pl-609466,"Meter Phileis, T.",sanctuary,pin,38.38889,28.61360,-30,300,0,120.5,https://pleiades.stoa.org/places/609466,
pl-609575,"Zeus Andreas, Ampeleites, T.",temple-2,pin,39.08026,30.03751,-30,300,0,120.5,https://pleiades.stoa.org/places/609575,
pl-609553,Tetrapolis,label,pin,38.12687,31.26964,-30,640,0,120.6,https://pleiades.stoa.org/places/609553,
pl-208943033,Untitled,bridge,pin,38.32152,31.21777,-30,300,0,120.7,https://pleiades.stoa.org/places/208943033,
pl-609420,Kadoi,settlement,pin,39.01417,29.40247,-330,640,0,120.7,https://pleiades.stoa.org/places/609420,
pl-609462,"Men Askaenos, T.",sanctuary,pin,38.28970,31.23316,-330,640,0,121.0,https://pleiades.stoa.org/places/609462,
pl-638742,Anaboura,settlement,pin,37.99080,31.28510,-330,640,0,121.2,https://pleiades.stoa.org/places/638742,
pl-609306,Anthios (river),river,wash,38.25000,31.25000,-30,1999,0,121.3,https://pleiades.stoa.org/places/609306,
pl-609317,Aragokome,settlement,pin,39.07197,30.16951,-30,300,0,121.3,https://pleiades.stoa.org/places/609317,
pl-609366,Dokimeion,"settlement, archaeological-site",pin,38.86244,30.75218,-330,2099,0,121.3,https://pleiades.stoa.org/places/609366,
pl-609385,Gallos? (river),river,wash,38.25000,31.25000,-30,300,0,121.3,https://pleiades.stoa.org/places/609385,
pl-609494,Paroreios,labeled feature,wash,38.25000,31.25000,-30,300,0,121.3,https://pleiades.stoa.org/places/609494,
pl-609301,Altıntaş,fort,pin,39.08037,30.11741,300,640,0,121.4,https://pleiades.stoa.org/places/609301,
pl-638846,Görle,settlement,pin,37.54995,28.63242,-330,-30,0,121.6,https://pleiades.stoa.org/places/638846,
pl-610808,Untitled,bridge,pin,38.66418,31.01055,300,640,0,121.9,https://pleiades.stoa.org/places/610808,
pl-638792,Boubon,settlement,pin,36.96828,29.40783,-330,640,0,122.3,https://pleiades.stoa.org/places/638792,
pl-609304,"Angdisseon, T.",temple-2,pin,38.86013,30.77706,-30,300,0,122.5,https://pleiades.stoa.org/places/609304,
pl-609532,*Soa,settlement,pin,39.07677,30.21681,-30,640,0,122.7,https://pleiades.stoa.org/places/609532,
pl-639116,Solymos (mountain),mountain,pin,37.00000,30.50000,-330,2100,0,122.8,https://pleiades.stoa.org/places/639116,
pl-639139,Termessos,"settlement, archaeological-site",pin,36.98366,30.46294,-550,640,0,123.1,https://pleiades.stoa.org/places/639139,
pl-609499,Persis (mountain),"mountain, label",pin,38.84743,30.80927,-30,300,0,123.2,https://pleiades.stoa.org/places/609499,
pl-544710174,Theater at Termessos,theatre,pin,36.98246,30.46495,-330,300,0,123.3,https://pleiades.stoa.org/places/544710174,
pl-71922376,Theater at Termessos,theatre,pin,36.98246,30.46495,,,0,123.3,https://pleiades.stoa.org/places/71922376,
pl-609445,Kouara?,settlement,pin,38.58120,28.69325,-30,300,0,123.7,https://pleiades.stoa.org/places/609445,
pl-609573,*Zemmeana,settlement,pin,39.10840,30.08260,-30,640,0,124.1,https://pleiades.stoa.org/places/609573,
pl-609555,Thermai Theseos,bath,pin,38.64186,28.73744,-30,300,0,124.2,https://pleiades.stoa.org/places/609555,
pl-599777,Maeander (river),river,pin,37.88542,28.48531,-550,2100,0,124.4,https://pleiades.stoa.org/places/599777,
pl-610042,Untitled,"aqueduct, spring",pin,38.30725,31.26787,-330,640,0,124.4,https://pleiades.stoa.org/places/610042,
pl-609542,*Tanaitena,settlement,pin,39.07776,30.29770,-30,300,0,124.6,https://pleiades.stoa.org/places/609542,
pl-609579,"Zeus Bronton, T.",temple-2,pin,39.12209,29.90965,-30,300,0,124.6,https://pleiades.stoa.org/places/609579,
pl-612310,Obruk Dağı,mountain,pin,39.10149,30.18738,-30,2100,0,124.8,https://pleiades.stoa.org/places/612310,
pl-609528,Silandos,settlement,pin,38.75152,28.82603,-330,640,0,125.6,https://pleiades.stoa.org/places/609528,
pl-639001,Morka,settlement,pin,37.11455,30.79518,300,640,0,125.7,https://pleiades.stoa.org/places/639001,
pl-639046,Pednelissos,settlement,pin,37.21357,30.93508,-330,640,0,125.8,https://pleiades.stoa.org/places/639046,
pl-609552,Terziler,settlement,pin,39.13356,29.77975,-30,640,0,126.3,https://pleiades.stoa.org/places/609552,
pl-550822,Philadelpheia,"settlement, settlement-modern",pin,38.35037,28.51662,-330,2100,0,127.1,https://pleiades.stoa.org/places/550822,
pl-991385,Lydia (province),province,wash,38.35037,28.51662,,,0,127.1,https://pleiades.stoa.org/places/991385,
pl-609585,"Zeus Keraunios? , T.",sanctuary,pin,38.66659,28.71518,-30,300,0,127.3,https://pleiades.stoa.org/places/609585,
pl-609324,Arslan Taş,tomb,pin,39.05033,30.48860,-750,2099,0,127.4,https://pleiades.stoa.org/places/609324,
pl-609526,Seydiler,settlement,pin,38.89395,30.81590,-30,640,0,127.5,https://pleiades.stoa.org/places/609526,
pl-599493,Anineta,settlement,pin,37.93342,28.44364,-30,640,0,127.6,https://pleiades.stoa.org/places/599493,
pl-609506,Polybotos,settlement,pin,38.71264,31.04853,300,640,0,127.9,https://pleiades.stoa.org/places/609506,
pl-609332,Aurokra,settlement,pin,38.53200,31.19882,-30,640,0,128.0,https://pleiades.stoa.org/places/609332,
pl-638921,Killanion Pedion/Cillanicus Tractus,"plain, label",pin,38.10992,31.36036,-30,1999,0,128.3,https://pleiades.stoa.org/places/638921,
pl-609318,Araukome,settlement,pin,39.15458,30.04013,300,640,0,128.7,https://pleiades.stoa.org/places/609318,
pl-609485,*Nisyra,settlement,pin,38.54711,28.60304,-30,300,0,128.7,https://pleiades.stoa.org/places/609485,
pl-550456,Sanctuary of Artemis Anaiitis in Lydia,sanctuary,pin,38.49598,28.56350,-30,300,0,129.2,https://pleiades.stoa.org/places/550456,
pl-639115,Solymeis,label,pin,36.93285,30.49459,-750,-30,0,129.4,https://pleiades.stoa.org/places/639115,
pl-550904,*Tarigya,settlement,pin,38.18063,28.43514,-30,300,0,129.7,https://pleiades.stoa.org/places/550904,
pl-639027,*Orpeena,settlement,pin,36.83167,29.80789,-330,300,0,129.9,https://pleiades.stoa.org/places/639027,
pl-609520,Sarıçayır,settlement,pin,38.99478,30.68407,-30,640,0,130.0,https://pleiades.stoa.org/places/609520,
pl-609412,*Iaza,settlement,pin,38.58697,28.60680,-30,300,0,130.5,https://pleiades.stoa.org/places/609412,
pl-609341,*Beudena?,labeled feature,wash,38.75000,28.75000,-330,300,0,130.6,https://pleiades.stoa.org/places/609341,
pl-609359,"*Dima, *Kerbia",unknown,wash,38.75000,28.75000,-330,300,0,130.6,https://pleiades.stoa.org/places/609359,
pl-609425,Kastolos? (river),river,wash,38.75000,28.75000,-550,-330,0,130.6,https://pleiades.stoa.org/places/609425,
pl-609426,Kastolou Pedion,plain,wash,38.75000,28.75000,-550,-330,0,130.6,https://pleiades.stoa.org/places/609426,
pl-609441,Kollyda/Goloida,labeled feature,wash,38.75000,28.75000,-330,640,0,130.6,https://pleiades.stoa.org/places/609441,
pl-610797,Untitled,bridge,wash,38.75000,28.75000,-30,300,0,130.6,https://pleiades.stoa.org/places/610797,
pl-610798,Unnamed bridge,bridge,wash,38.75000,28.75000,-30,640,0,130.6,https://pleiades.stoa.org/places/610798,
pl-614691,Kastollos,unlocated,wash,38.75000,28.75000,-330,300,0,130.6,https://pleiades.stoa.org/places/614691,
pl-614706,Kobedyle,"unlocated, settlement",wash,38.75000,28.75000,-330,-30,0,130.6,https://pleiades.stoa.org/places/614706,
pl-638833,Eudokias?,settlement,pin,36.95517,30.59592,300,640,0,131.0,https://pleiades.stoa.org/places/638833,
pl-938980755,Arslan Kaya monument,monument,pin,39.10672,30.42776,-600,2099,0,131.2,https://pleiades.stoa.org/places/938980755,
pl-609458,Mantalos,settlement,pin,39.18108,29.96078,300,640,0,131.2,https://pleiades.stoa.org/places/609458,
pl-609546,*Taza?,settlement,pin,38.67473,28.66890,-30,300,0,131.2,https://pleiades.stoa.org/places/609546,
pl-609354,"Cybele, T.",temple,pin,39.10904,30.42674,-750,-550,0,131.4,https://pleiades.stoa.org/places/609354,
pl-639008,Neapolis,"settlement, settlement-modern",pin,37.99759,31.41095,-330,2100,0,132.2,https://pleiades.stoa.org/places/639008,
pl-638969,*Lyrba,settlement,pin,36.99351,30.71897,-30,300,0,132.7,https://pleiades.stoa.org/places/638969,
pl-550517,Doroukome?,settlement,pin,38.58674,28.57692,-30,300,0,132.8,https://pleiades.stoa.org/places/550517,
pl-611552,Untitled,dam,pin,39.16831,29.56658,-30,300,0,132.9,https://pleiades.stoa.org/places/611552,
pl-550513,*Diginda,settlement,pin,38.18222,28.39500,-30,300,0,133.2,https://pleiades.stoa.org/places/550513,
pl-609467,"Meter Steunene, T.",sanctuary,pin,39.17572,29.57652,-330,300,0,133.5,https://pleiades.stoa.org/places/609467,
pl-609543,Tarsis?,settlement,pin,38.77040,28.72611,-330,300,0,133.6,https://pleiades.stoa.org/places/609543,
pl-204230210,Oenoanda bridge,bridge,pin,36.82527,29.56205,1300,1923,0,133.7,https://pleiades.stoa.org/places/204230210,
pl-609443,Koresa,settlement,pin,38.62409,28.58578,-30,300,0,134.2,https://pleiades.stoa.org/places/609443,
pl-609297,Alexandri Fontes/Midou Krene,spring,pin,38.42639,31.33928,-550,640,0,134.5,https://pleiades.stoa.org/places/609297,
pl-6521737251212163,Unnamed Place,bridge,pin,37.37250,31.21630,,,0,134.6,https://pleiades.stoa.org/places/6521737251212163,
pl-609541,Tamasis,settlement,pin,38.79650,28.73596,-330,300,0,134.8,https://pleiades.stoa.org/places/609541,
pl-639004,Myangla?,settlement,pin,36.79954,29.65419,-30,300,0,135.0,https://pleiades.stoa.org/places/639004,
pl-550575,Hermus (river),river,pin,38.63097,28.57991,-750,2100,0,135.0,https://pleiades.stoa.org/places/550575,
pl-609496,Penkalas (river),river,pin,39.19385,29.60763,-30,2100,0,135.0,https://pleiades.stoa.org/places/609496,
pl-609584,"Zeus ek Didymon Dryon?, T.",sanctuary,pin,38.64040,28.58606,-30,300,0,135.1,https://pleiades.stoa.org/places/609584,
pl-639141,*Terponella,settlement,pin,36.78224,29.95022,-30,300,0,135.2,https://pleiades.stoa.org/places/639141,
pl-639013,Oenoanda/Termessos Mikra,settlement,pin,36.81125,29.55518,-1600,640,0,135.4,https://pleiades.stoa.org/places/639013,
pl-599790,Mastaura,settlement,pin,37.95043,28.35284,-30,640,0,135.4,https://pleiades.stoa.org/places/599790,
pl-639146,Tityassos,settlement,pin,37.70041,31.40135,-330,300,0,135.5,https://pleiades.stoa.org/places/639146,
pl-638773,Asarbaşı,settlement,pin,37.35767,31.21829,-330,300,0,135.6,https://pleiades.stoa.org/places/638773,
pl-639151,Trebenna,settlement,pin,36.86579,30.47603,-330,640,0,135.6,https://pleiades.stoa.org/places/639151,
pl-442858431,Temple of Zeus,temple-2,pin,39.20030,29.61022,-30,300,0,135.6,https://pleiades.stoa.org/places/442858431,
pl-217982522,Penkalas Bridge,bridge,pin,39.20074,29.61233,-30,300,0,135.6,https://pleiades.stoa.org/places/217982522,
pl-673008673,Graeco-Roman theater at Oinoanda,theatre,pin,36.80963,29.54974,-330,300,0,135.6,https://pleiades.stoa.org/places/673008673,
pl-638896,Karaburun,tumulus,pin,36.77954,29.99562,-550,-330,0,135.7,https://pleiades.stoa.org/places/638896,
pl-550754,Myloukome,settlement,pin,38.42334,28.44443,-30,300,0,135.7,https://pleiades.stoa.org/places/550754,
pl-609292,Aizanoi,settlement,pin,39.20125,29.60945,-330,640,0,135.7,https://pleiades.stoa.org/places/609292,
pl-599823,Neapolis/Aurelia Neapolis,settlement,pin,37.69016,28.39770,-550,640,0,135.8,https://pleiades.stoa.org/places/599823,
pl-609431,[Kedrea],fort,pin,38.94642,30.88416,300,640,0,135.8,https://pleiades.stoa.org/places/609431,
pl-439057572,Stadium at Aizanoi,stadion,pin,39.20493,29.61167,-30,300,0,136.1,https://pleiades.stoa.org/places/439057572,
pl-609517,Saittai,settlement,pin,38.70302,28.62400,-30,640,0,136.2,https://pleiades.stoa.org/places/609517,
pl-115158475,Roman theater at Aizanoi,theatre,pin,39.20696,29.61246,-30,300,0,136.3,https://pleiades.stoa.org/places/115158475,
pl-609593,Zingotos Kome,settlement,pin,39.21894,30.09767,-30,640,0,136.4,https://pleiades.stoa.org/places/609593,
pl-609427,Katakekaumene,region,pin,38.57722,28.52000,-750,2100,0,136.7,https://pleiades.stoa.org/places/609427,
pl-638840,Fele,station,pin,37.99488,31.46373,-30,300,0,136.8,https://pleiades.stoa.org/places/638840,
pl-599637,Harpasa,settlement,pin,37.80069,28.35615,-30,640,0,136.8,https://pleiades.stoa.org/places/599637,
pl-550709,Maionia/*Atetta?,settlement,pin,38.53516,28.49147,-330,640,0,136.8,https://pleiades.stoa.org/places/550709,
pl-550510,*Daredda,settlement,pin,38.18011,28.35291,-30,300,0,136.8,https://pleiades.stoa.org/places/550510,
pl-599548,Bargasa,settlement,pin,37.61720,28.41154,-330,300,0,137.0,https://pleiades.stoa.org/places/599548,
pl-639127,Tarbelos (mountain),"mountain, label",pin,37.08442,28.84712,-30,2100,0,137.1,https://pleiades.stoa.org/places/639127,
pl-638996,Milyas (region),"region, label",pin,36.76448,29.98772,-550,300,0,137.4,https://pleiades.stoa.org/places/638996,
pl-639100,Selge,settlement,pin,37.22541,31.12632,-330,640,0,137.5,https://pleiades.stoa.org/places/639100,
pl-609373,Emoddi/*Pereudos,settlement,pin,38.67339,28.57928,-330,300,0,137.6,https://pleiades.stoa.org/places/609373,
pl-599997,Xystis,settlement,pin,37.48556,28.46518,-30,300,0,137.9,https://pleiades.stoa.org/places/599997,
pl-609534,Spore?,settlement,pin,39.24311,29.86911,-30,640,0,138.0,https://pleiades.stoa.org/places/609534,
pl-208943404,Untitled,tumulus,pin,38.43442,28.41563,-750,-330,0,138.5,https://pleiades.stoa.org/places/208943404,
pl-638971,*Lyrna?,settlement,pin,36.95960,29.02036,-330,-30,0,138.8,https://pleiades.stoa.org/places/638971,
pl-550918,"Thea Larmene, T.",sanctuary,pin,38.64552,28.53596,-30,300,0,139.2,https://pleiades.stoa.org/places/550918,
pl-609574,"Zeus Alsenos, T.",sanctuary,pin,38.91383,30.98912,-30,300,0,139.2,https://pleiades.stoa.org/places/609574,
pl-638734,Aedesa (river),river,wash,36.75000,29.75000,-30,300,0,139.4,https://pleiades.stoa.org/places/638734,
pl-639075,Pyros (river),river,wash,36.75000,29.75000,-30,300,0,139.4,https://pleiades.stoa.org/places/639075,
pl-639490,Untitled,aqueduct,wash,36.75000,29.75000,-30,300,0,139.4,https://pleiades.stoa.org/places/639490,
pl-612313,7,numbered feature,wash,39.25000,29.75000,-30,640,0,139.4,https://pleiades.stoa.org/places/612313,
pl-612314,8,numbered feature,wash,39.25000,29.75000,-30,640,0,139.4,https://pleiades.stoa.org/places/612314,
pl-609501,Philomelion,settlement,pin,38.35672,31.42982,-330,1923,0,139.5,https://pleiades.stoa.org/places/609501,
pl-639016,Olbia,settlement,pin,36.87288,30.60859,-550,640,0,139.6,https://pleiades.stoa.org/places/639016,
pl-609321,Ariandos,settlement,pin,38.89007,28.76854,-30,300,0,139.8,https://pleiades.stoa.org/places/609321,
pl-639138,Tenedos,settlement,pin,36.88395,30.64749,-330,300,0,140.1,https://pleiades.stoa.org/places/639138,
pl-609460,Meiros,settlement,pin,39.20519,30.37618,-30,640,0,140.1,https://pleiades.stoa.org/places/609460,
pl-550551,Gevele,settlement,pin,38.15854,28.31032,-330,640,0,140.2,https://pleiades.stoa.org/places/550551,
pl-638924,Kızılbel,tumulus,pin,36.73198,29.86748,-550,-330,0,140.8,https://pleiades.stoa.org/places/638924,
pl-965247252,Arapsu Bridge,bridge,pin,36.88091,30.65935,-30,300,0,140.9,https://pleiades.stoa.org/places/965247252,
pl-639011,[Nymphaion],settlement,pin,36.86042,29.18713,300,640,0,141.0,https://pleiades.stoa.org/places/639011,
pl-639031,Ovacık,settlement,pin,36.73858,30.12998,300,640,0,141.5,https://pleiades.stoa.org/places/639031,
pl-638778,Attalea,settlement,pin,36.89031,30.69997,-1750,2000,0,141.7,https://pleiades.stoa.org/places/638778,
pl-599700,Kavaklı,settlement,pin,37.74598,28.31230,-550,-30,0,141.7,https://pleiades.stoa.org/places/599700,
pl-638836,Eurymedon (river),river,pin,37.22793,31.19120,-550,2100,0,141.8,https://pleiades.stoa.org/places/638836,
pl-638897,Karalis (lake),lake,pin,37.77133,31.49445,-330,2100,0,141.8,https://pleiades.stoa.org/places/638897,
pl-208943407,Untitled,tumulus,pin,38.17353,28.29434,-750,-330,0,141.8,https://pleiades.stoa.org/places/208943407,
pl-639048,Perge,"settlement, archaeological-site",pin,36.96447,30.85326,-750,640,0,142.0,https://pleiades.stoa.org/places/639048,
pl-609376,*Etsyena,settlement,pin,38.99061,30.92794,-30,300,0,142.0,https://pleiades.stoa.org/places/609376,
pl-638867,Idyros? (river),river,wash,36.75000,30.25000,-550,-30,0,142.1,https://pleiades.stoa.org/places/638867,
pl-609457,Malos,settlement,pin,39.08923,30.75355,-30,640,0,142.1,https://pleiades.stoa.org/places/609457,
pl-610801,Untitled,bridge,wash,39.25000,30.25000,300,640,0,142.1,https://pleiades.stoa.org/places/610801,
pl-610802,Untitled,bridge,wash,39.25000,30.25000,-30,640,0,142.1,https://pleiades.stoa.org/places/610802,
pl-612311,5,numbered feature,wash,39.25000,30.25000,-30,300,0,142.1,https://pleiades.stoa.org/places/612311,
pl-612312,6,unknown,wash,39.25000,30.25000,-30,300,0,142.1,https://pleiades.stoa.org/places/612312,
pl-638906,Katarraktes (river),river,pin,36.91268,30.76131,1700,2100,0,142.3,https://pleiades.stoa.org/places/638906,
pl-609358,Derbent,settlement,pin,38.92813,31.02225,300,640,0,142.3,https://pleiades.stoa.org/places/609358,
pl-609503,Phyteia,settlement,pin,38.89462,31.06554,300,640,0,142.3,https://pleiades.stoa.org/places/609503,
pl-639019,*Onobara,settlement,pin,36.81382,30.52357,-30,300,0,142.5,https://pleiades.stoa.org/places/639019,
pl-609590,"Zeus Sabazios, T.",temple-2,pin,38.98535,28.85569,-30,300,0,142.5,https://pleiades.stoa.org/places/609590,
pl-670644868,Stadium of Perge,stadion,pin,36.95839,30.85158,-30,300,0,142.5,https://pleiades.stoa.org/places/670644868,
pl-623620658,Roman theater at Perge,theatre,pin,36.95769,30.85080,-30,300,0,142.5,https://pleiades.stoa.org/places/623620658,
pl-609439,Koçak,temple,pin,39.28428,30.02373,-30,640,0,143.0,https://pleiades.stoa.org/places/609439,
pl-6521720091211858,Unnamed Place,bridge,pin,37.20090,31.18580,,,0,143.2,https://pleiades.stoa.org/places/6521720091211858,
pl-631385926,Çamlıdere,"settlement, settlement-modern",pin,37.67134,28.31395,1700,2100,0,143.4,https://pleiades.stoa.org/places/631385926,
pl-640250,Untitled,bridge,pin,37.19197,31.18103,-30,300,0,143.5,https://pleiades.stoa.org/places/640250,
pl-550440,"Apollo Axyros, T.",temple-2,pin,38.74386,28.55825,-30,300,0,143.5,https://pleiades.stoa.org/places/550440,
pl-639022,Orloanda?,settlement,pin,36.73927,29.52257,-330,-30,0,143.8,https://pleiades.stoa.org/places/639022,
pl-599743,Kys/Kanebion/Palaiapolis,settlement,pin,37.42888,28.42373,-550,640,0,143.8,https://pleiades.stoa.org/places/599743,
pl-6521718641211799,Unnamed Place,bridge,pin,37.18640,31.17990,,,0,143.8,https://pleiades.stoa.org/places/6521718641211799,
pl-609527,Seyrecek,settlement,pin,39.18280,30.57010,300,640,0,143.8,https://pleiades.stoa.org/places/609527,
pl-550791,*Oumyrota,settlement,pin,38.21483,28.27197,-30,300,0,144.4,https://pleiades.stoa.org/places/550791,
pl-550710,Maionia/Mysia (region),"region, label",pin,38.60176,28.43689,-330,300,0,144.4,https://pleiades.stoa.org/places/550710,
pl-640249,Untitled,bridge,wash,37.25000,31.25000,-30,300,0,144.5,https://pleiades.stoa.org/places/640249,
pl-609470,Metropolis (Oyneş),"settlement, settlement-modern",pin,39.17150,30.62799,-330,2099,0,144.8,https://pleiades.stoa.org/places/609470,
pl-761372573,Rock-cut Sanctuary of Letoids and Nymphs ,sanctuary,pin,36.69626,29.72238,-30,2099,0,145.5,https://pleiades.stoa.org/places/761372573,
pl-609537,Synaos,settlement,pin,39.09220,28.97845,-30,2099,0,145.6,https://pleiades.stoa.org/places/609537,
pl-638760,Araxa,settlement,pin,36.75132,29.38370,-330,640,0,145.8,https://pleiades.stoa.org/places/638760,
pl-550780,*Odon,settlement,pin,38.72310,28.50720,-330,300,0,145.9,https://pleiades.stoa.org/places/550780,
pl-638972,Lyrnateia? (island),island,pin,36.80233,30.58943,-550,2100,0,146.0,https://pleiades.stoa.org/places/638972,
pl-599659,Hyllarima,settlement,pin,37.50504,28.34930,-330,640,0,146.3,https://pleiades.stoa.org/places/599659,
pl-599839,Orthosia,settlement,pin,37.82605,28.24045,-330,640,0,146.4,https://pleiades.stoa.org/places/599839,
pl-609398,Halokome?,settlement,pin,38.84080,28.61120,-30,300,0,146.4,https://pleiades.stoa.org/places/609398,
pl-638960,Limnai,settlement,pin,36.88242,30.79094,-30,300,0,146.5,https://pleiades.stoa.org/places/638960,
pl-639065,Podalia,"settlement, settlement-modern",pin,36.68554,30.05029,-330,2100,0,146.5,https://pleiades.stoa.org/places/639065,
pl-609407,"Hosion kai Dikaion, T.",temple-2,pin,39.32022,29.88770,-30,300,0,146.5,https://pleiades.stoa.org/places/609407,
pl-609504,Pissia,settlement,pin,38.25813,31.54290,-30,640,0,146.5,https://pleiades.stoa.org/places/609504,
pl-456257985,Stadium (Sillyon),stadion,pin,36.98963,30.98359,,,0,146.8,https://pleiades.stoa.org/places/456257985,
pl-639109,Sillyon,"settlement, archaeological-site",pin,36.99163,30.98762,-550,640,0,146.9,https://pleiades.stoa.org/places/639109,
pl-208943406,Untitled,tumulus,pin,38.20858,28.24139,-750,-330,0,146.9,https://pleiades.stoa.org/places/208943406,
pl-599573,Chrysaoras (river),river,wash,37.75000,28.25000,-30,300,0,147.0,https://pleiades.stoa.org/places/599573,
pl-599638,Harpasos (river),river,wash,37.75000,28.25000,-30,300,0,147.0,https://pleiades.stoa.org/places/599638,
pl-550642,Kilbos (river),river,wash,38.25000,28.25000,-30,300,0,147.0,https://pleiades.stoa.org/places/550642,
pl-638828,Elbessos,settlement,pin,36.68949,29.64154,-330,-30,0,147.2,https://pleiades.stoa.org/places/638828,
pl-599846,Palaiapolis,settlement,pin,38.08520,28.21707,-30,640,0,147.5,https://pleiades.stoa.org/places/599846,
pl-550640,Kilbianoi (Ano),"label, people",pin,38.18024,28.22703,-330,300,0,147.7,https://pleiades.stoa.org/places/550640,
pl-609461,Meiros Megale,settlement,pin,39.29197,30.30954,-30,640,0,147.8,https://pleiades.stoa.org/places/609461,
pl-609386,Gelinkaya,fort,pin,39.33140,29.98142,300,640,0,148.0,https://pleiades.stoa.org/places/609386,
pl-550654,Kogamos (river),river,pin,38.46387,28.30879,-30,300,0,148.4,https://pleiades.stoa.org/places/550654,
pl-639142,Tetrapyrgia,settlement,pin,36.88920,30.84980,-30,300,0,148.7,https://pleiades.stoa.org/places/639142,
pl-208943405,Untitled,tumulus,pin,38.17859,28.20359,-750,-330,0,149.7,https://pleiades.stoa.org/places/208943405,
pl-638843,Glaucus (river),river,wash,36.75000,29.25000,-30,300,0,149.9,https://pleiades.stoa.org/places/638843,
pl-639134,Telmedius (river),river,wash,36.75000,29.25000,-30,300,0,149.9,https://pleiades.stoa.org/places/639134,
pl-638980,Magydos,"settlement, port",pin,36.84880,30.79996,-330,640,0,150.1,https://pleiades.stoa.org/places/638980,
pl-550659,Koloe,settlement,pin,38.22593,28.20801,-30,640,0,150.1,https://pleiades.stoa.org/places/550659,
pl-638861,Hippoukome,settlement,pin,36.83352,29.02699,-330,640,0,150.3,https://pleiades.stoa.org/places/638861,
pl-599627,Gölcük,settlement,pin,37.14590,28.56658,-330,-30,0,150.3,https://pleiades.stoa.org/places/599627,
pl-609522,*Seilinda,settlement,pin,38.20584,31.59881,-30,640,0,150.3,https://pleiades.stoa.org/places/609522,
pl-550663,*Korakoe,settlement,pin,38.42398,28.26502,-30,300,0,150.6,https://pleiades.stoa.org/places/550663,
pl-609290,Agdistis Sanctuary (Yazılıkaya),"sanctuary, archaeological-site",pin,39.19762,30.71003,-800,1999,0,150.6,https://pleiades.stoa.org/places/609290,
pl-33128252,Via Sebaste: Apollonia ↔ Antiochia ↔ Neapolis,road,wash,38.07659,31.61938,-30,300,0,150.6,https://pleiades.stoa.org/places/33128252,
pl-639026,Orondicus Tractus,label,pin,37.88208,31.61599,-30,300,0,150.7,https://pleiades.stoa.org/places/639026,
pl-639034,Pamphylia (region),"region, label",pin,36.92194,30.94796,,,0,150.7,https://pleiades.stoa.org/places/639034,
pl-609570,Yazılıkaya (Eskişehir),"fortified-settlement, sanctuary, archaeological-site",pin,39.19757,30.71123,-800,2099,0,150.7,https://pleiades.stoa.org/places/609570,
pl-638803,Hacımusalar Höyük,"settlement, tell",pin,36.64238,29.83601,-2000,2100,0,150.8,https://pleiades.stoa.org/places/638803,
pl-792912223,so-called 'Midas Monument',monument,pin,39.20012,30.71346,-750,2099,0,151.0,https://pleiades.stoa.org/places/792912223,
pl-6521670651193656,Unnamed Place,bridge,pin,36.70650,29.36560,,,0,151.0,https://pleiades.stoa.org/places/6521670651193656,
pl-609299,*Aliana,settlement,pin,39.27579,29.28327,-30,640,0,151.5,https://pleiades.stoa.org/places/609299,
pl-639077,Rhixoupous/Rhouskopous,settlement,pin,36.86037,30.85440,-30,300,0,151.6,https://pleiades.stoa.org/places/639077,
pl-550598,*Ioudda,settlement,pin,38.66591,28.38584,-30,300,0,151.7,https://pleiades.stoa.org/places/550598,
pl-609315,*Appolena,settlement,pin,38.95523,31.14562,-30,1999,0,152.0,https://pleiades.stoa.org/places/609315,
pl-640244,Kemer bridge,bridge,pin,36.69333,29.36200,-30,640,0,152.5,https://pleiades.stoa.org/places/640244,
pl-609465,Meter Arezastis,monument,pin,39.21821,30.71300,-750,-550,0,152.8,https://pleiades.stoa.org/places/609465,
pl-550928,Thymbrara/Thybarna?,settlement,pin,38.48254,28.25986,-550,-330,0,153.1,https://pleiades.stoa.org/places/550928,
pl-609399,Hasanlar,settlement,pin,39.25715,29.18125,-30,640,0,153.1,https://pleiades.stoa.org/places/609399,
pl-551913,Untitled,bridge,pin,38.54333,28.28962,-30,300,0,153.2,https://pleiades.stoa.org/places/551913,
pl-553427,Untitled,tumulus,pin,38.49736,28.26054,-750,-330,0,153.7,https://pleiades.stoa.org/places/553427,
pl-638885,Kadyanda,settlement,pin,36.71674,29.23548,-550,300,0,153.8,https://pleiades.stoa.org/places/638885,
pl-222346702,theater of Nysa,theatre,pin,37.90369,28.14536,-330,300,0,153.8,https://pleiades.stoa.org/places/222346702,
pl-599832,Nysa/Athymbra,settlement,pin,37.90340,28.14500,-550,640,0,153.9,https://pleiades.stoa.org/places/599832,
pl-694921066,library at Nysa on the Maeander,architecturalcomplex,pin,37.90268,28.14350,,,0,154.0,https://pleiades.stoa.org/places/694921066,
pl-609397,Hadrianoupolis,settlement,pin,38.22617,31.63962,-30,640,0,154.2,https://pleiades.stoa.org/places/609397,
pl-638965,Lycia,"region, label",pin,36.63412,29.57514,-550,640,0,154.3,https://pleiades.stoa.org/places/638965,
pl-599521,Aroma,settlement,pin,37.91223,28.13832,-30,300,0,154.4,https://pleiades.stoa.org/places/599521,
pl-162102558,Krollenoi,"settlement, settlement-modern, people",pin,39.17901,28.94747,-30,2099,0,155.1,https://pleiades.stoa.org/places/162102558,
pl-609469,"Meter Theon 2, T.",temple-2,pin,39.35265,30.35966,-30,300,0,155.4,https://pleiades.stoa.org/places/609469,
pl-638923,Kitanaura,settlement,pin,36.64686,30.36532,-330,640,0,155.6,https://pleiades.stoa.org/places/638923,
pl-638818,Daidala (mountain),"mountain, label",pin,36.78313,29.00784,-30,640,0,156.0,https://pleiades.stoa.org/places/638818,
pl-197122590,Unnamed fortification,"fort-2, fort",pin,36.59293,29.92676,,,0,156.2,https://pleiades.stoa.org/places/197122590,
pl-68843864,Lycian League,league,wash,36.61622,29.57089,,,0,156.3,https://pleiades.stoa.org/places/68843864,
pl-609550,Temnos (mountain),"mountain, label",pin,39.09627,28.77688,-330,300,0,156.4,https://pleiades.stoa.org/places/609550,
pl-497538154,Eflatun Pınar,spring,pin,37.82550,31.67458,-2000,2100,0,156.4,https://pleiades.stoa.org/places/497538154,
pl-639014,Oktapolis,settlement,pin,36.81535,28.93001,-30,300,0,156.5,https://pleiades.stoa.org/places/639014,
pl-550869,Satala,settlement,pin,38.57920,28.26747,-30,640,0,156.6,https://pleiades.stoa.org/places/550869,
pl-550956,"Zeus Antigonios, T.",sanctuary,pin,38.98167,28.61225,-30,300,0,156.7,https://pleiades.stoa.org/places/550956,
pl-599758,Leimon,settlement,pin,37.92652,28.11000,-30,300,0,156.8,https://pleiades.stoa.org/places/599758,
pl-609305,Ancyra (Phrygia),"fortified-settlement, ruin, settlement",pin,39.15334,28.86400,-30,2099,0,156.8,https://pleiades.stoa.org/places/609305,
pl-609375,Erten,settlement,pin,39.20955,30.82620,-30,640,0,156.8,https://pleiades.stoa.org/places/609375,
pl-638985,*Marmara?,settlement,pin,36.66124,30.47823,-330,-30,0,157.0,https://pleiades.stoa.org/places/638985,
pl-609449,Lalandos,settlement,pin,39.06347,31.08326,-30,300,0,157.0,https://pleiades.stoa.org/places/609449,
pl-550641,Kilbianoi (Kato),"label, people",pin,38.14526,28.10960,-30,300,0,157.4,https://pleiades.stoa.org/places/550641,
pl-609287,Abboukome/Apokome,labeled feature,wash,39.25000,30.75000,-30,640,0,157.4,https://pleiades.stoa.org/places/609287,
pl-380702854,Cilbian Plain,plain,wash,38.14526,28.10960,-30,2100,0,157.4,https://pleiades.stoa.org/places/380702854,
pl-609444,Kotiaeion,settlement,pin,39.41815,29.98451,-1750,2000,0,157.6,https://pleiades.stoa.org/places/609444,
pl-614844,Syreanos,"unlocated, sanctuary",wash,39.38608,30.31044,-30,300,0,158.0,https://pleiades.stoa.org/places/614844,
pl-609371,Eiokome,settlement,pin,39.38608,30.31044,-30,300,0,158.0,https://pleiades.stoa.org/places/609371,
pl-599472,Acharaka,settlement,pin,37.88283,28.09752,-330,1999,0,158.2,https://pleiades.stoa.org/places/599472,
pl-599801,*Mobolla,settlement,pin,37.22485,28.38129,-330,640,0,158.3,https://pleiades.stoa.org/places/599801,
pl-609333,*Azareis/*Ezareis,settlement,pin,38.35393,31.65832,-30,300,0,158.7,https://pleiades.stoa.org/places/609333,
pl-550731,Meloukome,settlement,pin,38.54757,28.22299,-30,300,0,158.8,https://pleiades.stoa.org/places/550731,
pl-609531,*Skodrena,settlement,pin,39.23752,28.98300,-30,640,0,159.1,https://pleiades.stoa.org/places/609531,
pl-612315,9,spring,pin,39.34258,29.25896,300,640,0,159.2,https://pleiades.stoa.org/places/612315,
pl-550775,Nikaia,settlement,pin,38.16190,28.08843,-30,640,0,159.5,https://pleiades.stoa.org/places/550775,
pl-639167,Xanthos/Sirbis (river),river,pin,36.61330,29.41294,-1600,2100,0,159.7,https://pleiades.stoa.org/places/639167,
pl-609508,*Pontanena,settlement,pin,39.35226,30.52680,-30,300,0,159.8,https://pleiades.stoa.org/places/609508,
pl-638817,Daidala,settlement,pin,36.75175,28.97686,-330,300,0,160.4,https://pleiades.stoa.org/places/638817,
pl-599614,Euhippe,settlement,pin,37.78760,28.08663,-330,300,0,160.4,https://pleiades.stoa.org/places/599614,
pl-609557,Tiberioupolis?,settlement,pin,39.37462,29.32414,-30,640,0,160.7,https://pleiades.stoa.org/places/609557,
pl-550515,Dios Hieron,settlement,pin,38.22765,28.08325,-30,1599,0,160.9,https://pleiades.stoa.org/places/550515,
pl-638890,Kallimache,settlement,pin,36.75632,28.94678,-30,640,0,161.3,https://pleiades.stoa.org/places/638890,
pl-639497,Aspendos aqueduct,aqueduct,pin,36.94510,31.16789,-30,300,0,161.3,https://pleiades.stoa.org/places/639497,
pl-550937,Tmolus (mountain),mountain,pin,38.32374,28.10161,-750,2100,0,161.4,https://pleiades.stoa.org/places/550937,
pl-609320,Arginousa,label,pin,39.39371,30.43151,-550,300,0,161.5,https://pleiades.stoa.org/places/609320,
pl-137556138,Bouleuterion at Aspendos,"ruin, architecturalcomplex",pin,36.94055,31.16899,-30,300,0,161.7,https://pleiades.stoa.org/places/137556138,
pl-635996570,Market Hall at Aspendos,building,pin,36.93979,31.16823,,,0,161.7,https://pleiades.stoa.org/places/635996570,
pl-638776,Aspendos/Primoupolis,"settlement, archaeological-site",pin,36.94037,31.16970,-750,2099,0,161.8,https://pleiades.stoa.org/places/638776,
pl-600985975,Basilica at Aspendos,basilica,pin,36.94029,31.16969,-30,300,0,161.8,https://pleiades.stoa.org/places/600985975,
pl-439693240,Roman theater of Aspendos,theatre,pin,36.93897,31.17225,-30,2099,0,162.0,https://pleiades.stoa.org/places/439693240,
pl-638932,*Komba,settlement,pin,36.55127,29.66936,-30,640,0,162.1,https://pleiades.stoa.org/places/638932,
pl-599625,Gerga/Leukai Stelai?,settlement,pin,37.51858,28.14815,-550,300,0,162.3,https://pleiades.stoa.org/places/599625,
pl-599534,Astragon,settlement,pin,37.38172,28.21749,-330,-30,0,162.4,https://pleiades.stoa.org/places/599534,
pl-599796,Mes(s)ogis M.,"mountain, label",pin,38.03724,28.04344,-550,300,0,162.4,https://pleiades.stoa.org/places/599796,
pl-638865,Idebessos,"settlement, archaeological-site",pin,36.55498,30.20300,-30,640,0,162.6,https://pleiades.stoa.org/places/638865,
pl-6521693551211800,Unnamed Place,bridge,pin,36.93550,31.18000,,,0,162.8,https://pleiades.stoa.org/places/6521693551211800,
pl-640248,Untitled,bridge,pin,36.91423,31.16300,-30,300,0,163.5,https://pleiades.stoa.org/places/640248,
pl-640251,Bridge at Aspendos,bridge,pin,36.91433,31.16304,-30,1923,0,163.5,https://pleiades.stoa.org/places/640251,
pl-638997,*Mistea/*Klaudiokaisareia,settlement,pin,37.67911,31.72808,-330,640,0,163.8,https://pleiades.stoa.org/places/638997,
pl-599737,Kyllandos,settlement,pin,37.06765,28.44225,-550,-30,0,164.2,https://pleiades.stoa.org/places/599737,
pl-609423,Karmeios? (river),river,wash,38.25000,31.75000,-30,300,0,164.2,https://pleiades.stoa.org/places/609423,
pl-638951,Kynosarion,settlement,pin,36.86254,31.10271,-30,300,0,164.3,https://pleiades.stoa.org/places/638951,
pl-638935,*Korma,settlement,pin,36.55310,30.30031,-30,300,0,164.4,https://pleiades.stoa.org/places/638935,
pl-638992,*Melanoscope (island),island,pin,36.72664,28.94093,-30,2100,0,164.4,https://pleiades.stoa.org/places/638992,
pl-638777,Aspis (island),"island, label",pin,36.69540,29.00871,-30,2099,0,164.5,https://pleiades.stoa.org/places/638777,
pl-609468,"Meter Theon 1, T.",temple-2,pin,39.43306,30.39443,-30,300,0,164.8,https://pleiades.stoa.org/places/609468,
pl-609562,Türkmen Baba,church,pin,39.43241,30.40629,300,640,0,165.0,https://pleiades.stoa.org/places/609562,
pl-599722,Koliorga,settlement,pin,37.34963,28.20273,-330,-30,0,165.1,https://pleiades.stoa.org/places/599722,
pl-638976,Macris/Makra (island),island,pin,36.65046,29.10127,-330,2100,0,165.3,https://pleiades.stoa.org/places/638976,
pl-609414,Ilıca,church,pin,39.48644,30.01893,300,640,0,165.3,https://pleiades.stoa.org/places/609414,
pl-638770,Arykanda,settlement,pin,36.51460,30.05886,-750,640,0,165.5,https://pleiades.stoa.org/places/638770,
pl-638838,Euxine,settlement,pin,36.83733,28.71575,-330,-30,0,165.5,https://pleiades.stoa.org/places/638838,
pl-638866,Idyros?,settlement,pin,36.60261,30.55981,-550,-30,0,165.5,https://pleiades.stoa.org/places/638866,
pl-727686421,Theater at Arykanda,theatre,pin,36.51431,30.05996,-30,300,0,165.5,https://pleiades.stoa.org/places/727686421,
pl-638736,Akalissos,"settlement, archaeological-site",pin,36.53008,30.22044,-30,2099,0,165.6,https://pleiades.stoa.org/places/638736,
pl-638769,Arykanda,settlement,pin,36.51359,30.05868,-330,640,0,165.6,https://pleiades.stoa.org/places/638769,
pl-990568323,Roman theater at Tlos,theatre,pin,36.55230,29.42256,-30,300,0,166.0,https://pleiades.stoa.org/places/990568323,
pl-639147,Tlos,settlement,pin,36.55326,29.42051,-1600,2099,0,166.0,https://pleiades.stoa.org/places/639147,
pl-599681,Kallipolis,settlement,pin,37.03245,28.45360,-550,300,0,166.0,https://pleiades.stoa.org/places/599681,
pl-638821,Didymae (islands),"archipelago, island",pin,36.66914,29.03282,-30,2100,0,166.1,https://pleiades.stoa.org/places/638821,
pl-639025,Orondeis,label,pin,37.83661,31.79274,-330,300,0,166.5,https://pleiades.stoa.org/places/639025,
pl-609302,Amorion,settlement,pin,39.02018,31.29556,-330,640,0,166.5,https://pleiades.stoa.org/places/609302,
pl-553425,Untitled,tumulus,wash,38.75000,28.25000,-750,-330,0,166.6,https://pleiades.stoa.org/places/553425,
pl-553426,Untitled,tumulus,wash,38.75000,28.25000,-750,-330,0,166.6,https://pleiades.stoa.org/places/553426,
pl-599841,*Oula,settlement,pin,37.10105,28.37414,-550,-30,0,166.6,https://pleiades.stoa.org/places/599841,
pl-550583,Hyllos (river),river,wash,38.75000,28.25000,-30,300,0,166.6,https://pleiades.stoa.org/places/550583,
pl-550647,Kissos? (river),river,wash,38.75000,28.25000,-30,300,0,166.6,https://pleiades.stoa.org/places/550647,
pl-550495,Charax/Charakipolis,unknown,wash,38.75000,28.25000,-30,300,0,166.6,https://pleiades.stoa.org/places/550495,
pl-600239,Untitled,aqueduct,wash,37.25000,28.25000,300,640,0,166.6,https://pleiades.stoa.org/places/600239,
pl-638739,Alina? (island),"island, settlement",pin,36.70454,28.93401,-330,2100,0,166.8,https://pleiades.stoa.org/places/638739,
pl-639135,Telmessias Pr.,cape,pin,36.64400,29.07900,-330,2100,0,166.8,https://pleiades.stoa.org/places/639135,
pl-638847,Güğercinlik,fort,pin,36.91126,31.21544,-330,-30,0,166.9,https://pleiades.stoa.org/places/638847,
pl-638891,Kalynda,settlement,pin,36.75065,28.83586,-550,2099,0,167.0,https://pleiades.stoa.org/places/638891,
pl-609296,[Akrokos],fort,pin,39.41205,29.23390,300,640,0,167.2,https://pleiades.stoa.org/places/609296,
pl-609372,Elaphoeis (mountain),"mountain, label",pin,39.44901,30.42282,-550,300,0,167.2,https://pleiades.stoa.org/places/609372,
pl-599962,Tendeba,settlement,pin,37.27711,28.22103,-330,-30,0,167.3,https://pleiades.stoa.org/places/599962,
pl-638887,*Kaklouma,settlement,pin,37.34697,31.62535,-30,300,0,167.4,https://pleiades.stoa.org/places/638887,
pl-550939,Torrebia L.,lake,pin,38.31551,28.02759,-30,2100,0,167.5,https://pleiades.stoa.org/places/550939,
pl-599892,Pisye,settlement,pin,37.18655,28.28723,-330,640,0,167.5,https://pleiades.stoa.org/places/599892,
pl-609337,Bağlıca,settlement,pin,39.15576,31.13123,-30,640,0,167.5,https://pleiades.stoa.org/places/609337,
pl-652389977,Village of the Kardakoi,settlement,wash,36.62214,29.11415,-330,-30,0,167.7,https://pleiades.stoa.org/places/652389977,
pl-638903,Karysis? (island),island,pin,36.69707,28.92668,-330,2100,0,167.8,https://pleiades.stoa.org/places/638903,
pl-639018,Olympus/Phoinikous M.,"mountain, label",pin,36.54476,30.42846,-330,300,0,168.0,https://pleiades.stoa.org/places/639018,
pl-639137,Telmessos,"settlement, settlement-modern",pin,36.62090,29.10577,-550,2100,0,168.1,https://pleiades.stoa.org/places/639137,
pl-914390081,Theater 2 (Telmessos),"ruin, theatre",pin,36.61899,29.11187,,,0,168.1,https://pleiades.stoa.org/places/914390081,
pl-458747378,Theater 1 (Telmessos),theatre,pin,36.62093,29.10581,-330,300,0,168.1,https://pleiades.stoa.org/places/458747378,
pl-638740,Aloanda?,settlement,pin,36.56606,29.27309,-30,300,0,168.3,https://pleiades.stoa.org/places/638740,
pl-609438,Knepelaos,spring,pin,39.04694,31.30448,-30,300,0,169.1,https://pleiades.stoa.org/places/609438,
pl-550601,Iulia Gordos/*Porotta?,settlement,pin,38.87670,28.31421,-330,640,0,169.4,https://pleiades.stoa.org/places/550601,
pl-638741,Amblada,settlement,pin,37.51858,31.73863,-330,640,0,169.5,https://pleiades.stoa.org/places/638741,
pl-638732,Ağva,settlement,pin,36.56102,30.55353,-550,-30,0,169.6,https://pleiades.stoa.org/places/638732,
pl-638889,Kalbis (river),river,pin,36.84230,28.63526,-330,2100,0,169.6,https://pleiades.stoa.org/places/638889,
pl-638844,Glaukos/Telmessicus Sinus,water-open,pin,36.65966,28.96367,-330,2100,0,169.8,https://pleiades.stoa.org/places/638844,
pl-599666,Idyma,settlement,pin,37.05944,28.36732,-550,300,0,169.9,https://pleiades.stoa.org/places/599666,
pl-550794,Pactolus (river),river,pin,38.49163,28.05784,-550,2100,0,170.1,https://pleiades.stoa.org/places/550794,
pl-638947,Krya,settlement,pin,36.69751,28.86861,-550,300,0,170.4,https://pleiades.stoa.org/places/638947,
pl-639133,Telandros,settlement,pin,36.67454,28.91627,-550,300,0,170.4,https://pleiades.stoa.org/places/639133,
pl-599972,Thera,settlement,pin,37.13948,28.28712,-550,300,0,170.4,https://pleiades.stoa.org/places/599972,
pl-639132,Telandria (island),island,pin,36.67093,28.92129,-550,2100,0,170.6,https://pleiades.stoa.org/places/639132,
pl-745265253,Çine Tepecik Höyük,"settlement, archaeological-site, tell",pin,37.60943,28.01223,-2000,2099,0,170.7,https://pleiades.stoa.org/places/745265253,
pl-550508,Daldis (*Phlabiokaisareia),settlement,pin,38.66840,28.14260,-30,640,0,170.7,https://pleiades.stoa.org/places/550508,
pl-639114,*Solyma?,settlement,pin,36.52477,30.45407,-330,-30,0,170.8,https://pleiades.stoa.org/places/639114,
pl-638869,Imbros (mountain),mountain,pin,36.85000,28.60000,-30,2100,0,171.0,https://pleiades.stoa.org/places/638869,
pl-609429,Kayser Kale,fort,pin,39.51136,30.27882,300,640,0,171.0,https://pleiades.stoa.org/places/609429,
pl-599665,Idrias,"region, label",pin,37.34153,28.12977,-550,-330,0,171.2,https://pleiades.stoa.org/places/599665,
pl-550865,Saouenda,settlement,pin,38.09807,27.94457,-30,300,0,171.4,https://pleiades.stoa.org/places/550865,
pl-638786,Axon (river),river,wash,36.75000,28.75000,-30,2099,0,171.4,https://pleiades.stoa.org/places/638786,
pl-639044,Pedalion Pr.,cape,wash,36.75000,28.75000,-30,2100,0,171.4,https://pleiades.stoa.org/places/639044,
pl-612316,Unnamed iron mine,mine-2,wash,39.25000,28.75000,-30,300,0,171.4,https://pleiades.stoa.org/places/612316,
pl-612317,Unnamed road station,station,wash,39.25000,28.75000,-30,640,0,171.4,https://pleiades.stoa.org/places/612317,
pl-550867, Sardis/Hyde?,settlement,pin,38.48831,28.04029,-1750,2000,0,171.5,https://pleiades.stoa.org/places/550867,
pl-250091861,Bath-Gymnasium Complex at Sardis,"synagogue, gymnasium, palaistra, bath",pin,38.48869,28.04016,-30,300,0,171.5,https://pleiades.stoa.org/places/250091861,
pl-639040,Pasanda,settlement,pin,36.78107,28.69288,-550,300,0,171.6,https://pleiades.stoa.org/places/639040,
pl-638764,Arsada,settlement,pin,36.50207,29.41097,-330,300,0,171.7,https://pleiades.stoa.org/places/638764,
pl-638796,Caunus,"settlement, archaeological-site",pin,36.82529,28.62208,-550,1999,0,171.7,https://pleiades.stoa.org/places/638796,
pl-550585,Hypaipa,settlement,pin,38.24846,27.96291,-330,640,0,171.7,https://pleiades.stoa.org/places/550585,
pl-66376536,Temple of Artemis at Sardis,temple-2,pin,38.47977,28.03117,-550,2100,0,171.9,https://pleiades.stoa.org/places/66376536,
pl-609492,Palox?,settlement,pin,39.51463,29.48427,-30,640,0,172.0,https://pleiades.stoa.org/places/609492,
pl-639084,Ropisa (island),island,pin,36.66288,28.89892,-30,2100,0,172.3,https://pleiades.stoa.org/places/639084,
pl-550866,Sardianon Pedion,"plain, label",pin,38.55750,28.05799,-330,300,0,172.6,https://pleiades.stoa.org/places/550866,
pl-609374,Epikteteis,"region, label",pin,39.54549,30.14772,-330,300,0,172.9,https://pleiades.stoa.org/places/609374,
pl-638926,Klimax,pass,pin,36.52840,30.55160,-330,300,0,173.0,https://pleiades.stoa.org/places/638926,
pl-550441,"Apollo Karios, T.",sanctuary,pin,38.27205,27.95281,-550,-330,0,173.0,https://pleiades.stoa.org/places/550441,
pl-550452,Arilla,settlement,pin,38.62777,28.08645,-30,300,0,173.3,https://pleiades.stoa.org/places/550452,
pl-638900,Karmylessos?,"settlement, archaeological-site",pin,36.57437,29.09024,-330,300,0,173.4,https://pleiades.stoa.org/places/638900,
pl-639051,Phaselis,settlement,pin,36.52349,30.55217,-750,640,0,173.5,https://pleiades.stoa.org/places/639051,
pl-599479,Alabanda/Antiocheia Chrysaoron,settlement,pin,37.59699,27.98297,-550,640,0,173.5,https://pleiades.stoa.org/places/599479,
pl-574081707,Greek theater at Alabanda,theatre,pin,37.59196,27.98535,-550,300,0,173.5,https://pleiades.stoa.org/places/574081707,
pl-638763,Arneai,settlement,pin,36.43413,29.86433,-30,640,0,173.8,https://pleiades.stoa.org/places/638763,
pl-599574,Chrysaoris,settlement,pin,37.34242,28.09667,-550,-330,0,173.8,https://pleiades.stoa.org/places/599574,
pl-638902,Karpasyanda?,settlement,pin,36.81180,28.60399,-550,-30,0,173.9,https://pleiades.stoa.org/places/638902,
pl-599564,Caria (region),"region, label",pin,37.43708,28.04488,-750,640,0,173.9,https://pleiades.stoa.org/places/599564,
pl-550428,Alyattes Tumulus,tumulus,pin,38.57239,28.04515,-750,-330,0,174.2,https://pleiades.stoa.org/places/550428,
pl-609481,Mysoi Abbaeitai,"region, label, people",pin,39.17581,28.58111,-330,300,0,174.2,https://pleiades.stoa.org/places/609481,
pl-639010,Nisa,settlement,pin,36.44190,29.62962,-330,640,0,174.6,https://pleiades.stoa.org/places/639010,
pl-638747,Antikragos (mountain),mountain,pin,36.52833,29.18500,-330,2100,0,174.9,https://pleiades.stoa.org/places/638747,
pl-638832,Etenna,settlement,pin,36.99730,31.44275,-330,640,0,174.9,https://pleiades.stoa.org/places/638832,
pl-638963,Lissa,settlement,pin,36.66425,28.83914,-330,300,0,174.9,https://pleiades.stoa.org/places/638963,
pl-599633,Hacıbayramlar,tumulus,pin,37.41779,28.04186,-750,-550,0,174.9,https://pleiades.stoa.org/places/599633,
pl-136644163,Seyitömer Höyük,settlement,pin,39.58101,29.86369,-3000,2099,0,175.5,https://pleiades.stoa.org/places/136644163,
pl-599721,*Kleimaka,settlement,pin,38.05058,27.89373,-30,300,0,175.6,https://pleiades.stoa.org/places/599721,
pl-599646,Hierakome,"settlement, sanctuary",pin,37.38957,28.04462,-330,300,0,175.9,https://pleiades.stoa.org/places/599646,
pl-599619,Ferek,settlement,pin,37.01694,28.32148,-330,-30,0,176.0,https://pleiades.stoa.org/places/599619,
pl-638956,Lebissos (island),island,pin,36.55390,29.06981,300,2100,0,176.2,https://pleiades.stoa.org/places/638956,
pl-638987,Masikytos (mountain),mountain,pin,36.41438,29.99867,-330,2100,0,176.2,https://pleiades.stoa.org/places/638987,
pl-609422,Kalabak,temple,pin,39.53433,30.42012,-30,300,0,176.3,https://pleiades.stoa.org/places/609422,
pl-638771,Arymaxa,settlement,pin,36.63993,28.85599,-30,300,0,176.4,https://pleiades.stoa.org/places/638771,
pl-639122,Süller Kale,fort,pin,37.22114,31.65756,-330,300,0,176.4,https://pleiades.stoa.org/places/639122,
pl-599717,Kırtepe,tumulus,pin,38.11116,27.88828,-330,-30,0,176.4,https://pleiades.stoa.org/places/599717,
pl-639058,Pinara,"settlement, theatre",pin,36.49381,29.25204,-550,640,0,176.5,https://pleiades.stoa.org/places/639058,
pl-550605,*Kaira,settlement,pin,38.08904,27.88383,-330,-30,0,176.6,https://pleiades.stoa.org/places/550605,
pl-609484,Nakoleia,settlement,pin,39.45836,30.70723,-30,640,0,176.6,https://pleiades.stoa.org/places/609484,
pl-599747,Lagina,"settlement, archaeological-site",pin,37.37815,28.03948,-330,300,0,176.8,https://pleiades.stoa.org/places/599747,
pl-376215160,Hekateion,temple-2,pin,37.37854,28.03948,-330,2100,0,176.8,https://pleiades.stoa.org/places/376215160,
pl-638950,Kymaria?,settlement,pin,36.75244,28.63350,-30,640,0,177.3,https://pleiades.stoa.org/places/638950,
pl-639038,Pappa/Tiberiopolis,settlement,pin,37.90423,31.92340,-30,640,0,177.3,https://pleiades.stoa.org/places/639038,
pl-639043,*Pedaia,settlement,pin,37.63461,31.87366,-30,300,0,177.3,https://pleiades.stoa.org/places/639043,
pl-550485,Bin Tepe,tumulus,pin,38.57249,28.00801,-750,-30,0,177.3,https://pleiades.stoa.org/places/550485,
pl-599914,Pyrnos,settlement,pin,36.88501,28.44553,-550,300,0,177.5,https://pleiades.stoa.org/places/599914,
pl-599853,*Panamara,"ruin, sanctuary",pin,37.25053,28.10609,-330,300,0,177.6,https://pleiades.stoa.org/places/599853,
pl-550557,Gyges Tumulus,tumulus,pin,38.58017,28.00703,-750,-330,0,177.7,https://pleiades.stoa.org/places/550557,
pl-638907,Katenneis,label,pin,37.04097,31.52953,-330,300,0,177.9,https://pleiades.stoa.org/places/638907,
pl-599947,Stratonikeia,settlement,pin,37.31371,28.06185,-330,640,0,177.9,https://pleiades.stoa.org/places/599947,
pl-638766,Artemision? Pr.,cape,pin,36.65281,28.79438,-330,2100,0,178.1,https://pleiades.stoa.org/places/638766,
pl-609564,Tyr(i)aion?,"wall-2, settlement, fort",pin,38.28255,31.90430,-550,640,0,178.1,https://pleiades.stoa.org/places/609564,
pl-550815,Person Exedra,fort,pin,38.28225,27.89475,-750,-330,0,178.2,https://pleiades.stoa.org/places/550815,
pl-639061,Pisilis/Panormos?,settlement,pin,36.70300,28.69790,-330,640,0,178.3,https://pleiades.stoa.org/places/639061,
pl-638968,Lydai,settlement,pin,36.61469,28.85756,-30,300,0,178.8,https://pleiades.stoa.org/places/638968,
pl-609288,*Abouadeineita,settlement,pin,39.52895,30.54233,-30,300,0,178.8,https://pleiades.stoa.org/places/609288,
pl-550556,Gygaia/Koloe/Talaimenis (lake),lake,pin,38.61880,28.01069,-750,2100,0,179.0,https://pleiades.stoa.org/places/550556,
pl-551910,Unnamed bridge,bridge,pin,38.53919,27.96944,-30,1918,0,179.2,https://pleiades.stoa.org/places/551910,
pl-599566,‘Cedreaticum’ Sinus,"water-open, bay",pin,37.02730,28.26456,-30,2099,0,179.2,https://pleiades.stoa.org/places/599566,
pl-609524,*Selmena,settlement,pin,38.69396,31.75041,-30,640,0,179.2,https://pleiades.stoa.org/places/609524,
pl-638767,Artymnissos/Perdikiai,settlement,pin,36.50293,29.12957,-330,300,0,179.3,https://pleiades.stoa.org/places/638767,
pl-638856,Hephaistion,temple,pin,36.44628,30.46248,-550,300,0,179.3,https://pleiades.stoa.org/places/638856,
pl-599749,Larisa,settlement,pin,37.90554,27.85355,-30,300,0,179.3,https://pleiades.stoa.org/places/599749,
pl-609554,*Thermae Privatae,bath,pin,39.55207,30.46633,-30,300,0,179.3,https://pleiades.stoa.org/places/609554,
pl-639062,Plakoma,settlement,pin,36.38342,29.96511,300,640,0,179.5,https://pleiades.stoa.org/places/639062,
pl-609448,*Lageina,settlement,pin,38.28121,31.92042,-30,300,0,179.5,https://pleiades.stoa.org/places/609448,
pl-638831,Erymna,settlement,pin,37.07340,31.58409,-30,640,0,179.7,https://pleiades.stoa.org/places/638831,
pl-599639,Hayıtlı,settlement,pin,37.04306,28.24334,-330,300,0,179.7,https://pleiades.stoa.org/places/599639,
pl-609525,*Sereana,settlement,pin,39.53457,30.56447,-30,300,0,180.0,https://pleiades.stoa.org/places/609525,
pl-639099,Seleukeia,settlement,pin,36.85207,31.35470,-330,640,0,180.1,https://pleiades.stoa.org/places/639099,
pl-638815,Cypriae (islands),"archipelago, label, island",pin,36.45940,30.54899,-30,2100,0,180.2,https://pleiades.stoa.org/places/638815,
pl-638922,Kissidai? Pr.,cape,pin,36.53333,29.01667,-30,2100,0,180.2,https://pleiades.stoa.org/places/638922,
pl-638945,Krasos Pr.,cape,pin,36.70000,28.66667,-550,2100,0,180.2,https://pleiades.stoa.org/places/638945,
pl-609582,"Zeus Bronton 3, T.",temple-2,pin,39.56861,30.44027,-30,300,0,180.4,https://pleiades.stoa.org/places/609582,
pl-55405152,Tralles ancient theater,theatre,pin,37.86764,27.84398,,,0,180.4,https://pleiades.stoa.org/places/55405152,
pl-638939,Korykos,settlement,pin,36.43572,30.46567,-30,640,0,180.5,https://pleiades.stoa.org/places/638939,
pl-638802,Chimaera (mountain),mountain,pin,36.43189,30.45556,-330,2100,0,180.7,https://pleiades.stoa.org/places/638802,
pl-610804,Untitled,bridge,pin,39.49062,30.73102,-30,640,0,180.7,https://pleiades.stoa.org/places/610804,
pl-599723,Koraia,settlement,pin,37.34372,28.00646,-330,-30,0,180.9,https://pleiades.stoa.org/places/599723,
pl-991381,Caria (province),province-2,wash,37.21393,28.08853,,,0,180.9,https://pleiades.stoa.org/places/991381,
pl-599682,Kallipolis,settlement,pin,36.99133,28.27229,-550,1999,0,181.1,https://pleiades.stoa.org/places/599682,
pl-609583,"Zeus Bronton Megas, T.",sanctuary,pin,39.53659,30.59574,-30,300,0,181.1,https://pleiades.stoa.org/places/609583,
pl-208943455,Untitled,tumulus,pin,38.49401,27.92505,-750,-330,0,181.2,https://pleiades.stoa.org/places/208943455,
pl-599987,Tralles/Dia/Seleuceia ad Maeandrum/Kaisareia,settlement,pin,37.85984,27.83460,-1750,2099,0,181.3,https://pleiades.stoa.org/places/599987,
pl-639045,Pedalion/Ankon (promontory),cape,pin,36.58860,28.84601,-30,2100,0,181.8,https://pleiades.stoa.org/places/639045,
pl-523291014,Rhodopolis Ancient Theater,theatre,pin,36.38744,30.26578,-30,300,0,181.8,https://pleiades.stoa.org/places/523291014,
pl-639078,Rhodia(polis),settlement,pin,36.38653,30.26670,-550,640,0,181.9,https://pleiades.stoa.org/places/639078,
pl-612309,Unnamed spring,spring,pin,39.36677,31.04634,-30,300,0,181.9,https://pleiades.stoa.org/places/612309,
pl-639154,Trogitis (lake),lake,wash,37.25000,31.75000,-30,2099,0,182.0,https://pleiades.stoa.org/places/639154,
pl-550954,Yusufdere,settlement,pin,38.20437,27.83276,-30,300,0,182.2,https://pleiades.stoa.org/places/550954,
pl-638894,Kapria L.,lake,wash,36.75000,31.25000,-30,300,0,182.2,https://pleiades.stoa.org/places/638894,
pl-639498,Untitled,aqueduct,wash,36.75000,31.25000,-30,300,0,182.2,https://pleiades.stoa.org/places/639498,
pl-15619003,Sakarya-Ebene,settlement,wash,39.25000,31.25000,1918,2000,0,182.2,https://pleiades.stoa.org/places/15619003,
pl-652243264,Obere Sakarya-Senke,settlement,wash,39.25000,31.25000,1918,2000,0,182.2,https://pleiades.stoa.org/places/652243264,
pl-609353,"Cybele, T.",temple-2,pin,39.59247,29.38542,-750,640,0,182.4,https://pleiades.stoa.org/places/609353,
pl-609459,Marlakkou Kome,settlement,pin,39.57223,30.50495,-30,300,0,182.4,https://pleiades.stoa.org/places/609459,
pl-550700,*Lora/Flaviopolis,settlement,pin,38.84647,28.11130,-30,300,0,182.5,https://pleiades.stoa.org/places/550700,
pl-609530,*Sittena?,settlement,pin,39.45711,28.93400,-30,300,0,182.5,https://pleiades.stoa.org/places/609530,
pl-609435,Klaneos?,settlement,pin,38.62342,31.83492,-30,640,0,182.8,https://pleiades.stoa.org/places/609435,
pl-639092,"S. Zion, Mon./Pharroa",church,pin,36.35191,29.93751,300,640,0,183.0,https://pleiades.stoa.org/places/639092,
pl-638937,Korydalla,settlement,pin,36.37667,30.27328,-550,640,0,183.1,https://pleiades.stoa.org/places/638937,
pl-609488,Orkistos,settlement,pin,39.25557,31.25732,-30,640,0,183.1,https://pleiades.stoa.org/places/609488,
pl-550492,Cayster (river),river,pin,38.12818,27.81225,-750,2100,0,183.2,https://pleiades.stoa.org/places/550492,
pl-610800,Untitled,bridge,pin,39.63385,30.22007,-30,640,0,183.5,https://pleiades.stoa.org/places/610800,
pl-609580,"Zeus Bronton 1, T.",temple-2,pin,39.58234,30.51633,-30,300,0,183.7,https://pleiades.stoa.org/places/609580,
pl-599927,Sarniç,settlement,pin,37.08132,28.14813,-550,-30,0,184.1,https://pleiades.stoa.org/places/599927,
pl-208943456,Untitled,tumulus,pin,38.13571,27.80172,-750,-330,0,184.2,https://pleiades.stoa.org/places/208943456,
pl-599773,Lobolda,settlement,pin,37.29324,27.99391,-330,-30,0,184.3,https://pleiades.stoa.org/places/599773,
pl-550909,*Tempsis,settlement,pin,38.32181,27.83097,-30,300,0,184.5,https://pleiades.stoa.org/places/550909,
pl-550936,Tmolos/Aureliopolis,settlement,pin,38.47624,27.87778,-30,640,0,184.6,https://pleiades.stoa.org/places/550936,
pl-638830,Emeriye,fort,pin,37.17227,31.73227,-30,300,0,184.7,https://pleiades.stoa.org/places/638830,
pl-638899,Karkabo,settlement,pin,36.33834,30.01832,300,640,0,184.7,https://pleiades.stoa.org/places/638899,
pl-638855,Hemalissoi,settlement,pin,36.33655,29.98134,300,640,0,184.8,https://pleiades.stoa.org/places/638855,
pl-552679,Sardis-Thyateira Road,"findspot, road",pin,38.62200,27.93800,-30,640,0,185.0,https://pleiades.stoa.org/places/552679,
pl-638820,Dereağzı,"city-wall, settlement",pin,36.33479,29.81511,-330,640,0,185.0,https://pleiades.stoa.org/places/638820,
pl-599592,Dideiphyta,settlement,pin,38.09658,27.78862,-30,640,0,185.0,https://pleiades.stoa.org/places/599592,
pl-550589,*Hyssa,settlement,pin,39.02707,28.23467,-30,300,0,185.0,https://pleiades.stoa.org/places/550589,
pl-639017,Olympus/Hadrianopolis,settlement,pin,36.39526,30.47336,-330,640,0,185.1,https://pleiades.stoa.org/places/639017,
pl-640246,Limyra Bridge,bridge,pin,36.35093,30.21186,-30,2100,0,185.1,https://pleiades.stoa.org/places/640246,
pl-144648290,Tomb (heroon) of King Perikles of Lycia,tomb,pin,36.34627,30.17287,-550,-330,0,185.1,https://pleiades.stoa.org/places/144648290,
pl-492936253,Theater at Limyra,unknown,pin,36.34300,30.17047,-330,640,0,185.4,https://pleiades.stoa.org/places/492936253,
pl-638762,Arnabanda,settlement,pin,36.32843,29.91431,300,640,0,185.5,https://pleiades.stoa.org/places/638762,
pl-599702,Kedreai,settlement,pin,36.99304,28.20680,-550,300,0,185.5,https://pleiades.stoa.org/places/599702,
pl-638961,Limyra,"settlement, archaeological-site",pin,36.34183,30.17006,-330,640,0,185.6,https://pleiades.stoa.org/places/638961,
pl-639028,Ouasada,settlement,pin,37.49524,31.92440,-330,640,0,185.7,https://pleiades.stoa.org/places/639028,
pl-550584,Hyllos (river),river,pin,38.76672,28.01356,-750,2099,0,185.7,https://pleiades.stoa.org/places/550584,
pl-886756147,Kaymakçı,settlement,pin,38.62369,27.92981,-1650,2000,0,185.7,https://pleiades.stoa.org/places/886756147,
pl-609322,Ariste?,settlement,pin,39.44873,28.83512,-30,640,0,185.8,https://pleiades.stoa.org/places/609322,
pl-638801,Chimaira,valley,pin,36.42525,29.17608,-550,1999,0,185.9,https://pleiades.stoa.org/places/638801,
pl-638886,Kagrai,settlement,pin,37.19280,31.76220,-30,640,0,185.9,https://pleiades.stoa.org/places/638886,
pl-599617,Euthenai,settlement,pin,36.93597,28.25942,-330,1999,0,185.9,https://pleiades.stoa.org/places/599617,
pl-639148,Tragalassos,settlement,pin,36.32496,29.96158,300,640,0,186.0,https://pleiades.stoa.org/places/639148,
pl-6521703251216369,Unnamed Place,bridge,pin,37.03250,31.63690,,,0,186.0,https://pleiades.stoa.org/places/6521703251216369,
pl-638970,Lyrbe?,settlement,pin,36.87399,31.47592,-330,640,0,186.1,https://pleiades.stoa.org/places/638970,
pl-640252,Untitled,bridge,pin,37.03034,31.63536,-30,300,0,186.1,https://pleiades.stoa.org/places/640252,
pl-6521634051202075,Unnamed Place,bridge,pin,36.34050,30.20750,,,0,186.2,https://pleiades.stoa.org/places/6521634051202075,
pl-117729018,Seydişehir,"settlement, settlement-modern",pin,37.48490,31.92779,1400,2099,0,186.4,https://pleiades.stoa.org/places/117729018,
pl-640245,Untitled,bridge,pin,36.32030,29.81570,-30,300,0,186.6,https://pleiades.stoa.org/places/640245,
pl-599922,Rhodoussa/Ropousa (island),island,pin,36.77426,28.43825,-30,2100,0,186.7,https://pleiades.stoa.org/places/599922,
pl-638888,Kalaba(n)tia,"settlement, archaeological-site",pin,36.42937,29.13443,-30,640,0,186.8,https://pleiades.stoa.org/places/638888,
pl-638908,Kaisar (mountain),mountain,pin,36.31667,29.91667,300,2100,0,186.9,https://pleiades.stoa.org/places/638908,
pl-638993,Melas (river),river,pin,36.95597,31.57747,-30,2099,0,187.0,https://pleiades.stoa.org/places/638993,
pl-639108,Sidyma,settlement,pin,36.40956,29.19262,-330,640,0,187.1,https://pleiades.stoa.org/places/639108,
pl-638940,Kotenna,settlement,pin,37.02417,31.64789,-30,640,0,187.4,https://pleiades.stoa.org/places/638940,
pl-983828927,Theater at Alinda/Alexandria ad Latmum,theatre,pin,37.55871,27.82671,-30,300,0,187.8,https://pleiades.stoa.org/places/983828927,
pl-550938,*Tomara,settlement,pin,38.88122,28.06630,-30,300,0,187.9,https://pleiades.stoa.org/places/550938,
pl-599480,Alinda/Alexandria ad Latmum,settlement,pin,37.55863,27.82643,-550,640,0,187.9,https://pleiades.stoa.org/places/599480,
pl-334862818,Küllüoba Höyüğü,"archaeological-site, tell",pin,39.55622,30.74422,-4000,2099,0,187.9,https://pleiades.stoa.org/places/334862818,
pl-550707,*Maiboza/Iulia,settlement,pin,38.68106,27.92854,-550,300,0,188.3,https://pleiades.stoa.org/places/550707,
pl-639086,Sabandos?,settlement,pin,36.30226,29.99445,300,640,0,188.6,https://pleiades.stoa.org/places/639086,
pl-599893,*Pladasa,settlement,pin,37.08732,28.07979,-550,1999,0,188.7,https://pleiades.stoa.org/places/599893,
pl-916747330,Yalburt Hittite sanctuary,sanctuary,pin,38.45464,31.97871,-1450,-1200,0,188.7,https://pleiades.stoa.org/places/916747330,
pl-638892,Kandyba,settlement,pin,36.30943,29.66174,-30,640,0,188.8,https://pleiades.stoa.org/places/638892,
pl-599981,Thyaira,settlement,pin,38.08593,27.74412,-30,1599,0,188.8,https://pleiades.stoa.org/places/599981,
pl-199455018,Roman Theater of Side,theatre,pin,36.76797,31.39056,-30,300,0,188.9,https://pleiades.stoa.org/places/199455018,
pl-638819,Damasei?,settlement,pin,36.29873,29.98339,300,640,0,189.0,https://pleiades.stoa.org/places/638819,
pl-639105,Side,settlement,pin,36.76836,31.39216,-750,2000,0,189.0,https://pleiades.stoa.org/places/639105,
pl-199455019,Temple of Apollo (Side),sanctuary,pin,36.76424,31.38671,-30,300,0,189.0,https://pleiades.stoa.org/places/199455019,
pl-639166,Xanthos,"settlement, archaeological-site, theatre",pin,36.35710,29.32019,-550,2100,0,189.3,https://pleiades.stoa.org/places/639166,
pl-610184251,Theater at Xanthos,theatre,pin,36.35652,29.31828,-330,300,0,189.4,https://pleiades.stoa.org/places/610184251,
pl-208943454,Untitled,tumulus,pin,38.49491,27.82785,-750,-330,0,189.4,https://pleiades.stoa.org/places/208943454,
pl-610807,Untitled,bridge,pin,39.26547,31.35433,-30,640,0,189.5,https://pleiades.stoa.org/places/610807,
pl-638905,Kastellon?,settlement,pin,36.29156,29.97431,300,640,0,189.7,https://pleiades.stoa.org/places/638905,
pl-638934,*Korba,settlement,pin,36.29185,29.80687,-330,640,0,189.8,https://pleiades.stoa.org/places/638934,
pl-599888,Physkos,settlement,pin,36.86312,28.27690,-550,640,0,189.9,https://pleiades.stoa.org/places/599888,
pl-550688,*Lasnedda?,settlement,pin,38.62738,27.88025,-30,300,0,189.9,https://pleiades.stoa.org/places/550688,
pl-639006,Myros (river),river,pin,36.28781,29.91846,300,2100,0,190.1,https://pleiades.stoa.org/places/639006,
pl-599644,(H)Eudonos (river),river,wash,37.75000,27.75000,-30,300,0,190.1,https://pleiades.stoa.org/places/599644,
pl-599789,Marsyas (river),river,wash,37.75000,27.75000,-550,300,0,190.1,https://pleiades.stoa.org/places/599789,
pl-550623,Karios (mountain),mountain,wash,38.25000,27.75000,-550,-330,0,190.1,https://pleiades.stoa.org/places/550623,
pl-550427,Antissa,labeled feature,wash,38.25000,27.75000,-30,300,0,190.1,https://pleiades.stoa.org/places/550427,
pl-550519,Draco (mountain),mountain,wash,38.25000,27.75000,-30,300,0,190.1,https://pleiades.stoa.org/places/550519,
pl-600237,Untitled,aqueduct,wash,37.75000,27.75000,-30,300,0,190.1,https://pleiades.stoa.org/places/600237,
pl-600238,Untitled,aqueduct,wash,37.75000,27.75000,300,640,0,190.1,https://pleiades.stoa.org/places/600238,
pl-550910,Tempsis (mountain),"mountain, label",pin,38.34014,27.76828,-30,300,0,190.2,https://pleiades.stoa.org/places/550910,
pl-599483,*Amnista,settlement,pin,36.94562,28.18520,-330,-30,0,190.2,https://pleiades.stoa.org/places/599483,
pl-609572,Zaferiye,fort,pin,38.29913,32.04054,-330,640,0,190.2,https://pleiades.stoa.org/places/609572,
pl-639056,Phoinix,settlement,pin,36.29296,30.13902,-30,640,0,190.6,https://pleiades.stoa.org/places/639056,
pl-638911,Kendema?,settlement,pin,36.28323,29.98283,300,640,0,190.7,https://pleiades.stoa.org/places/638911,
pl-638859,Hiera Akra,cape,pin,36.39701,29.10953,-330,2100,0,190.9,https://pleiades.stoa.org/places/638859,
pl-638942,Kragos (mountain),mountain,pin,36.37236,29.19363,-550,2100,0,190.9,https://pleiades.stoa.org/places/638942,
pl-638984,Manava,settlement,pin,36.78706,31.44691,300,640,0,190.9,https://pleiades.stoa.org/places/638984,
pl-638873,Ision,"archaeological-site, fort",pin,36.28260,30.03657,-330,1999,0,191.0,https://pleiades.stoa.org/places/638873,
pl-599936,"Sinuri, T.",sanctuary,pin,37.26608,27.92466,-550,-30,0,191.0,https://pleiades.stoa.org/places/599936,
pl-609323,Arra,settlement,pin,38.61636,31.93939,-30,640,0,191.1,https://pleiades.stoa.org/places/609323,
pl-609589,"Zeus Pandemos, T.",temple-2,pin,39.51344,28.85623,-30,300,0,191.2,https://pleiades.stoa.org/places/609589,
pl-550679,*Lamyana,settlement,pin,38.59744,27.84900,-30,300,0,191.3,https://pleiades.stoa.org/places/550679,
pl-550487,Boukolion,settlement,pin,38.13620,27.71473,-30,300,0,191.7,https://pleiades.stoa.org/places/550487,
pl-639150,Trebendai,settlement,pin,36.26928,29.93082,-30,640,0,192.1,https://pleiades.stoa.org/places/639150,
pl-956927191,Heroon of Trysa,shrine,pin,36.26861,29.90074,-330,2099,0,192.2,https://pleiades.stoa.org/places/956927191,
pl-639106,Siderous (promontory),cape,pin,36.33819,30.52708,-550,2099,0,192.4,https://pleiades.stoa.org/places/639106,
pl-639155,Trysa,settlement,pin,36.26597,29.88581,-550,640,0,192.5,https://pleiades.stoa.org/places/639155,
pl-638958,Letoon,"sanctuary, settlement, archaeological-site, theatre",pin,36.33171,29.28956,-330,300,0,192.7,https://pleiades.stoa.org/places/638958,
pl-242727660,Theater at Letoon,theatre,pin,36.33190,29.29007,-30,300,0,192.7,https://pleiades.stoa.org/places/242727660,
pl-981509,Asia (Roman province),province-2,wash,38.46072,27.77610,,,0,192.7,https://pleiades.stoa.org/places/981509,
pl-599745,Labraunda,"settlement, sanctuary, church",pin,37.41890,27.81999,-550,640,0,193.0,https://pleiades.stoa.org/places/599745,
pl-609294,Akören,settlement,pin,39.63744,30.64700,-30,640,0,193.1,https://pleiades.stoa.org/places/609294,
pl-639005,Myra,"settlement, archaeological-site",pin,36.25856,29.98545,-330,640,0,193.4,https://pleiades.stoa.org/places/639005,
pl-550684,Larisa,settlement,pin,38.15043,27.69759,-550,2099,0,193.4,https://pleiades.stoa.org/places/550684,
pl-638842,Gagai/Palaion Teichos,settlement,pin,36.29112,30.34520,-550,640,0,193.6,https://pleiades.stoa.org/places/638842,
pl-638949,Kydna/Pydnai,"city-wall, settlement",pin,36.33325,29.23174,-330,300,0,194.0,https://pleiades.stoa.org/places/638949,
pl-639024,*Orokenda,settlement,pin,36.86481,31.58841,-30,300,0,194.1,https://pleiades.stoa.org/places/639024,
pl-639118,Soura,settlement,pin,36.25099,29.93963,-330,300,0,194.2,https://pleiades.stoa.org/places/639118,
pl-609592,"Zeus Thimenos, T.",temple-2,pin,39.40347,28.57366,-30,300,0,194.2,https://pleiades.stoa.org/places/609592,
pl-550632,Kaystrianoi,"labeled feature, label",pin,38.16632,27.68701,-330,-30,0,194.4,https://pleiades.stoa.org/places/550632,
pl-550906,Tateikome,settlement,pin,38.44056,27.74510,-30,300,0,194.7,https://pleiades.stoa.org/places/550906,
pl-550947,Troketta,settlement,pin,38.46282,27.75334,-30,300,0,194.7,https://pleiades.stoa.org/places/550947,
pl-638835,Eunias Nemus,grove,wash,36.25000,29.75000,-30,300,0,194.7,https://pleiades.stoa.org/places/638835,
pl-639117,Sorouda,settlement,pin,36.26314,29.59015,300,640,0,194.7,https://pleiades.stoa.org/places/639117,
pl-639491,Unnamed aqueduct (Myra),aqueduct,wash,36.25000,29.75000,-30,300,0,194.7,https://pleiades.stoa.org/places/639491,
pl-609587,"Zeus Melenos, T.",temple-2,pin,39.64880,30.65955,-30,300,0,194.7,https://pleiades.stoa.org/places/609587,
pl-612307,1,numbered feature,wash,39.75000,29.75000,-30,300,0,194.7,https://pleiades.stoa.org/places/612307,
pl-638948,Kyaneai,"settlement, archaeological-site",pin,36.24643,29.81665,-330,640,0,194.8,https://pleiades.stoa.org/places/638948,
pl-150531239,Cyaneae Theater,theatre,pin,36.24602,29.81509,-30,300,0,194.8,https://pleiades.stoa.org/places/150531239,
pl-550499,*Choria,settlement,pin,38.75068,27.88522,-30,640,0,194.9,https://pleiades.stoa.org/places/550499,
pl-639002,Moron Hydor,settlement,pin,36.29976,30.46461,-30,300,0,195.1,https://pleiades.stoa.org/places/639002,
pl-599734,Kuyruklu Kale,settlement,pin,37.31099,27.83928,-550,-30,0,195.8,https://pleiades.stoa.org/places/599734,
pl-639052,Phellos,settlement,pin,36.24282,29.66224,-550,1999,0,196.2,https://pleiades.stoa.org/places/639052,
pl-639157,*Tyinda,settlement,pin,36.23720,29.73105,-330,-30,0,196.2,https://pleiades.stoa.org/places/639157,
pl-599489,Amyzon/*Mydon,settlement,pin,37.60879,27.71099,-550,640,0,196.3,https://pleiades.stoa.org/places/599489,
pl-638768,Arycandus (river),river,wash,36.25000,30.25000,-30,300,0,196.6,https://pleiades.stoa.org/places/638768,
pl-638962,Limyros (river),river,wash,36.25000,30.25000,-330,2100,0,196.6,https://pleiades.stoa.org/places/638962,
pl-639054,Phoinikous (river),river,wash,36.25000,30.25000,-330,640,0,196.6,https://pleiades.stoa.org/places/639054,
pl-639057,[Phoinix] (river),river,wash,36.25000,30.25000,300,640,0,196.6,https://pleiades.stoa.org/places/639057,
pl-639493,Untitled,aqueduct,wash,36.25000,30.25000,-30,300,0,196.6,https://pleiades.stoa.org/places/639493,
pl-609560,Trikomia?,unknown,wash,39.75000,30.25000,-30,640,0,196.6,https://pleiades.stoa.org/places/609560,
pl-609581,"Zeus Bronton 2, T.",temple-2,wash,39.75000,30.25000,-30,300,0,196.6,https://pleiades.stoa.org/places/609581,
pl-599499,Apeiros,"region, label",pin,36.88468,28.15312,-330,-30,0,196.7,https://pleiades.stoa.org/places/599499,
pl-638745,Andriake,"settlement, port",pin,36.22592,29.95551,-30,640,0,197.0,https://pleiades.stoa.org/places/638745,
pl-639053,Phoinike,settlement,pin,36.26459,29.42123,-550,300,0,197.1,https://pleiades.stoa.org/places/639053,
pl-638798,Chelidon (mountain),"mountain, label",pin,36.27258,30.43705,300,2100,0,197.4,https://pleiades.stoa.org/places/638798,
pl-639102,*Seroiata,settlement,pin,36.24315,29.54400,300,640,0,197.5,https://pleiades.stoa.org/places/639102,
pl-638874,*Istlada,"ruin, settlement",pin,36.21840,29.88776,-330,640,0,197.8,https://pleiades.stoa.org/places/638874,
pl-208943453,Untitled,tumulus,pin,38.47409,27.71810,-750,-330,0,198.0,https://pleiades.stoa.org/places/208943453,
pl-639156,Tyberissos,settlement,pin,36.21437,29.86208,-330,300,0,198.2,https://pleiades.stoa.org/places/639156,
pl-803616568,Delikkemer aqueduct,aqueduct,pin,36.26400,29.36484,-30,640,0,198.3,https://pleiades.stoa.org/places/803616568,
pl-638862,Homonadeis,people,pin,37.22964,31.95108,-330,300,0,198.7,https://pleiades.stoa.org/places/638862,
pl-599485,Amos,settlement,pin,36.75479,28.26459,-550,300,0,198.9,https://pleiades.stoa.org/places/599485,
pl-638991,Melanippion,settlement,pin,36.25188,30.40478,-550,640,0,199.0,https://pleiades.stoa.org/places/638991,
pl-453093030,City gate at Patara/Arsinoe,city-gate,pin,36.26576,29.31810,-30,640,0,199.1,https://pleiades.stoa.org/places/453093030,
pl-599481,Almoura,settlement,pin,38.09465,27.62495,-30,300,0,199.3,https://pleiades.stoa.org/places/599481,
pl-639041,Patara (mountain),mountain,pin,36.25416,29.35381,-30,2100,0,199.6,https://pleiades.stoa.org/places/639041,
pl-639042,Patara/Arsinoe,"settlement, port",pin,36.26179,29.31450,-1200,1450,0,199.6,https://pleiades.stoa.org/places/639042,
pl-609352,"Cybele, T.",temple-2,pin,39.60130,28.85835,-30,300,0,199.7,https://pleiades.stoa.org/places/609352,
pl-560120024,Bouleuterion at Patara/Arsinoe,architecturalcomplex,pin,36.26098,29.31450,-330,-30,0,199.7,https://pleiades.stoa.org/places/560120024,
pl-425943365,Theater at Patara/Arsinoe,theatre,pin,36.25989,29.31440,-30,300,0,199.8,https://pleiades.stoa.org/places/425943365,
pl-639131,*Teimioussa/Tristomon,settlement,pin,36.19773,29.84824,-330,640,0,200.1,https://pleiades.stoa.org/places/639131,
pl-599809,Mylasa,settlement,pin,37.30275,27.79024,-550,640,0,200.1,https://pleiades.stoa.org/places/599809,
pl-550397,(...)aleia?,settlement,pin,39.20570,28.19905,-330,-30,0,200.1,https://pleiades.stoa.org/places/550397,
pl-599561,Bubasius Sinus,water-open,wash,36.75000,28.25000,-30,2099,0,200.2,https://pleiades.stoa.org/places/599561,
pl-599730,Kressa,unknown,wash,36.75000,28.25000,-30,300,0,200.2,https://pleiades.stoa.org/places/599730,
pl-599929,Schoenus Sinus,water-open,wash,36.75000,28.25000,-30,1999,0,200.2,https://pleiades.stoa.org/places/599929,
pl-275382666,Mausoleum and Sacred area of Hecatomnus,"tomb, sanctuary",pin,37.31498,27.78279,-550,-30,0,200.2,https://pleiades.stoa.org/places/275382666,
pl-648800,Trogitis,lake,pin,37.33011,32.02637,-30,2100,0,200.3,https://pleiades.stoa.org/places/648800,
pl-639110,Simena,settlement,pin,36.19347,29.87056,-330,300,0,200.5,https://pleiades.stoa.org/places/639110,
pl-599707,Keramos,settlement,pin,37.04173,27.95622,-550,640,0,200.6,https://pleiades.stoa.org/places/599707,
pl-600984,Untitled,bridge,pin,37.03976,27.95228,-30,300,0,201.0,https://pleiades.stoa.org/places/600984,
pl-638749,Antiphellos/Habesos,settlement,pin,36.19997,29.63493,-550,640,0,201.1,https://pleiades.stoa.org/places/638749,
pl-161299463,Greek Theater of Antiphellos,theatre,pin,36.19997,29.63496,-330,-30,0,201.1,https://pleiades.stoa.org/places/161299463,
pl-639162,Uzunkale,fort,pin,36.76626,31.58734,-330,300,0,201.3,https://pleiades.stoa.org/places/639162,
pl-599658,*Hylimos/*Olymos,settlement,pin,37.37856,27.73558,-550,-30,0,201.5,https://pleiades.stoa.org/places/599658,
pl-638755,Apollonia,settlement,pin,36.18661,29.76437,-30,2099,0,201.6,https://pleiades.stoa.org/places/638755,
pl-599697,Kasossos,settlement,pin,37.23025,27.81249,-330,-30,0,201.6,https://pleiades.stoa.org/places/599697,
pl-638826,Dolichiste (island),island,pin,36.17974,29.87390,-330,2100,0,202.1,https://pleiades.stoa.org/places/638826,
pl-599698,Kastabos,settlement,pin,36.78759,28.17682,-330,300,0,202.1,https://pleiades.stoa.org/places/599698,
pl-599819,Naxia,settlement,pin,37.55276,27.65914,-550,-330,0,202.2,https://pleiades.stoa.org/places/599819,
pl-609561,*Trokna,settlement,pin,39.51740,31.17994,-30,640,0,202.2,https://pleiades.stoa.org/places/609561,
pl-639489,Untitled,aqueduct,wash,36.25000,29.25000,-30,300,0,202.4,https://pleiades.stoa.org/places/639489,
pl-550805,*Parsada,settlement,pin,38.39311,27.63887,300,640,0,202.5,https://pleiades.stoa.org/places/550805,
pl-599968,Thasthara,settlement,pin,37.59374,27.64321,-550,-330,0,202.5,https://pleiades.stoa.org/places/599968,
pl-550881,*Siklia,settlement,pin,38.19855,27.59670,-30,300,0,202.7,https://pleiades.stoa.org/places/550881,
pl-638824,Dionysias/Krambousa Ins.,"island, label",pin,36.23749,30.50514,-550,2100,0,202.7,https://pleiades.stoa.org/places/638824,
pl-619111,*Aralla,settlement,pin,38.43497,32.15190,-30,300,0,202.8,https://pleiades.stoa.org/places/619111,
pl-639168,Xenagori (islands),archipelago,pin,36.21774,29.39101,-30,2100,0,202.8,https://pleiades.stoa.org/places/639168,
pl-638871,Isinda (Lycian),"fortified-settlement, settlement, archaeological-site",pin,36.17897,29.70500,-330,2099,0,202.9,https://pleiades.stoa.org/places/638871,
pl-638800,Chelidonium Pr./Hiera Akra/Tauri Pr.,cape,pin,36.21500,30.40700,-550,2100,0,203.0,https://pleiades.stoa.org/places/638800,
pl-550578,Hierakome/Hierokaisareia,settlement,pin,38.75689,27.78774,-330,640,0,203.0,https://pleiades.stoa.org/places/550578,
pl-619187,*Kindyria,settlement,pin,38.14857,32.21399,-30,640,0,203.1,https://pleiades.stoa.org/places/619187,
pl-550665,Korou Pedion,"plain, label",pin,38.54429,27.67880,-330,300,0,203.5,https://pleiades.stoa.org/places/550665,
pl-599562,Bybassos,"settlement, label",pin,36.80510,28.13181,-550,300,0,203.7,https://pleiades.stoa.org/places/599562,
pl-639097,Sebeda,settlement,pin,36.17391,29.65122,-330,-30,0,203.9,https://pleiades.stoa.org/places/639097,
pl-609401,Hermos/Bathys (river),river,pin,39.79686,30.38402,-30,2100,0,203.9,https://pleiades.stoa.org/places/609401,
pl-619240,*Pithoi,settlement,pin,38.24029,32.21320,300,640,0,204.1,https://pleiades.stoa.org/places/619240,
pl-609289,Abrettene,"region, label",pin,39.59279,28.72957,-30,300,0,204.3,https://pleiades.stoa.org/places/609289,
pl-609367,Dorylaion,settlement,pin,39.77489,30.51684,-1750,2000,0,204.3,https://pleiades.stoa.org/places/609367,
pl-638752,Aperlae,"settlement, archaeological-site",pin,36.15960,29.78218,-30,640,0,204.5,https://pleiades.stoa.org/places/638752,
pl-40557241,Kirche auf der Akropolis,church-2,pin,36.15995,29.78139,300,640,0,204.5,https://pleiades.stoa.org/places/40557241,
pl-638938,Korydela (island),"island, label",pin,36.19959,30.40252,-550,2100,0,204.6,https://pleiades.stoa.org/places/638938,
pl-516984648,Roman Bridge at Aperlae,bridge,pin,36.15874,29.78052,-30,300,0,204.6,https://pleiades.stoa.org/places/516984648,
pl-599677,Kadyie,settlement,pin,37.83217,27.56862,-30,300,0,204.8,https://pleiades.stoa.org/places/599677,
pl-610803,Untitled,bridge,pin,39.78302,30.52648,-30,640,0,205.4,https://pleiades.stoa.org/places/610803,
pl-638799,Chelidoniae (islands),archipelago,wash,36.19205,30.40413,-550,2100,0,205.5,https://pleiades.stoa.org/places/638799,
pl-550949,Tyanollos,settlement,pin,38.72487,27.73720,-330,300,0,205.6,https://pleiades.stoa.org/places/550949,
pl-553420,Untitled,tumulus,wash,38.75000,27.75000,-750,-330,0,205.7,https://pleiades.stoa.org/places/553420,
pl-553421,Untitled,tumulus,wash,38.75000,27.75000,-750,-330,0,205.7,https://pleiades.stoa.org/places/553421,
pl-553422,Untitled,tumulus,wash,38.75000,27.75000,-750,-330,0,205.7,https://pleiades.stoa.org/places/553422,
pl-553423,Untitled,tumulus,wash,38.75000,27.75000,-750,-330,0,205.7,https://pleiades.stoa.org/places/553423,
pl-599571,Chersonesos,"peninsula, region, label",pin,36.74422,28.17047,-550,2099,0,205.7,https://pleiades.stoa.org/places/599571,
pl-599704,*Kenios (river),river,wash,37.25000,27.75000,-330,-30,0,205.7,https://pleiades.stoa.org/places/599704,
pl-599735,Kybersos? (river),river,wash,37.25000,27.75000,-330,-30,0,205.7,https://pleiades.stoa.org/places/599735,
pl-599798,Mikra Thalassa,labeled feature,wash,37.25000,27.75000,-330,-30,0,205.7,https://pleiades.stoa.org/places/599798,
pl-599810,Mylasa,labeled feature,wash,37.25000,27.75000,-550,-330,0,205.7,https://pleiades.stoa.org/places/599810,
pl-550445,Apollonis,unknown,wash,38.75000,27.75000,-330,640,0,205.7,https://pleiades.stoa.org/places/550445,
pl-550552,Glaukos (river),river,wash,38.75000,27.75000,-30,300,0,205.7,https://pleiades.stoa.org/places/550552,
pl-599624,Gerbekse,settlement,pin,36.70115,28.21938,300,640,0,205.9,https://pleiades.stoa.org/places/599624,
pl-648671,Kilistra,settlement,pin,37.65915,32.21476,-30,300,0,206.0,https://pleiades.stoa.org/places/648671,
pl-599653,Hydissos,settlement,pin,37.13868,27.81124,-550,300,0,206.2,https://pleiades.stoa.org/places/599653,
pl-638990,Melanippeia (island),"island, label",pin,36.18446,30.40583,-550,2100,0,206.3,https://pleiades.stoa.org/places/638990,
pl-599616,Europos/Euromos/Philippoi,settlement,pin,37.37435,27.67508,-550,640,0,206.6,https://pleiades.stoa.org/places/599616,
pl-642990135,Temple of Zeus Lepsinos at Euromus,"sanctuary, temple-2",pin,37.37410,27.67516,,,0,206.6,https://pleiades.stoa.org/places/642990135,
pl-599569,Chalketor,settlement,pin,37.34906,27.68571,-550,-30,0,206.7,https://pleiades.stoa.org/places/599569,
pl-599543,Aulai,settlement,pin,36.76080,28.13446,-550,300,0,206.8,https://pleiades.stoa.org/places/599543,
pl-550873,*Selinda,settlement,pin,38.39181,27.58778,-30,300,0,206.9,https://pleiades.stoa.org/places/550873,
pl-599651,*Hydai/*Kydai,"settlement, acropolis",pin,37.30331,27.70480,-2000,2100,0,207.0,https://pleiades.stoa.org/places/599651,
pl-550414,Agatheira,settlement,pin,38.66136,27.68335,-330,-30,0,207.3,https://pleiades.stoa.org/places/550414,
pl-648769,*Sedasa,settlement,pin,37.44233,32.16215,-30,300,0,207.3,https://pleiades.stoa.org/places/648769,
pl-550924,Thyateira,"settlement, archaeological-site",pin,38.92000,27.83621,-330,1599,0,207.4,https://pleiades.stoa.org/places/550924,
pl-554280,Mernouphyta,"unlocated, settlement",wash,38.92016,27.83622,-330,-30,0,207.4,https://pleiades.stoa.org/places/554280,
pl-599953,Syrna,"settlement, settlement-modern",pin,36.71439,28.17924,-330,2099,0,207.4,https://pleiades.stoa.org/places/599953,
pl-609558,Tolastochora?,settlement,pin,39.05838,31.85412,-30,640,0,207.4,https://pleiades.stoa.org/places/609558,
pl-638988,Megiste (settlement),settlement,pin,36.14803,29.57710,-330,300,0,207.5,https://pleiades.stoa.org/places/638988,
pl-639079,Rhoge (island),island,pin,36.15502,29.49935,-30,2100,0,207.8,https://pleiades.stoa.org/places/639079,
pl-638989,Megiste (island),island,pin,36.14370,29.58446,-330,2100,0,207.9,https://pleiades.stoa.org/places/638989,
pl-777160141,Demircihöyük,settlement,pin,39.85035,30.27052,-2000,-1200,0,207.9,https://pleiades.stoa.org/places/777160141,
pl-639107,Siderous Limen/Posidarisous?,unknown,wash,36.25000,30.75000,-550,640,0,208.0,https://pleiades.stoa.org/places/639107,
pl-609495,Parthenios (river),river,wash,39.75000,30.75000,-30,300,0,208.0,https://pleiades.stoa.org/places/609495,
pl-612308,2,numbered feature,wash,39.75000,30.75000,-30,300,0,208.0,https://pleiades.stoa.org/places/612308,
pl-638737,Akroterion Pr.,cape,pin,36.13268,29.68275,-30,2100,0,208.1,https://pleiades.stoa.org/places/638737,
pl-648631,Eski Saray,settlement,pin,37.29509,32.10549,-30,640,0,208.2,https://pleiades.stoa.org/places/648631,
pl-609548,Tembris (river),river,pin,39.69843,30.91229,-30,2100,0,208.3,https://pleiades.stoa.org/places/609548,
pl-236314821,Agora of Magnesia,agora,pin,37.85262,27.52550,,,0,208.3,https://pleiades.stoa.org/places/236314821,
pl-609395,Hadrianeia,settlement,pin,39.58982,28.63358,-30,640,0,208.4,https://pleiades.stoa.org/places/609395,
pl-777324660,Magnesia Theater 1,theatre,pin,37.84997,27.52543,-330,300,0,208.4,https://pleiades.stoa.org/places/777324660,
pl-797121904,Magnesia Theater 2,theatre,pin,37.84757,27.52474,-330,300,0,208.4,https://pleiades.stoa.org/places/797121904,
pl-599778,Magnesia ad Maeandrum/Leukophrys,"settlement, archaeological-site",pin,37.84986,27.52318,-550,2099,0,208.6,https://pleiades.stoa.org/places/599778,
pl-609500,Pessinous/Iustinianoupolis,settlement,pin,39.33288,31.58356,-330,2100,0,208.7,https://pleiades.stoa.org/places/609500,
pl-114722047,Temple of Cybele,"unlocated, temple-2",wash,39.33228,31.58329,,,0,208.7,https://pleiades.stoa.org/places/114722047,
pl-550588,Hyrkanis,settlement,pin,38.66754,27.66710,-330,640,0,208.9,https://pleiades.stoa.org/places/550588,
pl-208943451,Untitled,tumulus,pin,38.49891,27.59756,-750,-330,0,208.9,https://pleiades.stoa.org/places/208943451,
pl-639101,*Sennea?,settlement,pin,36.82359,31.76529,-30,300,0,209.0,https://pleiades.stoa.org/places/639101,
pl-208943452,Untitled,tumulus,pin,38.39285,27.56228,-750,-330,0,209.1,https://pleiades.stoa.org/places/208943452,
pl-599657,Hygassos,settlement,pin,36.73957,28.12073,-330,-30,0,209.3,https://pleiades.stoa.org/places/599657,
pl-31588173,Dağdeviren Höyük,tell,pin,38.90462,27.79501,-3000,2099,0,209.7,https://pleiades.stoa.org/places/31588173,
pl-648551,Akkisse,settlement,pin,37.35462,32.15541,-30,640,0,209.9,https://pleiades.stoa.org/places/648551,
pl-599557,*Boneita,settlement,pin,38.00995,27.49824,-30,300,0,210.1,https://pleiades.stoa.org/places/599557,
pl-599753,Latmos (mountain),mountain,pin,37.50000,27.58333,-750,2100,0,210.1,https://pleiades.stoa.org/places/599753,
pl-550511,Dareioukome,settlement,pin,38.60660,27.62422,-30,300,0,210.1,https://pleiades.stoa.org/places/550511,
pl-599869,*Parparia,settlement,pin,37.61432,27.54447,-550,-330,0,210.4,https://pleiades.stoa.org/places/599869,
pl-639121,Strongyle (island),island,pin,36.11368,29.63629,-30,2100,0,210.6,https://pleiades.stoa.org/places/639121,
pl-599718,Kızılköy,settlement,pin,36.71517,28.12512,-330,300,0,210.8,https://pleiades.stoa.org/places/599718,
pl-550702,Lykos (river),river,pin,38.90251,27.77861,-30,2099,0,210.9,https://pleiades.stoa.org/places/550702,
pl-599555,Belevi Quarries,quarry,pin,38.04294,27.48467,-750,-30,0,211.3,https://pleiades.stoa.org/places/599555,
pl-648637,Gorgoromeis,"label, people",pin,37.41384,32.20151,-30,300,0,211.6,https://pleiades.stoa.org/places/648637,
pl-550834,*Pityaia,settlement,pin,38.97582,27.81711,-330,-30,0,212.0,https://pleiades.stoa.org/places/550834,
pl-550472,Attaleia,"settlement, settlement-modern",pin,39.07140,27.89104,-330,2099,0,212.2,https://pleiades.stoa.org/places/550472,
pl-599556,Belevi Mausoleum,tomb,pin,38.01469,27.47216,-750,2099,0,212.4,https://pleiades.stoa.org/places/599556,
pl-551911,Untitled,bridge,pin,38.43638,27.53419,-30,300,0,212.5,https://pleiades.stoa.org/places/551911,
pl-957064614,Belevi Tumulus,tumulus,pin,38.01440,27.46911,,,0,212.6,https://pleiades.stoa.org/places/957064614,
pl-619184,*Keissia,settlement,pin,38.51682,32.24507,-30,300,0,213.0,https://pleiades.stoa.org/places/619184,
pl-609384,Gallos/Terias (river),river,wash,39.25000,31.75000,-30,640,0,213.2,https://pleiades.stoa.org/places/609384,
pl-553424,Untitled,tumulus,pin,38.45342,27.53046,-750,-330,0,213.3,https://pleiades.stoa.org/places/553424,
pl-599714,Kildara,settlement,pin,37.18151,27.69308,-550,-330,0,213.3,https://pleiades.stoa.org/places/599714,
pl-730120528,Thodasa,"unlocated, settlement",wash,37.18151,27.69308,-330,-30,0,213.3,https://pleiades.stoa.org/places/730120528,
pl-599733,Kürtkaya,quarry,pin,37.97159,27.46060,-750,-550,0,213.4,https://pleiades.stoa.org/places/599733,
pl-599844,Paktyes (mountain),"mountain, label",pin,37.93362,27.46003,-330,300,0,213.5,https://pleiades.stoa.org/places/599844,
pl-599652,Hydas,settlement,pin,36.70609,28.09280,-30,1999,0,213.6,https://pleiades.stoa.org/places/599652,
pl-599870,Passala,settlement,pin,37.25032,27.64964,-30,640,0,213.7,https://pleiades.stoa.org/places/599870,
pl-609450,Lamounia,settlement,pin,39.92483,29.99159,-30,300,0,213.8,https://pleiades.stoa.org/places/609450,
pl-599752,Latmos,settlement,pin,37.49808,27.53766,-750,-330,0,214.0,https://pleiades.stoa.org/places/599752,
pl-638917,Kibyra Mikra,settlement,pin,36.65985,31.65983,-330,640,0,214.1,https://pleiades.stoa.org/places/638917,
pl-599890,Pidasa,settlement,pin,37.40104,27.57211,-550,300,0,214.2,https://pleiades.stoa.org/places/599890,
pl-550752,Mostene,"settlement, settlement-modern",pin,38.53543,27.54733,-330,2099,0,214.2,https://pleiades.stoa.org/places/550752,
pl-599725,Kores(s)os/Tracheia M.,"mountain, label",pin,37.95726,27.44686,-550,300,0,214.6,https://pleiades.stoa.org/places/599725,
pl-599866,Pargasa/Bargasa,settlement,pin,37.02523,27.77664,-550,300,0,214.9,https://pleiades.stoa.org/places/599866,
pl-599640,Heraclea ad Latmum/Pleistarcheia,settlement,pin,37.50184,27.52501,-550,640,0,215.0,https://pleiades.stoa.org/places/599640,
pl-599494,Anokome,station,pin,38.02459,27.44133,300,640,0,215.1,https://pleiades.stoa.org/places/599494,
pl-599527,*Asia,"labeled feature, label",pin,38.08500,27.44270,-750,-550,0,215.1,https://pleiades.stoa.org/places/599527,
pl-609569,Yakakayı Yaylası,settlement,pin,39.80912,30.78007,-30,640,0,215.1,https://pleiades.stoa.org/places/609569,
pl-177302800,Attalid kingdom,region,wash,38.61812,27.56908,,,0,215.1,https://pleiades.stoa.org/places/177302800,
pl-599706,Kerameios/Doridis Sinus,water-open,pin,36.91304,27.85839,-550,2100,0,215.5,https://pleiades.stoa.org/places/599706,
pl-614870,Trikomia 3,"unlocated, settlement",wash,39.80007,30.84518,-30,640,0,216.2,https://pleiades.stoa.org/places/614870,
pl-609473,Midaion,"settlement, settlement-modern",pin,39.80007,30.84518,-330,2100,0,216.2,https://pleiades.stoa.org/places/609473,
pl-599716,Kindye,settlement,pin,37.19168,27.65005,-550,-330,0,216.3,https://pleiades.stoa.org/places/599716,
pl-599994,Tymnos,settlement,pin,36.69047,28.06224,-330,300,0,216.7,https://pleiades.stoa.org/places/599994,
pl-609586,"Zeus Kersoullos, T.",sanctuary,pin,39.87425,29.20155,-30,300,0,216.8,https://pleiades.stoa.org/places/609586,
pl-991384,Lycia et Pamphylia,province,wash,37.50000,27.50000,,,0,217.1,https://pleiades.stoa.org/places/991384,
pl-1001906,Asia,province,wash,37.50000,27.50000,,,0,217.1,https://pleiades.stoa.org/places/1001906,
pl-991380,Asia,province,wash,37.50000,27.50000,,,0,217.1,https://pleiades.stoa.org/places/991380,
pl-991382,Hellespontus (province),province-2,wash,37.50000,27.50000,,,0,217.1,https://pleiades.stoa.org/places/991382,
pl-981530,Lycia et Pamphylia,province-2,wash,37.50000,27.50000,,,0,217.1,https://pleiades.stoa.org/places/981530,
pl-991383,Insulae,province,wash,37.50000,27.50000,,,0,217.1,https://pleiades.stoa.org/places/991383,
pl-991386,Phrygia I,province,wash,37.50000,27.50000,,,0,217.1,https://pleiades.stoa.org/places/991386,
pl-992079,Asiana (diocese),province,wash,37.50000,27.50000,,,0,217.1,https://pleiades.stoa.org/places/992079,
pl-1001909,Lydia (Byzantine province),province,wash,37.50000,27.50000,,,0,217.1,https://pleiades.stoa.org/places/1001909,
pl-1001134,Asiane (Byzantine diocese),diocese-roman,wash,37.50000,27.50000,,,0,217.1,https://pleiades.stoa.org/places/1001134,
pl-1001907,Hellespontos (province),province-2,wash,37.50000,27.50000,,,0,217.1,https://pleiades.stoa.org/places/1001907,
pl-1001908,Phrygia Pakatiane,province,wash,37.50000,27.50000,,,0,217.1,https://pleiades.stoa.org/places/1001908,
pl-1001914,Lykia,province,wash,37.50000,27.50000,,,0,217.1,https://pleiades.stoa.org/places/1001914,
pl-1001915,Nesoi,province,wash,37.50000,27.50000,,,0,217.1,https://pleiades.stoa.org/places/1001915,
pl-1001916,Karia (late Roman province),province,wash,37.50000,27.50000,,,0,217.1,https://pleiades.stoa.org/places/1001916,
pl-620612,Unnamed mine near *Zizima,mine-2,pin,38.10096,32.37965,-30,640,0,217.2,https://pleiades.stoa.org/places/620612,
pl-599670,Ioniapolis,settlement,pin,37.47460,27.50832,-330,-30,0,217.2,https://pleiades.stoa.org/places/599670,
pl-609533,Spaleia,settlement,pin,39.45924,31.55651,300,1599,0,217.3,https://pleiades.stoa.org/places/609533,
pl-619197,Laodikeia (Katakekaumene)/Claudiolaodicea,settlement,wash,38.18930,32.37614,-330,640,0,217.6,https://pleiades.stoa.org/places/619197,
pl-599883,Phoinix,"settlement, settlement-modern",pin,36.63333,28.11667,-330,2100,0,217.6,https://pleiades.stoa.org/places/599883,
pl-694820257,Laodikeia Gymnasium,gymnasium,pin,38.18930,32.37615,-30,300,0,217.6,https://pleiades.stoa.org/places/694820257,
pl-599664,Iasos,settlement,pin,37.27920,27.58487,-550,640,0,217.7,https://pleiades.stoa.org/places/599664,
pl-599983,Thyssanous,settlement,pin,36.64974,28.09536,-330,300,0,217.7,https://pleiades.stoa.org/places/599983,
pl-609360,Dindymon/Agdistis/Agdus (mountain),"mountain, label",pin,39.36331,31.68883,-330,1999,0,217.7,https://pleiades.stoa.org/places/609360,
pl-609509,"Potamos, T.",temple-2,pin,39.68611,31.17113,-30,300,0,217.7,https://pleiades.stoa.org/places/609509,
pl-218728805,Karabel Reliefs,"findspot, monument",pin,38.37059,27.45611,-1300,2099,0,217.7,https://pleiades.stoa.org/places/218728805,
pl-609464,"Meter apo Speleou, T.",sanctuary,pin,39.86528,30.67464,-30,300,0,217.9,https://pleiades.stoa.org/places/609464,
pl-599982,Thymnias Sinus,water-open,pin,36.68369,28.04974,-30,2100,0,218.0,https://pleiades.stoa.org/places/599982,
pl-599980,Thorax (mountain),mountain,pin,37.82189,27.41694,-30,2100,0,218.1,https://pleiades.stoa.org/places/599980,
pl-550903,Tantalus Monu.,"tomb, monument",pin,38.57501,27.51470,-30,300,0,218.2,https://pleiades.stoa.org/places/550903,
pl-639059,*Pisarissos,settlement,pin,36.66087,31.72806,-30,300,0,218.3,https://pleiades.stoa.org/places/639059,
pl-553419,Untitled,tumulus,pin,39.03298,27.77515,-750,-330,0,218.4,https://pleiades.stoa.org/places/553419,
pl-550829,Pidasos (river),river,wash,38.68299,27.55674,-30,300,0,218.5,https://pleiades.stoa.org/places/550829,
pl-550672,Kryos (river),river,pin,38.51945,27.49023,-30,2100,0,218.5,https://pleiades.stoa.org/places/550672,
pl-106315004,Karabel Pass,pass,pin,38.35371,27.44210,2000,2099,0,218.5,https://pleiades.stoa.org/places/106315004,
pl-550827,Phrygios (river),river,pin,38.68296,27.55615,-330,2100,0,218.6,https://pleiades.stoa.org/places/550827,
pl-648699,Lystra/Col. Iulia Felix Gemina,settlement,pin,37.58828,32.34447,-30,640,0,218.6,https://pleiades.stoa.org/places/648699,
pl-638787,Aydolin Kale,settlement,pin,36.73735,31.81996,-330,640,0,218.7,https://pleiades.stoa.org/places/638787,
pl-638966,Lycium Mare,water-open,wash,36.25000,28.75000,,,0,218.7,https://pleiades.stoa.org/places/638966,
pl-550498,*Chondria,settlement,pin,38.14345,27.40331,-30,300,0,219.0,https://pleiades.stoa.org/places/550498,
pl-619287,*Zizima,settlement,pin,38.08991,32.40181,-30,300,0,219.1,https://pleiades.stoa.org/places/619287,
pl-599622,Gallesion (mountain),mountain,pin,38.04600,27.39518,-30,2100,0,219.2,https://pleiades.stoa.org/places/599622,
pl-550587,Hyrcanius Campus,"plain, label",pin,38.71847,27.56266,-330,2099,0,219.4,https://pleiades.stoa.org/places/550587,
pl-599779,Maiandros/Maiandroupolis?,settlement,pin,37.75185,27.41027,-550,300,0,219.5,https://pleiades.stoa.org/places/599779,
pl-550653,Koddinou Petra,settlement,pin,38.58563,27.50359,-30,300,0,219.5,https://pleiades.stoa.org/places/550653,
pl-609357,Dagoutenoi,"labeled feature, label",pin,39.89815,29.19698,-30,640,0,219.5,https://pleiades.stoa.org/places/609357,
pl-550810,Pelopis Thronus,monument,pin,38.57883,27.49810,-30,300,0,219.7,https://pleiades.stoa.org/places/550810,
pl-619122,Bagrum,station,pin,39.02578,32.04843,300,640,0,219.7,https://pleiades.stoa.org/places/619122,
pl-599605,Elaioussa (island),island,pin,36.59820,28.12615,-30,2100,0,219.7,https://pleiades.stoa.org/places/599605,
pl-550444,Apollonis,settlement,pin,38.91300,27.67000,-330,640,0,219.8,https://pleiades.stoa.org/places/550444,
pl-599650,Hybanda (island),"island, settlement-modern",pin,37.62906,27.42818,-550,2099,0,220.1,https://pleiades.stoa.org/places/599650,
pl-599663,Iasi(k)os/Bargylietikos Sinus,"water-open, bay",pin,37.24416,27.57327,-550,2099,0,220.1,https://pleiades.stoa.org/places/599663,
pl-550736,"Meter Plastena, T.",monument,pin,38.59779,27.49911,-1450,300,0,220.2,https://pleiades.stoa.org/places/550736,
pl-638904,Kasai,settlement,pin,36.84959,31.95985,-30,640,0,220.8,https://pleiades.stoa.org/places/638904,
pl-638954,Lagussa (island),island,pin,36.65694,28.03778,-30,2100,0,220.8,https://pleiades.stoa.org/places/638954,
pl-642136334,Lake Bafa,lake,pin,37.51076,27.45353,1700,2100,0,220.8,https://pleiades.stoa.org/places/642136334,
pl-599813,Myous,"settlement, archaeological-site",pin,37.59872,27.42586,-550,2099,0,220.9,https://pleiades.stoa.org/places/599813,
pl-599550,Bargylia,"settlement, theatre",pin,37.19509,27.58932,-550,1999,0,221.0,https://pleiades.stoa.org/places/599550,
pl-599854,Pandion? Collis,mountain,pin,36.60631,28.09367,-30,2100,0,221.1,https://pleiades.stoa.org/places/599854,
pl-599884,Phoinix (mountain),mountain,pin,36.60631,28.09367,-30,2100,0,221.1,https://pleiades.stoa.org/places/599884,
pl-609391,Goeleon,settlement,pin,39.30255,31.81294,300,640,0,221.1,https://pleiades.stoa.org/places/609391,
pl-599629,Grion (mountain),mountain,pin,37.43853,27.47306,-30,2100,0,221.2,https://pleiades.stoa.org/places/599629,
pl-550580,(H)Ormoita,settlement,pin,38.66655,27.51586,-30,300,0,221.3,https://pleiades.stoa.org/places/550580,
pl-609487,Olympene,"labeled feature, label",pin,39.85292,28.96208,-30,640,0,221.4,https://pleiades.stoa.org/places/609487,
pl-964353020,Grand Fortress of Selçuk,castle,pin,37.95542,27.36814,640,2099,0,221.5,https://pleiades.stoa.org/places/964353020,
pl-336873086,Ayasuluk Hill,hill,pin,37.95549,27.36808,,,0,221.5,https://pleiades.stoa.org/places/336873086,
pl-619124,[Bardaetta],settlement,pin,38.25327,32.41337,300,640,0,221.6,https://pleiades.stoa.org/places/619124,
pl-153236391,Basilica of St. John,church-2,pin,37.95218,27.36782,500,2099,0,221.6,https://pleiades.stoa.org/places/153236391,
pl-639035,Pamphylium Mare,water-open,pin,36.39958,31.42105,-30,2099,0,221.9,https://pleiades.stoa.org/places/639035,
pl-873985034,Temple of Artemis at Ephesus,temple-2,pin,37.94975,27.36372,-750,2099,0,221.9,https://pleiades.stoa.org/places/873985034,
pl-550620,*Karena,settlement,pin,39.01286,27.71349,-30,300,0,221.9,https://pleiades.stoa.org/places/550620,
pl-550831,*Pingea,settlement,pin,38.98042,27.68695,-30,300,0,222.1,https://pleiades.stoa.org/places/550831,
pl-135066931,Çukuriçi Höyük,settlement,pin,37.92913,27.35940,-10000,2099,0,222.4,https://pleiades.stoa.org/places/135066931,
pl-599696,*Kasara,settlement,pin,36.60951,28.06845,-550,300,0,222.5,https://pleiades.stoa.org/places/599696,
pl-599984,*Tlos/Gelos,settlement,pin,36.60197,28.07702,-330,300,0,222.5,https://pleiades.stoa.org/places/599984,
pl-609578,"Zeus Bronton, T.",temple-2,pin,40.00598,29.91725,-30,300,0,222.7,https://pleiades.stoa.org/places/609578,
pl-550884,Sipylos/Manisa Dağı,mountain,pin,38.56700,27.45600,-750,2100,0,222.8,https://pleiades.stoa.org/places/550884,
pl-43374419,Cave of the Seven Sleepers (Ephesus),cemetery,pin,37.94367,27.35370,,,0,222.8,https://pleiades.stoa.org/places/43374419,
pl-550778,[Nymphaion],settlement,pin,38.41721,27.40864,-330,-30,0,222.8,https://pleiades.stoa.org/places/550778,
pl-550898,Stratonicaea/Hadrianopolis,settlement,pin,39.14211,27.80176,-330,640,0,223.1,https://pleiades.stoa.org/places/550898,
pl-43374417,Gate of Magnesia,city-gate,pin,37.93455,27.35050,-30,300,0,223.1,https://pleiades.stoa.org/places/43374417,
pl-43374418,East Gymnasium,gymnasium,pin,37.93542,27.35025,100,640,0,223.1,https://pleiades.stoa.org/places/43374418,
pl-389046314,Yortan,cemetery,pin,39.18028,27.83384,-2000,-1750,0,223.2,https://pleiades.stoa.org/places/389046314,
pl-511220,*Dabla,settlement,pin,40.01138,29.97890,-30,300,0,223.4,https://pleiades.stoa.org/places/511220,
pl-403648099,Vedius Gymnasium,gymnasium,pin,37.94749,27.34552,100,2099,0,223.5,https://pleiades.stoa.org/places/403648099,
pl-956927189,Stadium (Ephesus),stadion,pin,37.94621,27.34585,-330,640,0,223.5,https://pleiades.stoa.org/places/956927189,
pl-511380,*Pronnaea,settlement,pin,40.01172,29.99697,-30,300,0,223.5,https://pleiades.stoa.org/places/511380,
pl-599612,Ephesus/Arsinoe(ia),"settlement, archaeological-site",pin,37.94016,27.34240,-1200,2000,0,223.8,https://pleiades.stoa.org/places/599612,
pl-550766,(N)Akokome,settlement,pin,38.98908,27.67104,-30,300,0,223.8,https://pleiades.stoa.org/places/550766,
pl-818256726,Theater of Ephesus,theatre,pin,37.94102,27.34255,-330,300,0,223.8,https://pleiades.stoa.org/places/818256726,
pl-619242,Praedia Quadratiana,"estate, label",pin,38.17042,32.45065,-30,300,0,223.9,https://pleiades.stoa.org/places/619242,
pl-956927190,Temple of Hadrian (Ephesus),temple-2,pin,37.93855,27.34192,100,2099,0,223.9,https://pleiades.stoa.org/places/956927190,
pl-956927192,Insula M1 (Ephesus),architecturalcomplex,pin,37.93921,27.34172,-30,2099,0,223.9,https://pleiades.stoa.org/places/956927192,
pl-165409128,Library of Celsus,"tomb, architecturalcomplex",pin,37.93931,27.34081,-30,2100,0,224.0,https://pleiades.stoa.org/places/165409128,
pl-648652,Isaura Vetus/Isauropolis?,settlement,pin,37.19013,32.24503,-330,640,0,224.0,https://pleiades.stoa.org/places/648652,
pl-153236390,Commercial Market (Tetragonos Agora),agora,pin,37.94002,27.34064,-100,2099,0,224.0,https://pleiades.stoa.org/places/153236390,
pl-818747000,Ballicaoluk,"fortified-settlement, castle",pin,38.33667,27.37545,-850,1453,0,224.0,https://pleiades.stoa.org/places/818747000,
pl-599500,Aphrodisias Pr.,cape,pin,36.67562,27.96421,-30,2100,0,224.2,https://pleiades.stoa.org/places/599500,
pl-964353021,"Harbour Thermae, Ephesos",bath,pin,37.94373,27.33768,-30,2099,0,224.2,https://pleiades.stoa.org/places/964353021,
pl-599942,Solmissos (mountain),"mountain, label",pin,37.85877,27.34140,-30,300,0,224.3,https://pleiades.stoa.org/places/599942,
pl-599875,P(e)ion/Prion M./Lepre Akte,"mountain, label",pin,37.92141,27.33651,-30,2099,0,224.4,https://pleiades.stoa.org/places/599875,
pl-550574,Hermokapeleia/Thyessos?,settlement,pin,38.92155,27.61499,-550,640,0,224.5,https://pleiades.stoa.org/places/550574,
pl-619105,*Andeira,settlement,pin,38.80391,32.25942,-30,300,0,224.8,https://pleiades.stoa.org/places/619105,
pl-599840,Ortygia,settlement,pin,37.82978,27.33922,-30,300,0,224.8,https://pleiades.stoa.org/places/599840,
pl-550751,Moschakome,settlement,pin,38.73711,27.50515,-30,640,0,224.9,https://pleiades.stoa.org/places/550751,
pl-609388,Germia/Myriangeloi,settlement,pin,39.32671,31.84644,300,640,0,225.1,https://pleiades.stoa.org/places/609388,
pl-599671,Ionopolitikos/Latmikos Sinus,water-open,wash,37.57000,27.38369,-330,300,0,225.2,https://pleiades.stoa.org/places/599671,
pl-550767,Nakrason (or Nakrasos),settlement,pin,39.08389,27.72368,-3000,2100,0,225.2,https://pleiades.stoa.org/places/550767,
pl-599957,Teichioussa,settlement,pin,37.35318,27.45799,-550,300,0,225.3,https://pleiades.stoa.org/places/599957,
pl-648711,*Mourisa,settlement,pin,37.43613,32.37567,-30,300,0,225.4,https://pleiades.stoa.org/places/648711,
pl-638959,Leucolla,cape,pin,36.60565,31.77520,-330,2100,0,225.5,https://pleiades.stoa.org/places/638959,
pl-550745,*Misnya,settlement,pin,38.86876,27.56864,-30,300,0,225.6,https://pleiades.stoa.org/places/550745,
pl-550741,Metropolis,"settlement, archaeological-site",pin,38.12483,27.32455,-330,640,0,225.7,https://pleiades.stoa.org/places/550741,
pl-609396,Hadrianoi,settlement,pin,39.90613,28.99885,-30,640,0,225.8,https://pleiades.stoa.org/places/609396,
pl-162200478,Hamamkarahisar Mosque,mosque,pin,39.44210,31.72224,1200,1299,0,225.9,https://pleiades.stoa.org/places/162200478,
pl-626891305,Hamamkarahisar Höyüğü,"archaeological-site, tell",pin,39.44238,31.72394,-3000,-1000,0,226.0,https://pleiades.stoa.org/places/626891305,
pl-639073,Ptolemais,settlement,pin,36.61339,31.79285,-330,-30,0,226.1,https://pleiades.stoa.org/places/639073,
pl-599488,Amynanda,settlement,pin,37.00222,27.64611,-550,-330,0,226.1,https://pleiades.stoa.org/places/599488,
pl-550706,Magnesia ad Sipylum,"settlement, settlement-modern",pin,38.61258,27.43340,-1750,2099,0,226.2,https://pleiades.stoa.org/places/550706,
pl-590030,Rhodos (settlement),settlement,pin,36.44311,28.22761,-1200,2000,0,226.4,https://pleiades.stoa.org/places/590030,
pl-599750,Larymna (Caria),settlement,pin,36.60845,28.00750,-30,300,0,226.4,https://pleiades.stoa.org/places/599750,
pl-550786,Nif/Olympos? (mountain),mountain,pin,38.38787,27.35651,-30,2100,0,226.6,https://pleiades.stoa.org/places/550786,
pl-599932,Selinousia (lake),lake,pin,37.98686,27.30433,-30,2099,0,227.0,https://pleiades.stoa.org/places/599932,
pl-994502886,Palatial House at Rhodes,"architecturalcomplex, bath",pin,36.44300,28.21543,-330,300,0,227.1,https://pleiades.stoa.org/places/994502886,
pl-599855,Panionion,sanctuary,pin,37.70392,27.32999,-750,300,0,227.2,https://pleiades.stoa.org/places/599855,
pl-648647,Iconium/Claudiconium,"settlement, archaeological-site",pin,37.87246,32.49230,-9000,2100,0,227.2,https://pleiades.stoa.org/places/648647,
pl-599693,Karyanda,settlement,pin,37.16185,27.52959,-550,300,0,227.3,https://pleiades.stoa.org/places/599693,
pl-630398334,Temple of Apollo Pythios,temple-2,pin,36.43999,28.21066,-330,-30,0,227.6,https://pleiades.stoa.org/places/630398334,
pl-609351,(Col. Iulia Aug. Felix) Germa,"settlement, settlement-modern",pin,39.53292,31.62854,-30,2099,0,227.6,https://pleiades.stoa.org/places/609351,
pl-103328498,Ancient Stadium of Rhodes,stadion,pin,36.43894,28.21190,-330,-30,0,227.7,https://pleiades.stoa.org/places/103328498,
pl-599969,Theangela,settlement,pin,37.04360,27.59613,-550,300,0,227.8,https://pleiades.stoa.org/places/599969,
pl-599937,Sıralık,settlement,pin,37.12621,27.53942,-330,-30,0,228.1,https://pleiades.stoa.org/places/599937,
pl-511430,Tataula,settlement,pin,40.02480,29.43990,-30,300,0,228.3,https://pleiades.stoa.org/places/511430,
pl-550596,Indeipedion,label,pin,39.14392,27.72920,-330,-30,0,228.4,https://pleiades.stoa.org/places/550596,
pl-609377,Eudoxias?,settlement,pin,39.45507,31.74625,300,640,0,228.4,https://pleiades.stoa.org/places/609377,
pl-638931,Kolybrassos,settlement,pin,36.73240,31.95807,-330,640,0,228.5,https://pleiades.stoa.org/places/638931,
pl-550868,Sarıçam,settlement,pin,38.80428,27.49416,-540,1453,0,228.6,https://pleiades.stoa.org/places/550868,
pl-599864,Panormos (near Gebekirse Gölü),bay,pin,37.98327,27.28610,-30,2099,0,228.6,https://pleiades.stoa.org/places/599864,
pl-599774,Loryma,settlement,pin,36.57739,28.00822,-550,300,0,228.7,https://pleiades.stoa.org/places/599774,
pl-934825975,Ulucak Höyük,"settlement, tell, settlement-modern, archaeological-site",pin,38.46668,27.35248,-10000,2100,0,228.8,https://pleiades.stoa.org/places/934825975,
pl-599610,Emecik,"settlement, sanctuary",pin,36.76826,27.80198,-330,300,0,228.8,https://pleiades.stoa.org/places/599610,
pl-638898,Karallia,settlement,pin,36.66847,31.89797,-30,640,0,228.9,https://pleiades.stoa.org/places/638898,
pl-599956,Taramptos (island),island,pin,37.15193,27.51492,1700,2100,0,228.9,https://pleiades.stoa.org/places/599956,
pl-599241518,Triopium,sanctuary,pin,36.76860,27.80126,-550,-330,0,228.9,https://pleiades.stoa.org/places/599241518,
pl-600227,Unnamed aqueduct at Ephesus (Aqua Iulia?),aqueduct,pin,37.90143,27.28178,-30,2099,0,229.3,https://pleiades.stoa.org/places/600227,
pl-599948,Syangela,settlement,pin,37.05037,27.57036,-550,300,0,229.4,https://pleiades.stoa.org/places/599948,
pl-837,Asia Minor,"peninsula, region",wash,37.91034,27.27850,1700,1799,0,229.5,https://pleiades.stoa.org/places/837,
pl-550474,Attea,settlement,pin,39.51598,28.11593,-30,640,0,229.5,https://pleiades.stoa.org/places/550474,
pl-35475912,Arzawa,region,wash,37.25504,32.34845,-1600,-1200,0,229.6,https://pleiades.stoa.org/places/35475912,
pl-619231,Ouetissos/Ouetiston/Vetissus,settlement,pin,38.89193,32.27726,-30,640,0,230.3,https://pleiades.stoa.org/places/619231,
pl-182750553,Theater of Priene,theatre,pin,37.65992,27.29788,-330,300,0,230.7,https://pleiades.stoa.org/places/182750553,
pl-461987449,Agora of Priene,agora,pin,37.65863,27.29775,-330,2099,0,230.7,https://pleiades.stoa.org/places/461987449,
pl-207771144,Bouleuterion,building,pin,37.65913,27.29810,2000,2099,0,230.7,https://pleiades.stoa.org/places/207771144,
pl-298577312,The Temple of Athena Polias at Priene,temple-2,pin,37.65924,27.29661,-550,300,0,230.8,https://pleiades.stoa.org/places/298577312,
pl-599905,Priene/‘Lince’?,"settlement, archaeological-site",pin,37.66078,27.29658,-550,1999,0,230.8,https://pleiades.stoa.org/places/599905,
pl-599887,P(h)ygela,settlement,pin,37.86221,27.26373,-550,640,0,231.1,https://pleiades.stoa.org/places/599887,
pl-599490,Kadıkalesi/Anaia,"fortified-settlement, settlement, archaeological-site, tell",pin,37.79150,27.27030,-3350,2100,0,231.2,https://pleiades.stoa.org/places/599490,
pl-599554,Batinetis,"labeled feature, label",pin,37.75949,27.27352,-330,-30,0,231.3,https://pleiades.stoa.org/places/599554,
pl-550863,*Sandaina?,settlement,pin,39.16466,27.70477,-30,300,0,231.5,https://pleiades.stoa.org/places/550863,
pl-648680,Korna?,settlement,pin,37.48914,32.46701,300,640,0,231.6,https://pleiades.stoa.org/places/648680,
pl-550483,Belkahve,fort,pin,38.45458,27.31492,-750,-30,0,231.7,https://pleiades.stoa.org/places/550483,
pl-978383930,Assesos,settlement,pin,37.48400,27.33300,-750,2099,0,231.7,https://pleiades.stoa.org/places/978383930,
pl-599784,Marathesion,settlement,pin,37.82929,27.25448,-550,300,0,232.2,https://pleiades.stoa.org/places/599784,
pl-648651,Isaura (Nova)/Leontopolis,settlement,pin,37.19035,32.35354,-550,640,0,232.7,https://pleiades.stoa.org/places/648651,
pl-599934,Si(b)de,"archaeological-site, settlement-modern",pin,37.02798,27.53988,-550,2100,0,232.9,https://pleiades.stoa.org/places/599934,
pl-511409,Sarkotyle,settlement,pin,40.07930,29.52625,-30,1923,0,233.1,https://pleiades.stoa.org/places/511409,
pl-550795,Pagos (mountain),mountain,wash,38.25000,27.25000,-30,300,0,233.4,https://pleiades.stoa.org/places/550795,
pl-550828,Phyrites (river),river,wash,38.25000,27.25000,-30,1999,0,233.4,https://pleiades.stoa.org/places/550828,
pl-551152,Untitled,aqueduct,wash,38.25000,27.25000,-30,300,0,233.4,https://pleiades.stoa.org/places/551152,
pl-551158,Untitled,aqueduct,wash,38.25000,27.25000,-30,300,0,233.4,https://pleiades.stoa.org/places/551158,
pl-599621,Gaison? (river),river,wash,37.75000,27.25000,-550,300,0,233.4,https://pleiades.stoa.org/places/599621,
pl-599635,Hales (river),river,wash,38.25000,27.25000,-30,300,0,233.4,https://pleiades.stoa.org/places/599635,
pl-599643,Herakleion,unknown,wash,37.75000,27.25000,-330,-30,0,233.4,https://pleiades.stoa.org/places/599643,
pl-599660,Hymos? (island),island,pin,36.65572,27.84836,-30,2100,0,233.4,https://pleiades.stoa.org/places/599660,
pl-599703,Kenchrios (river),river,wash,37.75000,27.25000,-30,300,0,233.4,https://pleiades.stoa.org/places/599703,
pl-599720,Klaseas (river),river,wash,37.75000,27.25000,-30,300,0,233.4,https://pleiades.stoa.org/places/599720,
pl-599765,Lethaios (river),river,wash,37.75000,27.25000,-30,300,0,233.4,https://pleiades.stoa.org/places/599765,
pl-599768,Lide (mountain),"mountain, label",pin,37.07281,27.50452,-550,-330,0,233.4,https://pleiades.stoa.org/places/599768,
pl-599787,Marnas (river),river,wash,37.75000,27.25000,-30,300,0,233.4,https://pleiades.stoa.org/places/599787,
pl-599818,Naulochos,unknown,wash,37.75000,27.25000,-550,300,0,233.4,https://pleiades.stoa.org/places/599818,
pl-599851,Palinouros Pr.,cape,wash,37.75000,27.25000,,,0,233.4,https://pleiades.stoa.org/places/599851,
pl-599874,Pegaseum Stagnum,lake,wash,38.25000,27.25000,-30,300,0,233.4,https://pleiades.stoa.org/places/599874,
pl-599900,Poseidon Pr.,cape,wash,37.75000,27.25000,,,0,233.4,https://pleiades.stoa.org/places/599900,
pl-550608,Kaleon (river),river,wash,38.25000,27.25000,-30,300,0,233.4,https://pleiades.stoa.org/places/550608,
pl-550612,Kamai,settlement,pin,38.95652,27.52382,-30,300,0,233.4,https://pleiades.stoa.org/places/550612,
pl-550729,Meles (river),river,wash,38.25000,27.25000,-750,300,0,233.4,https://pleiades.stoa.org/places/550729,
pl-550464,*Asteeis? (river),river,wash,38.25000,27.25000,-750,-550,0,233.4,https://pleiades.stoa.org/places/550464,
pl-599915,Pyrra,unknown,wash,37.75000,27.25000,-30,300,0,233.4,https://pleiades.stoa.org/places/599915,
pl-599970,Thebai,labeled feature,wash,37.75000,27.25000,-750,-30,0,233.4,https://pleiades.stoa.org/places/599970,
pl-600228,Untitled,aqueduct,wash,37.75000,27.25000,-30,300,0,233.4,https://pleiades.stoa.org/places/600228,
pl-600231,Untitled,aqueduct,wash,38.25000,27.25000,-30,640,0,233.4,https://pleiades.stoa.org/places/600231,
pl-600232,Untitled,aqueduct,wash,37.75000,27.25000,300,640,0,233.4,https://pleiades.stoa.org/places/600232,
pl-600233,Untitled,aqueduct,wash,37.75000,27.25000,-30,300,0,233.4,https://pleiades.stoa.org/places/600233,
pl-600234,Untitled,aqueduct,wash,37.75000,27.25000,-330,-30,0,233.4,https://pleiades.stoa.org/places/600234,
pl-550548,Gergitha?,settlement,pin,39.18473,27.69474,-330,300,0,233.5,https://pleiades.stoa.org/places/550548,
pl-638780,Augai,settlement,pin,36.57118,31.86296,-30,300,0,233.7,https://pleiades.stoa.org/places/638780,
pl-599739,Kynossema Pr.,cape,wash,36.75000,27.75000,-30,300,0,233.7,https://pleiades.stoa.org/places/599739,
pl-550761,Mysios (river),river,wash,39.25000,27.75000,-330,300,0,233.7,https://pleiades.stoa.org/places/550761,
pl-550768,*Nakrason?/Tibbai?,labeled feature,wash,39.25000,27.75000,-330,300,0,233.7,https://pleiades.stoa.org/places/550768,
pl-550442,Apollonia,unknown,wash,39.25000,27.75000,-550,-30,0,233.7,https://pleiades.stoa.org/places/550442,
pl-464208929,Waḫšušana,settlement,wash,37.50000,32.50000,-1750,-1450,0,234.1,https://pleiades.stoa.org/places/464208929,
pl-1001931,Isauria,province,wash,37.50000,32.50000,,,0,234.1,https://pleiades.stoa.org/places/1001931,
pl-1001910,Pisidia,province,wash,37.50000,32.50000,,,0,234.1,https://pleiades.stoa.org/places/1001910,
pl-991395,Pisidia,province,wash,37.50000,32.50000,,,0,234.1,https://pleiades.stoa.org/places/991395,
pl-991392,Cyprus,province,wash,37.50000,32.50000,,,0,234.1,https://pleiades.stoa.org/places/991392,
pl-981523,Galatia et Cappadocia,province-2,wash,37.50000,32.50000,,,0,234.1,https://pleiades.stoa.org/places/981523,
pl-981543,Phrygia,province,wash,37.50000,32.50000,,,0,234.1,https://pleiades.stoa.org/places/981543,
pl-981544,Pisidia,province,wash,37.50000,32.50000,,,0,234.1,https://pleiades.stoa.org/places/981544,
pl-982260,Phrygia Paroreius,province,wash,37.50000,32.50000,,,0,234.1,https://pleiades.stoa.org/places/982260,
pl-982261,Isauria,province,wash,37.50000,32.50000,,,0,234.1,https://pleiades.stoa.org/places/982261,
pl-991393,Galatia,province,wash,37.50000,32.50000,,,0,234.1,https://pleiades.stoa.org/places/991393,
pl-991394,Phrygia II,province-2,wash,37.50000,32.50000,300,640,0,234.1,https://pleiades.stoa.org/places/991394,
pl-992081,Pontica,province,wash,37.50000,32.50000,,,0,234.1,https://pleiades.stoa.org/places/992081,
pl-1001911,Lykaonia,province,wash,37.50000,32.50000,,,0,234.1,https://pleiades.stoa.org/places/1001911,
pl-1001912,Phrygia Saloutaria,province-2,wash,37.50000,32.50000,,,0,234.1,https://pleiades.stoa.org/places/1001912,
pl-1001913,Pamphylia,province,wash,37.50000,32.50000,,,0,234.1,https://pleiades.stoa.org/places/1001913,
pl-1001921,Galatia Saloutaria,province,wash,37.50000,32.50000,,,0,234.1,https://pleiades.stoa.org/places/1001921,
pl-1001922,Kappadokia I,province,wash,37.50000,32.50000,,,0,234.1,https://pleiades.stoa.org/places/1001922,
pl-1001923,Kappadokia II,province,wash,37.50000,32.50000,,,0,234.1,https://pleiades.stoa.org/places/1001923,
pl-1001928,Kilikia I,province,wash,37.50000,32.50000,,,0,234.1,https://pleiades.stoa.org/places/1001928,
pl-1001930,Kypros,province,wash,37.50000,32.50000,,,0,234.1,https://pleiades.stoa.org/places/1001930,
pl-550802,*Panda,settlement,pin,38.71061,27.37888,-30,300,0,234.2,https://pleiades.stoa.org/places/550802,
pl-591925,Unnamed cemetery group,cemetery,pin,36.41075,28.12926,-750,-330,0,234.8,https://pleiades.stoa.org/places/591925,
pl-589815,Ialysos,settlement,pin,36.39900,28.14300,-750,640,0,234.9,https://pleiades.stoa.org/places/589815,
pl-65156147,Delphinion (Miletos),sanctuary,pin,37.52991,27.28068,-330,300,0,235.0,https://pleiades.stoa.org/places/65156147,
pl-599799,Miletus,"settlement, port, archaeological-site",pin,37.53046,27.27881,-1750,2000,0,235.1,https://pleiades.stoa.org/places/599799,
pl-648787,*Takourtha,settlement,pin,37.26252,32.41976,-30,300,0,235.1,https://pleiades.stoa.org/places/648787,
pl-265498964,Theater of Miletus,theatre,pin,37.53085,27.27606,-550,640,0,235.3,https://pleiades.stoa.org/places/265498964,
pl-851937516,Biblis,"unlocated, spring",wash,37.52290,27.27832,-30,300,0,235.4,https://pleiades.stoa.org/places/851937516,
pl-185031048,Temple of Athena (Miletus),temple-2,pin,37.52866,27.27069,-550,2099,0,235.9,https://pleiades.stoa.org/places/185031048,
pl-599578,Colophon/Colophon ad Mare/Notion,"settlement, port",pin,37.99528,27.20085,-750,640,0,236.1,https://pleiades.stoa.org/places/599578,
pl-550907,Temnon (mountain),"mountain, label",pin,39.34272,27.80522,-330,300,0,236.2,https://pleiades.stoa.org/places/550907,
pl-177302801,Yüntdağ,fort,wash,39.03381,27.54000,,,0,236.2,https://pleiades.stoa.org/places/177302801,
pl-321895005,Yaylakale (mountain),"mountain, hill",pin,39.03381,27.54000,1700,2100,0,236.2,https://pleiades.stoa.org/places/321895005,
pl-599950,Syme,settlement,pin,36.61839,27.84342,-750,300,0,236.4,https://pleiades.stoa.org/places/599950,
pl-599897,Pontikokastro,"tomb, monument",pin,36.61623,27.84473,-330,300,0,236.5,https://pleiades.stoa.org/places/599897,
pl-599719,Klaros,"sanctuary, temple-2",pin,38.00473,27.19297,-750,300,0,236.8,https://pleiades.stoa.org/places/599719,
pl-599795,Melie/Karion,settlement,pin,37.70937,27.21802,-750,-30,0,236.8,https://pleiades.stoa.org/places/599795,
pl-511408,Sarıcakaya,bridge,pin,40.05796,30.61886,-30,300,0,236.9,https://pleiades.stoa.org/places/511408,
pl-511343,Olympus (mountain),mountain,pin,40.06860,29.21934,-550,2100,0,237.2,https://pleiades.stoa.org/places/511343,
pl-609400,Heptakomeitai,"label, people",pin,39.80358,31.35866,-30,300,0,237.4,https://pleiades.stoa.org/places/609400,
pl-648790,‘Taspa’?,station,pin,37.35380,32.48998,-30,300,0,237.6,https://pleiades.stoa.org/places/648790,
pl-638853,Hamaxia?,settlement,pin,36.57841,31.93956,-330,640,0,238.2,https://pleiades.stoa.org/places/638853,
pl-599576,Cnidus (Burgaz),"settlement, urban",pin,36.73560,27.69938,-750,2100,0,238.2,https://pleiades.stoa.org/places/599576,
pl-599940,Skolopoeis,settlement,pin,37.62660,27.21368,-550,-330,0,238.6,https://pleiades.stoa.org/places/599940,
pl-550737,"Meter Theon, T.",sanctuary,pin,38.91719,27.42882,-330,300,0,238.9,https://pleiades.stoa.org/places/550737,
pl-599951,Syme (island),island,pin,36.59126,27.83123,-30,2100,0,239.2,https://pleiades.stoa.org/places/599951,
pl-599952,Syrie (island),island,pin,36.59125,27.83130,-30,2100,0,239.2,https://pleiades.stoa.org/places/599952,
pl-591210113,Doulopolis,"unlocated, settlement",wash,38.07552,27.16488,-330,-30,0,239.4,https://pleiades.stoa.org/places/591210113,
pl-415460394,Šeḫa River Land,region,wash,38.59963,27.26857,,,0,239.6,https://pleiades.stoa.org/places/415460394,
pl-609442,Konsidiana Choria,"labeled feature, label",pin,39.83049,31.35346,-30,300,0,239.7,https://pleiades.stoa.org/places/609442,
pl-116850368,Yeşilova Höyük,settlement,pin,38.44148,27.21461,-10000,2100,0,239.9,https://pleiades.stoa.org/places/116850368,
pl-638785,Aunesis,settlement,pin,36.56254,31.95223,-30,300,0,240.2,https://pleiades.stoa.org/places/638785,
pl-23296898,Hellenopolis,settlement,wash,40.11906,29.30790,,,0,240.8,https://pleiades.stoa.org/places/23296898,
pl-511341,*Oka,settlement,pin,40.13231,30.41120,-30,300,0,240.9,https://pleiades.stoa.org/places/511341,
pl-599577,Colophon,settlement,pin,38.10825,27.14831,-750,2100,0,241.0,https://pleiades.stoa.org/places/599577,
pl-599694,Karyanda (Neapolis),settlement,pin,37.12630,27.37798,-30,300,0,241.0,https://pleiades.stoa.org/places/599694,
pl-599593,Didyma/Branchidai/Ioustinianopolis,"sanctuary, temple-2",pin,37.38497,27.25639,-750,2100,0,241.1,https://pleiades.stoa.org/places/599593,
pl-599945,Stadia,settlement,pin,36.74221,27.64827,-30,640,0,241.4,https://pleiades.stoa.org/places/599945,
pl-116852156,Palace of Mausolos at Bodrum,architecturalcomplex,pin,37.03206,27.42913,-550,-330,0,241.4,https://pleiades.stoa.org/places/116852156,
pl-599636,Halicarnassus/Halikarnassos,"settlement, port, monument",pin,37.04040,27.42215,-550,2100,0,241.5,https://pleiades.stoa.org/places/599636,
pl-599873,Pedasa,settlement,pin,37.05460,27.41279,-550,-330,0,241.5,https://pleiades.stoa.org/places/599873,
pl-461581651,Mausoleum at Halicarnassus,tomb,pin,37.03783,27.42416,-550,2099,0,241.5,https://pleiades.stoa.org/places/461581651,
pl-599724,Korakion (mountain),mountain,pin,38.04940,27.13839,-30,2100,0,241.6,https://pleiades.stoa.org/places/599724,
pl-102024695,Theater at Bodrum,theatre,pin,37.04018,27.42151,-330,1453,0,241.6,https://pleiades.stoa.org/places/102024695,
pl-827909266,Bakla Tepe,"island, settlement",pin,38.16473,27.14499,-10000,2100,0,241.7,https://pleiades.stoa.org/places/827909266,
pl-550790,*Oroanna,settlement,pin,38.19785,27.14596,-330,-30,0,241.9,https://pleiades.stoa.org/places/550790,
pl-599518,Arkonnesos (island),island,pin,36.97654,27.45836,-30,2100,0,241.9,https://pleiades.stoa.org/places/599518,
pl-599967,Teutloussa (island),island,pin,36.52396,27.86293,1700,2100,0,242.1,https://pleiades.stoa.org/places/599967,
pl-511143,Agrilion,settlement,pin,40.17869,29.75120,-30,640,0,242.2,https://pleiades.stoa.org/places/511143,
pl-540461818,Mavişehir Archaic Necropolis,cemetery,pin,37.40266,27.23701,-750,2099,0,242.2,https://pleiades.stoa.org/places/540461818,
pl-589738,Brygindara,settlement,pin,36.29274,28.17226,-750,640,0,242.4,https://pleiades.stoa.org/places/589738,
pl-619154,Ekdaumaua/Egdava,settlement,pin,38.61477,32.56138,-30,640,0,242.6,https://pleiades.stoa.org/places/619154,
pl-599863,Panormos (port of Didyma),"settlement, settlement-modern, bay",pin,37.40396,27.23091,-550,2099,0,242.7,https://pleiades.stoa.org/places/599863,
pl-550750,Mormonda,settlement,pin,38.52746,27.19918,300,640,0,243.4,https://pleiades.stoa.org/places/550750,
pl-589700,"Apollo Erethimios, T.","sanctuary, temple-2",pin,36.37501,28.03073,-750,300,0,243.5,https://pleiades.stoa.org/places/589700,
pl-590416,Untitled,aqueduct,wash,36.37500,28.03064,,,0,243.5,https://pleiades.stoa.org/places/590416,
pl-599746,Lade (island),"island, label",pin,37.52349,27.17705,-750,300,0,244.0,https://pleiades.stoa.org/places/599746,
pl-550844,Prepelaion?,temple-2,pin,38.13465,27.11511,-330,-30,0,244.1,https://pleiades.stoa.org/places/550844,
pl-599776,Madnasa,settlement,pin,37.08889,27.35999,-550,-330,0,244.1,https://pleiades.stoa.org/places/599776,
pl-550771,Naulochon/Smyrna/Palaia Smyrna,"settlement, archaeological-site",pin,38.46404,27.17044,-1750,2100,0,244.2,https://pleiades.stoa.org/places/550771,
pl-599838,Onougnathos? Pr.,cape,pin,36.65759,27.67911,-30,2100,0,244.8,https://pleiades.stoa.org/places/599838,
pl-86412281,Alanya Castle,fort,pin,36.53300,31.99030,1200,1599,0,244.8,https://pleiades.stoa.org/places/86412281,
pl-638933,Korakesion,settlement,pin,36.53363,31.99373,-330,1599,0,245.0,https://pleiades.stoa.org/places/638933,
pl-550893,Smyrna/Eurydikeia,"settlement, settlement-modern",pin,38.41720,27.14139,-550,2100,0,245.7,https://pleiades.stoa.org/places/550893,
pl-550577,(Hiera) Germe,settlement,pin,39.36872,27.69068,-30,640,0,245.8,https://pleiades.stoa.org/places/550577,
pl-648576,*Astra,settlement,pin,37.02364,32.42251,-30,300,0,245.8,https://pleiades.stoa.org/places/648576,
pl-599591,Diabetai (islands),"archipelago, island",pin,36.57018,27.75213,-30,2100,0,245.9,https://pleiades.stoa.org/places/599591,
pl-599709,Kerkaphos (mountain),"mountain, label",pin,38.07237,27.09070,-330,2099,0,245.9,https://pleiades.stoa.org/places/599709,
pl-511406,Sangarius (river),river,pin,40.00875,31.08412,-1750,2100,0,245.9,https://pleiades.stoa.org/places/511406,
pl-550860,Saloe?/Tantali? L.,lake,wash,38.75000,27.25000,-330,300,0,246.3,https://pleiades.stoa.org/places/550860,
pl-550934,Titnaios/Pythikos (river),river,wash,38.75000,27.25000,-30,640,0,246.3,https://pleiades.stoa.org/places/550934,
pl-553417,Untitled,tumulus,wash,38.75000,27.25000,-750,-330,0,246.3,https://pleiades.stoa.org/places/553417,
pl-553418,Untitled,tumulus,wash,38.75000,27.25000,-750,-330,0,246.3,https://pleiades.stoa.org/places/553418,
pl-599552,Basilicus Sinus,water-open,wash,37.25000,27.25000,-30,300,0,246.3,https://pleiades.stoa.org/places/599552,
pl-599999,Zephyrion,labeled feature,wash,37.25000,27.25000,-30,300,0,246.3,https://pleiades.stoa.org/places/599999,
pl-599595,Dioshieron,settlement,pin,38.02939,27.08106,-550,-30,0,246.6,https://pleiades.stoa.org/places/599595,
pl-550461,Aspordenos (mountain),mountain,pin,38.90000,27.31667,-330,2100,0,247.1,https://pleiades.stoa.org/places/550461,
pl-550862,Sancaklı Kalesi,fort,pin,38.52286,27.14912,-330,-30,0,247.5,https://pleiades.stoa.org/places/550862,
pl-599898,Poseidion Pr.,cape,pin,37.35376,27.19221,-750,2100,0,247.5,https://pleiades.stoa.org/places/599898,
pl-599946,Stena,pass,pin,38.10459,27.07201,-330,1999,0,247.6,https://pleiades.stoa.org/places/599946,
pl-550421,Akçakaya,fort,pin,38.32111,27.09548,-330,-30,0,247.9,https://pleiades.stoa.org/places/550421,
pl-648675,Klima Kotradon,labeled feature,wash,36.75000,32.25000,300,640,0,248.0,https://pleiades.stoa.org/places/648675,
pl-550728,Melampagos,settlement,pin,38.57619,27.15281,-550,-330,0,248.7,https://pleiades.stoa.org/places/550728,
pl-550439,Apias Pedion,"labeled feature, label",pin,39.62189,27.93278,-330,300,0,249.0,https://pleiades.stoa.org/places/550439,
pl-619236,Pegella,settlement,pin,38.53537,32.66553,300,640,0,249.1,https://pleiades.stoa.org/places/619236,
pl-599805,Mycale (mountain),mountain,pin,37.66667,27.08333,-750,2100,0,249.1,https://pleiades.stoa.org/places/599805,
pl-550560,Hadrianoutherai,settlement,pin,39.60672,27.91065,-30,2000,0,249.2,https://pleiades.stoa.org/places/550560,
pl-589793,Gemakhi,cemetery,pin,36.24047,28.12712,,,0,249.4,https://pleiades.stoa.org/places/589793,
pl-550570,Herakleia,settlement,pin,38.61855,27.15813,-550,2100,0,249.5,https://pleiades.stoa.org/places/550570,
pl-599959,Telmissos,settlement,pin,37.03561,27.32300,-550,-330,0,249.5,https://pleiades.stoa.org/places/599959,
pl-619133,Çanakçı,settlement,pin,39.44689,32.08945,-330,-30,0,249.9,https://pleiades.stoa.org/places/619133,
pl-550908,Temnos,"ruin, settlement",pin,38.67663,27.17263,-550,300,0,250.1,https://pleiades.stoa.org/places/550908,
pl-81528331,Apollo Cynneius,"unlocated, sanctuary",wash,38.67663,27.17263,-330,-30,0,250.1,https://pleiades.stoa.org/places/81528331,
pl-511165,Askania,labeled feature,wash,40.25000,29.75000,-750,300,0,250.1,https://pleiades.stoa.org/places/511165,
pl-511396,Rhebas (river),river,wash,40.25000,29.75000,-330,2100,0,250.1,https://pleiades.stoa.org/places/511396,
pl-589986,Phagai,"settlement, people",pin,36.22832,28.13148,-550,-30,0,250.2,https://pleiades.stoa.org/places/589986,
pl-599842,Ouranion,settlement,pin,37.09352,27.27884,-550,-330,0,250.4,https://pleiades.stoa.org/places/599842,
pl-614577,Adoreus (mountain),"unlocated, mountain",wash,40.06867,31.04269,-330,2099,0,250.4,https://pleiades.stoa.org/places/614577,
pl-599865,Panormos (Küdür),bay,pin,37.12343,27.25980,-30,1999,0,250.6,https://pleiades.stoa.org/places/599865,
pl-648753,Pyrgos,labeled feature,wash,37.75000,32.75000,300,640,0,250.8,https://pleiades.stoa.org/places/648753,
pl-648584,Belören,settlement,pin,37.18149,32.57550,-30,640,0,251.0,https://pleiades.stoa.org/places/648584,
pl-590060,Stegna,settlement-modern,pin,36.21035,28.14020,1700,2100,0,251.3,https://pleiades.stoa.org/places/590060,
pl-599902,"Poseidon?, T.",temple-2,pin,37.71217,27.05084,-550,300,0,251.3,https://pleiades.stoa.org/places/599902,
pl-511437,‘Thateso’,station,pin,40.24889,30.24468,300,640,0,251.4,https://pleiades.stoa.org/places/511437,
pl-511364,Pithekas? (river),river,wash,40.25000,30.25000,,,0,251.6,https://pleiades.stoa.org/places/511364,
pl-769548552,Mittleres Sakarya-Tal		t,settlement,wash,40.25000,30.25000,1918,2000,0,251.6,https://pleiades.stoa.org/places/769548552,
pl-619130,Caballucome,station,pin,38.11166,32.77464,300,640,0,251.7,https://pleiades.stoa.org/places/619130,
pl-590004,Pontoreia,settlement,pin,36.21491,28.12413,-330,300,0,251.8,https://pleiades.stoa.org/places/590004,
pl-550784,Olympos,settlement,pin,38.84354,27.22671,-330,-30,0,251.9,https://pleiades.stoa.org/places/550784,
pl-550412,Agamemnoniai Thermai,bath,pin,38.37596,27.05613,-30,300,0,252.2,https://pleiades.stoa.org/places/550412,
pl-550808,Pelekas M.,"mountain, label",pin,39.74259,28.04859,-330,300,0,252.3,https://pleiades.stoa.org/places/550808,
pl-599531,Aspat,settlement,pin,36.98225,27.31192,-330,-30,0,253.0,https://pleiades.stoa.org/places/599531,
pl-589836,Kamiros,"settlement, archaeological-site",pin,36.33612,27.92124,-750,2100,0,253.1,https://pleiades.stoa.org/places/589836,
pl-511384,Prusa,settlement,pin,40.18290,29.06382,-1750,2000,0,253.1,https://pleiades.stoa.org/places/511384,
pl-550759,Mysia (region),"region, label",pin,39.59969,27.83400,-750,640,0,253.3,https://pleiades.stoa.org/places/550759,
pl-599965,Termera,settlement,pin,36.99587,27.29836,-550,-30,0,253.4,https://pleiades.stoa.org/places/599965,
pl-648580,Aydoğmuş,settlement,pin,37.31855,32.66866,-30,640,0,253.7,https://pleiades.stoa.org/places/648580,
pl-599992,Tsoko,fort,pin,37.73108,27.01950,,,0,253.7,https://pleiades.stoa.org/places/599992,
pl-511348,Otroia,settlement,pin,40.28465,29.81063,-330,300,0,253.7,https://pleiades.stoa.org/places/511348,
pl-550404,Aegae,"settlement, archaeological-site",pin,38.83289,27.19172,-750,640,0,254.3,https://pleiades.stoa.org/places/550404,
pl-511363,Phrygia Epiktetos,"region, label",pin,40.29028,29.97906,-330,300,0,254.3,https://pleiades.stoa.org/places/511363,
pl-551912,Untitled,bridge,pin,39.85362,28.18925,-30,640,0,254.4,https://pleiades.stoa.org/places/551912,
pl-550914,Termetis (mountain),"mountain, label",pin,38.36599,27.02818,-30,300,0,254.5,https://pleiades.stoa.org/places/550914,
pl-599816,Narthekis (island),island,pin,37.69086,27.01734,-30,2100,0,254.5,https://pleiades.stoa.org/places/599816,
pl-648761,Salarama,settlement,pin,38.00825,32.81042,-30,640,0,254.6,https://pleiades.stoa.org/places/648761,
pl-652237615,Demeter Temple (Aegae - Yuntdağı),"archaeological-site, temple-2",pin,38.83106,27.18630,-330,-30,0,254.7,https://pleiades.stoa.org/places/652237615,
pl-550882,Sillyos,settlement,pin,38.50130,27.05896,300,640,0,254.7,https://pleiades.stoa.org/places/550882,
pl-599738,*Kymnissa,settlement,pin,37.00864,27.27351,-30,300,0,254.7,https://pleiades.stoa.org/places/599738,
pl-599845,Palaia Myndos,settlement,pin,37.03145,27.25915,-550,640,0,254.8,https://pleiades.stoa.org/places/599845,
pl-511210,‘Chogeae’,station,pin,40.28970,30.12856,300,640,0,254.9,https://pleiades.stoa.org/places/511210,
pl-599966,Termerion (promuntory),cape,pin,36.95707,27.30281,-30,2100,0,255.0,https://pleiades.stoa.org/places/599966,
pl-599626,Glauke,"settlement, port",pin,37.66100,27.00960,-550,-330,0,255.6,https://pleiades.stoa.org/places/599626,
pl-599811,Myndos,"settlement, archaeological-site",pin,37.05557,27.23413,-550,640,0,255.7,https://pleiades.stoa.org/places/599811,
pl-599990,Trogiliai (islands),"island, label",pin,37.65090,27.01014,-30,2100,0,255.7,https://pleiades.stoa.org/places/599990,
pl-844975,Katapaspanas,settlement,pin,40.23826,30.60311,-30,300,0,255.9,https://pleiades.stoa.org/places/844975,
pl-599991,Trogilion (promontory),cape,pin,37.65700,27.00600,-30,2100,0,256.0,https://pleiades.stoa.org/places/599991,
pl-511179,Basilica Therma,settlement,pin,40.20571,29.04275,-30,640,0,256.1,https://pleiades.stoa.org/places/511179,
pl-511244,Echeleos (river),river,wash,40.25000,29.25000,-30,300,0,256.1,https://pleiades.stoa.org/places/511244,
pl-511291,Kios/Askanios (river),river,wash,40.25000,29.25000,-330,640,0,256.1,https://pleiades.stoa.org/places/511291,
pl-511421,Soloeis (river),river,wash,40.25000,29.25000,-30,640,0,256.1,https://pleiades.stoa.org/places/511421,
pl-211425282,Suadiye,settlement,wash,40.25000,29.25000,1918,2000,0,256.1,https://pleiades.stoa.org/places/211425282,
pl-916165989,Astakos,settlement,wash,40.25000,29.25000,-330,-140,0,256.1,https://pleiades.stoa.org/places/916165989,
pl-599770,Litus Leuca,cape,pin,36.95751,27.28675,-30,2100,0,256.2,https://pleiades.stoa.org/places/599770,
pl-550491,Caicus (river),river,pin,39.10375,27.32699,-550,2100,0,256.2,https://pleiades.stoa.org/places/550491,
pl-599988,Triopion,settlement,pin,36.68480,27.49302,-550,300,0,256.2,https://pleiades.stoa.org/places/599988,
pl-550773,Neonteichos,"settlement, archaeological-site",pin,38.65881,27.09149,-750,640,0,256.3,https://pleiades.stoa.org/places/550773,
pl-511344,*Ontoraita,settlement,pin,40.25793,30.51103,-30,300,0,256.3,https://pleiades.stoa.org/places/511344,
pl-619224,Obizene,"district, label",pin,38.25680,32.81513,-30,300,0,256.6,https://pleiades.stoa.org/places/619224,
pl-844863,Apsoda,settlement,pin,40.21455,30.74589,300,640,0,256.7,https://pleiades.stoa.org/places/844863,
pl-599538,Astypalaia Pr.,cape,pin,37.03333,27.23333,-30,2100,0,256.7,https://pleiades.stoa.org/places/599538,
pl-599896,Polypodousa (island),island,pin,36.65876,27.50990,1700,2100,0,256.7,https://pleiades.stoa.org/places/599896,
pl-599754,Lebedos/Ptolemais,"cape, settlement",pin,38.07565,26.96589,-750,2099,0,256.8,https://pleiades.stoa.org/places/599754,
pl-511383,‘Protunica’,station,pin,40.26689,30.48924,300,640,0,256.8,https://pleiades.stoa.org/places/511383,
pl-511431,Tattaios,settlement,pin,40.28692,30.34296,-30,640,0,256.8,https://pleiades.stoa.org/places/511431,
pl-600983,Untitled,bridge,pin,36.69306,27.47577,-330,-30,0,256.9,https://pleiades.stoa.org/places/600983,
pl-511267,Helge/Caesarea Germanice,settlement,pin,40.17725,28.90510,-330,640,0,256.9,https://pleiades.stoa.org/places/511267,
pl-844892,Ceratae,station,pin,40.18897,30.87448,300,640,0,257.5,https://pleiades.stoa.org/places/844892,
pl-550680,Laneion,villa,pin,39.75386,27.97094,-30,300,0,257.6,https://pleiades.stoa.org/places/550680,
pl-599941,Skopias? Pr.,cape,pin,36.96487,27.26398,-30,2100,0,257.6,https://pleiades.stoa.org/places/599941,
pl-619239,*Pillitokome,settlement,pin,38.68801,32.71790,-30,300,0,258.0,https://pleiades.stoa.org/places/619239,
pl-648685,Laertes,settlement,pin,36.51049,32.16551,-330,300,0,258.1,https://pleiades.stoa.org/places/648685,
pl-609393,Gordion/Vindia?,settlement,pin,39.65031,31.97848,-750,2100,0,258.1,https://pleiades.stoa.org/places/609393,
pl-528863404,Çatalhöyük west mound,settlement,pin,37.66627,32.82273,-10000,-3300,0,258.3,https://pleiades.stoa.org/places/528863404,
pl-599880,Pharmakousa (island),island,pin,37.28778,27.08528,1700,2100,0,258.6,https://pleiades.stoa.org/places/599880,
pl-483473194,Çatalhöyük,settlement,pin,37.66710,32.82689,-10000,2100,0,258.7,https://pleiades.stoa.org/places/483473194,
pl-511323,*Mossynea,settlement,pin,40.30138,30.37594,-30,300,0,258.8,https://pleiades.stoa.org/places/511323,
pl-599939,Skanderion (promuntory),cape,pin,36.91591,27.27873,1700,2100,0,258.9,https://pleiades.stoa.org/places/599939,
pl-591923,Untitled,cemetery,wash,36.25354,27.93498,-750,-330,0,259.1,https://pleiades.stoa.org/places/591923,
pl-648719,Nauloi?,settlement,pin,36.45999,32.12544,-550,640,0,259.1,https://pleiades.stoa.org/places/648719,
pl-599728,Kos (settlement),settlement,pin,36.89360,27.28991,-750,1599,0,259.2,https://pleiades.stoa.org/places/599728,
pl-844921,Fines,station,pin,40.18268,30.95614,300,640,0,259.3,https://pleiades.stoa.org/places/844921,
pl-599695,Karyanda/Krousa? (island),island,pin,37.00463,27.21559,1700,2100,0,259.5,https://pleiades.stoa.org/places/599695,
pl-434885832,Tumulus MM,tumulus,pin,39.65401,31.99801,-900,-701,0,259.6,https://pleiades.stoa.org/places/434885832,
pl-599860,Panormos (Samos),bay,pin,37.77378,26.94379,,,0,259.8,https://pleiades.stoa.org/places/599860,
pl-511425,*Syllanta,settlement,pin,40.31790,30.32187,-30,300,0,259.9,https://pleiades.stoa.org/places/511425,
pl-550724,Mastousia (mountain),"mountain, label",pin,38.35716,26.95865,-30,2100,0,260.3,https://pleiades.stoa.org/places/550724,
pl-511246,*Eirakla,settlement,pin,40.33761,30.18050,-30,300,0,260.6,https://pleiades.stoa.org/places/511246,
pl-599537,Astypalaia (mountain),"mountain, label",pin,37.71425,26.94136,,,0,260.7,https://pleiades.stoa.org/places/599537,
pl-599925,Samos (settlement),settlement,pin,37.68825,26.94448,-750,640,0,260.8,https://pleiades.stoa.org/places/599925,
pl-511163,Artemis,station,pin,40.28635,30.59331,300,640,0,260.9,https://pleiades.stoa.org/places/511163,
pl-648674,Klabene,label,pin,36.95581,32.57331,-30,300,0,261.0,https://pleiades.stoa.org/places/648674,
pl-844900,Dableis,station,pin,40.26962,30.68236,-30,640,0,261.1,https://pleiades.stoa.org/places/844900,
pl-629167850,Pythagoreion,"fort-2, settlement, port",pin,37.68910,26.94148,-550,640,0,261.1,https://pleiades.stoa.org/places/629167850,
pl-648686,Laertes (mountain),"mountain, label",pin,36.52250,32.22391,300,640,0,261.2,https://pleiades.stoa.org/places/648686,
pl-648783,Syedra,"settlement, archaeological-site",pin,36.44597,32.14769,-30,640,0,261.5,https://pleiades.stoa.org/places/648783,
pl-272860363,Yassı Ada (island),island,pin,36.99176,27.19733,300,2100,0,261.6,https://pleiades.stoa.org/places/272860363,
pl-550804,Parthenion,settlement,pin,39.21810,27.33510,-550,300,0,261.9,https://pleiades.stoa.org/places/550804,
pl-511245,Eikote,settlement,pin,40.28003,29.12906,-30,300,0,261.9,https://pleiades.stoa.org/places/511245,
pl-640889631,Tunnel of Eupalinos,aqueduct,pin,37.69465,26.93001,-750,-330,0,262.0,https://pleiades.stoa.org/places/640889631,
pl-550683,Buruncuk,settlement,pin,38.68907,27.03341,-750,2100,0,262.1,https://pleiades.stoa.org/places/550683,
pl-550933,Tisna/Titne,"settlement, archaeological-site",pin,38.78388,27.07249,-900,-30,0,262.2,https://pleiades.stoa.org/places/550933,
pl-511326,Mygdum/‘Midum’,station,pin,40.36105,29.98160,300,640,0,262.2,https://pleiades.stoa.org/places/511326,
pl-590038,Sarantapekhos,unknown,wash,36.19560,27.96412,-330,-30,0,262.3,https://pleiades.stoa.org/places/590038,
pl-590054,Somantera-Katholike,unknown,wash,36.19560,27.96412,-330,640,0,262.3,https://pleiades.stoa.org/places/590054,
pl-648795,*Thouththourbia,settlement,pin,36.93999,32.57972,-30,300,0,262.3,https://pleiades.stoa.org/places/648795,
pl-619190,Kongoustos/Congussus,settlement,pin,38.30150,32.87633,-30,640,0,262.5,https://pleiades.stoa.org/places/619190,
pl-550475,Atys (mountain),"mountain, label",pin,39.80385,27.95930,-30,300,0,262.5,https://pleiades.stoa.org/places/550475,
pl-599528,Asklepieion (Kos),"sanctuary, temple, temple-2, archaeological-site",pin,36.87572,27.25719,-550,1999,0,262.7,https://pleiades.stoa.org/places/599528,
pl-814448537,Grove of Asklepios at Kos,"grove, unlocated, sanctuary",wash,36.87574,27.25737,,,0,262.7,https://pleiades.stoa.org/places/814448537,
pl-599511,Ar(ai)ai Inss.,"archipelago, island",pin,37.04869,27.14761,1700,2100,0,262.9,https://pleiades.stoa.org/places/599511,
pl-619185,Kerpiç,settlement,pin,39.07287,32.58207,-30,640,0,263.1,https://pleiades.stoa.org/places/619185,
pl-590031,Rhodos (island),island,pin,36.17911,27.97208,-750,2100,0,263.2,https://pleiades.stoa.org/places/590031,
pl-550624,Karkasos (river),river,pin,39.25353,27.34634,-550,2100,0,263.2,https://pleiades.stoa.org/places/550624,
pl-648694,*Laroumada,settlement,pin,37.06196,32.66387,-30,300,0,263.2,https://pleiades.stoa.org/places/648694,
pl-599558,Bourina,spring,pin,36.85807,27.26135,-330,-30,0,263.3,https://pleiades.stoa.org/places/599558,
pl-648676,Kodylessos,settlement,pin,37.26991,32.76467,-30,300,0,263.3,https://pleiades.stoa.org/places/648676,
pl-599986,Tragia (island),island,pin,37.46153,26.96867,1700,2100,0,263.3,https://pleiades.stoa.org/places/599986,
pl-844909,Doris,"region, label",pin,40.25810,30.82794,300,640,0,263.5,https://pleiades.stoa.org/places/844909,
pl-599712,Khora,quarry,pin,37.70951,26.90972,-550,-330,0,263.5,https://pleiades.stoa.org/places/599712,
pl-511151,Apollonia ad Rhyndacum,settlement,pin,40.17510,28.68080,-330,2100,0,263.9,https://pleiades.stoa.org/places/511151,
pl-599532,Aspis/Arkonnesos Ins.,island,pin,38.02183,26.88223,-30,2100,0,264.0,https://pleiades.stoa.org/places/599532,
pl-512653,Unnamed bridge,bridge,pin,40.37777,29.96576,-30,300,0,264.0,https://pleiades.stoa.org/places/512653,
pl-589883,Kretinia,settlement,pin,36.27328,27.82072,-330,300,0,264.2,https://pleiades.stoa.org/places/589883,
pl-589913,Lindos,"settlement, acropolis",pin,36.09130,28.08830,-750,640,0,264.6,https://pleiades.stoa.org/places/589913,
pl-414067217,Temple of Athena Lindia,temple-2,pin,36.09101,28.08845,-330,2100,0,264.6,https://pleiades.stoa.org/places/414067217,
pl-312238265,Temple of Aphrodite Euploia,temple-2,pin,36.68889,27.37331,-550,2100,0,264.6,https://pleiades.stoa.org/places/312238265,
pl-599575,Cnidus (Tekir),settlement,pin,36.68818,27.37284,-330,2100,0,264.7,https://pleiades.stoa.org/places/599575,
pl-599691,Karpathion Mare,water-open,wash,36.68818,27.37284,,,0,264.7,https://pleiades.stoa.org/places/599691,
pl-550793,Allianoi,"archaeological-site, bath",pin,39.23235,27.30461,-330,2100,0,265.0,https://pleiades.stoa.org/places/550793,
pl-589788,Exokhi,cemetery,wash,36.17106,27.94870,-750,-550,0,265.2,https://pleiades.stoa.org/places/589788,
pl-594989,Oiai,unlocated,wash,36.17106,27.94870,-550,-30,0,265.2,https://pleiades.stoa.org/places/594989,
pl-590032,Rhonkchon,settlement,pin,36.22908,27.86328,-330,300,0,265.3,https://pleiades.stoa.org/places/590032,
pl-599781,Makris (island),"island, label",pin,38.02989,26.86575,-330,2100,0,265.4,https://pleiades.stoa.org/places/599781,
pl-590079,Thoantion (promontory),cape,pin,36.26850,27.80550,2000,2099,0,265.5,https://pleiades.stoa.org/places/590079,
pl-648726,*Olosada,settlement,pin,36.89159,32.58942,-30,300,0,265.5,https://pleiades.stoa.org/places/648726,
pl-599989,Triopion Pr.,cape,pin,36.68683,27.36358,-550,2100,0,265.5,https://pleiades.stoa.org/places/599989,
pl-648747,Potamia,"district, label",pin,37.05684,32.69010,-30,300,0,265.6,https://pleiades.stoa.org/places/648747,
pl-844901,Dadastana,station,pin,40.19597,31.10955,300,640,0,265.7,https://pleiades.stoa.org/places/844901,
pl-599701,Kazania,cemetery,pin,37.72614,26.88051,-750,-30,0,265.9,https://pleiades.stoa.org/places/599701,
pl-599852,Panaima,label,pin,37.74307,26.87592,,,0,266.0,https://pleiades.stoa.org/places/599852,
pl-599641,Heraion,"sanctuary, archaeological-site, temple-2",pin,37.67197,26.88592,-750,2100,0,266.1,https://pleiades.stoa.org/places/599641,
pl-550555,Gryneion,"settlement, settlement-modern",pin,38.87902,27.06798,-330,2099,0,266.2,https://pleiades.stoa.org/places/550555,
pl-84509361,Great Temple of Hera,temple-2,pin,37.67188,26.88546,-750,2100,0,266.2,https://pleiades.stoa.org/places/84509361,
pl-619119,Axylon,"labeled feature, label",pin,39.23842,32.50907,-330,-30,0,266.4,https://pleiades.stoa.org/places/619119,
pl-599812,Myonnesos Ins.,island,pin,38.04585,26.85522,-750,2100,0,266.4,https://pleiades.stoa.org/places/599812,
pl-605512,Unnamed villa,villa,pin,36.87904,27.20363,-30,300,0,266.7,https://pleiades.stoa.org/places/605512,
pl-589717,Atabyrion (mountain),mountain,pin,36.21000,27.86444,1700,2100,0,266.8,https://pleiades.stoa.org/places/589717,
pl-511319,Miletopolitis/Apolloniatis/Artynia (lake),lake,pin,40.17311,28.59683,-330,2100,0,266.8,https://pleiades.stoa.org/places/511319,
pl-194611949,Tavşan Tepe Tümülüsü,tumulus,pin,39.11508,27.19474,1900,2099,0,267.0,https://pleiades.stoa.org/places/194611949,
pl-590099,Zeus Atabyrios (temple),"sanctuary, temple-2",pin,36.20684,27.86460,-750,300,0,267.0,https://pleiades.stoa.org/places/590099,
pl-604002,Untitled,road,wash,37.25000,27.00000,-330,300,0,267.0,https://pleiades.stoa.org/places/604002,
pl-604003,Untitled,road,wash,37.25000,27.00000,-330,300,0,267.0,https://pleiades.stoa.org/places/604003,
pl-604004,Untitled,road,wash,37.25000,27.00000,-30,640,0,267.0,https://pleiades.stoa.org/places/604004,
pl-604005,Untitled,road,wash,37.25000,27.00000,-30,640,0,267.0,https://pleiades.stoa.org/places/604005,
pl-604006,Untitled,road,wash,37.25000,27.00000,-550,300,0,267.0,https://pleiades.stoa.org/places/604006,
pl-604007,Untitled,road,wash,37.25000,27.00000,300,640,0,267.0,https://pleiades.stoa.org/places/604007,
pl-604008,Untitled,road,wash,37.25000,27.00000,-330,300,0,267.0,https://pleiades.stoa.org/places/604008,
pl-604009,Untitled,road,wash,37.25000,27.00000,-550,300,0,267.0,https://pleiades.stoa.org/places/604009,
pl-604010,Untitled,road,wash,37.25000,27.00000,-750,-550,0,267.0,https://pleiades.stoa.org/places/604010,
pl-604011,Untitled,road,wash,37.25000,27.00000,-30,300,0,267.0,https://pleiades.stoa.org/places/604011,
pl-604012,Untitled,road,wash,37.25000,27.00000,-30,640,0,267.0,https://pleiades.stoa.org/places/604012,
pl-604013,Untitled,road,wash,37.25000,27.00000,-30,300,0,267.0,https://pleiades.stoa.org/places/604013,
pl-604014,Untitled,road,wash,37.25000,27.00000,-30,640,0,267.0,https://pleiades.stoa.org/places/604014,
pl-511174,Aureliane,settlement,pin,40.40458,29.80875,-30,300,0,267.0,https://pleiades.stoa.org/places/511174,
pl-511222,Daphnous,settlement,pin,40.17174,28.58884,-330,-30,0,267.0,https://pleiades.stoa.org/places/511222,
pl-599762,Lepsimandos? (island),island,pin,37.06076,27.08886,1700,2100,0,267.1,https://pleiades.stoa.org/places/599762,
pl-589891,*Ladarma,"settlement, settlement-modern",pin,36.15476,27.93786,-330,2099,0,267.2,https://pleiades.stoa.org/places/589891,
pl-550826,Phrikonis,"region, label",pin,38.72745,26.98698,-550,-30,0,267.3,https://pleiades.stoa.org/places/550826,
pl-625581619,"Tumulus Tepe A, Pergamon",tumulus,pin,39.11675,27.19286,2000,2099,0,267.3,https://pleiades.stoa.org/places/625581619,
pl-847120,Untitled,road,wash,40.16026,31.25645,-30,640,0,267.5,https://pleiades.stoa.org/places/847120,
pl-599669,Imbrasos (river),river,pin,37.67527,26.86962,-30,2100,0,267.5,https://pleiades.stoa.org/places/599669,
pl-198601655,Yığma Tepe Tumulus,tumulus,pin,39.10438,27.18092,-330,2099,0,267.6,https://pleiades.stoa.org/places/198601655,
pl-599849,Palaiomonastero,church,pin,37.75970,26.85528,300,640,0,267.7,https://pleiades.stoa.org/places/599849,
pl-550399,Achaion Limen,"settlement, archaeological-site",pin,38.85815,27.03949,-330,300,0,267.7,https://pleiades.stoa.org/places/550399,
pl-648705,Marassa,settlement,pin,36.42115,32.21504,-30,300,0,267.8,https://pleiades.stoa.org/places/648705,
pl-599649,Horomedon (mountain),"mountain, label",pin,36.84041,27.21408,,,0,267.9,https://pleiades.stoa.org/places/599649,
pl-511412,‘Schinae’,station,pin,40.41349,29.91504,300,640,0,267.9,https://pleiades.stoa.org/places/511412,
pl-325069622,Panaztepe,settlement,pin,38.62169,26.94062,-3000,-700,0,267.9,https://pleiades.stoa.org/places/325069622,
pl-550874,Selinos (river),river,pin,39.11957,27.18490,-30,2100,0,268.0,https://pleiades.stoa.org/places/550874,
pl-599487,Ampelos (cape),cape,pin,37.63739,26.86930,-30,2099,0,268.1,https://pleiades.stoa.org/places/599487,
pl-956778056,South Necropolis (Pergamon),"cemetery, archaeological-site",pin,39.11550,27.18050,-900,2099,0,268.2,https://pleiades.stoa.org/places/956778056,
pl-599910,Pserimos (island),island,pin,36.94068,27.14479,1700,2100,0,268.2,https://pleiades.stoa.org/places/599910,
pl-599931,Selinous (river),river,wash,39.12193,27.18339,-550,2099,0,268.3,https://pleiades.stoa.org/places/599931,
pl-565845192,Pergamon gymnasium,gymnasium,pin,39.12701,27.18627,-200,2099,0,268.3,https://pleiades.stoa.org/places/565845192,
pl-923431995,Red Basilica,"church-2, building, basilica, mosque, temple-2",pin,39.12193,27.18352,-30,2100,0,268.3,https://pleiades.stoa.org/places/923431995,
pl-814953386,İkiz Tepe Tümülüsü,tumulus,pin,39.10325,27.16965,2000,2099,0,268.4,https://pleiades.stoa.org/places/814953386,
pl-998696201,Maltepe (Pergamon),tumulus,pin,39.10899,27.17268,-330,2099,0,268.4,https://pleiades.stoa.org/places/998696201,
pl-619243,Proseilemmene,"labeled feature, label",pin,38.88077,32.75969,-30,300,0,268.6,https://pleiades.stoa.org/places/619243,
pl-294093254,Royal Palace V at Pergamum,"garden-hortus, palace",pin,39.13231,27.18475,-30,300,0,268.7,https://pleiades.stoa.org/places/294093254,
pl-2604669,The Great Altar at Pergamon,"sanctuary, monument",pin,39.13089,27.18386,-330,-30,0,268.7,https://pleiades.stoa.org/places/2604669,
pl-537932154,Temple Grove of Nikephorion at Pergamum,"grove, unlocated, sanctuary",wash,39.13121,27.18453,,,0,268.7,https://pleiades.stoa.org/places/537932154,
pl-550812,Pergamum,settlement,pin,39.13250,27.18417,-1750,2100,0,268.8,https://pleiades.stoa.org/places/550812,
pl-877549424,Theater of Pergamon,theatre,pin,39.13184,27.18326,-330,-30,0,268.8,https://pleiades.stoa.org/places/877549424,
pl-619286,*Zemruta,settlement,pin,38.21122,32.96137,-30,300,0,268.8,https://pleiades.stoa.org/places/619286,
pl-961678240,Lydia/Sparda (satrapy),satrapy,wash,39.13250,27.18417,,,0,268.8,https://pleiades.stoa.org/places/961678240,
pl-30893806,Aphrodision,temple-2,wash,39.13250,27.18417,-330,-30,0,268.8,https://pleiades.stoa.org/places/30893806,
pl-117689032,Library of Pergamum,architecturalcomplex,pin,39.13222,27.18397,-330,2100,0,268.8,https://pleiades.stoa.org/places/117689032,
pl-146849991,Temple of Trajan at Pergamon,temple-2,pin,39.13291,27.18302,-30,300,0,268.9,https://pleiades.stoa.org/places/146849991,
pl-599889,Phyxia?,settlement,pin,36.84747,27.19524,-330,-30,0,269.0,https://pleiades.stoa.org/places/599889,
pl-511367,*Ploketta,settlement,pin,40.42229,29.77988,-30,300,0,269.1,https://pleiades.stoa.org/places/511367,
pl-550637,Keteios (river),river,pin,39.16710,27.20146,-330,2099,0,269.3,https://pleiades.stoa.org/places/550637,
pl-511391,Pythopolis,settlement,pin,40.39600,29.41358,-550,-330,0,269.3,https://pleiades.stoa.org/places/511391,
pl-550406,Aeolis,region,wash,38.84349,27.01162,-750,300,0,269.4,https://pleiades.stoa.org/places/550406,
pl-599926,Samos (island),island,pin,37.73246,26.83913,-550,2100,0,269.4,https://pleiades.stoa.org/places/599926,
pl-550459,Asklepieion,"sanctuary, bath, spring, settlement, architecturalcomplex",pin,39.11887,27.16563,-330,300,0,269.5,https://pleiades.stoa.org/places/550459,
pl-648572,Artanada,settlement,pin,37.01808,32.71825,-30,300,0,269.5,https://pleiades.stoa.org/places/648572,
pl-511318,Miletopolis,settlement,pin,40.08346,28.31649,-550,640,0,269.6,https://pleiades.stoa.org/places/511318,
pl-347812262,Roman theater at Helikore/Nicaea,theatre,pin,40.42670,29.71691,-30,2099,0,269.8,https://pleiades.stoa.org/places/347812262,
pl-550562,Halisarna,settlement,pin,39.04511,27.11500,-750,300,0,269.8,https://pleiades.stoa.org/places/550562,
pl-550523,Elaea,settlement,pin,38.94164,27.05526,-750,640,0,269.9,https://pleiades.stoa.org/places/550523,
pl-507447,Pergamon,"unlocated, temple",wash,38.94164,27.05526,-330,-30,0,269.9,https://pleiades.stoa.org/places/507447,
pl-551157,Untitled,aqueduct-group,wash,39.25000,27.25000,,,0,270.1,https://pleiades.stoa.org/places/551157,
pl-550542,Gambreion,settlement,wash,39.25000,27.25000,-550,300,0,270.1,https://pleiades.stoa.org/places/550542,
pl-600235,Untitled,aqueduct,wash,36.75000,27.25000,-30,300,0,270.1,https://pleiades.stoa.org/places/600235,
pl-600236,Untitled,aqueduct,wash,36.75000,27.25000,-30,300,0,270.1,https://pleiades.stoa.org/places/600236,
pl-601740,Untitled,cemetery,wash,36.75000,27.25000,-550,300,0,270.1,https://pleiades.stoa.org/places/601740,
pl-601741,Untitled,cemetery,wash,36.75000,27.25000,-550,300,0,270.1,https://pleiades.stoa.org/places/601741,
pl-601742,Unnamed cemetery,cemetery,wash,36.75000,27.25000,-750,-30,0,270.1,https://pleiades.stoa.org/places/601742,
pl-603253,Untitled,quarry,wash,36.75000,27.25000,-750,-550,0,270.1,https://pleiades.stoa.org/places/603253,
pl-511268,Helikore/Nicaea,settlement,pin,40.42909,29.71468,-550,640,0,270.1,https://pleiades.stoa.org/places/511268,
pl-756784438,"Hagia Sophia, Iznik","church-2, mosque",pin,40.42919,29.72019,1900,2099,0,270.1,https://pleiades.stoa.org/places/756784438,
pl-599606,"Eleusinioi Theoi, T.",sanctuary,pin,36.84377,27.17979,-550,-30,0,270.3,https://pleiades.stoa.org/places/599606,
pl-599486,Ampelos (mountain),"mountain, label",pin,37.75907,26.82278,2000,2099,0,270.5,https://pleiades.stoa.org/places/599486,
pl-648653,Isauria,"region, label",pin,36.88348,32.64861,-330,640,0,270.5,https://pleiades.stoa.org/places/648653,
pl-619128,Bulduk,settlement,pin,38.95392,32.75594,-30,640,0,271.3,https://pleiades.stoa.org/places/619128,
pl-589684,Ampelia,settlement,pin,36.06833,27.99700,-750,-550,0,271.4,https://pleiades.stoa.org/places/589684,
pl-550832,Pionia(i),settlement,pin,39.62620,27.57957,-550,640,0,271.6,https://pleiades.stoa.org/places/550832,
pl-589787,Eulimna (island),island,pin,36.26633,27.70479,1700,2100,0,271.8,https://pleiades.stoa.org/places/589787,
pl-592677,Unnamed fort,fort-2,wash,36.26742,27.70437,-550,-30,0,271.8,https://pleiades.stoa.org/places/592677,
pl-490062280,Grave of Charmylos,tomb,pin,36.84242,27.16201,-330,2099,0,271.8,https://pleiades.stoa.org/places/490062280,
pl-511249,Elekosmioi,settlement,pin,40.35359,29.03797,-30,300,0,271.9,https://pleiades.stoa.org/places/511249,
pl-599679,Kalinos (island),island,pin,36.94278,27.09441,1700,2100,0,272.0,https://pleiades.stoa.org/places/599679,
pl-550756,Myrina/Sebastopolis,"settlement, archaeological-site",pin,38.84698,26.98020,-750,640,0,272.1,https://pleiades.stoa.org/places/550756,
pl-511401,Rhyndakos (river),river,pin,40.17389,28.45379,-30,2100,0,272.4,https://pleiades.stoa.org/places/511401,
pl-80227978,Blakeia,"unlocated, settlement",wash,38.76069,26.93922,-550,-330,0,272.4,https://pleiades.stoa.org/places/80227978,
pl-550506,Cyme,settlement,pin,38.76019,26.93832,-750,640,0,272.5,https://pleiades.stoa.org/places/550506,
pl-845086,‘Transmonte’,station,pin,40.22573,31.22005,300,640,0,272.7,https://pleiades.stoa.org/places/845086,
pl-698493693,Odeon of Teos,odeon,pin,38.17777,26.79006,,,0,272.7,https://pleiades.stoa.org/places/698493693,
pl-619257,*Senzousa,settlement,pin,38.44424,32.96987,300,640,0,273.0,https://pleiades.stoa.org/places/619257,
pl-269407479,Ancient Theater of Teos,theatre,pin,38.17997,26.78756,-330,640,0,273.0,https://pleiades.stoa.org/places/269407479,
pl-550597,Ionia (region),"region, label",pin,38.29906,26.80156,-750,640,0,273.0,https://pleiades.stoa.org/places/550597,
pl-550697,Leukai,"settlement, port",pin,38.54675,26.85680,-550,300,0,273.0,https://pleiades.stoa.org/places/550697,
pl-550550,Gerraidai,settlement,pin,38.19595,26.78855,-330,300,0,273.0,https://pleiades.stoa.org/places/550550,
pl-550913,Teos,"settlement, settlement-modern",pin,38.17726,26.78501,-750,2100,0,273.2,https://pleiades.stoa.org/places/550913,
pl-319662579,Temple of Dionysos at Teos,temple-2,pin,38.17723,26.78488,-330,300,0,273.2,https://pleiades.stoa.org/places/319662579,
pl-511166,Askania (lake),lake,pin,40.44399,29.52800,-30,2100,0,273.2,https://pleiades.stoa.org/places/511166,
pl-599876,Pele,settlement,pin,36.83992,27.14256,-330,300,0,273.4,https://pleiades.stoa.org/places/599876,
pl-648745,Posala,settlement,pin,37.25146,32.87754,300,640,0,273.4,https://pleiades.stoa.org/places/648745,
pl-235505945,Kybele Sanctuary at Kapikaya,sanctuary,pin,39.16432,27.14356,1900,2099,0,273.6,https://pleiades.stoa.org/places/235505945,
pl-589952,Narthecusa (island),"island, label",pin,36.26435,27.67672,1700,2100,0,273.7,https://pleiades.stoa.org/places/589952,
pl-550525,Elaitikos Sinus,"water-open, bay",pin,38.88430,26.97683,-330,2100,0,273.9,https://pleiades.stoa.org/places/550525,
pl-599924,Samiopoula (settlement opposite),"settlement, cemetery",pin,37.65189,26.79967,-30,1999,0,273.9,https://pleiades.stoa.org/places/599924,
pl-550437,Antron Kybeles/Mithra,"sanctuary, cave, settlement-modern",pin,39.17439,27.14494,-330,2099,0,274.0,https://pleiades.stoa.org/places/550437,
pl-550916,Teuthrania,settlement,pin,39.03522,27.05477,-750,640,0,274.1,https://pleiades.stoa.org/places/550916,
pl-845019,Milia,station,pin,40.19709,31.34252,300,640,0,274.6,https://pleiades.stoa.org/places/845019,
pl-599581,Kos/Cos (island),island,pin,36.82290,27.13738,-750,2100,0,274.7,https://pleiades.stoa.org/places/599581,
pl-619138,Cıhanbeylı,settlement,pin,38.64909,32.93148,-30,640,0,274.8,https://pleiades.stoa.org/places/619138,
pl-668432190,Samiopoula (island),island,pin,37.62904,26.79267,1900,2099,0,274.9,https://pleiades.stoa.org/places/668432190,
pl-550931,Tiarai?,settlement,pin,39.12883,27.10068,-330,640,0,275.1,https://pleiades.stoa.org/places/550931,
pl-599825,Neokhorion,settlement,pin,37.71837,26.77163,-750,-330,0,275.4,https://pleiades.stoa.org/places/599825,
pl-550721,Marathoussa (island),island,pin,38.40686,26.79356,-550,2100,0,275.4,https://pleiades.stoa.org/places/550721,
pl-550651,Klazomenai (later),"settlement, island",pin,38.37305,26.78662,-550,2099,0,275.5,https://pleiades.stoa.org/places/550651,
pl-589888,Kymisala,"ruin, settlement",pin,36.17290,27.76690,-550,300,0,275.6,https://pleiades.stoa.org/places/589888,
pl-619241,*Plomma,settlement,pin,39.06861,32.74570,-30,300,0,275.7,https://pleiades.stoa.org/places/619241,
pl-589761,Dimastos? (island),island,pin,36.25685,27.65388,1700,2100,0,275.7,https://pleiades.stoa.org/places/589761,
pl-511292,*Kizoura,settlement,pin,40.46952,30.25560,-30,300,0,275.9,https://pleiades.stoa.org/places/511292,
pl-735571887,Constantine's Bridge (Mysia),bridge,pin,40.20441,28.44182,-30,640,0,275.9,https://pleiades.stoa.org/places/735571887,
pl-589737,*Brasos,settlement,pin,36.14745,27.79519,-30,300,0,276.0,https://pleiades.stoa.org/places/589737,
pl-599553,Bathos,"settlement, archaeological-site",pin,36.97354,27.02619,-330,-30,0,276.0,https://pleiades.stoa.org/places/599553,
pl-550516,Dios Hieron?,villa,pin,39.84776,27.78618,-30,300,0,276.1,https://pleiades.stoa.org/places/550516,
pl-600982,Untitled,bridge,pin,37.71212,26.76395,-750,-550,0,276.2,https://pleiades.stoa.org/places/600982,
pl-299493180,Limantepe,"settlement, port",pin,38.36269,26.77575,-3000,2000,0,276.2,https://pleiades.stoa.org/places/299493180,
pl-867631586,Feride Gül Tarla (FGT) excavation sector,"urban, settlement",pin,38.36144,26.77436,-750,-330,0,276.3,https://pleiades.stoa.org/places/867631586,
pl-376830532,Castle of Antimachia,castle,pin,36.80296,27.12869,1500,2099,0,276.4,https://pleiades.stoa.org/places/376830532,
pl-550650,Klazomenai (earlier),settlement,pin,38.36146,26.77057,-3000,640,0,276.7,https://pleiades.stoa.org/places/550650,
pl-648650,Iotape,settlement,pin,36.31996,32.23680,-330,640,0,276.7,https://pleiades.stoa.org/places/648650,
pl-511320,Miletouteichos,"settlement, settlement-modern",pin,40.20796,28.43094,-550,2099,0,276.7,https://pleiades.stoa.org/places/511320,
pl-550839,Polichne,settlement,pin,38.36020,26.76851,-550,-330,0,276.8,https://pleiades.stoa.org/places/550839,
pl-278163592,Akropolis of Klazomenai,"settlement, city-wall, hill, acropolis",pin,38.35837,26.76785,-750,-330,0,276.8,https://pleiades.stoa.org/places/278163592,
pl-599514,Arethousa?,labeled feature,wash,37.75000,26.75000,,,0,276.9,https://pleiades.stoa.org/places/599514,
pl-599572,Chesios (river),river,wash,37.75000,26.75000,,,0,276.9,https://pleiades.stoa.org/places/599572,
pl-599780,Makria Pr.,cape,wash,38.25000,26.75000,-30,300,0,276.9,https://pleiades.stoa.org/places/599780,
pl-599783,Manolates,labeled feature,wash,37.75000,26.75000,-750,-550,0,276.9,https://pleiades.stoa.org/places/599783,
pl-600230,Untitled,aqueduct,wash,37.75000,26.75000,-30,300,0,276.9,https://pleiades.stoa.org/places/600230,
pl-599634,Halasarna,settlement,pin,36.77834,27.13827,-750,300,0,277.0,https://pleiades.stoa.org/places/599634,
pl-599570,Chelone Pr.,cape,wash,36.80261,27.11992,,,0,277.1,https://pleiades.stoa.org/places/599570,
pl-599609,Embolas,fort,pin,36.98980,26.99767,-550,640,0,277.5,https://pleiades.stoa.org/places/599609,
pl-511385,Prusias ad Mare/Kios,"settlement, port",pin,40.43247,29.15639,-750,640,0,277.7,https://pleiades.stoa.org/places/511385,
pl-648558,Ano Kotradis,settlement,pin,36.53084,32.47146,-30,640,0,277.8,https://pleiades.stoa.org/places/648558,
pl-599655,Hydrousa,settlement,pin,37.79802,26.73292,-30,300,0,277.9,https://pleiades.stoa.org/places/599655,
pl-550582,Hydra Pr.,cape,pin,38.82000,26.89600,-550,2100,0,278.1,https://pleiades.stoa.org/places/550582,
pl-511207,*Charmidea,settlement,pin,40.45940,29.29454,-30,300,0,278.1,https://pleiades.stoa.org/places/511207,
pl-550813,Pericharaxis,settlement,pin,39.76509,27.64194,-550,640,0,278.2,https://pleiades.stoa.org/places/550813,
pl-550534,Ergasteria,settlement,pin,39.72765,27.59645,-330,640,0,278.2,https://pleiades.stoa.org/places/550534,
pl-551909,Untitled,bridge,pin,39.77121,27.64810,-30,640,0,278.3,https://pleiades.stoa.org/places/551909,
pl-599862,Panormos (Kalymna),bay,pin,36.93976,27.01644,,,0,278.3,https://pleiades.stoa.org/places/599862,
pl-511194,Brylleion/Myrleia/Apamea/Col. Iulia Concordia,settlement,pin,40.37557,28.88274,-550,640,0,278.3,https://pleiades.stoa.org/places/511194,
pl-844891,‘Cenon Gallicanon’?,"settlement, settlement-modern",pin,40.42130,30.73047,-30,2099,0,278.4,https://pleiades.stoa.org/places/844891,
pl-599495,Antimachia,settlement,pin,36.81129,27.09750,-750,2099,0,278.4,https://pleiades.stoa.org/places/599495,
pl-619237,Perta,settlement,pin,38.16772,33.07666,-30,640,0,278.5,https://pleiades.stoa.org/places/619237,
pl-550807,Pele (island),island,pin,38.43756,26.76193,-550,2100,0,278.7,https://pleiades.stoa.org/places/550807,
pl-550502,Chyton/Chytrion,settlement,pin,38.33789,26.74188,-550,300,0,278.8,https://pleiades.stoa.org/places/550502,
pl-511434,Terbos,settlement,pin,40.50954,30.01885,-30,300,0,278.8,https://pleiades.stoa.org/places/511434,
pl-729664549,Ilıpınar Tumulus,tumulus,pin,40.46810,29.30859,-10000,850,0,278.8,https://pleiades.stoa.org/places/729664549,
pl-550833,Pitane,settlement,pin,38.92830,26.93745,-750,640,0,278.9,https://pleiades.stoa.org/places/550833,
pl-550830,Pindasos (mountain),mountain,pin,39.36331,27.22014,-330,2100,0,279.0,https://pleiades.stoa.org/places/550830,
pl-599938,Skalia,"settlement, archaeological-site",pin,37.03750,26.95310,-550,1999,0,279.0,https://pleiades.stoa.org/places/599938,
pl-844946,*Hieronpotamon,settlement,pin,40.08267,31.69019,300,640,0,279.2,https://pleiades.stoa.org/places/844946,
pl-599684,Kalymna (island),island,pin,36.99839,26.97182,1700,2100,0,279.2,https://pleiades.stoa.org/places/599684,
pl-844935,Gordioukome/Iuliopolis,settlement,pin,40.10706,31.64500,-330,640,0,279.3,https://pleiades.stoa.org/places/844935,
pl-844864,Araunia,settlement,pin,40.03372,31.78241,300,640,0,279.4,https://pleiades.stoa.org/places/844864,
pl-511282,Kabia,settlement,pin,40.50005,30.29998,-30,1923,0,279.7,https://pleiades.stoa.org/places/511282,
pl-648763,Sariveliler,settlement,pin,36.69764,32.64005,-30,640,0,279.9,https://pleiades.stoa.org/places/648763,
pl-606349,Panormos (Kalymna),"unlocated, harbor",wash,36.99564,26.96541,-550,300,0,279.9,https://pleiades.stoa.org/places/606349,
pl-599748,Lak(e)ter Pr.,cape,pin,36.75780,27.11230,1700,2100,0,280.1,https://pleiades.stoa.org/places/599748,
pl-619108,*Anzoulada,settlement,pin,38.33904,33.07533,300,640,0,280.3,https://pleiades.stoa.org/places/619108,
pl-550917,Teuthras (mountain),"mountain, label",pin,39.21214,27.08734,-30,300,0,280.4,https://pleiades.stoa.org/places/550917,
pl-599824,Neo Karlobasi,settlement,pin,37.80391,26.70363,-550,-30,0,280.4,https://pleiades.stoa.org/places/599824,
pl-589741,Chalke (settlement),"settlement, island",pin,36.22424,27.61897,-550,2100,0,280.5,https://pleiades.stoa.org/places/589741,
pl-550419,Airai,settlement,pin,38.20396,26.70132,-550,-30,0,280.7,https://pleiades.stoa.org/places/550419,
pl-619216,Myrikion/Therma,settlement,pin,39.47533,32.50831,300,640,0,280.8,https://pleiades.stoa.org/places/619216,
pl-550674,Kyllene?/Ascanius Portus?,settlement,pin,38.74527,26.83198,-550,300,0,280.8,https://pleiades.stoa.org/places/550674,
pl-648752,Pyrgoi,settlement,pin,37.22785,32.95714,300,640,0,280.8,https://pleiades.stoa.org/places/648752,
pl-599786,Marmara,cemetery,pin,36.44249,27.36908,-550,-330,0,280.9,https://pleiades.stoa.org/places/599786,
pl-648780,Soatra/Savatra,settlement,pin,37.97515,33.11142,-330,640,0,280.9,https://pleiades.stoa.org/places/648780,
pl-579175360,Church of the Archangels at Sige,church-2,pin,40.38528,28.82708,650,2100,0,280.9,https://pleiades.stoa.org/places/579175360,
pl-589955,Netteia?,settlement,pin,36.07522,27.81334,-550,-30,0,281.0,https://pleiades.stoa.org/places/589955,
pl-599903,Pothaia,cemetery,pin,36.94441,26.98066,300,1999,0,281.0,https://pleiades.stoa.org/places/599903,
pl-599772,Livadia,fort,pin,36.42305,27.38323,-550,-30,0,281.2,https://pleiades.stoa.org/places/599772,
pl-648695,Lauzadeai,settlement,pin,36.75246,32.69779,300,640,0,281.2,https://pleiades.stoa.org/places/648695,
pl-599877,Perakastro,fort,pin,36.95067,26.96966,-550,300,0,281.5,https://pleiades.stoa.org/places/599877,
pl-550573,Hermeios Sinus,water-open,pin,38.53586,26.75491,-550,2100,0,281.5,https://pleiades.stoa.org/places/550573,
pl-550730,Meletos/Smyrnaeus Sinus,water-open,pin,38.53586,26.75491,-750,2100,0,281.5,https://pleiades.stoa.org/places/550730,
pl-599960,Telos (settlement),settlement,pin,36.46394,27.33873,-550,-30,0,281.5,https://pleiades.stoa.org/places/599960,
pl-511436,Tetrakomia,settlement,pin,40.51431,29.47451,300,640,0,281.6,https://pleiades.stoa.org/places/511436,
pl-844873,Balgatia,settlement,pin,40.15174,31.61263,300,640,0,281.9,https://pleiades.stoa.org/places/844873,
pl-511289,Kianos Sinus,water-open,pin,40.43002,28.95299,-330,2099,0,282.2,https://pleiades.stoa.org/places/511289,
pl-599560,Brouzi,cemetery,pin,37.15592,26.85587,-330,-30,0,282.3,https://pleiades.stoa.org/places/599560,
pl-599763,Leros,settlement,pin,37.15804,26.85466,-750,640,0,282.3,https://pleiades.stoa.org/places/599763,
pl-599961,Telos (island),island,pin,36.42417,27.36667,1700,2100,0,282.3,https://pleiades.stoa.org/places/599961,
pl-844925,Gallos (river),river,wash,40.50000,30.50000,-30,640,0,282.4,https://pleiades.stoa.org/places/844925,
pl-599507,"Apollo, T.","church-2, temple-2",pin,36.96545,26.95028,-750,640,0,282.4,https://pleiades.stoa.org/places/599507,
pl-599585,Damos,cemetery,pin,36.97101,26.94754,-330,300,0,282.4,https://pleiades.stoa.org/places/599585,
pl-599996,Xerokambos,fort,pin,37.11118,26.87377,-550,-30,0,282.5,https://pleiades.stoa.org/places/599996,
pl-648586,Bıçkıcı Kalesi,church,pin,36.28235,32.28411,300,640,0,282.6,https://pleiades.stoa.org/places/648586,
pl-648735,Pharax,settlement,pin,36.63160,32.62419,-30,640,0,282.6,https://pleiades.stoa.org/places/648735,
pl-599949,Sykia,settlement,pin,36.99210,26.93302,-30,1999,0,282.6,https://pleiades.stoa.org/places/599949,
pl-619226,Olympus (mountain),mountain,wash,39.75000,32.25000,-330,300,0,282.8,https://pleiades.stoa.org/places/619226,
pl-619273,Tolistoagioi/Tolistobogioi,"label, people",wash,39.75000,32.25000,-330,640,0,282.8,https://pleiades.stoa.org/places/619273,
pl-648773,Selinous (river),river,wash,36.25000,32.25000,-330,640,0,282.8,https://pleiades.stoa.org/places/648773,
pl-649302,Untitled,aqueduct,wash,36.25000,32.25000,-30,640,0,282.8,https://pleiades.stoa.org/places/649302,
pl-589742,Chalke Island,island,pin,36.22799,27.57198,-550,2100,0,283.1,https://pleiades.stoa.org/places/589742,
pl-599977,Thermai,"sanctuary, bath",pin,36.61831,27.17936,-750,300,0,283.1,https://pleiades.stoa.org/places/599977,
pl-599515,Argiai (islands),"archipelago, island",pin,37.20307,26.82109,1700,2100,0,283.5,https://pleiades.stoa.org/places/599515,
pl-550521,Drymousa (island),island,pin,38.49970,26.71951,-550,2100,0,283.7,https://pleiades.stoa.org/places/550521,
pl-648712,Mousba(n)da,settlement,pin,36.54052,32.56402,-30,640,0,283.8,https://pleiades.stoa.org/places/648712,
pl-511340,Odryses (river),river,pin,40.18344,28.21114,-330,2100,0,283.8,https://pleiades.stoa.org/places/511340,
pl-648732,Papirion/Papiriou Castellum/Cherreos Eryma,settlement,pin,36.91890,32.84092,300,640,0,283.9,https://pleiades.stoa.org/places/648732,
pl-511312,Mekestos (river),river,pin,40.27677,28.42163,-330,2100,0,283.9,https://pleiades.stoa.org/places/511312,
pl-599958,Telendos (island),island,pin,37.00618,26.90766,-30,2100,0,284.0,https://pleiades.stoa.org/places/599958,
pl-845070,Sykeon,station,pin,40.08680,31.78140,300,640,0,284.1,https://pleiades.stoa.org/places/845070,
pl-550941,Trarion,settlement,pin,39.25009,27.06351,-30,300,0,284.3,https://pleiades.stoa.org/places/550941,
pl-934416215,Archaic City Wall and Gate of Phocaea,"defensive-wall, city-gate",pin,38.66352,26.76051,-750,2099,0,284.3,https://pleiades.stoa.org/places/934416215,
pl-599475,Ag. Ioannis,fort,pin,37.71881,26.66909,-750,300,0,284.3,https://pleiades.stoa.org/places/599475,
pl-550675,Kytonion?/Kertonos?,settlement,pin,39.29156,27.09256,-550,-330,0,284.3,https://pleiades.stoa.org/places/550675,
pl-648772,Selinous/Traianopolis,settlement,pin,36.25851,32.28273,-750,640,0,284.3,https://pleiades.stoa.org/places/648772,
pl-199303735,Acropolis of Selinus,settlement,pin,36.25848,32.28277,-750,640,0,284.3,https://pleiades.stoa.org/places/199303735,
pl-599764,Leros (island),island,pin,37.15088,26.83232,-30,2100,0,284.4,https://pleiades.stoa.org/places/599764,
pl-599683,Kalydnioi (islands),"archipelago, island, label",pin,36.95999,26.92753,,,0,284.5,https://pleiades.stoa.org/places/599683,
pl-599505,Temple of Apollo Lepsios,"church-2, temple-2",pin,37.29954,26.76945,-750,2099,0,284.7,https://pleiades.stoa.org/places/599505,
pl-599760,Lepsia,settlement,pin,37.29630,26.77056,-750,640,0,284.7,https://pleiades.stoa.org/places/599760,
pl-550823,Phocaea,"settlement, settlement-modern",pin,38.67030,26.75656,-750,2100,0,284.8,https://pleiades.stoa.org/places/550823,
pl-599675,Istros (island),island,pin,36.66254,27.12117,1700,2100,0,284.8,https://pleiades.stoa.org/places/599675,
pl-511226,Daskyleion,settlement,pin,40.37765,28.67420,-550,300,0,284.9,https://pleiades.stoa.org/places/511226,
pl-511302,‘Liada’,station,pin,40.55996,29.66875,300,640,0,284.9,https://pleiades.stoa.org/places/511302,
pl-602492,Untitled,fort,pin,37.39123,26.73447,-550,300,0,285.0,https://pleiades.stoa.org/places/602492,
pl-599477,Akrite (island),island,pin,37.38587,26.73352,1700,2100,0,285.2,https://pleiades.stoa.org/places/599477,
pl-550470,Atarneus sub Pitanem,settlement,pin,38.92831,26.85959,-330,1999,0,285.2,https://pleiades.stoa.org/places/550470,
pl-599474,Ag. Ioannis,cemetery,pin,36.57832,27.18116,-750,300,0,285.4,https://pleiades.stoa.org/places/599474,
pl-599523,"Artemis Parthenos, T.",temple-2,pin,37.18953,26.80334,-750,300,0,285.4,https://pleiades.stoa.org/places/599523,
pl-648625,Dometiopolis,settlement,pin,36.75088,32.75391,-30,640,0,285.6,https://pleiades.stoa.org/places/648625,
pl-648758,Rousoumblada/Zen(on)opolis?,"settlement, settlement-modern",pin,36.67899,32.70374,300,2099,0,285.7,https://pleiades.stoa.org/places/648758,
pl-604758,Untitled,spring,pin,36.61267,27.14864,-330,300,0,285.7,https://pleiades.stoa.org/places/604758,
pl-599761,Lepsia (island),island,pin,37.30086,26.75356,1700,2100,0,285.9,https://pleiades.stoa.org/places/599761,
pl-599830,Nisyros (island),island,pin,36.58782,27.16350,-30,2100,0,286.1,https://pleiades.stoa.org/places/599830,
pl-550586,Hypokremnos,settlement,pin,38.32731,26.64918,-30,300,0,286.7,https://pleiades.stoa.org/places/550586,
pl-511225,Daskyleion,"settlement, archaeological-site",pin,40.13249,28.05074,-750,2100,0,286.7,https://pleiades.stoa.org/places/511225,
pl-550616,Kane (mountain),mountain,pin,38.96917,26.85972,-550,2100,0,286.9,https://pleiades.stoa.org/places/550616,
pl-648721,Nesiazousa Pr.,cape,pin,36.23510,32.29593,-30,2099,0,286.9,https://pleiades.stoa.org/places/648721,
pl-550757,Myrmekes,"archipelago, label, island",pin,38.61133,26.70904,-30,2100,0,287.2,https://pleiades.stoa.org/places/550757,
pl-550469,Atarneus,"settlement, archaeological-site",pin,39.09145,26.92132,-750,300,0,287.3,https://pleiades.stoa.org/places/550469,
pl-648582,Barata,settlement,pin,37.44275,33.10884,-30,1999,0,287.4,https://pleiades.stoa.org/places/648582,
pl-619168,Güzelce Kale,settlement,pin,39.32124,32.72693,-330,640,0,287.5,https://pleiades.stoa.org/places/619168,
pl-599829,Nisyros (settlement),settlement,wash,36.60600,27.13019,-750,640,0,287.5,https://pleiades.stoa.org/places/599829,
pl-574084441,"Paleokastro, Nisyros","fort-2, acropolis",pin,36.60600,27.13019,-550,-30,0,287.5,https://pleiades.stoa.org/places/574084441,
pl-648648,Ilistra,settlement,pin,37.19793,33.02717,-30,1999,0,287.7,https://pleiades.stoa.org/places/648648,
pl-599710,Kerketeus (mountain),mountain,pin,37.73403,26.62663,1700,2100,0,287.8,https://pleiades.stoa.org/places/599710,
pl-550566,Harmatos Pr.,cape,wash,38.75000,26.75000,-550,-30,0,287.8,https://pleiades.stoa.org/places/550566,
pl-511328,Mysia (region in Bythinia),"region, label",pin,40.57164,29.48024,-750,-330,0,287.8,https://pleiades.stoa.org/places/511328,
pl-609447,Lagania/Anastasioupolis,settlement,pin,40.02197,31.96225,-30,1599,0,287.9,https://pleiades.stoa.org/places/609447,
pl-317318424,Gavurkale,"hill, monument",pin,39.53130,32.55874,-2000,-1000,0,288.1,https://pleiades.stoa.org/places/317318424,
pl-599656,Hyetousa (island),"island, label",pin,37.36475,26.70444,1700,2100,0,288.3,https://pleiades.stoa.org/places/599656,
pl-599516,Argos,settlement,pin,36.57941,27.13944,-330,640,0,288.4,https://pleiades.stoa.org/places/599516,
pl-550524,Elaioussa (island),island,pin,38.91946,26.81528,-330,2100,0,288.5,https://pleiades.stoa.org/places/550524,
pl-648662,Kan(n)a,settlement,pin,37.89912,33.19751,-30,640,0,288.6,https://pleiades.stoa.org/places/648662,
pl-511303,[Libon] (mountain),"mountain, label",pin,40.60257,29.83944,1700,2100,0,288.9,https://pleiades.stoa.org/places/511303,
pl-552662,Untitled,road,wash,39.25000,27.00000,-30,640,0,289.1,https://pleiades.stoa.org/places/552662,
pl-552663,Untitled,road,wash,39.25000,27.00000,-30,640,0,289.1,https://pleiades.stoa.org/places/552663,
pl-552664,Untitled,road,wash,39.25000,27.00000,-30,640,0,289.1,https://pleiades.stoa.org/places/552664,
pl-552665,Untitled,road,wash,39.25000,27.00000,-30,640,0,289.1,https://pleiades.stoa.org/places/552665,
pl-552666,Untitled,road,wash,39.25000,27.00000,-30,640,0,289.1,https://pleiades.stoa.org/places/552666,
pl-552667,Untitled,road,wash,39.25000,27.00000,-30,640,0,289.1,https://pleiades.stoa.org/places/552667,
pl-552668,Untitled,road,wash,39.25000,27.00000,-30,640,0,289.1,https://pleiades.stoa.org/places/552668,
pl-552669,Untitled,road,wash,39.25000,27.00000,-30,640,0,289.1,https://pleiades.stoa.org/places/552669,
pl-552670,Untitled,road,wash,39.25000,27.00000,-30,640,0,289.1,https://pleiades.stoa.org/places/552670,
pl-552671,Untitled,road,wash,39.25000,27.00000,-30,640,0,289.1,https://pleiades.stoa.org/places/552671,
pl-552672,Untitled,road,wash,39.25000,27.00000,-30,640,0,289.1,https://pleiades.stoa.org/places/552672,
pl-552673,Untitled,road,wash,39.25000,27.00000,-30,640,0,289.1,https://pleiades.stoa.org/places/552673,
pl-552674,Untitled,road,wash,39.25000,27.00000,-30,640,0,289.1,https://pleiades.stoa.org/places/552674,
pl-552675,Untitled,road,wash,39.25000,27.00000,-30,640,0,289.1,https://pleiades.stoa.org/places/552675,
pl-552676,Untitled,road,wash,39.25000,27.00000,-30,640,0,289.1,https://pleiades.stoa.org/places/552676,
pl-552677,Untitled,road,wash,39.25000,27.00000,-30,640,0,289.1,https://pleiades.stoa.org/places/552677,
pl-552678,Untitled,road,wash,39.25000,27.00000,-550,-330,0,289.1,https://pleiades.stoa.org/places/552678,
pl-552680,Untitled,road,wash,39.25000,27.00000,-30,640,0,289.1,https://pleiades.stoa.org/places/552680,
pl-552681,Untitled,road,wash,39.25000,27.00000,-30,640,0,289.1,https://pleiades.stoa.org/places/552681,
pl-552682,Untitled,road,wash,39.25000,27.00000,-30,640,0,289.1,https://pleiades.stoa.org/places/552682,
pl-552683,Untitled,road,wash,39.25000,27.00000,-30,640,0,289.1,https://pleiades.stoa.org/places/552683,
pl-552684,Untitled,road,wash,39.25000,27.00000,-30,640,0,289.1,https://pleiades.stoa.org/places/552684,
pl-552685,Untitled,road,wash,39.25000,27.00000,-30,640,0,289.1,https://pleiades.stoa.org/places/552685,
pl-552686,Untitled,road,wash,39.25000,27.00000,-30,640,0,289.1,https://pleiades.stoa.org/places/552686,
pl-552687,Untitled,road,wash,39.25000,27.00000,-30,640,0,289.1,https://pleiades.stoa.org/places/552687,
pl-511362,Phrygia,"region, label",pin,40.25849,28.24892,-550,300,0,289.3,https://pleiades.stoa.org/places/511362,
pl-619166,Girmeç,settlement,pin,39.85629,32.22808,-330,640,0,289.7,https://pleiades.stoa.org/places/619166,
pl-511368,Poimanenon,settlement,pin,40.07897,27.89230,-30,640,0,290.0,https://pleiades.stoa.org/places/511368,
pl-550704,Lysimachea?,settlement,pin,38.99717,26.83368,-330,-30,0,290.1,https://pleiades.stoa.org/places/550704,
pl-648665,Kaystros/Kestros,settlement,pin,36.22761,32.33694,-30,640,0,290.1,https://pleiades.stoa.org/places/648665,
pl-511159,Artaiouteichos,settlement,pin,40.36665,28.47839,-550,-330,0,290.6,https://pleiades.stoa.org/places/511159,
pl-511157,Arganthoneion (mountain),mountain,pin,40.61472,29.70833,-330,2100,0,290.7,https://pleiades.stoa.org/places/511157,
pl-550666,Korykos (mountain),"mountain, label",pin,38.21450,26.58627,-550,300,0,290.8,https://pleiades.stoa.org/places/550666,
pl-648767,Sbide,settlement,pin,36.71364,32.79755,-30,640,0,290.9,https://pleiades.stoa.org/places/648767,
pl-511180,Basilinoupolis,settlement,pin,40.60715,29.55862,300,1599,0,290.9,https://pleiades.stoa.org/places/511180,
pl-589827,Ixia,settlement,pin,35.92939,27.85872,-330,2099,0,291.0,https://pleiades.stoa.org/places/589827,
pl-550814,Perperene/Theodosiopolis,settlement,pin,39.24050,26.96233,-550,1999,0,291.5,https://pleiades.stoa.org/places/550814,
pl-599688,Kantharion Pr.,cape,pin,37.67600,26.59200,1700,2100,0,291.6,https://pleiades.stoa.org/places/599688,
pl-648588,Boratinon (mountain),mountain,pin,37.39941,33.14712,300,2100,0,291.7,https://pleiades.stoa.org/places/648588,
pl-550466,Astyra?,settlement,pin,39.16348,26.90674,-330,300,0,291.9,https://pleiades.stoa.org/places/550466,
pl-511140,Aigaionos Monu.,monument,pin,40.34852,28.39385,-330,-30,0,292.1,https://pleiades.stoa.org/places/511140,
pl-511422,[Sophon] (mountain),"mountain, label",pin,40.62260,30.17608,,,0,292.1,https://pleiades.stoa.org/places/511422,
pl-599680,Kalithea,settlement,pin,37.74059,26.57530,300,640,0,292.2,https://pleiades.stoa.org/places/599680,
pl-599685,Kamares,villa,pin,36.73658,26.96955,-750,300,0,292.2,https://pleiades.stoa.org/places/599685,
pl-599539,Astypalaia/Isthmos,settlement,pin,36.74699,26.95877,-750,640,0,292.5,https://pleiades.stoa.org/places/599539,
pl-648587,Binbirkilise,church,pin,37.43847,33.16741,300,640,0,292.5,https://pleiades.stoa.org/places/648587,
pl-619109,*Area,settlement,pin,39.23581,32.85599,-30,300,0,292.7,https://pleiades.stoa.org/places/619109,
pl-511304,Libum,station,pin,40.63159,29.68607,300,640,0,292.7,https://pleiades.stoa.org/places/511304,
pl-599533,Aspripetra,"sanctuary, cave",pin,36.71886,26.97410,-10000,-330,0,292.8,https://pleiades.stoa.org/places/599533,
pl-550628,Kasystes,settlement,pin,38.14839,26.55685,-30,300,0,292.9,https://pleiades.stoa.org/places/550628,
pl-599705,Kephalos,quarry,pin,36.75054,26.94894,-550,-30,0,293.0,https://pleiades.stoa.org/places/599705,
pl-735295266,Ionian League,region,wash,38.39517,26.58844,-550,-330,0,293.0,https://pleiades.stoa.org/places/735295266,
pl-550783,Okcular,fortified-settlement,pin,39.27814,26.96835,300,640,0,293.1,https://pleiades.stoa.org/places/550783,
pl-511189,Bithynia (region),"region, label",pin,40.56286,30.72018,-550,640,0,293.4,https://pleiades.stoa.org/places/511189,
pl-648583,Baş Dağ,fort,pin,37.37095,33.15904,-330,-30,0,293.5,https://pleiades.stoa.org/places/648583,
pl-845038,‘Petobrogen’,station,pin,40.05395,32.01698,300,640,0,293.7,https://pleiades.stoa.org/places/845038,
pl-550417,Aiga/Kane Pr.,cape,pin,39.02839,26.80549,-330,2100,0,293.8,https://pleiades.stoa.org/places/550417,
pl-511373,*Pratomysia,settlement,pin,40.61123,29.34391,-30,300,0,293.9,https://pleiades.stoa.org/places/511373,
pl-550449,Arginous(s)ai Inss.,"archipelago, island",pin,39.00583,26.78846,-550,2100,0,294.2,https://pleiades.stoa.org/places/550449,
pl-550467,Astyra?/Andeira?,settlement,pin,39.56018,27.17824,-750,-30,0,294.4,https://pleiades.stoa.org/places/550467,
pl-550838,*Polichna,settlement,pin,38.42915,26.57715,-550,-330,0,294.5,https://pleiades.stoa.org/places/550838,
pl-599828,Nisyrion (islands),"archipelago, island",pin,36.57871,27.05518,1700,2100,0,294.6,https://pleiades.stoa.org/places/599828,
pl-619282,Yaraşlı,settlement,pin,39.16565,32.92671,-750,640,0,294.7,https://pleiades.stoa.org/places/619282,
pl-599600,Drekanon promontory,cape,pin,36.71820,26.94792,-30,300,0,294.8,https://pleiades.stoa.org/places/599600,
pl-619227,*Orbana,settlement,pin,39.36712,32.79103,-30,640,0,294.9,https://pleiades.stoa.org/places/619227,
pl-648559,Antiochia Castellum,fort,pin,36.94274,32.99288,300,640,0,294.9,https://pleiades.stoa.org/places/648559,
pl-511390,Pytheion/Pythia Therma,settlement,pin,40.60388,29.22387,-30,640,0,295.0,https://pleiades.stoa.org/places/511390,
pl-602493,Unnamed fort on Nisyrion Inss.,fort-group,wash,36.57395,27.05077,-550,-30,0,295.2,https://pleiades.stoa.org/places/602493,
pl-599907,Prion (mountain),"mountain, label",pin,36.70856,26.94771,,,0,295.4,https://pleiades.stoa.org/places/599907,
pl-511325,Mygdonia,region,wash,40.18333,27.96667,-330,640,0,295.5,https://pleiades.stoa.org/places/511325,
pl-511224,Daskylitis Limne,lake,pin,40.18778,27.97073,-550,2100,0,295.7,https://pleiades.stoa.org/places/511224,
pl-511419,Skylake,settlement,pin,40.38704,28.38881,-550,300,0,296.1,https://pleiades.stoa.org/places/511419,
pl-511239,Drakon (river),river,pin,40.65082,29.50851,300,2100,0,296.2,https://pleiades.stoa.org/places/511239,
pl-550536,Erythras?,settlement,pin,38.16732,26.51401,-30,300,0,296.8,https://pleiades.stoa.org/places/550536,
pl-845022,Modra,settlement,pin,40.48896,31.14348,-30,2099,0,296.9,https://pleiades.stoa.org/places/845022,
pl-648657,Iuliosebaste/Heliosebaste?,settlement,pin,36.18998,32.41035,300,640,0,297.6,https://pleiades.stoa.org/places/648657,
pl-648690,Lamos,settlement,pin,36.22845,32.45542,-30,640,0,297.7,https://pleiades.stoa.org/places/648690,
pl-550621,Karene?,settlement,pin,39.17898,26.84228,-550,-330,0,297.8,https://pleiades.stoa.org/places/550621,
pl-619234,Papira,station,pin,39.77227,32.45868,-30,300,0,298.0,https://pleiades.stoa.org/places/619234,
pl-550703,Lyrnessos,settlement,pin,39.50823,27.08203,-750,-30,0,298.0,https://pleiades.stoa.org/places/550703,
pl-511253,Eribolon,station,pin,40.68422,29.85742,-30,640,0,298.0,https://pleiades.stoa.org/places/511253,
pl-648720,Nephelis?,settlement,pin,36.16396,32.38756,-330,640,0,298.1,https://pleiades.stoa.org/places/648720,
pl-550714,Malene,settlement,pin,39.16851,26.82724,-550,-330,0,298.4,https://pleiades.stoa.org/places/550714,
pl-550477,Aureliane,settlement,pin,39.54481,27.10478,300,640,0,298.6,https://pleiades.stoa.org/places/550477,
pl-511423,Strobilos,settlement,pin,40.65448,29.33562,-330,640,0,298.8,https://pleiades.stoa.org/places/511423,
pl-550450,Argiza,settlement,pin,39.84350,27.40934,-30,640,0,298.9,https://pleiades.stoa.org/places/550450,
pl-590093,Vroulia,"settlement, archaeological-site",pin,35.89477,27.76495,-850,-550,0,299.1,https://pleiades.stoa.org/places/590093,
pl-511410,"S. Autonomos, Mon.",church,pin,40.68884,29.65851,-30,640,0,299.2,https://pleiades.stoa.org/places/511410,
pl-511372,Prainetos,settlement,pin,40.68976,29.61886,-30,1599,0,299.6,https://pleiades.stoa.org/places/511372,
pl-599861,Panormos (Patmos),bay,pin,37.32130,26.58032,2000,2099,0,300.0,https://pleiades.stoa.org/places/599861,
pl-599713,Khrysomilia,sanctuary,pin,37.63882,26.50031,-330,-30,0,300.1,https://pleiades.stoa.org/places/599713,
pl-511389,Pylai,settlement,pin,40.65780,29.27334,300,1923,0,300.1,https://pleiades.stoa.org/places/511389,
pl-511288,*Kassa,settlement,pin,40.69051,30.26349,-30,300,0,300.3,https://pleiades.stoa.org/places/511288,
pl-511273,Herakleion,settlement,pin,40.70093,29.66296,300,640,0,300.5,https://pleiades.stoa.org/places/511273,
pl-599686,Kambos,cemetery,pin,37.35267,26.55763,1900,1999,0,301.1,https://pleiades.stoa.org/places/599686,
pl-511169,Astakos,settlement,pin,40.71456,29.92879,-550,300,0,301.3,https://pleiades.stoa.org/places/511169,
pl-599726,Korsiai (islands),archipelago,pin,37.57376,26.49583,1700,2100,0,301.5,https://pleiades.stoa.org/places/599726,
pl-619107,*Androna,settlement,pin,39.63003,32.65803,-30,300,0,301.6,https://pleiades.stoa.org/places/619107,
pl-619172,Hisarlıkaya,settlement,pin,39.73535,32.55309,-330,-30,0,301.6,https://pleiades.stoa.org/places/619172,
pl-599872,Patmos (island),island,pin,37.32803,26.55907,-550,2100,0,301.6,https://pleiades.stoa.org/places/599872,
pl-648560,Antiochia ad Cragum,settlement,pin,36.15330,32.42914,-330,2100,0,301.6,https://pleiades.stoa.org/places/648560,
pl-648613,Cragus (mountain),"mountain, label",pin,36.17097,32.45046,-330,300,0,301.6,https://pleiades.stoa.org/places/648613,
pl-511366,Plakia,settlement,pin,40.39765,28.27741,-550,300,0,301.6,https://pleiades.stoa.org/places/511366,
pl-550554,Grylios (river),river,pin,39.20612,26.80589,-30,2099,0,301.9,https://pleiades.stoa.org/places/550554,
pl-511407,Sangaros,settlement,pin,40.63927,29.06294,300,640,0,302.0,https://pleiades.stoa.org/places/511407,
pl-595976578,Temple of Athena Polias,temple-2,pin,38.38067,26.48090,-750,300,0,302.0,https://pleiades.stoa.org/places/595976578,
pl-550535,Erythrai,"settlement, port, theatre",pin,38.38278,26.48083,-550,640,0,302.1,https://pleiades.stoa.org/places/550535,
pl-648698,Lycaonia (region),"region, label",pin,37.63586,33.32287,-550,640,0,302.1,https://pleiades.stoa.org/places/648698,
pl-511237,Diolkides,settlement,pin,40.72268,29.86023,300,640,0,302.2,https://pleiades.stoa.org/places/511237,
pl-599482,Amazonion (promontory),cape,pin,37.38333,26.53333,1700,2100,0,302.3,https://pleiades.stoa.org/places/599482,
pl-511238,Dolionis,"label, people",pin,40.29084,28.03164,-330,640,0,302.3,https://pleiades.stoa.org/places/511238,
pl-550420,Erratum: Aisepos (river),river,wash,39.75000,27.25000,-330,2100,0,302.4,https://pleiades.stoa.org/places/550420,
pl-602494,Untitled,fort-group,wash,36.25000,27.25000,-550,-30,0,302.4,https://pleiades.stoa.org/places/602494,
pl-511229,Dekaton,station,pin,40.72108,30.09763,300,640,0,302.5,https://pleiades.stoa.org/places/511229,
pl-599858,Panormos (Korsiai islands),bay,pin,37.58040,26.48035,,,0,302.7,https://pleiades.stoa.org/places/599858,
pl-599885,Phora,settlement,pin,37.32636,26.54642,300,640,0,302.7,https://pleiades.stoa.org/places/599885,
pl-599727,Korsiai?,settlement,pin,37.57887,26.47901,-550,300,0,302.9,https://pleiades.stoa.org/places/599727,
pl-167191621,Church of the Holy Apostles (Patmos),church-2,pin,37.30933,26.54774,1600,2100,0,303.1,https://pleiades.stoa.org/places/167191621,
pl-648635,Germanicopolis/Clibanus?,settlement,pin,36.63469,32.90046,-30,1923,0,303.1,https://pleiades.stoa.org/places/648635,
pl-251542598,Monastery of Saint John the Theologian,"monastery, church",pin,37.30906,26.54761,640,2099,0,303.1,https://pleiades.stoa.org/places/251542598,
pl-599871,Patmos,settlement,pin,37.30912,26.54640,-750,640,0,303.2,https://pleiades.stoa.org/places/599871,
pl-648999241,Cave of the Apocalypse,cave,pin,37.31447,26.54499,2000,2099,0,303.2,https://pleiades.stoa.org/places/648999241,
pl-511191,Boane/Sunonensis (lake),lake,pin,40.71811,30.24387,-30,2100,0,303.2,https://pleiades.stoa.org/places/511191,
pl-619143,Comitanassus,settlement,pin,38.14040,33.36338,300,640,0,303.3,https://pleiades.stoa.org/places/619143,
pl-648693,Laranda,settlement,pin,37.18249,33.21582,-550,2099,0,303.9,https://pleiades.stoa.org/places/648693,
pl-511240,Drepanon/Helenopolis,settlement,pin,40.72172,29.50209,-30,640,0,304.1,https://pleiades.stoa.org/places/511240,
pl-511307,Limnai,settlement,pin,40.72172,29.50208,300,640,0,304.1,https://pleiades.stoa.org/places/511307,
pl-550563,Halonessos (island),island,pin,38.19525,26.43072,-30,2100,0,304.2,https://pleiades.stoa.org/places/550563,
pl-550451,Argyria?,settlement,pin,39.75018,27.22233,-30,300,0,304.3,https://pleiades.stoa.org/places/550451,
pl-550537,Euenos (river),river,pin,39.53688,27.01759,-330,2100,0,304.4,https://pleiades.stoa.org/places/550537,
pl-648673,Kırkkuyu,station,pin,36.42993,32.75345,-30,640,0,304.4,https://pleiades.stoa.org/places/648673,
pl-648621,Derbe,unknown,wash,37.25000,33.25000,300,640,0,304.6,https://pleiades.stoa.org/places/648621,
pl-550643,Kilikes,"label, people",pin,39.57318,27.04417,-750,-550,0,304.8,https://pleiades.stoa.org/places/550643,
pl-550876,Sidoussa? Ins.,island,pin,38.65952,26.51568,-750,2100,0,304.9,https://pleiades.stoa.org/places/550876,
pl-845037,Peion/Peon,fort-2,pin,40.15746,32.05799,-330,640,0,304.9,https://pleiades.stoa.org/places/845037,
pl-648593,Calycadnus (river),river,pin,36.71763,32.98427,-330,2100,0,305.0,https://pleiades.stoa.org/places/648593,
pl-511178,Baris,settlement,pin,40.10218,27.65536,-330,640,0,305.0,https://pleiades.stoa.org/places/511178,
pl-511247,Elaia,settlement,pin,40.74890,29.78580,300,640,0,305.3,https://pleiades.stoa.org/places/511247,
pl-599580,Cordylusa (island),island,pin,36.50270,26.97104,-30,2100,0,305.4,https://pleiades.stoa.org/places/599580,
pl-550473,Attea?,settlement,pin,39.21419,26.76661,-330,640,0,305.4,https://pleiades.stoa.org/places/550473,
pl-511254,Eribolon,labeled feature,wash,40.75000,29.75000,300,640,0,305.5,https://pleiades.stoa.org/places/511254,
pl-511306,Libyssos (river),river,wash,40.75000,29.75000,-330,300,0,305.5,https://pleiades.stoa.org/places/511306,
pl-511353,Parimouthos (river),river,wash,40.75000,29.75000,,,0,305.5,https://pleiades.stoa.org/places/511353,
pl-511894,Untitled,aqueduct,wash,40.75000,29.75000,-30,300,0,305.5,https://pleiades.stoa.org/places/511894,
pl-512651,Untitled,bridge,wash,40.75000,29.75000,-30,640,0,305.5,https://pleiades.stoa.org/places/512651,
pl-512652,Untitled,bridge,wash,40.75000,29.75000,-30,300,0,305.5,https://pleiades.stoa.org/places/512652,
pl-550579,Hippoi (islands),"archipelago, island",pin,38.39211,26.43856,-30,2100,0,305.9,https://pleiades.stoa.org/places/550579,
pl-619188,Kinna,settlement,pin,39.22688,33.03301,-30,640,0,306.0,https://pleiades.stoa.org/places/619188,
pl-845020,Mnizos,settlement,pin,40.04443,32.24897,-30,640,0,306.1,https://pleiades.stoa.org/places/845020,
pl-511346,"Optatianai, Mon.",monastery,pin,40.76004,29.97242,300,640,0,306.4,https://pleiades.stoa.org/places/511346,
pl-511154,*Arbeila,settlement,pin,40.76137,29.88523,-30,300,0,306.5,https://pleiades.stoa.org/places/511154,
pl-511168,Astacenus/Olbianus Sinus,water-open,pin,40.75000,29.58333,-30,2100,0,306.5,https://pleiades.stoa.org/places/511168,
pl-511186,Besbikos (island),island,pin,40.54309,28.53346,-330,2100,0,306.5,https://pleiades.stoa.org/places/511186,
pl-844957,Iustiniani Pons,bridge,pin,40.73734,30.37265,300,640,0,306.6,https://pleiades.stoa.org/places/844957,
pl-648689,Lamatorma,settlement,pin,36.73487,33.01622,-30,300,0,306.6,https://pleiades.stoa.org/places/648689,
pl-511429,Tarsos,"labeled feature, settlement",wash,40.75000,30.25000,-30,640,0,306.8,https://pleiades.stoa.org/places/511429,
pl-512647,Untitled,bridge,wash,40.75000,30.25000,300,640,0,306.8,https://pleiades.stoa.org/places/512647,
pl-510671524,Adapazarı Ovası,settlement,wash,40.75000,30.25000,1918,2000,0,306.8,https://pleiades.stoa.org/places/510671524,
pl-511337,Nicomedia,settlement,pin,40.76519,29.91989,-1750,2000,0,306.9,https://pleiades.stoa.org/places/511337,
pl-550742,Miletos?,settlement,pin,39.52840,26.97418,-550,300,0,307.0,https://pleiades.stoa.org/places/550742,
pl-550744,Mimas (mountain),mountain,pin,38.58855,26.46951,-750,2100,0,307.1,https://pleiades.stoa.org/places/550744,
pl-511376,*Prindea,settlement,pin,40.75315,30.24802,-30,300,0,307.1,https://pleiades.stoa.org/places/511376,
pl-550494,Chalkitis,"labeled feature, label",pin,38.31515,26.40710,-30,300,0,307.5,https://pleiades.stoa.org/places/550494,
pl-619210,Modicus (mountain),"mountain, label",pin,39.94653,32.40223,300,640,0,307.6,https://pleiades.stoa.org/places/619210,
pl-844917,*Ergobrotis,settlement,pin,40.13376,32.14995,300,640,0,307.9,https://pleiades.stoa.org/places/844917,
pl-550919,Thebe,settlement,pin,39.59743,27.02017,-750,300,0,308.0,https://pleiades.stoa.org/places/550919,
pl-550920,Thebes Pedion,plain,wash,39.59743,27.02017,-550,300,0,308.0,https://pleiades.stoa.org/places/550920,
pl-550403,Adramyttium,"settlement, archaeological-site",pin,39.49864,26.93610,-750,2099,0,308.0,https://pleiades.stoa.org/places/550403,
pl-619161,Galatia,"province, region, label",pin,39.93381,32.42744,-330,640,0,308.1,https://pleiades.stoa.org/places/619161,
pl-582288341,Ilıca (Ayas: cemetery),cemetery,pin,40.06198,32.25929,-1650,-1450,0,308.2,https://pleiades.stoa.org/places/582288341,
pl-550615,Kanaites (river),river,wash,39.25000,26.75000,-30,300,0,308.5,https://pleiades.stoa.org/places/550615,
pl-550618,Kane/Autokane,water-open,wash,39.25000,26.75000,-750,2099,0,308.5,https://pleiades.stoa.org/places/550618,
pl-550715,Malia (promontory),cape,wash,39.25000,26.75000,1700,2100,0,308.5,https://pleiades.stoa.org/places/550715,
pl-550716,Maloeis Sinus,water-open,wash,39.25000,26.75000,,,0,308.5,https://pleiades.stoa.org/places/550716,
pl-511193,‘Brunca’,station,pin,40.77776,29.70105,300,640,0,308.8,https://pleiades.stoa.org/places/511193,
pl-511305,Libyssa,settlement,pin,40.76956,29.53981,-330,640,0,309.0,https://pleiades.stoa.org/places/511305,
pl-511141,Aisepos (river),river,pin,40.01659,27.45987,-30,2099,0,309.3,https://pleiades.stoa.org/places/511141,
pl-550847,Pteleon,settlement,pin,38.48008,26.41518,-550,-330,0,309.4,https://pleiades.stoa.org/places/550847,
pl-511283,*Kalasyrta,settlement,pin,40.78528,30.02637,-30,300,0,309.4,https://pleiades.stoa.org/places/511283,
pl-550408,Ag. Georgios,settlement,pin,39.02860,26.61127,-750,-330,0,309.5,https://pleiades.stoa.org/places/550408,
pl-550528,Embaton,settlement,pin,38.25376,26.37644,-550,-330,0,309.5,https://pleiades.stoa.org/places/550528,
pl-511296,*Koubaita,settlement,pin,40.79111,29.94822,-30,300,0,309.8,https://pleiades.stoa.org/places/511296,
pl-648669,K(i)etis,"label, people",pin,36.55936,32.93904,-30,640,0,310.2,https://pleiades.stoa.org/places/648669,
pl-550836,Plakos (mountain),"mountain, label",pin,39.62184,27.00945,-750,300,0,310.4,https://pleiades.stoa.org/places/550836,
pl-550505,Corynaeum? Pr.,cape,pin,38.44509,26.39658,-30,2100,0,310.4,https://pleiades.stoa.org/places/550505,
pl-652347,Koropissos,settlement,wash,36.56140,32.94266,-30,640,0,310.4,https://pleiades.stoa.org/places/652347,
pl-511301,Leucatas Pr.,cape,wash,40.75000,29.25000,-30,2100,0,310.5,https://pleiades.stoa.org/places/511301,
pl-511205,Charax,station,pin,40.78898,29.61367,300,640,0,310.6,https://pleiades.stoa.org/places/511205,
pl-844949,Hypia/Hipius (mountain),mountain,pin,40.66746,30.97588,-30,1999,0,310.7,https://pleiades.stoa.org/places/844949,
pl-844947,Hieros/Siberis (river),river,wash,40.50000,31.50000,-30,640,0,310.8,https://pleiades.stoa.org/places/844947,
pl-845064,Skopas (river),river,wash,40.50000,31.50000,-30,640,0,310.8,https://pleiades.stoa.org/places/845064,
pl-845603,Unnamed aqueduct at Prusias ad Hypium,aqueduct,wash,40.50000,31.50000,-30,640,0,310.8,https://pleiades.stoa.org/places/845603,
pl-846357,Untitled,bridge,wash,40.50000,31.50000,300,640,0,310.8,https://pleiades.stoa.org/places/846357,
pl-846358,Untitled,bridge,wash,40.50000,31.50000,-30,300,0,310.8,https://pleiades.stoa.org/places/846358,
pl-846359,Untitled,bridge,wash,40.50000,31.50000,300,640,0,310.8,https://pleiades.stoa.org/places/846359,
pl-599599,Drakanon (promontory),"cape, lighthouse",pin,37.69138,26.36568,2000,2099,0,311.0,https://pleiades.stoa.org/places/599599,
pl-550648,Kisthene?,settlement,pin,39.39318,26.81318,-550,-30,0,311.2,https://pleiades.stoa.org/places/550648,
pl-648620,Derbe/Claudioderbe,settlement,pin,37.34921,33.36178,-330,300,0,311.3,https://pleiades.stoa.org/places/648620,
pl-511355,Peirossos (mountain),"mountain, label",pin,40.21510,27.71798,-330,300,0,311.3,https://pleiades.stoa.org/places/511355,
pl-550667,Koryphas,settlement,pin,39.35593,26.78298,-330,640,0,311.4,https://pleiades.stoa.org/places/550667,
pl-599598,Drakanon,"fort-2, settlement, tower-defensive",pin,37.68730,26.36144,-550,300,0,311.5,https://pleiades.stoa.org/places/599598,
pl-845047,Prasmon,station,pin,40.10995,32.24938,300,640,0,311.6,https://pleiades.stoa.org/places/845047,
pl-648627,Eirenopolis,settlement,pin,36.48112,32.89953,300,640,0,311.9,https://pleiades.stoa.org/places/648627,
pl-511259,Geragathe,settlement,pin,40.81172,29.94505,300,640,0,312.1,https://pleiades.stoa.org/places/511259,
pl-511300,*Leptoia,settlement,pin,40.81445,29.97464,-30,300,0,312.5,https://pleiades.stoa.org/places/511300,
pl-511250,Enbeilos (river),river,wash,40.25000,27.75000,-30,300,0,312.6,https://pleiades.stoa.org/places/511250,
pl-844867,*Artiknos,settlement,pin,40.16389,32.18944,-30,300,0,312.7,https://pleiades.stoa.org/places/844867,
pl-550646,Killaios? (river),river,pin,39.58305,26.94344,-330,2100,0,312.7,https://pleiades.stoa.org/places/550646,
pl-550850,Pyrra Pr.,cape,pin,39.43301,26.81658,-330,2100,0,313.1,https://pleiades.stoa.org/places/550850,
pl-648736,Philadelpheia?,settlement,pin,36.62277,33.02509,-30,640,0,313.2,https://pleiades.stoa.org/places/648736,
pl-511221,Dakibyza,station,pin,40.79973,29.43337,300,1499,0,313.4,https://pleiades.stoa.org/places/511221,
pl-511440,Thrakia Kome,settlement,pin,40.36130,27.92706,-330,300,0,313.8,https://pleiades.stoa.org/places/511440,
pl-550501,Chryse (Aeolis),settlement,pin,39.58511,26.92809,-750,640,0,313.9,https://pleiades.stoa.org/places/550501,
pl-648597,Charadros,settlement,pin,36.10660,32.56607,-330,640,0,313.9,https://pleiades.stoa.org/places/648597,
pl-511371,Potamoi,station,pin,40.79838,29.37982,-30,640,0,313.9,https://pleiades.stoa.org/places/511371,
pl-550644,Killaion (mountain),mountain,pin,38.98300,26.52300,2000,2099,0,314.9,https://pleiades.stoa.org/places/550644,
pl-511139,Adrasteia (mountain),"mountain, label",pin,40.34469,27.86750,-30,300,0,315.2,https://pleiades.stoa.org/places/511139,
pl-511435,*(Tes)Deramoska,settlement,pin,40.83924,29.72496,-30,300,0,315.5,https://pleiades.stoa.org/places/511435,
pl-599976,Therma/Asklepieis,settlement,pin,37.63559,26.31959,-750,300,0,315.8,https://pleiades.stoa.org/places/599976,
pl-619228,Orsologiakos/Rosolodiacus,station,pin,39.58888,32.89689,-30,640,0,315.9,https://pleiades.stoa.org/places/619228,
pl-550568,Helos,settlement,pin,38.57404,26.36131,-550,-330,0,316.0,https://pleiades.stoa.org/places/550568,
pl-648727,Orymagdos (river),river,wash,36.25000,32.75000,-30,640,0,316.0,https://pleiades.stoa.org/places/648727,
pl-648759,‘Rygmanoi’?,labeled feature,wash,36.25000,32.75000,-30,640,0,316.0,https://pleiades.stoa.org/places/648759,
pl-649303,Untitled,aqueduct,wash,36.25000,32.75000,-30,640,0,316.0,https://pleiades.stoa.org/places/649303,
pl-550571,Herakleia/Elateia?,settlement,pin,39.30755,26.68981,-330,640,0,316.1,https://pleiades.stoa.org/places/550571,
pl-550758,Myrsinia,settlement,pin,38.98624,26.50909,-550,300,0,316.2,https://pleiades.stoa.org/places/550758,
pl-520955,Akritas Pr.,cape,pin,40.80332,29.25817,-30,2099,0,316.2,https://pleiades.stoa.org/places/520955,
pl-550488,*Boutheia,settlement,pin,38.32724,26.30718,-550,-330,0,316.4,https://pleiades.stoa.org/places/550488,
pl-550733,Mesate Pr.,cape,pin,38.37715,26.31361,-30,2100,0,316.5,https://pleiades.stoa.org/places/550733,
pl-599699,Kataphydion,fort-2,pin,37.63880,26.30842,-750,-330,0,316.7,https://pleiades.stoa.org/places/599699,
pl-599668,Ikarion Mare,water-open,pin,37.50000,26.33333,-30,2100,0,316.9,https://pleiades.stoa.org/places/599668,
pl-550468,Astyr(i)a?,settlement,pin,39.58660,26.88859,-550,640,0,316.9,https://pleiades.stoa.org/places/550468,
pl-511461,Zeleia,settlement,pin,40.20357,27.59614,-750,300,0,316.9,https://pleiades.stoa.org/places/511461,
pl-550886,Skala ton Loutron,fort,pin,39.04924,26.52873,-550,640,0,317.0,https://pleiades.stoa.org/places/550886,
pl-550673,Kybelaia,settlement,pin,38.61061,26.35806,-750,-330,0,317.1,https://pleiades.stoa.org/places/550673,
pl-511374,*Prepa,settlement,pin,40.85652,29.75065,-30,300,0,317.3,https://pleiades.stoa.org/places/511374,
pl-648556,Andriklos M.,mountain,pin,36.15000,32.66754,-330,2100,0,317.4,https://pleiades.stoa.org/places/648556,
pl-550821,Phara,settlement,pin,39.06990,26.53344,-330,300,0,317.5,https://pleiades.stoa.org/places/550821,
pl-118337620,Commercial Stoa of Mytilene,stoa,pin,39.11195,26.55586,-330,2100,0,317.5,https://pleiades.stoa.org/places/118337620,
pl-550905,Tarti,quarry,pin,38.97567,26.48098,-550,300,0,318.1,https://pleiades.stoa.org/places/550905,
pl-550726,Melaina Pr.,cape,pin,38.65963,26.36061,-30,2099,0,318.1,https://pleiades.stoa.org/places/550726,
pl-550763,Mytilene,settlement,pin,39.11048,26.54705,-750,2099,0,318.1,https://pleiades.stoa.org/places/550763,
pl-511218,Cyzicus,settlement,pin,40.38556,27.88319,-750,2000,0,318.2,https://pleiades.stoa.org/places/511218,
pl-550645,Killaios (mountain),"mountain, label",pin,39.68534,26.95130,-330,300,0,318.6,https://pleiades.stoa.org/places/550645,
pl-511417,Sirkanos,settlement,pin,40.86664,29.68337,-30,300,0,318.8,https://pleiades.stoa.org/places/511417,
pl-648687,Laka(i)nitis,"labeled feature, label",pin,36.44307,32.96550,-30,300,0,319.0,https://pleiades.stoa.org/places/648687,
pl-550436,Ano Latomeia Kourtzi,quarry,pin,39.10967,26.53383,-550,640,0,319.2,https://pleiades.stoa.org/places/550436,
pl-263157373,Roman amphitheater at Cyzicus,amphitheatre,pin,40.39826,27.88468,-30,640,0,319.3,https://pleiades.stoa.org/places/263157373,
pl-550717,Malus,"labeled feature, label",pin,39.98036,27.25061,-330,300,0,319.4,https://pleiades.stoa.org/places/550717,
pl-648549,Adrasos,settlement,pin,36.65556,33.12985,-30,640,0,319.5,https://pleiades.stoa.org/places/648549,
pl-511420,*Soka,settlement,pin,40.87809,29.87056,-30,300,0,319.5,https://pleiades.stoa.org/places/511420,
pl-845011,‘Manegordo’,station,pin,40.08404,32.42956,300,640,0,320.1,https://pleiades.stoa.org/places/845011,
pl-550841,Por(d)oselene/Nasos (settlement),settlement,pin,39.33668,26.65481,-550,640,0,320.3,https://pleiades.stoa.org/places/550841,
pl-550410,Ag. Nikolaos,settlement,pin,39.10327,26.51473,-750,640,0,320.4,https://pleiades.stoa.org/places/550410,
pl-550576,Hiera,settlement,pin,39.05495,26.48942,-550,300,0,320.5,https://pleiades.stoa.org/places/550576,
pl-550423,Aleon? (river),river,wash,38.25000,26.25000,-330,300,0,320.5,https://pleiades.stoa.org/places/550423,
pl-550480,Axos? (river),river,wash,38.25000,26.25000,-30,300,0,320.5,https://pleiades.stoa.org/places/550480,
pl-603252,Untitled,quarry,wash,37.75000,26.25000,-330,300,0,320.5,https://pleiades.stoa.org/places/603252,
pl-619102,Aliassum,station,pin,39.45289,33.06781,300,640,0,320.6,https://pleiades.stoa.org/places/619102,
pl-648740,Platanistes,"region, label",pin,36.07452,32.63257,-330,300,0,320.6,https://pleiades.stoa.org/places/648740,
pl-550735,Metaon?,settlement,pin,38.98459,26.45273,-750,-330,0,320.7,https://pleiades.stoa.org/places/550735,
pl-550713,Malea,settlement,pin,39.14079,26.52749,-550,300,0,321.0,https://pleiades.stoa.org/places/550713,
pl-619167,Gorbeous,settlement,pin,39.69484,32.87447,-330,1999,0,321.1,https://pleiades.stoa.org/places/619167,
pl-599755,Lebinthos (island),island,pin,37.00355,26.45304,-30,2100,0,321.2,https://pleiades.stoa.org/places/599755,
pl-648708,*Meriana,settlement,pin,36.74847,33.21104,-30,300,0,321.2,https://pleiades.stoa.org/places/648708,
pl-191828976,Pasas (island),island,pin,38.50499,26.28381,2000,2099,0,321.2,https://pleiades.stoa.org/places/191828976,
pl-550668,Kotylos (mountain),"mountain, label",pin,39.75180,26.97536,-330,2100,0,321.3,https://pleiades.stoa.org/places/550668,
pl-551156,Roman Aqueduct at Mytilene,aqueduct,wash,39.12607,26.51477,,,0,321.4,https://pleiades.stoa.org/places/551156,
pl-290080326,Roman Aqueduct at Moria,aqueduct,pin,39.12607,26.51477,-30,2100,0,321.4,https://pleiades.stoa.org/places/290080326,
pl-511370,Poseideion/Triton Pr.,cape,wash,40.75000,28.75000,-330,2100,0,321.4,https://pleiades.stoa.org/places/511370,
pl-511452,Triton,labeled feature,wash,40.75000,28.75000,-330,300,0,321.4,https://pleiades.stoa.org/places/511452,
pl-599904,Pramnos (mountain),"mountain, label",pin,37.62100,26.25652,,,0,321.5,https://pleiades.stoa.org/places/599904,
pl-550749,Moria,"settlement, cemetery, mine-2",pin,39.13257,26.51627,-30,300,0,321.6,https://pleiades.stoa.org/places/550749,
pl-550493,Chalkis? (island),island,pin,39.28417,26.60267,-550,2100,0,321.7,https://pleiades.stoa.org/places/550493,
pl-511358,Petrozetoi,settlement,pin,40.89809,29.88112,-30,300,0,321.7,https://pleiades.stoa.org/places/511358,
pl-550460,Aspaneus,settlement,pin,39.57066,26.80717,-330,-30,0,321.8,https://pleiades.stoa.org/places/550460,
pl-550402,Adramyttenos/Idaios Sinus,water-open,pin,39.46952,26.72736,-330,2100,0,321.9,https://pleiades.stoa.org/places/550402,
pl-550448,Argennon Pr.,cape,pin,38.26500,26.23500,-550,2100,0,321.9,https://pleiades.stoa.org/places/550448,
pl-511160,Artake Ins.,island,pin,40.37500,27.78600,-30,2100,0,322.0,https://pleiades.stoa.org/places/511160,
pl-511298,*Kypra,settlement,pin,40.90064,29.91593,-30,300,0,322.0,https://pleiades.stoa.org/places/511298,
pl-512650,Unnamed Bridge near Memnonis Vicus,bridge,pin,40.26746,27.60221,-30,2100,0,322.1,https://pleiades.stoa.org/places/512650,
pl-511314,Melanos Pr.,cape,pin,40.38400,27.79800,-30,2100,0,322.2,https://pleiades.stoa.org/places/511314,
pl-648644,Hyde?,settlement,pin,37.44084,33.51746,-1600,640,0,322.4,https://pleiades.stoa.org/places/648644,
pl-619277,Ubinnaca,station,pin,38.14312,33.58211,300,640,0,322.5,https://pleiades.stoa.org/places/619277,
pl-511335,*Nerola,settlement,pin,40.90607,29.85072,-30,300,0,322.6,https://pleiades.stoa.org/places/511335,
pl-983965673,Por(d)oselene (island),island,pin,39.36220,26.64061,1900,2099,0,322.7,https://pleiades.stoa.org/places/983965673,
pl-844871,Ayman Yaylası,settlement,pin,40.58383,31.60067,-30,640,0,323.1,https://pleiades.stoa.org/places/844871,
pl-619268,Tatta (lake),lake,pin,38.79939,33.45157,-30,2100,0,323.1,https://pleiades.stoa.org/places/619268,
pl-511197,*Byzapena,settlement,pin,40.90660,29.65737,-30,300,0,323.3,https://pleiades.stoa.org/places/511197,
pl-521162,(T)Erebinthodes (island),island,pin,40.85092,29.14448,-30,2100,0,323.3,https://pleiades.stoa.org/places/521162,
pl-550433,Antandros,"settlement, archaeological-site",pin,39.57161,26.78630,-750,-30,0,323.4,https://pleiades.stoa.org/places/550433,
pl-550607,Kale Peuke,settlement,pin,39.79377,26.98319,-330,300,0,323.6,https://pleiades.stoa.org/places/550607,
pl-511158,Artace,settlement,pin,40.40295,27.79627,-700,2000,0,324.0,https://pleiades.stoa.org/places/511158,
pl-619269,Tectosages,"label, people",pin,39.75499,32.86077,-330,300,0,324.1,https://pleiades.stoa.org/places/619269,
pl-622129,Cuballum,unlocated,wash,39.75499,32.86077,-330,-30,0,324.1,https://pleiades.stoa.org/places/622129,
pl-511386,*Psarela,settlement,pin,40.91327,29.65718,-30,300,0,324.1,https://pleiades.stoa.org/places/511386,
pl-521061,Kosilaos,settlement,pin,40.87401,29.24355,300,640,0,324.1,https://pleiades.stoa.org/places/521061,
pl-649304,Untitled,aqueduct,wash,36.75000,33.25000,-30,640,0,324.2,https://pleiades.stoa.org/places/649304,
pl-521078,Megale/Pityodes/Prinkipos Ins.,island,pin,40.85717,29.12073,-750,2100,0,324.4,https://pleiades.stoa.org/places/521078,
pl-511316,Memnonos Kome,settlement,pin,40.28219,27.58169,-30,300,0,324.5,https://pleiades.stoa.org/places/511316,
pl-724562435,"Thermi, Lesbos","settlement, archaeological-site",pin,39.17692,26.50322,-3000,-1000,0,324.6,https://pleiades.stoa.org/places/724562435,
pl-550719,Manna,"spring, sanctuary",pin,39.05129,26.43762,-550,300,0,324.6,https://pleiades.stoa.org/places/550719,
pl-521106,Panteichion,settlement,pin,40.87658,29.23513,300,640,0,324.6,https://pleiades.stoa.org/places/521106,
pl-550922,Therma?,settlement,pin,39.18074,26.49914,-550,-30,0,325.1,https://pleiades.stoa.org/places/550922,
pl-550457,"Artemis Thermia, T.","sanctuary, archaeological-site",pin,39.18176,26.49809,-750,300,0,325.2,https://pleiades.stoa.org/places/550457,
pl-599513,Arethousa,spring,pin,37.61157,26.21348,-550,-330,0,325.3,https://pleiades.stoa.org/places/599513,
pl-511155,Arctonnesos Ins.,island,pin,40.46000,27.87000,-30,2100,0,325.7,https://pleiades.stoa.org/places/511155,
pl-648741,Platanous,settlement,pin,36.05634,32.69032,-30,640,0,325.8,https://pleiades.stoa.org/places/648741,
pl-619150,Delemna/Dilimnia,station,pin,39.82431,32.81944,300,640,0,325.9,https://pleiades.stoa.org/places/619150,
pl-550686,Larissai Petrai,escarpment,pin,39.12290,26.45687,,,0,325.9,https://pleiades.stoa.org/places/550686,
pl-520989,Chalkedon (river),river,wash,40.87500,29.12500,-30,640,0,326.2,https://pleiades.stoa.org/places/520989,
pl-521039,Hyris Pr.,cape,wash,40.87500,29.12500,-330,640,0,326.2,https://pleiades.stoa.org/places/521039,
pl-550781,Oinous(s)ai (islands),"archipelago, island",pin,38.52217,26.22895,1700,2100,0,326.3,https://pleiades.stoa.org/places/550781,
pl-550782,Oinousa (island),island,pin,38.52217,26.22893,2000,2099,0,326.3,https://pleiades.stoa.org/places/550782,
pl-550630,Kato Tritos,"settlement, settlement-modern",pin,39.08683,26.43374,300,2099,0,326.3,https://pleiades.stoa.org/places/550630,
pl-554310,Philetaireia,unlocated,wash,39.69222,26.84235,-330,-30,0,326.8,https://pleiades.stoa.org/places/554310,
pl-520990,Chalkitis/Demonnesos (island),island,pin,40.87471,29.09052,-550,2100,0,326.9,https://pleiades.stoa.org/places/520990,
pl-619136,Cenaxis Palus,station,pin,39.98448,32.66258,300,640,0,327.0,https://pleiades.stoa.org/places/619136,
pl-550425,Alexandreia (mountain),"mountain, label",pin,39.62966,26.77838,-330,300,0,327.5,https://pleiades.stoa.org/places/550425,
pl-511286,Karesene?,"region, label",pin,40.14002,27.32269,-550,300,0,327.5,https://pleiades.stoa.org/places/511286,
pl-550818,Phalakrai,mountain,pin,39.70000,26.83333,-330,2100,0,328.0,https://pleiades.stoa.org/places/550818,
pl-844915,Embolos,settlement,pin,40.77758,31.18018,-30,2099,0,328.0,https://pleiades.stoa.org/places/844915,
pl-520960,[Antigoneia] (island),island,pin,40.88044,29.06249,1700,2100,0,328.0,https://pleiades.stoa.org/places/520960,
pl-511236,Dindymon (mountain),mountain,pin,40.46667,27.83333,-330,2100,0,328.1,https://pleiades.stoa.org/places/511236,
pl-599648,Histoi,settlement,pin,37.63065,26.17744,-750,640,0,328.2,https://pleiades.stoa.org/places/599648,
pl-550835,Plagia,settlement,pin,39.00162,26.36842,-330,640,0,328.3,https://pleiades.stoa.org/places/550835,
pl-521138,Rhodussae (islands),"archipelago, island",pin,40.86889,28.98263,-30,2100,0,328.4,https://pleiades.stoa.org/places/521138,
pl-550592,Ida (mountain),mountain,pin,39.69274,26.81918,-750,2100,0,328.5,https://pleiades.stoa.org/places/550592,
pl-550687,Larsos,settlement,pin,39.13079,26.42890,-550,300,0,328.5,https://pleiades.stoa.org/places/550687,
pl-550887,Skala ton Mistegnon,"settlement, settlement-modern",pin,39.21467,26.47367,-330,2099,0,328.6,https://pleiades.stoa.org/places/550887,
pl-648688,Lalassis,"labeled feature, label",pin,36.69291,33.27340,-30,300,0,328.8,https://pleiades.stoa.org/places/648688,
pl-511451,Trikomia,settlement,pin,40.96084,30.03264,-30,300,0,328.9,https://pleiades.stoa.org/places/511451,
pl-673781370,Acanthus (island),"unlocated, island",wash,40.66667,28.25000,-30,300,0,329.3,https://pleiades.stoa.org/places/673781370,
pl-511381,Propontis,water-open,pin,40.66667,28.25000,-550,2100,0,329.3,https://pleiades.stoa.org/places/511381,
pl-511356,Pentephyle/*Triknaita,settlement,pin,40.96682,30.00383,-30,300,0,329.4,https://pleiades.stoa.org/places/511356,
pl-844887,Çamdağ,mine-2,pin,40.88850,30.77589,-330,-30,0,329.7,https://pleiades.stoa.org/places/844887,
pl-550824,Phoinikous? Sinus,water-open,wash,38.75000,26.25000,-550,300,0,329.9,https://pleiades.stoa.org/places/550824,
pl-550843,Poseideion Pr.,cape,wash,38.75000,26.25000,,,0,329.9,https://pleiades.stoa.org/places/550843,
pl-550902,Tantalos (mountain),"mountain, label",wash,38.75000,26.25000,,,0,329.9,https://pleiades.stoa.org/places/550902,
pl-550689,Latom,unknown,wash,38.75000,26.25000,-550,300,0,329.9,https://pleiades.stoa.org/places/550689,
pl-550692,Leleges,"label, people",pin,39.59199,26.71184,-750,300,0,330.1,https://pleiades.stoa.org/places/550692,
pl-550662,Kontari,settlement,pin,38.33613,26.14755,-330,300,0,330.3,https://pleiades.stoa.org/places/550662,
pl-550923,Thymiana,quarry,pin,38.32307,26.14450,-30,300,0,330.4,https://pleiades.stoa.org/places/550923,
pl-648553,Alahan,monastery,pin,36.79126,33.35251,300,640,0,330.5,https://pleiades.stoa.org/places/648553,
pl-648796,Titioupolis?,settlement,pin,36.09942,32.81005,-30,640,0,330.6,https://pleiades.stoa.org/places/648796,
pl-844980,Kieros (river),river,pin,40.82685,31.09219,-330,2099,0,330.7,https://pleiades.stoa.org/places/844980,
pl-550622,Karini,settlement,pin,39.12291,26.39855,-330,-30,0,330.7,https://pleiades.stoa.org/places/550622,
pl-590039,Saros,"ruin, settlement",pin,35.88800,27.23200,-550,2099,0,330.8,https://pleiades.stoa.org/places/590039,
pl-511183,Bebrykes,"label, people",pin,40.98120,29.85543,-750,-330,0,330.9,https://pleiades.stoa.org/places/511183,
pl-521092,‘Nassete’,station,pin,40.91869,29.13181,300,640,0,330.9,https://pleiades.stoa.org/places/521092,
pl-511176,*Baradendromia,settlement,pin,40.98169,30.02604,-30,300,0,331.2,https://pleiades.stoa.org/places/511176,
pl-619118,Aspona,settlement,pin,39.30224,33.30776,-30,640,0,331.3,https://pleiades.stoa.org/places/619118,
pl-599667,Ikaros (island),island,pin,37.63219,26.14124,-30,2100,0,331.3,https://pleiades.stoa.org/places/599667,
pl-550567,Hekatonnesoi (islands),"archipelago, island, label",pin,39.35324,26.52409,-550,300,0,331.3,https://pleiades.stoa.org/places/550567,
pl-521131,Prota (island),island,pin,40.90875,29.04879,-330,2100,0,331.3,https://pleiades.stoa.org/places/521131,
pl-648777,*Sidamaria,settlement,pin,37.48047,33.63101,-30,300,0,331.4,https://pleiades.stoa.org/places/648777,
pl-521014,Eleutheriou/Kaisariou Limen/Theodosiacus Portus,port,wash,40.87500,28.87500,300,640,0,331.5,https://pleiades.stoa.org/places/521014,
pl-525482,Wall of Constantine,city-wall,wash,40.87500,28.87500,300,640,0,331.5,https://pleiades.stoa.org/places/525482,
pl-619251,Sadagolthina,settlement,pin,38.82795,33.54219,300,640,0,331.6,https://pleiades.stoa.org/places/619251,
pl-599836,Oinoe,settlement,wash,37.63082,26.13824,-550,-30,0,331.6,https://pleiades.stoa.org/places/599836,
pl-648707,Meloe?,settlement,pin,36.75921,33.34968,-30,640,0,331.7,https://pleiades.stoa.org/places/648707,
pl-550496,Chios (settlement),"settlement, settlement-modern",pin,38.37224,26.13298,-750,2099,0,332.1,https://pleiades.stoa.org/places/550496,
pl-844993,Krentios,station,pin,40.18420,32.49660,-30,640,0,332.2,https://pleiades.stoa.org/places/844993,
pl-847116,Untitled,road,wash,40.18420,32.49660,-30,640,0,332.2,https://pleiades.stoa.org/places/847116,
pl-550690,Latomi,quarry,pin,38.38283,26.13276,-750,300,0,332.2,https://pleiades.stoa.org/places/550690,
pl-550785,Olympos (mountain),mountain,pin,39.07243,26.35342,1700,2100,0,332.3,https://pleiades.stoa.org/places/550785,
pl-550743,Milingos,settlement,pin,38.45091,26.13927,-550,300,0,332.7,https://pleiades.stoa.org/places/550743,
pl-376031237,Sanctuary of Kybele,sanctuary,pin,38.42214,26.13418,,,0,332.7,https://pleiades.stoa.org/places/376031237,
pl-550482,Babrantion,settlement,pin,38.42301,26.13006,-750,-330,0,333.1,https://pleiades.stoa.org/places/550482,
pl-521100,Oxeia (mountain),"mountain, label",pin,40.95255,29.20965,300,640,0,333.2,https://pleiades.stoa.org/places/521100,
pl-550915,Tes Kores to Gephyri,settlement,pin,38.37380,26.11690,-330,300,0,333.5,https://pleiades.stoa.org/places/550915,
pl-650057,Untitled,bridge,pin,36.05818,32.81928,-30,300,0,334.2,https://pleiades.stoa.org/places/650057,
pl-845094,Yılanlı,settlement,pin,40.43365,32.15429,-30,640,0,334.4,https://pleiades.stoa.org/places/845094,
pl-550625,Kastelli,fort,pin,38.42835,26.11319,-550,300,0,334.6,https://pleiades.stoa.org/places/550625,
pl-511182,Bathys Limen,settlement,pin,40.51253,27.78532,-330,-30,0,334.7,https://pleiades.stoa.org/places/511182,
pl-844881,Bloukion,fort-2,pin,40.21771,32.49793,-330,2100,0,335.0,https://pleiades.stoa.org/places/844881,
pl-844950,Hypios (river),river,pin,40.87721,31.05724,-330,2099,0,335.0,https://pleiades.stoa.org/places/844950,
pl-614851,Tautaendia,"unlocated, bridge",wash,40.97152,30.57353,300,640,0,335.1,https://pleiades.stoa.org/places/614851,
pl-550512,Delphinion,"settlement, fort",pin,38.49632,26.12008,-550,-30,0,335.2,https://pleiades.stoa.org/places/550512,
pl-599715,Kinaros (island),island,pin,36.98032,26.28884,1700,2100,0,335.5,https://pleiades.stoa.org/places/599715,
pl-550532,Epi Peraia?,"labeled feature, label",pin,38.53038,26.12427,,,0,335.5,https://pleiades.stoa.org/places/550532,
pl-648557,Anemurium,"settlement, archaeological-site",pin,36.02426,32.80329,-550,2099,0,335.5,https://pleiades.stoa.org/places/648557,
pl-550698,Leukai (islands),island,pin,39.31166,26.44139,1700,2100,0,335.7,https://pleiades.stoa.org/places/550698,
pl-521124,Poleatikon,settlement,pin,40.95638,29.08894,300,640,0,335.7,https://pleiades.stoa.org/places/521124,
pl-521143,S. Auxentiou/Skopa M.,"mountain, label",pin,40.97687,29.19768,300,2100,0,336.1,https://pleiades.stoa.org/places/521143,
pl-590007,"Poseidon Porthmios, T.","settlement-modern, temple-2",pin,35.82232,27.22220,-550,2099,0,336.6,https://pleiades.stoa.org/places/590007,
pl-599917,Rhakhes,cemetery,pin,37.59567,26.08621,-550,-330,0,336.6,https://pleiades.stoa.org/places/599917,
pl-599954,Syrnos (island),island,pin,36.34269,26.67545,-30,2100,0,336.7,https://pleiades.stoa.org/places/599954,
pl-99394312,Column of Julian,monument,pin,39.94333,32.85595,300,640,0,336.7,https://pleiades.stoa.org/places/99394312,
pl-511260,Granicus (river),river,pin,40.10705,27.12703,-750,2100,0,336.9,https://pleiades.stoa.org/places/511260,
pl-228297636,Temple of Augustus and Rome (Ankara),"sanctuary, temple-2",pin,39.94421,32.85829,-30,300,0,336.9,https://pleiades.stoa.org/places/228297636,
pl-619103,Ancyra (Galatia),settlement,pin,39.94379,32.85933,-1200,2100,0,337.0,https://pleiades.stoa.org/places/619103,
pl-521141,Rouphinianai/Drys,settlement,pin,40.96458,29.06859,300,640,0,337.0,https://pleiades.stoa.org/places/521141,
pl-550634,Kebren? (river),river,wash,39.75000,26.75000,-330,300,0,337.1,https://pleiades.stoa.org/places/550634,
pl-550545,Gargara Akron,cape,wash,39.75000,26.75000,-330,300,0,337.1,https://pleiades.stoa.org/places/550545,
pl-648770,Sekalesi,settlement,pin,37.71959,33.73993,-330,640,0,337.3,https://pleiades.stoa.org/places/648770,
pl-550619,Kardamyle?,settlement,pin,38.54709,26.10559,-750,640,0,337.4,https://pleiades.stoa.org/places/550619,
pl-550655,Koila,settlement,pin,38.49903,26.08908,-550,640,0,337.9,https://pleiades.stoa.org/places/550655,
pl-648618,Dağpazarı,settlement,pin,36.82943,33.46812,300,640,0,338.1,https://pleiades.stoa.org/places/648618,
pl-521029,Heraion/Hiereia,settlement,pin,40.96956,29.03394,300,640,0,338.2,https://pleiades.stoa.org/places/521029,
pl-599524,"Artemis Tauropolos, T.",temple-2,pin,37.62204,26.05972,-750,300,0,338.5,https://pleiades.stoa.org/places/599524,
pl-550438,Aphrodisios (river),river,pin,39.14869,26.31427,-330,2099,0,338.6,https://pleiades.stoa.org/places/550438,
pl-521018,Eutropiou,settlement,pin,40.97504,29.04163,300,640,0,338.7,https://pleiades.stoa.org/places/521018,
pl-648667,Kesmez,settlement,pin,37.70182,33.75442,-30,640,0,338.8,https://pleiades.stoa.org/places/648667,
pl-48050879,Delian League,region,wash,39.44356,26.48696,1700,2100,0,338.8,https://pleiades.stoa.org/places/48050879,
pl-514403427,Nea Moni,"monastery, church",pin,38.37418,26.05498,640,1453,0,338.9,https://pleiades.stoa.org/places/514403427,
pl-511263,Halone (island),island,pin,40.47473,27.62659,-30,2100,0,339.1,https://pleiades.stoa.org/places/511263,
pl-550530,Emporio,"settlement, archaeological-site",pin,38.19366,26.02968,-750,-550,0,339.2,https://pleiades.stoa.org/places/550530,
pl-619235,Parnassos,settlement,pin,38.99182,33.57011,-330,640,0,339.4,https://pleiades.stoa.org/places/619235,
pl-511322,*Morzapena,settlement,pin,41.05122,30.14760,-30,300,0,339.4,https://pleiades.stoa.org/places/511322,
pl-845003,Legna,station,pin,40.36878,32.35483,-30,300,0,339.5,https://pleiades.stoa.org/places/845003,
pl-550740,Metokhi,temple,pin,38.20797,26.02754,-750,-330,0,339.5,https://pleiades.stoa.org/places/550740,
pl-550765,Nagos,temple-2,pin,38.55748,26.08314,-750,300,0,339.5,https://pleiades.stoa.org/places/550765,
pl-511264,Harpagion,settlement,pin,40.33427,27.39198,-550,300,0,339.5,https://pleiades.stoa.org/places/511264,
pl-554294,Oios ho Hermaites,unlocated,wash,38.41400,26.05300,-330,-30,0,339.6,https://pleiades.stoa.org/places/554294,
pl-844879,Bithynion/Claudiopolis/Hadriana,settlement,pin,40.75619,31.58586,-1750,2000,0,339.6,https://pleiades.stoa.org/places/844879,
pl-550418,Aigeiros?,settlement,pin,39.27690,26.37195,-750,640,0,339.6,https://pleiades.stoa.org/places/550418,
pl-550544,Gargara,settlement,pin,39.53446,26.54077,-550,640,0,339.6,https://pleiades.stoa.org/places/550544,
pl-520988,Chalcedon,"settlement, port",pin,40.98339,29.02579,-750,2099,0,339.9,https://pleiades.stoa.org/places/520988,
pl-599908,Proespera,"cemetery, settlement-modern",pin,37.59885,26.04613,-550,2099,0,340.0,https://pleiades.stoa.org/places/599908,
pl-619162,Galea,station,pin,39.26615,33.44122,300,640,0,340.1,https://pleiades.stoa.org/places/619162,
pl-550800,Palaiskepsis?,settlement,pin,39.83666,26.78679,-750,-330,0,340.2,https://pleiades.stoa.org/places/550800,
pl-550820,Phanai Pr.,cape,pin,38.14667,26.01250,1700,2100,0,340.4,https://pleiades.stoa.org/places/550820,
pl-551908,Untitled,bridge,pin,39.16011,26.29537,-30,300,0,340.6,https://pleiades.stoa.org/places/551908,
pl-845049,Prusias ad Hypium/Kieros,settlement,pin,40.91419,31.12041,-330,640,0,340.6,https://pleiades.stoa.org/places/845049,
pl-511287,Karesos? (river),river,wash,40.25000,27.25000,-330,2100,0,340.7,https://pleiades.stoa.org/places/511287,
pl-511398,Rhesos (river),river,wash,40.25000,27.25000,-750,640,0,340.7,https://pleiades.stoa.org/places/511398,
pl-550518,Dotion,"tower-defensive, villa",pin,38.17879,26.01052,-330,300,0,340.8,https://pleiades.stoa.org/places/550518,
pl-550610,Kalogera,fort,pin,39.17365,26.29602,-550,-30,0,341.1,https://pleiades.stoa.org/places/550610,
pl-550851,Pyrra,settlement,pin,39.15605,26.28549,-750,300,0,341.2,https://pleiades.stoa.org/places/550851,
pl-511284,Kalpas (river),river,pin,41.06639,30.17540,-550,300,0,341.2,https://pleiades.stoa.org/places/511284,
pl-550734,Messon,"church-2, sanctuary, temple-2",pin,39.19643,26.30543,-750,640,0,341.3,https://pleiades.stoa.org/places/550734,
pl-844886,Carus Vicus,settlement,pin,40.48243,32.20417,-30,300,0,341.4,https://pleiades.stoa.org/places/844886,
pl-511234,*Desa,settlement,pin,41.06898,30.16553,-30,300,0,341.4,https://pleiades.stoa.org/places/511234,
pl-511262,Halone (settlement),"settlement, settlement-modern",pin,40.48952,27.60737,-30,2099,0,341.4,https://pleiades.stoa.org/places/511262,
pl-521036,Himeros,settlement,pin,40.99852,29.02510,300,640,0,341.5,https://pleiades.stoa.org/places/521036,
pl-550476,Augonema,settlement,pin,38.38123,26.02400,-550,300,0,341.7,https://pleiades.stoa.org/places/550476,
pl-619106,Andraka/Andrapa,station,pin,39.13279,33.53377,-30,640,0,341.8,https://pleiades.stoa.org/places/619106,
pl-648717,Nagidos,settlement,pin,36.10083,32.97660,-750,640,0,341.8,https://pleiades.stoa.org/places/648717,
pl-589739,Brykous,"polis, archaeological-site",pin,35.79900,27.16600,-750,300,0,341.9,https://pleiades.stoa.org/places/589739,
pl-845054,Salon,label,pin,40.77028,31.61049,-30,300,0,342.0,https://pleiades.stoa.org/places/845054,
pl-619194,Koropassos,settlement,pin,38.30770,33.79202,-30,300,0,342.1,https://pleiades.stoa.org/places/619194,
pl-648718,Nagidous(s)a Ins.,"island, label",pin,36.09553,32.97560,300,2100,0,342.1,https://pleiades.stoa.org/places/648718,
pl-511235,Didymateiche,settlement,pin,40.28603,27.27440,-550,1599,0,342.2,https://pleiades.stoa.org/places/511235,
pl-514157,Untitled,road,wash,41.00000,29.00000,-30,640,0,342.2,https://pleiades.stoa.org/places/514157,
pl-514158,Untitled,road,wash,41.00000,29.00000,-30,640,0,342.2,https://pleiades.stoa.org/places/514158,
pl-514159,Untitled,road,wash,41.00000,29.00000,-30,300,0,342.2,https://pleiades.stoa.org/places/514159,
pl-514160,Untitled,road,wash,41.00000,29.00000,-30,640,0,342.2,https://pleiades.stoa.org/places/514160,
pl-514161,Untitled,road,wash,41.00000,29.00000,-30,640,0,342.2,https://pleiades.stoa.org/places/514161,
pl-514162,Untitled,road,wash,41.00000,29.00000,-550,-330,0,342.2,https://pleiades.stoa.org/places/514162,
pl-514163,Untitled,road,wash,41.00000,29.00000,-30,640,0,342.2,https://pleiades.stoa.org/places/514163,
pl-514164,Untitled,road,wash,41.00000,29.00000,-30,640,0,342.2,https://pleiades.stoa.org/places/514164,
pl-514165,Untitled,road,wash,41.00000,29.00000,-30,640,0,342.2,https://pleiades.stoa.org/places/514165,
pl-514166,Untitled,road,wash,41.00000,29.00000,-30,300,0,342.2,https://pleiades.stoa.org/places/514166,
pl-514167,Untitled,road,wash,41.00000,29.00000,300,640,0,342.2,https://pleiades.stoa.org/places/514167,
pl-514168,Untitled,road,wash,41.00000,29.00000,-30,300,0,342.2,https://pleiades.stoa.org/places/514168,
pl-514169,Untitled,road,wash,41.00000,29.00000,-30,300,0,342.2,https://pleiades.stoa.org/places/514169,
pl-514170,Untitled,road,wash,41.00000,29.00000,300,640,0,342.2,https://pleiades.stoa.org/places/514170,
pl-514171,Untitled,road,wash,41.00000,29.00000,300,640,0,342.2,https://pleiades.stoa.org/places/514171,
pl-514172,Untitled,road,wash,41.00000,29.00000,-30,640,0,342.2,https://pleiades.stoa.org/places/514172,
pl-514173,Untitled,road,wash,41.00000,29.00000,-30,640,0,342.2,https://pleiades.stoa.org/places/514173,
pl-514174,Untitled,road,wash,41.00000,29.00000,-30,640,0,342.2,https://pleiades.stoa.org/places/514174,
pl-514175,Untitled,road,wash,41.00000,29.00000,-30,640,0,342.2,https://pleiades.stoa.org/places/514175,
pl-514176,Untitled,road,wash,41.00000,29.00000,-30,640,0,342.2,https://pleiades.stoa.org/places/514176,
pl-521135,Rhebas (river),river,pin,41.05471,29.37150,-30,2100,0,342.2,https://pleiades.stoa.org/places/521135,
pl-521158,Strongylion/Kyklobion,fort,pin,40.98127,28.90504,300,640,0,342.2,https://pleiades.stoa.org/places/521158,
pl-521026,Hebdomon,settlement,pin,40.97603,28.87649,300,640,0,342.3,https://pleiades.stoa.org/places/521026,
pl-521042,Ioukoundianai/Sekoundianai,villa,pin,40.97752,28.87884,300,640,0,342.4,https://pleiades.stoa.org/places/521042,
pl-550497,Chios (island),island,pin,38.38364,26.01424,-550,2100,0,342.5,https://pleiades.stoa.org/places/550497,
pl-520956,Ammoi,settlement,pin,40.98017,28.88470,300,640,0,342.5,https://pleiades.stoa.org/places/520956,
pl-521136,Rhesion,settlement,pin,40.98430,28.89203,300,640,0,342.8,https://pleiades.stoa.org/places/521136,
pl-550796,Palaia Gargara,settlement,pin,39.57337,26.52592,-750,-330,0,342.9,https://pleiades.stoa.org/places/550796,
pl-521052,Kampos,settlement,pin,40.98334,28.87868,300,640,0,343.0,https://pleiades.stoa.org/places/521052,
pl-756784437,Little Hagia Sophia,"church-2, mosque",pin,41.00275,28.97220,500,2099,0,343.0,https://pleiades.stoa.org/places/756784437,
pl-619857,Untitled,bridge,pin,39.41877,33.38450,300,640,0,343.1,https://pleiades.stoa.org/places/619857,
pl-648776,Sibyla,settlement,pin,36.71339,33.46620,300,640,0,343.1,https://pleiades.stoa.org/places/648776,
pl-629429885,Sultanahmet Camii,mosque,pin,41.00526,28.97687,1300,2100,0,343.2,https://pleiades.stoa.org/places/629429885,
pl-820631036,Obelisk of Theodosius,monument,pin,41.00593,28.97540,300,1453,0,343.3,https://pleiades.stoa.org/places/820631036,
pl-511442,Thynoi,"labeled feature, label",pin,41.09299,29.89234,-550,300,0,343.3,https://pleiades.stoa.org/places/511442,
pl-520985,Byzantium,settlement,pin,41.00590,28.97388,-1200,2100,0,343.3,https://pleiades.stoa.org/places/520985,
pl-521028,Henaton,settlement,pin,40.97589,28.83072,300,640,0,343.3,https://pleiades.stoa.org/places/521028,
pl-927063702,Serpent Column,monument,pin,41.00566,28.97511,300,640,0,343.3,https://pleiades.stoa.org/places/927063702,
pl-177059114,Great Palace of Constantinople,architecturalcomplex,wash,41.00678,28.97760,300,1200,0,343.4,https://pleiades.stoa.org/places/177059114,
pl-773739435,Hippodrome of Constantinople,circus,pin,41.00656,28.97603,300,2099,0,343.4,https://pleiades.stoa.org/places/773739435,
pl-525483,Theodosian Walls,city-wall,pin,40.99594,28.92166,300,2100,0,343.4,https://pleiades.stoa.org/places/525483,
pl-77402394,İstanbul,"settlement, settlement-modern",pin,41.00638,28.97587,-1200,2099,0,343.4,https://pleiades.stoa.org/places/77402394,
pl-307220778,Hagia Sophia,"church-2, mosque",pin,41.00855,28.97994,-30,2100,0,343.5,https://pleiades.stoa.org/places/307220778,
pl-550407,Ag. Berenike,settlement,pin,39.14373,26.25058,-330,640,0,343.5,https://pleiades.stoa.org/places/550407,
pl-520998,Constantinopolis,"urban, settlement",wash,41.00659,28.96564,-1200,2100,0,343.6,https://pleiades.stoa.org/places/520998,
pl-521004,Dekaton,settlement,pin,40.97453,28.81074,300,640,0,343.6,https://pleiades.stoa.org/places/521004,
pl-550429,Amades,settlement,pin,38.57414,26.03849,-550,-30,0,343.7,https://pleiades.stoa.org/places/550429,
pl-550509,Damandri,settlement,pin,39.08896,26.22211,-550,-30,0,343.7,https://pleiades.stoa.org/places/550509,
pl-550852,Pyrraion (mountain),"mountain, label",pin,39.15711,26.25446,,,0,343.8,https://pleiades.stoa.org/places/550852,
pl-511388,Psil(l)is (river),river,pin,41.09638,29.80617,-330,2099,0,343.8,https://pleiades.stoa.org/places/511388,
pl-380702853,Limen to Kaisareiou,bay,pin,41.00486,28.94914,300,2100,0,343.8,https://pleiades.stoa.org/places/380702853,
pl-550699,Lithi,settlement,pin,38.34220,25.99287,-750,300,0,343.9,https://pleiades.stoa.org/places/550699,
pl-521111,Pege,settlement,pin,40.99990,28.91590,300,640,0,343.9,https://pleiades.stoa.org/places/521111,
pl-448320942,Forum of Theodosius,forum,pin,41.01028,28.96408,2000,2099,0,344.0,https://pleiades.stoa.org/places/448320942,
pl-550890,Skepsis,"settlement, hill, settlement-modern",pin,39.80741,26.70292,-550,2099,0,344.2,https://pleiades.stoa.org/places/550890,
pl-648617,Dağören,settlement,pin,37.76893,33.82371,300,640,0,344.2,https://pleiades.stoa.org/places/648617,
pl-520995,Chrysopolis,settlement,pin,41.02064,29.01286,-550,640,0,344.2,https://pleiades.stoa.org/places/520995,
pl-648723,Ninica/Col. Iulia Augusta Felix/Claudiopolis,settlement,pin,36.64252,33.43940,-30,640,0,344.3,https://pleiades.stoa.org/places/648723,
pl-520979,Bosporios Pr.,cape,pin,41.01667,28.98333,-30,2100,0,344.3,https://pleiades.stoa.org/places/520979,
pl-523226,Neorion,port,pin,41.01667,28.97500,300,1923,0,344.5,https://pleiades.stoa.org/places/523226,
pl-648784,Syke/Setos?,settlement,pin,36.10615,33.02380,-550,640,0,344.7,https://pleiades.stoa.org/places/648784,
pl-521001,Damalis/Bous,settlement,pin,41.02526,29.01107,-330,640,0,344.7,https://pleiades.stoa.org/places/521001,
pl-550514,"Dionysos Bresagenes, T.",temple-2,pin,39.00670,26.17015,-750,640,0,344.9,https://pleiades.stoa.org/places/550514,
pl-511433,*Tenba,settlement,pin,41.10578,30.03090,-30,300,0,344.9,https://pleiades.stoa.org/places/511433,
pl-512649,Untitled,bridge,pin,40.27955,27.22064,-30,300,0,344.9,https://pleiades.stoa.org/places/512649,
pl-511893,Untitled,aqueduct,pin,41.01752,28.95261,300,1453,0,345.0,https://pleiades.stoa.org/places/511893,
pl-800531031,Granicus (battlefield),settlement-modern,pin,40.29265,27.23701,2000,2099,0,345.0,https://pleiades.stoa.org/places/800531031,
pl-550527,Elinta,settlement,pin,38.40092,25.98783,-550,300,0,345.1,https://pleiades.stoa.org/places/550527,
pl-523982,Sykai/Ioustinianai/Ioustinianoupolis,settlement,pin,41.02302,28.97298,-30,2099,0,345.2,https://pleiades.stoa.org/places/523982,
pl-523984,Ostreodes,settlement,pin,41.02381,28.97657,-30,300,0,345.2,https://pleiades.stoa.org/places/523984,
pl-550718,Managros,settlement,pin,38.22641,25.96313,-750,640,0,345.3,https://pleiades.stoa.org/places/550718,
pl-433737150,Church of the Holy Apostles at Constantinople,church-2,pin,41.01972,28.94972,300,2100,0,345.3,https://pleiades.stoa.org/places/433737150,
pl-550409,Ag. Isidoros,church-2,pin,39.12207,26.21634,-550,2099,0,345.4,https://pleiades.stoa.org/places/550409,
pl-523973,Argyropolis/Bytharion?,settlement,pin,41.02641,28.98015,300,640,0,345.4,https://pleiades.stoa.org/places/523973,
pl-523981,Hipposthenis Monu.,monument,pin,41.02457,28.97427,-30,300,0,345.4,https://pleiades.stoa.org/places/523981,
pl-521056,Kepos,settlement,pin,41.02206,28.95321,-30,300,0,345.5,https://pleiades.stoa.org/places/521056,
pl-523972,Aianteion,settlement,pin,41.02793,28.98290,-30,300,0,345.5,https://pleiades.stoa.org/places/523972,
pl-599782,Maltezana Marble Quarry,quarry,pin,36.58125,26.38296,,,0,345.6,https://pleiades.stoa.org/places/599782,
pl-523975,Bolos,settlement,pin,41.02694,28.97585,-30,300,0,345.6,https://pleiades.stoa.org/places/523975,
pl-523977,Delphin/Karandas,settlement,pin,41.02991,28.98645,-30,300,0,345.7,https://pleiades.stoa.org/places/523977,
pl-648778,Sinapiç,"settlement, urban",pin,36.67769,33.48007,-30,640,0,345.8,https://pleiades.stoa.org/places/648778,
pl-521025,Hapsasieion,temple,pin,41.02433,28.95136,-30,300,0,345.8,https://pleiades.stoa.org/places/521025,
pl-550696,Lesbos (island),island,wash,39.17746,26.23748,-750,2100,0,346.0,https://pleiades.stoa.org/places/550696,
pl-648571,Arsinoe,settlement,pin,36.09470,33.03125,-330,640,0,346.0,https://pleiades.stoa.org/places/648571,
pl-523979,Hierion,settlement,pin,41.03119,28.97581,300,640,0,346.0,https://pleiades.stoa.org/places/523979,
pl-550809,Pelinnaion (mountain),mountain,pin,38.55722,26.00640,1700,2100,0,346.1,https://pleiades.stoa.org/places/550809,
pl-619163,Gallograecia (region),"region, label",pin,39.71003,33.20847,-330,640,0,346.1,https://pleiades.stoa.org/places/619163,
pl-550520,Drakou Pedema,fort,pin,39.28601,26.29532,-550,-30,0,346.1,https://pleiades.stoa.org/places/550520,
pl-521155,Sophianai,villa,pin,41.04398,29.04522,300,640,0,346.1,https://pleiades.stoa.org/places/521155,
pl-523976,Choiragria,settlement,pin,41.03134,28.96660,-30,300,0,346.2,https://pleiades.stoa.org/places/523976,
pl-844893,Çetikören,settlement,pin,40.68545,31.91554,-30,640,0,346.3,https://pleiades.stoa.org/places/844893,
pl-521145,S. Mamas,settlement,pin,41.03836,28.99695,300,640,0,346.4,https://pleiades.stoa.org/places/521145,
pl-523980,Kanopos,settlement,pin,41.03278,28.96363,-30,300,0,346.5,https://pleiades.stoa.org/places/523980,
pl-521058,Kikonion,settlement,pin,41.05033,29.05315,-30,640,0,346.6,https://pleiades.stoa.org/places/521058,
pl-521110,Pegai/Krenides,settlement,pin,41.03550,28.96524,-30,640,0,346.7,https://pleiades.stoa.org/places/521110,
pl-520962,Archeion,settlement,pin,41.04824,29.02740,-30,300,0,346.9,https://pleiades.stoa.org/places/520962,
pl-521041,Iasonion/Daphne,settlement,pin,41.04360,29.00190,-30,640,0,346.9,https://pleiades.stoa.org/places/521041,
pl-619232,Ozzala/Ozizala,station,pin,38.87102,33.71137,-30,640,0,347.1,https://pleiades.stoa.org/places/619232,
pl-599536,Astypalaia (island),island,pin,36.57889,26.36489,-30,2099,0,347.1,https://pleiades.stoa.org/places/599536,
pl-804216207,Acemhöyük,"settlement, archaeological-site",pin,38.41073,33.83425,-2000,2100,0,347.1,https://pleiades.stoa.org/places/804216207,
pl-521082,Metanoia Mon.,church,pin,41.05548,29.05365,300,640,0,347.1,https://pleiades.stoa.org/places/521082,
pl-521108,Parabolos,settlement,pin,41.05249,29.03044,-30,300,0,347.3,https://pleiades.stoa.org/places/521108,
pl-550769,Nape?,settlement,pin,39.27739,26.27368,-750,300,0,347.4,https://pleiades.stoa.org/places/550769,
pl-520974,Blachernai,settlement,pin,41.03955,28.94271,-30,640,0,347.6,https://pleiades.stoa.org/places/520974,
pl-521094,Nausimachion,settlement,pin,41.05936,29.05361,-30,300,0,347.6,https://pleiades.stoa.org/places/521094,
pl-511248,Elaphonnesos? Ins.,island,pin,40.50627,27.51582,-550,2100,0,347.7,https://pleiades.stoa.org/places/511248,
pl-521050,Kalamos,settlement,pin,41.05668,29.03362,-30,300,0,347.7,https://pleiades.stoa.org/places/521050,
pl-550739,Metokhi,settlement,pin,38.42772,25.96092,-550,640,0,347.8,https://pleiades.stoa.org/places/550739,
pl-521062,"Kosmas kai Damianos, Mon.",church,pin,41.04031,28.93890,300,640,0,347.8,https://pleiades.stoa.org/places/521062,
pl-521109,Paulines,settlement,pin,41.04052,28.94172,300,640,0,347.8,https://pleiades.stoa.org/places/521109,
pl-648636,Gölören,settlement,pin,37.83015,33.87147,300,640,0,347.9,https://pleiades.stoa.org/places/648636,
pl-511387,Psillion,settlement,pin,41.13362,29.84716,-330,640,0,347.9,https://pleiades.stoa.org/places/511387,
pl-550819,Phanai,"sanctuary, temple-2",wash,38.20709,25.93059,-750,640,0,348.0,https://pleiades.stoa.org/places/550819,
pl-120643644,Sanctuary of Apollo Phanaios,"sanctuary, temple-2",pin,38.20709,25.93059,-750,300,0,348.0,https://pleiades.stoa.org/places/120643644,
pl-550817,Petra,labeled feature,wash,39.25000,26.25000,-750,-330,0,348.1,https://pleiades.stoa.org/places/550817,
pl-550837,Platy Bounari,unknown,wash,39.25000,26.25000,-330,300,0,348.1,https://pleiades.stoa.org/places/550837,
pl-551155,Untitled,aqueduct,wash,39.25000,26.25000,-30,300,0,348.1,https://pleiades.stoa.org/places/551155,
pl-599731,Kretikos Sinus,water-open,wash,36.75000,26.25000,,,0,348.1,https://pleiades.stoa.org/places/599731,
pl-599804,Moura,spring,wash,36.75000,26.25000,300,640,0,348.1,https://pleiades.stoa.org/places/599804,
pl-550627,Kastri,unknown,wash,39.25000,26.25000,-750,-330,0,348.1,https://pleiades.stoa.org/places/550627,
pl-550489,Brisa Pr.,cape,wash,39.25000,26.25000,1700,2100,0,348.1,https://pleiades.stoa.org/places/550489,
pl-511397,Rhegion,settlement,pin,41.00835,28.77522,300,640,0,348.1,https://pleiades.stoa.org/places/511397,
pl-520984,Bythias,settlement,pin,41.06080,29.03535,-30,300,0,348.1,https://pleiades.stoa.org/places/520984,
pl-550885,Skala Polykhnitou,sanctuary,pin,39.10780,26.17359,-750,-550,0,348.4,https://pleiades.stoa.org/places/550885,
pl-599757,Leia? (island),island,pin,36.90821,26.16604,-30,2100,0,348.4,https://pleiades.stoa.org/places/599757,
pl-550455,Arisba,settlement,pin,39.24415,26.24327,-750,300,0,348.4,https://pleiades.stoa.org/places/550455,
pl-648568,Ardistama,settlement,pin,37.93711,33.88347,-330,640,0,348.5,https://pleiades.stoa.org/places/648568,
pl-520958,Anaplous?/Promotou?,settlement,pin,41.06788,29.04302,300,640,0,348.7,https://pleiades.stoa.org/places/520958,
pl-550853,Pyrraios Sinus,water-open,pin,39.15671,26.19207,1700,2100,0,348.8,https://pleiades.stoa.org/places/550853,
pl-550678,Lamponia,settlement,pin,39.53811,26.42123,-550,300,0,348.9,https://pleiades.stoa.org/places/550678,
pl-521129,Proochthoi/Brochthoi,settlement,pin,41.07411,29.05835,-30,640,0,349.1,https://pleiades.stoa.org/places/521129,
pl-619201,Magaba/Mordiacus M.,"mountain, label",pin,39.85313,33.12725,-30,640,0,349.3,https://pleiades.stoa.org/places/619201,
pl-521093,Nausikleia,settlement,pin,41.07818,29.06546,-30,300,0,349.4,https://pleiades.stoa.org/places/521093,
pl-533372008,Castle of Astypalaia,castle,pin,36.54407,26.35539,640,1453,0,349.6,https://pleiades.stoa.org/places/533372008,
pl-845093,Yagbaşlar,settlement,pin,40.71494,31.93132,-30,300,0,349.8,https://pleiades.stoa.org/places/845093,
pl-599535,Astypalaia (settlement),settlement,pin,36.54737,26.35142,-750,640,0,349.8,https://pleiades.stoa.org/places/599535,
pl-520992,Chelai/Philemporos,settlement,pin,41.07802,29.04394,-30,640,0,349.8,https://pleiades.stoa.org/places/520992,
pl-521126,Potamonion,settlement,pin,41.08217,29.06701,-30,300,0,349.8,https://pleiades.stoa.org/places/521126,
pl-521146,S. Theodora,church,pin,41.06144,28.95313,300,640,0,349.8,https://pleiades.stoa.org/places/521146,
pl-511285,Kalpe,settlement,pin,41.14352,30.19652,-550,300,0,349.9,https://pleiades.stoa.org/places/511285,
pl-521060,Kolone Pr.,cape,wash,41.12500,29.37500,-330,-30,0,349.9,https://pleiades.stoa.org/places/521060,
pl-511375,Priapus,settlement,pin,40.41363,27.32551,-550,640,0,350.0,https://pleiades.stoa.org/places/511375,
pl-550633,Kebren,settlement,pin,39.74180,26.56303,-750,1999,0,350.1,https://pleiades.stoa.org/places/550633,
pl-845021,Modicus (mountain),"mountain, label",pin,40.31540,32.62036,300,640,0,350.2,https://pleiades.stoa.org/places/845021,
pl-599771,Livadi,settlement,pin,36.54637,26.34450,300,640,0,350.4,https://pleiades.stoa.org/places/599771,
pl-648624,Dionysophanes,villa,pin,36.09235,33.09238,-30,640,0,350.4,https://pleiades.stoa.org/places/648624,
pl-521151,Semystra,settlement,pin,41.06540,28.94536,-30,300,0,350.4,https://pleiades.stoa.org/places/521151,
pl-511315,Melantias,station,pin,41.02895,28.76468,300,640,0,350.6,https://pleiades.stoa.org/places/511315,
pl-648703,Mandane,settlement,pin,36.12217,33.12627,-330,640,0,350.8,https://pleiades.stoa.org/places/648703,
pl-604757,Untitled,spring,pin,36.52880,26.35030,300,640,0,350.8,https://pleiades.stoa.org/places/604757,
pl-521116,Phiela/Phiale,settlement,pin,41.09133,29.06737,-30,640,0,350.8,https://pleiades.stoa.org/places/521116,
pl-521132,Pyrrhias Cyon,settlement,pin,41.08812,29.04945,-30,300,0,350.8,https://pleiades.stoa.org/places/521132,
pl-550694,Leptymnos (mountain),mountain,pin,39.34556,26.26861,1700,2100,0,351.0,https://pleiades.stoa.org/places/550694,
pl-513402,Unnamed quarry (on Proconnesus Ins.),quarry,pin,40.62900,27.66600,-550,640,0,351.2,https://pleiades.stoa.org/places/513402,
pl-550943,Trianta,settlement,pin,39.22428,26.19666,-550,640,0,351.3,https://pleiades.stoa.org/places/550943,
pl-648585,Bernikes Kolpos,labeled feature,wash,36.25000,33.25000,-30,640,0,351.6,https://pleiades.stoa.org/places/648585,
pl-648746,Poseidion Pr.,cape,wash,36.25000,33.25000,-30,300,0,351.6,https://pleiades.stoa.org/places/648746,
pl-520976,Boradion,settlement,pin,41.10213,29.06790,300,640,0,351.9,https://pleiades.stoa.org/places/520976,
pl-550454,Ariousia,label,pin,38.52566,25.93191,-750,300,0,352.0,https://pleiades.stoa.org/places/550454,
pl-521115,Phidalia Petra,settlement,pin,41.09955,29.05084,-30,640,0,352.0,https://pleiades.stoa.org/places/521115,
pl-550631,Kaukasa?,settlement,pin,38.49195,25.92372,-550,640,0,352.1,https://pleiades.stoa.org/places/550631,
pl-520954,Akoimeton Mon.,church,pin,41.10676,29.08280,300,640,0,352.2,https://pleiades.stoa.org/places/520954,
pl-521012,Eirenaion,settlement,pin,41.10697,29.08217,300,640,0,352.2,https://pleiades.stoa.org/places/521012,
pl-521068,Kyparodes,settlement,pin,41.10445,29.05425,-30,300,0,352.4,https://pleiades.stoa.org/places/521068,
pl-511379,Proconnesus (island),island,pin,40.61667,27.61667,-750,2100,0,352.5,https://pleiades.stoa.org/places/511379,
pl-550777,Ntantania,fort,pin,39.26565,26.20101,-550,-330,0,352.7,https://pleiades.stoa.org/places/550777,
pl-550463,Assos/Apollonia,"settlement, archaeological-site",pin,39.49014,26.33635,-750,2100,0,352.9,https://pleiades.stoa.org/places/550463,
pl-511400,Rhoe,settlement,pin,41.16851,30.22762,-30,640,0,352.9,https://pleiades.stoa.org/places/511400,
pl-521027,"Hecate, T.",temple-2,pin,41.10831,29.05250,-30,300,0,352.9,https://pleiades.stoa.org/places/521027,
pl-989985817,Temple of Athena at Assos,temple-2,pin,39.49076,26.33681,,,0,352.9,https://pleiades.stoa.org/places/989985817,
pl-511161,Artanes,settlement,pin,41.17132,29.60416,-30,640,0,353.0,https://pleiades.stoa.org/places/511161,
pl-648794,Thebasa?,settlement,pin,37.29368,33.83656,-30,300,0,353.1,https://pleiades.stoa.org/places/648794,
pl-511345,Ophiussa (island),island,pin,40.54800,27.48100,-30,2100,0,353.2,https://pleiades.stoa.org/places/511345,
pl-511378,Proconnesus (settlement),settlement,pin,40.59169,27.55568,-750,640,0,353.3,https://pleiades.stoa.org/places/511378,
pl-511209,*Chelaita,settlement,pin,41.17573,29.61943,-30,300,0,353.4,https://pleiades.stoa.org/places/511209,
pl-520953,Aietou Rhynkos Pr.,cape,wash,41.12500,29.12500,-30,300,0,353.4,https://pleiades.stoa.org/places/520953,
pl-520961,Aphrodysium,unknown,wash,41.12500,29.12500,-30,300,0,353.4,https://pleiades.stoa.org/places/520961,
pl-520968,‘Bacca’ Collis,unknown,wash,41.12500,29.12500,-30,300,0,353.4,https://pleiades.stoa.org/places/520968,
pl-520969,Bacchiae/Thermemeria,unknown,wash,41.12500,29.12500,-550,300,0,353.4,https://pleiades.stoa.org/places/520969,
pl-520972,*Bathys (river),river,wash,41.12500,29.12500,-30,300,0,353.4,https://pleiades.stoa.org/places/520972,
pl-520977,Bosphorus,water-open,pin,41.11486,29.06215,-550,2100,0,353.4,https://pleiades.stoa.org/places/520977,
pl-520996,Chrysorrhoas? (river),river,wash,41.12500,29.12500,-30,300,0,353.4,https://pleiades.stoa.org/places/520996,
pl-520999,Coracium Pr.,cape,wash,41.12500,29.12500,-30,300,0,353.4,https://pleiades.stoa.org/places/520999,
pl-521007,Dikaia Petra,unknown,wash,41.12500,29.12500,-30,300,0,353.4,https://pleiades.stoa.org/places/521007,
pl-521011,Echaia Pr.,cape,wash,41.12500,29.12500,-30,300,0,353.4,https://pleiades.stoa.org/places/521011,
pl-521021,Gronychia,unknown,wash,41.12500,29.12500,-30,300,0,353.4,https://pleiades.stoa.org/places/521021,
pl-521023,Gypopolis Collis,unknown,wash,41.12500,29.12500,-30,300,0,353.4,https://pleiades.stoa.org/places/521023,
pl-521030,Herculis Kline,unknown,wash,41.12500,29.12500,-30,300,0,353.4,https://pleiades.stoa.org/places/521030,
pl-521031,Hestiai Pr.,cape,wash,41.12500,29.12500,-30,640,0,353.4,https://pleiades.stoa.org/places/521031,
pl-521037,Himeros (river),river,wash,41.12500,29.12500,300,640,0,353.4,https://pleiades.stoa.org/places/521037,
pl-521059,Kleides kai Kleithra tou Pontou,unknown,wash,41.12500,29.12500,-30,300,0,353.4,https://pleiades.stoa.org/places/521059,
pl-521064,Kyaneai (islands),archipelago,wash,41.12500,29.12500,-330,300,0,353.4,https://pleiades.stoa.org/places/521064,
pl-521071,Lembos Pr.,cape,wash,41.12500,29.12500,-30,300,0,353.4,https://pleiades.stoa.org/places/521071,
pl-521073,‘Licnias’?,unknown,wash,41.12500,29.12500,-30,300,0,353.4,https://pleiades.stoa.org/places/521073,
pl-521083,Metopon,unknown,wash,41.12500,29.12500,-30,300,0,353.4,https://pleiades.stoa.org/places/521083,
pl-521085,Milton Pr.,cape,wash,41.12500,29.12500,-30,300,0,353.4,https://pleiades.stoa.org/places/521085,
pl-521101,Oxyrrous Pr.,cape,wash,41.12500,29.12500,-30,300,0,353.4,https://pleiades.stoa.org/places/521101,
pl-521107,Panteichion Litus,unknown,wash,41.12500,29.12500,-30,300,0,353.4,https://pleiades.stoa.org/places/521107,
pl-521137,Rhodion Periboloi,people,wash,41.12500,29.12500,-30,300,0,353.4,https://pleiades.stoa.org/places/521137,
pl-521139,Rhoizousai Akrai,people,wash,41.12500,29.12500,-30,300,0,353.4,https://pleiades.stoa.org/places/521139,
pl-521140,Rhoodes Pr.,cape,wash,41.12500,29.12500,-30,300,0,353.4,https://pleiades.stoa.org/places/521140,
pl-521148,Saronicum Pr.,cape,wash,41.12500,29.12500,-30,300,0,353.4,https://pleiades.stoa.org/places/521148,
pl-521152,Senex Marinus,unknown,wash,41.12500,29.12500,-30,300,0,353.4,https://pleiades.stoa.org/places/521152,
pl-521153,Simas Pr.,cape,wash,41.12500,29.12500,-30,300,0,353.4,https://pleiades.stoa.org/places/521153,
pl-521168,Timaea,unknown,wash,41.12500,29.12500,-30,640,0,353.4,https://pleiades.stoa.org/places/521168,
pl-523218,Bathykolpos,water,wash,41.12500,29.12500,-30,300,0,353.4,https://pleiades.stoa.org/places/523218,
pl-523219,‘Ephesiorum Portus’/Ephesiates,water,wash,41.12500,29.12500,-30,640,0,353.4,https://pleiades.stoa.org/places/523219,
pl-523220,Eudios Kalos,water,wash,41.12500,29.12500,-30,300,0,353.4,https://pleiades.stoa.org/places/523220,
pl-523221,Gynaikon Limen,unknown,wash,41.12500,29.12500,-30,640,0,353.4,https://pleiades.stoa.org/places/523221,
pl-523222,Katangeion Sinus,water,wash,41.12500,29.12500,-30,300,0,353.4,https://pleiades.stoa.org/places/523222,
pl-523223,Lykadion Sinus,water,wash,41.12500,29.12500,-30,300,0,353.4,https://pleiades.stoa.org/places/523223,
pl-523224,Lykiou Limen,unknown,wash,41.12500,29.12500,-30,300,0,353.4,https://pleiades.stoa.org/places/523224,
pl-523228,Phryxou Limen,unknown,wash,41.12500,29.12500,-330,640,0,353.4,https://pleiades.stoa.org/places/523228,
pl-523230,‘Scletrinas’ Sinus,water,wash,41.12500,29.12500,-30,300,0,353.4,https://pleiades.stoa.org/places/523230,
pl-524727,Untitled,road,wash,41.12500,29.12500,-30,640,0,353.4,https://pleiades.stoa.org/places/524727,
pl-524728,Untitled,road,wash,41.12500,29.12500,300,640,0,353.4,https://pleiades.stoa.org/places/524728,
pl-524729,Untitled,road,wash,41.12500,29.12500,-30,640,0,353.4,https://pleiades.stoa.org/places/524729,
pl-524730,Untitled,road,wash,41.12500,29.12500,300,640,0,353.4,https://pleiades.stoa.org/places/524730,
pl-844967,Kandamış,settlement,pin,40.82477,31.76576,300,640,0,353.5,https://pleiades.stoa.org/places/844967,
pl-599859,Panormos (Astypalaia),coast,pin,36.58712,26.27645,-330,2099,0,353.6,https://pleiades.stoa.org/places/599859,
pl-521070,Lasthenes/Leosthenion/Sosthenion,settlement,pin,41.11512,29.05260,-30,640,0,353.6,https://pleiades.stoa.org/places/521070,
pl-521104,Palodes,settlement,pin,41.12388,29.09957,-30,300,0,353.7,https://pleiades.stoa.org/places/521104,
pl-550803,Parakoila,settlement,pin,39.17186,26.13793,-750,-330,0,353.8,https://pleiades.stoa.org/places/550803,
pl-599520,Armenokhori,settlement,pin,36.53425,26.30691,-750,-30,0,353.9,https://pleiades.stoa.org/places/599520,
pl-521095,Neapolis/Comarodes?,settlement,pin,41.12194,29.05972,-30,640,0,354.2,https://pleiades.stoa.org/places/521095,
pl-844902,Dadokome,settlement,pin,40.77528,31.90083,-30,300,0,354.3,https://pleiades.stoa.org/places/844902,
pl-550484,Bigla tou Aetou,fort,pin,39.14285,26.11375,-750,-330,0,354.6,https://pleiades.stoa.org/places/550484,
pl-550864,Sandalium? (island),island,pin,39.07595,26.07793,-30,2100,0,355.0,https://pleiades.stoa.org/places/550864,
pl-521122,Pitheci Portus,settlement,pin,41.12958,29.06152,-30,300,0,355.0,https://pleiades.stoa.org/places/521122,
pl-520957,Amykos,settlement,pin,41.13532,29.09147,-330,300,0,355.1,https://pleiades.stoa.org/places/520957,
pl-514979123,Büklükale,"archipelago, settlement, archaeological-site, citadel",pin,39.58384,33.42771,,,0,355.1,https://pleiades.stoa.org/places/514979123,
pl-550606,Kalapetro,cemetery,pin,39.27392,26.17475,-330,300,0,355.2,https://pleiades.stoa.org/places/550606,
pl-550446,Apotheke,"monument, fort",pin,39.12466,26.09836,-750,300,0,355.2,https://pleiades.stoa.org/places/550446,
pl-511138,Adrasteia,settlement,pin,40.38365,27.19129,-550,-330,0,355.2,https://pleiades.stoa.org/places/511138,
pl-550453,Arios (mountain),"mountain, label",pin,38.55372,25.89787,,,0,355.4,https://pleiades.stoa.org/places/550453,
pl-511208,Chelai,settlement,pin,41.18301,30.33750,-330,640,0,355.4,https://pleiades.stoa.org/places/511208,
pl-511172,Athyras,settlement,pin,41.03402,28.58997,-330,640,0,355.7,https://pleiades.stoa.org/places/511172,
pl-521087,Moukaporis,settlement,pin,41.13879,29.08242,-30,300,0,355.7,https://pleiades.stoa.org/places/521087,
pl-521113,Pharmakia/Therapeia,settlement,pin,41.13334,29.05000,-30,640,0,355.7,https://pleiades.stoa.org/places/521113,
pl-550599,Xirokastrini,settlement,pin,39.20711,26.13147,-750,2099,0,355.8,https://pleiades.stoa.org/places/550599,
pl-550430,Ametelle,fort,pin,39.28884,26.17530,-750,-30,0,355.8,https://pleiades.stoa.org/places/550430,
pl-550638,Khontro Bigli,temple,pin,39.14543,26.09921,-550,-30,0,355.9,https://pleiades.stoa.org/places/550638,
pl-550748,Monasteraki,sanctuary,pin,39.33753,26.19902,-550,-30,0,356.1,https://pleiades.stoa.org/places/550748,
pl-550543,Garbias,settlement,pin,39.08111,26.06551,-550,640,0,356.2,https://pleiades.stoa.org/places/550543,
pl-550711,Makara,fort,pin,39.09521,26.06627,-750,-30,0,356.7,https://pleiades.stoa.org/places/550711,
pl-550547,Gergis,settlement,pin,39.89849,26.60926,-750,640,0,356.7,https://pleiades.stoa.org/places/550547,
pl-550891,Skoteino,fort,pin,39.27844,26.15204,-750,-550,0,357.2,https://pleiades.stoa.org/places/550891,
pl-560331,Caminia (island),island,pin,35.88704,26.82008,1700,2100,0,357.2,https://pleiades.stoa.org/places/560331,
pl-550658,*Kokylion?,settlement,pin,39.67291,26.41015,-550,300,0,357.3,https://pleiades.stoa.org/places/550658,
pl-521003,Daphne Mainomene?/Nymphaion?,settlement,pin,41.15331,29.07867,-330,640,0,357.3,https://pleiades.stoa.org/places/521003,
pl-550816,Petra,"settlement, settlement-modern",pin,39.32737,26.17556,-30,2100,0,357.5,https://pleiades.stoa.org/places/550816,
pl-550603,Kabaki,fort,pin,39.34095,26.17981,-550,-330,0,357.8,https://pleiades.stoa.org/places/550603,
pl-589697,Aperi,unknown,wash,35.60078,27.16204,-750,-30,0,358.2,https://pleiades.stoa.org/places/589697,
pl-511446,Thynias/Apollonia/Daphnousia (island),island,pin,41.21511,30.25932,-550,2100,0,358.3,https://pleiades.stoa.org/places/511446,
pl-520970,Barbyses (river),river,wash,41.12500,28.87500,-30,640,0,358.3,https://pleiades.stoa.org/places/520970,
pl-520980,Boukolos Collis,hill,wash,41.12500,28.87500,-30,300,0,358.3,https://pleiades.stoa.org/places/520980,
pl-520994,Chrysokeras,peninsula,wash,41.12500,28.87500,-30,640,0,358.3,https://pleiades.stoa.org/places/520994,
pl-521008,Drepanon? Pr.,cape,wash,41.12500,28.87500,-30,300,0,358.3,https://pleiades.stoa.org/places/521008,
pl-521047,Iustiniani/S. Callinici Pons,bridge,wash,41.12500,28.87500,300,640,0,358.3,https://pleiades.stoa.org/places/521047,
pl-521051,Kalos Agros,settlement,pin,41.15535,29.03663,-30,300,0,358.3,https://pleiades.stoa.org/places/521051,
pl-521057,Keras,water-open,wash,41.12500,28.87500,-330,640,0,358.3,https://pleiades.stoa.org/places/521057,
pl-521066,Kydaros (river),river,wash,41.12500,28.87500,-30,640,0,358.3,https://pleiades.stoa.org/places/521066,
pl-521076,[Lykos] (river),river,wash,41.12500,28.87500,,,0,358.3,https://pleiades.stoa.org/places/521076,
pl-521079,Meizon? (river),river,wash,41.12500,28.87500,-30,300,0,358.3,https://pleiades.stoa.org/places/521079,
pl-521081,Mellakokopsas Pr.,cape,wash,41.12500,28.87500,-30,300,0,358.3,https://pleiades.stoa.org/places/521081,
pl-521112,Pentekontorikon,unknown,wash,41.12500,28.87500,-30,300,0,358.3,https://pleiades.stoa.org/places/521112,
pl-521118,Philippi Pons,bridge,wash,41.12500,28.87500,-550,-330,0,358.3,https://pleiades.stoa.org/places/521118,
pl-521165,Thermastis Petra?,unknown,wash,41.12500,28.87500,-30,300,0,358.3,https://pleiades.stoa.org/places/521165,
pl-521707,Aqua Hadriana,aqueduct,wash,41.12500,28.87500,-30,640,0,358.3,https://pleiades.stoa.org/places/521707,
pl-522462,Untitled,coastal-change,wash,41.12500,28.87500,,,0,358.3,https://pleiades.stoa.org/places/522462,
pl-523217,Auleon? Sinus,unknown,wash,41.12500,28.87500,-30,300,0,358.3,https://pleiades.stoa.org/places/523217,
pl-523225,Melias Sinus,water-open,wash,41.12500,28.87500,-30,300,0,358.3,https://pleiades.stoa.org/places/523225,
pl-523227,Phosphorion/Bosporion,water-open,wash,41.12500,28.87500,-550,300,0,358.3,https://pleiades.stoa.org/places/523227,
pl-523229,Sapra Thalassa,water,wash,41.12500,28.87500,-30,300,0,358.3,https://pleiades.stoa.org/places/523229,
pl-523974,Auletes,unknown,wash,41.12500,28.87500,-30,300,0,358.3,https://pleiades.stoa.org/places/523974,
pl-523978,Elaia,place,wash,41.12500,28.87500,300,640,0,358.3,https://pleiades.stoa.org/places/523978,
pl-523983,Metopon,place,wash,41.12500,28.87500,-30,300,0,358.3,https://pleiades.stoa.org/places/523983,
pl-523985,Palinormikon Pr.,place,wash,41.12500,28.87500,-30,300,0,358.3,https://pleiades.stoa.org/places/523985,
pl-207663380,Beyoba tumulus,"tomb, tumulus",pin,40.37441,27.12517,-550,-30,0,358.3,https://pleiades.stoa.org/places/207663380,
pl-511274,Hermoton/Hermaion,settlement,pin,40.32633,27.05731,-550,-330,0,358.5,https://pleiades.stoa.org/places/511274,
pl-589841,Karpathos (island),island,pin,35.59665,27.15974,-30,2100,0,358.6,https://pleiades.stoa.org/places/589841,
pl-520963,Argyronion,settlement,pin,41.16517,29.07627,-30,640,0,358.6,https://pleiades.stoa.org/places/520963,
pl-550747,Molibos,cemetery,pin,39.36627,26.18277,-750,-550,0,358.8,https://pleiades.stoa.org/places/550747,
pl-511308,Linon,settlement,pin,40.43112,27.19654,-330,300,0,358.8,https://pleiades.stoa.org/places/511308,
pl-817324525,Ayio Gala,cave,pin,38.56227,25.86022,-10000,2100,0,358.8,https://pleiades.stoa.org/places/817324525,
pl-844907,Dia/Diospolis,settlement,pin,41.08750,31.12381,-30,640,0,359.0,https://pleiades.stoa.org/places/844907,
pl-550681,Lapedia,fort,pin,39.14363,26.05691,-30,300,0,359.3,https://pleiades.stoa.org/places/550681,
pl-550722,Markaion (mountain),mountain,pin,39.96624,26.63557,300,2100,0,359.4,https://pleiades.stoa.org/places/550722,
pl-550738,Methymna,settlement,pin,39.36917,26.17689,-750,640,0,359.4,https://pleiades.stoa.org/places/550738,
pl-845013,Mariandynoi,"label, people",pin,41.00353,31.44138,-550,300,0,359.6,https://pleiades.stoa.org/places/845013,
pl-619220,Nitazi/Nitalis,station,pin,38.70957,33.91259,-30,640,0,359.7,https://pleiades.stoa.org/places/619220,
pl-550635,Kenchreai,settlement,pin,39.96352,26.62876,-30,640,0,359.7,https://pleiades.stoa.org/places/550635,
pl-521035,"Hieron (Chalkedonion)/Zeus Ourios, T.","sanctuary, temple",pin,41.17900,29.09400,-550,640,0,359.8,https://pleiades.stoa.org/places/521035,
pl-521046,"Iuppiter Urius, T.",temple-2,pin,41.17865,29.09469,-30,640,0,359.8,https://pleiades.stoa.org/places/521046,
pl-550875,Selles,fort,pin,39.31271,26.13743,-750,-550,0,359.9,https://pleiades.stoa.org/places/550875,
pl-844906,Dereköy,settlement,pin,40.83689,31.89354,300,640,0,360.0,https://pleiades.stoa.org/places/844906,
pl-845010,‘Mandris’,station,pin,40.79721,31.98409,300,640,0,360.0,https://pleiades.stoa.org/places/845010,
pl-521034,Hieron (Byzantion),sanctuary,pin,41.17881,29.08056,-330,1999,0,360.1,https://pleiades.stoa.org/places/521034,
pl-520991,Chelae,settlement,pin,41.18702,29.11974,-30,300,0,360.3,https://pleiades.stoa.org/places/520991,
pl-550416,Aidoneus (river),river,pin,39.84676,26.50556,-330,2099,0,360.8,https://pleiades.stoa.org/places/550416,
pl-550727,Melaina Pr.,cape,pin,38.53993,25.83100,1700,2100,0,360.9,https://pleiades.stoa.org/places/550727,
pl-845005,Lilaios,settlement,pin,41.09037,31.18658,-30,640,0,361.0,https://pleiades.stoa.org/places/845005,
pl-511162,Artanes (river),river,wash,41.25000,29.75000,-330,300,0,361.0,https://pleiades.stoa.org/places/511162,
pl-520987,Chalcaea,settlement,pin,41.18825,29.07982,-30,300,0,361.1,https://pleiades.stoa.org/places/520987,
pl-550626,Kastrelli,fort,pin,39.30424,26.11474,-330,-30,0,361.4,https://pleiades.stoa.org/places/550626,
pl-511181,Bathynias (river),river,pin,41.11460,28.69644,-30,2100,0,361.4,https://pleiades.stoa.org/places/511181,
pl-501364,Astyra,settlement,pin,40.04319,26.68284,-550,-330,0,361.4,https://pleiades.stoa.org/places/501364,
pl-550825,Phonias,fort,pin,39.26849,26.09341,-750,-550,0,361.5,https://pleiades.stoa.org/places/550825,
pl-521086,Mochadion,settlement,pin,41.19846,29.11990,300,640,0,361.5,https://pleiades.stoa.org/places/521086,
pl-550871,Scamander (river),river,pin,39.82871,26.47842,-750,2100,0,361.6,https://pleiades.stoa.org/places/550871,
pl-648715,Myous?/Myanda?,settlement,pin,36.13715,33.29176,-30,640,0,361.6,https://pleiades.stoa.org/places/648715,
pl-619252,Salambriai/Salaberina,settlement,pin,38.12008,34.03400,-30,640,0,361.8,https://pleiades.stoa.org/places/619252,
pl-521120,Phosphorus,settlement,pin,41.19661,29.08645,-30,300,0,361.9,https://pleiades.stoa.org/places/521120,
pl-550656,Koja Dag,fort,pin,39.29170,26.10021,-750,-30,0,362.0,https://pleiades.stoa.org/places/550656,
pl-550861,Samonion Pedion,"plain, label",pin,39.69770,26.36543,-330,300,0,362.1,https://pleiades.stoa.org/places/550861,
pl-845012,Mantineion,settlement,pin,40.80734,32.01921,-30,640,0,362.6,https://pleiades.stoa.org/places/845012,
pl-511201,‘Callum’,station,pin,41.05136,28.41844,300,640,0,362.6,https://pleiades.stoa.org/places/511201,
pl-844978,*Kelesa,settlement,pin,41.10000,31.21504,-30,300,0,362.8,https://pleiades.stoa.org/places/844978,
pl-521134,Rhebas,settlement,pin,41.22441,29.22006,-330,640,0,362.8,https://pleiades.stoa.org/places/521134,
pl-550639,Khydera,fort,pin,39.20688,26.04252,-750,-330,0,363.0,https://pleiades.stoa.org/places/550639,
pl-521020,Gomon?,settlement,pin,41.21679,29.15339,300,640,0,363.0,https://pleiades.stoa.org/places/521020,
pl-590010,Potidaion,"settlement, port",pin,35.50658,27.21271,-750,2100,0,363.1,https://pleiades.stoa.org/places/590010,
pl-550723,Marpessos,"settlement, settlement-modern",pin,39.88875,26.50913,-550,2099,0,363.2,https://pleiades.stoa.org/places/550723,
pl-619164,Garsaura/Col. Claudia Archelais/Koloneia,"settlement, settlement-modern",pin,38.37054,34.02691,-330,2100,0,363.3,https://pleiades.stoa.org/places/619164,
pl-599476,Aigiale,"settlement, archaeological-site",pin,36.91893,25.98021,-750,640,0,363.3,https://pleiades.stoa.org/places/599476,
pl-550671,Koutlougouni,fort,pin,39.30125,26.08730,-750,-30,0,363.4,https://pleiades.stoa.org/places/550671,
pl-339848370,Aydıncık Theater or Odeon,"odeon, theatre",pin,36.14383,33.32345,-330,300,0,363.5,https://pleiades.stoa.org/places/339848370,
pl-648596,Celenderis,settlement,pin,36.14426,33.32369,-750,640,0,363.5,https://pleiades.stoa.org/places/648596,
pl-458576716,Hyria (Cilicia),"unlocated, settlement",wash,36.14426,33.32369,-30,300,0,363.5,https://pleiades.stoa.org/places/458576716,
pl-521090,Myrileion,settlement,pin,41.21464,29.10879,-30,300,0,363.5,https://pleiades.stoa.org/places/521090,
pl-520959,Ancyreum Pr.,cape,pin,41.22446,29.16545,-30,2100,0,363.6,https://pleiades.stoa.org/places/520959,
pl-501474,Kolonai,settlement,pin,40.28083,26.91075,-550,-30,0,364.0,https://pleiades.stoa.org/places/501474,
pl-648547,Ad Fines?,station,wash,36.75000,33.75000,300,640,0,364.2,https://pleiades.stoa.org/places/648547,
pl-648710,Meydancıkkale/Kiršu,"fort-2, settlement, fort",pin,36.27334,33.44109,-800,2099,0,364.2,https://pleiades.stoa.org/places/648710,
pl-649305,Untitled,aqueduct,wash,36.75000,33.75000,-30,640,0,364.2,https://pleiades.stoa.org/places/649305,
pl-845095,Yukarıkaraören,settlement,pin,40.42804,32.70651,-30,640,0,364.6,https://pleiades.stoa.org/places/845095,
pl-511313,Melaina Pr.,cape,wash,41.25000,29.25000,-330,640,0,365.2,https://pleiades.stoa.org/places/511313,
pl-521105,Panium Pr.,cape,pin,41.23381,29.11617,-30,2099,0,365.4,https://pleiades.stoa.org/places/521105,
pl-844934,Gordiane,"labeled feature, label",pin,40.76225,32.17442,300,640,0,365.5,https://pleiades.stoa.org/places/844934,
pl-550669,Kouphi,mine-2,pin,39.28549,26.05314,-550,-30,0,365.5,https://pleiades.stoa.org/places/550669,
pl-511354,Parium/Col. Gemella Iulia *Hadriana,"settlement, port",pin,40.42370,27.07026,-10000,1453,0,365.6,https://pleiades.stoa.org/places/511354,
pl-713959974,Theatre of Parium,theatre,pin,40.42562,27.06699,-550,640,0,365.9,https://pleiades.stoa.org/places/713959974,
pl-504614114,Roman Baths (Parium),bath,pin,40.42571,27.06764,-330,1453,0,365.9,https://pleiades.stoa.org/places/504614114,
pl-550840,Polymedion/Palamedium,settlement,pin,39.46158,26.14903,-750,300,0,366.0,https://pleiades.stoa.org/places/550840,
pl-619126,Bolecasgus,station,pin,40.00908,33.21860,-30,300,0,366.0,https://pleiades.stoa.org/places/619126,
pl-550870,Satnioeis (river),river,pin,39.54345,26.20048,-750,2099,0,366.1,https://pleiades.stoa.org/places/550870,
pl-550614,Kampos Krousos,fort,pin,39.11482,25.95681,-30,300,0,366.4,https://pleiades.stoa.org/places/550614,
pl-845014,Mariandynus Sinus,water-open,pin,41.18916,30.98632,-30,300,0,366.5,https://pleiades.stoa.org/places/845014,
pl-844913,Elaios,settlement,pin,41.11569,31.29733,-30,640,0,366.8,https://pleiades.stoa.org/places/844913,
pl-554307,Pedasos,unlocated,wash,39.54776,26.19393,-330,-30,0,366.9,https://pleiades.stoa.org/places/554307,
pl-619115,Argustana,station,pin,38.56631,34.03216,300,640,0,366.9,https://pleiades.stoa.org/places/619115,
pl-844914,Elaios (river),river,pin,41.11787,31.29989,-30,640,0,367.1,https://pleiades.stoa.org/places/844914,
pl-844933,Gökçesu,settlement,pin,40.90652,31.90586,-30,300,0,367.2,https://pleiades.stoa.org/places/844933,
pl-619183,Keçikalesi,settlement,pin,38.07645,34.09718,-330,640,0,367.2,https://pleiades.stoa.org/places/619183,
pl-550930,Thymbrios (river),river,wash,39.86036,26.42301,-330,300,0,367.6,https://pleiades.stoa.org/places/550930,
pl-550432,Andiros (river),river,wash,39.86036,26.42301,-330,300,0,367.6,https://pleiades.stoa.org/places/550432,
pl-521160,Symplegades/Kyaneai (islands),"archipelago, label, island",pin,41.26019,29.16448,-750,1999,0,367.6,https://pleiades.stoa.org/places/521160,
pl-844928,Gebeler,settlement,pin,40.63470,32.44844,-30,300,0,367.7,https://pleiades.stoa.org/places/844928,
pl-550788,Ordymnos (mountain),"mountain, label",pin,39.21366,25.98739,,,0,367.8,https://pleiades.stoa.org/places/550788,
pl-707446,Ag. Nikolaos,labeled feature,wash,35.25000,32.25000,-330,640,0,368.0,https://pleiades.stoa.org/places/707446,
pl-845076,Tektosages,"labeled feature, label",pin,40.16798,33.08635,-330,300,0,368.2,https://pleiades.stoa.org/places/845076,
pl-550889,Skamandros,settlement,pin,39.80025,26.36124,300,640,0,368.4,https://pleiades.stoa.org/places/550889,
pl-550435,Antissa,settlement,pin,39.29138,26.01899,-750,2100,0,368.5,https://pleiades.stoa.org/places/550435,
pl-550670,Kourouklos,fort,pin,39.22210,25.98086,-750,-330,0,368.7,https://pleiades.stoa.org/places/550670,
pl-550533,Eresos,"settlement, hill",pin,39.13315,25.93541,-750,2099,0,368.9,https://pleiades.stoa.org/places/550533,
pl-619222,Nys(s)a,settlement,pin,38.93274,33.95189,-30,640,0,369.2,https://pleiades.stoa.org/places/619222,
pl-300756061,Spurie (island),island,pin,36.11375,33.37815,300,2100,0,369.3,https://pleiades.stoa.org/places/300756061,
pl-550940,Tragasai,settlement,pin,39.56652,26.17250,-330,300,0,369.5,https://pleiades.stoa.org/places/550940,
pl-844991,Krateia/Flaviopolis/*Agrippeia?,settlement,pin,40.81210,32.16492,-30,2099,0,369.7,https://pleiades.stoa.org/places/844991,
pl-619131,Caena,station,pin,38.04340,34.12675,300,640,0,369.7,https://pleiades.stoa.org/places/619131,
pl-208412998,Tracias,unknown,wash,38.04340,34.12675,300,640,0,369.7,https://pleiades.stoa.org/places/208412998,
pl-981512,Bithynia et Pontus (province),province-2,wash,40.81210,32.16492,-330,2100,0,369.7,https://pleiades.stoa.org/places/981512,
pl-131911427,Richti Tower (Amorgos),tower-single,pin,36.86189,25.92177,-330,2099,0,370.2,https://pleiades.stoa.org/places/131911427,
pl-550725,Megalos Lakkos,fort,pin,39.20414,25.95250,-750,-550,0,370.3,https://pleiades.stoa.org/places/550725,
pl-550888,Skamandreia,settlement,pin,39.83749,26.36487,-550,300,0,370.4,https://pleiades.stoa.org/places/550888,
pl-550772,Neandria,settlement,pin,39.72369,26.27322,-750,1999,0,370.5,https://pleiades.stoa.org/places/550772,
pl-589711,Arkaseia,"settlement, settlement-modern",pin,35.47757,27.12044,-750,2100,0,370.8,https://pleiades.stoa.org/places/589711,
pl-599590,Dia? (island),island,pin,36.88966,25.90218,1700,2100,0,370.8,https://pleiades.stoa.org/places/599590,
pl-511414,Sely(m)bria/Eudoxiopolis,settlement,pin,41.07850,28.24768,-550,2099,0,371.0,https://pleiades.stoa.org/places/511414,
pl-511357,Perinthus/Heraclea,settlement,pin,40.97101,27.95297,-330,2099,0,371.2,https://pleiades.stoa.org/places/511357,
pl-599596,Donousa (island),island,pin,37.09720,25.80507,1700,2100,0,371.9,https://pleiades.stoa.org/places/599596,
pl-501545,Paisos (river),river,wash,40.25000,26.75000,,,0,371.9,https://pleiades.stoa.org/places/501545,
pl-844930,Gezatorigis,"labeled feature, label",pin,40.85209,32.13544,-30,300,0,372.1,https://pleiades.stoa.org/places/844930,
pl-550892,Smintheion,"sanctuary, settlement, temple-2",pin,39.53621,26.11774,-750,2100,0,372.2,https://pleiades.stoa.org/places/550892,
pl-246728612,Chozoviotissa Monastery,monastery,pin,36.83471,25.90950,,,0,372.2,https://pleiades.stoa.org/places/246728612,
pl-521043,Ioulianou/Sophias Limen,water-open,pin,41.00000,28.00000,300,2100,0,372.2,https://pleiades.stoa.org/places/521043,
pl-599484,Amorgos (island),island,pin,36.84825,25.89784,-30,2100,0,372.7,https://pleiades.stoa.org/places/599484,
pl-648738,Pisourgia,settlement,pin,36.16414,33.46761,-30,640,0,372.7,https://pleiades.stoa.org/places/648738,
pl-619114,Arg(ai)os Mons,mountain,pin,38.12669,34.16505,300,2099,0,373.3,https://pleiades.stoa.org/places/619114,
pl-535407625,Chora of Amorgos (settlement),settlement,pin,36.83185,25.89843,-10000,2099,0,373.3,https://pleiades.stoa.org/places/535407625,
pl-550691,Lekton/Lectum,cape,pin,39.47832,26.06331,-550,2100,0,373.6,https://pleiades.stoa.org/places/550691,
pl-550897,Stoma Limne,labeled feature,wash,39.75000,26.25000,-330,300,0,373.7,https://pleiades.stoa.org/places/550897,
pl-550927,Thymbra,unlocated,wash,39.75000,26.25000,-750,599,0,373.7,https://pleiades.stoa.org/places/550927,
pl-550951,Xanthos (river),river,wash,39.75000,26.25000,-330,300,0,373.7,https://pleiades.stoa.org/places/550951,
pl-551907,Untitled,bridge,wash,39.75000,26.25000,-30,640,0,373.7,https://pleiades.stoa.org/places/551907,
pl-550400,Acheloos (river),river,wash,39.75000,26.25000,-330,300,0,373.7,https://pleiades.stoa.org/places/550400,
pl-550413,Agammia? Pr.,cape,wash,39.75000,26.25000,-550,2100,0,373.7,https://pleiades.stoa.org/places/550413,
pl-550415,Aianteion,monument,wash,39.75000,26.25000,-550,640,0,373.7,https://pleiades.stoa.org/places/550415,
pl-550462,Assios (river),river,wash,39.75000,26.25000,-330,300,0,373.7,https://pleiades.stoa.org/places/550462,
pl-550609,Kallikolone M.,"mountain, label",pin,39.96806,26.43204,-750,-30,0,373.8,https://pleiades.stoa.org/places/550609,
pl-550652,Yedi Taşlar,quarry,pin,39.74123,26.24166,-30,2100,0,373.8,https://pleiades.stoa.org/places/550652,
pl-550685,Larisa/Ptolemais?,settlement,pin,39.61551,26.14642,-750,-30,0,374.1,https://pleiades.stoa.org/places/550685,
pl-550500,Chrysa,settlement,pin,39.52126,26.08288,-750,-30,0,374.2,https://pleiades.stoa.org/places/550500,
pl-550565,Hamaxitos,settlement,pin,39.54360,26.09471,-750,2100,0,374.4,https://pleiades.stoa.org/places/550565,
pl-844962,Kales (river),river,pin,41.16115,31.40126,-30,2099,0,374.7,https://pleiades.stoa.org/places/844962,
pl-648614,Cybistra,settlement,pin,37.58973,34.15279,-1000,640,0,374.8,https://pleiades.stoa.org/places/648614,
pl-550896,Sta Oikia,fort,pin,39.21977,25.90140,-30,300,0,375.0,https://pleiades.stoa.org/places/550896,
pl-619174,Iustinianoupolis/Mokissos,settlement,pin,38.18132,34.18068,300,640,0,375.0,https://pleiades.stoa.org/places/619174,
pl-501547,Palaiperkote,settlement,pin,40.23637,26.68646,-750,-330,0,375.0,https://pleiades.stoa.org/places/501547,
pl-501481,Kremaste,settlement,pin,40.09031,26.52958,-550,-330,0,375.2,https://pleiades.stoa.org/places/501481,
pl-550561,(H)Alesion Pedion,bridge,pin,39.58486,26.10986,-330,300,0,375.3,https://pleiades.stoa.org/places/550561,
pl-621367,Untitled,road,wash,39.00000,34.00000,-30,640,0,375.4,https://pleiades.stoa.org/places/621367,
pl-621368,Untitled,road,wash,39.00000,34.00000,-30,640,0,375.4,https://pleiades.stoa.org/places/621368,
pl-621369,Untitled,road,wash,39.00000,34.00000,-30,640,0,375.4,https://pleiades.stoa.org/places/621369,
pl-621370,Untitled,road,wash,39.00000,34.00000,-30,640,0,375.4,https://pleiades.stoa.org/places/621370,
pl-621371,Untitled,road,wash,39.00000,34.00000,-30,640,0,375.4,https://pleiades.stoa.org/places/621371,
pl-621372,Untitled,road,wash,39.00000,34.00000,-330,640,0,375.4,https://pleiades.stoa.org/places/621372,
pl-621373,Untitled,road,wash,39.00000,34.00000,-30,300,0,375.4,https://pleiades.stoa.org/places/621373,
pl-621374,Untitled,road,wash,39.00000,34.00000,-30,640,0,375.4,https://pleiades.stoa.org/places/621374,
pl-621375,Untitled,road,wash,39.00000,34.00000,-30,640,0,375.4,https://pleiades.stoa.org/places/621375,
pl-621376,Untitled,road,wash,39.00000,34.00000,-30,640,0,375.4,https://pleiades.stoa.org/places/621376,
pl-621377,Untitled,road,wash,39.00000,34.00000,-30,640,0,375.4,https://pleiades.stoa.org/places/621377,
pl-621378,Untitled,road,wash,39.00000,34.00000,-30,640,0,375.4,https://pleiades.stoa.org/places/621378,
pl-621379,Untitled,road,wash,39.00000,34.00000,-330,640,0,375.4,https://pleiades.stoa.org/places/621379,
pl-621380,Untitled,road,wash,39.00000,34.00000,-30,640,0,375.4,https://pleiades.stoa.org/places/621380,
pl-621381,Untitled,road,wash,39.00000,34.00000,-30,640,0,375.4,https://pleiades.stoa.org/places/621381,
pl-621382,Untitled,road,wash,39.00000,34.00000,-30,640,0,375.4,https://pleiades.stoa.org/places/621382,
pl-501372,Bebrykia,label,pin,40.32780,26.78659,,,0,375.4,https://pleiades.stoa.org/places/501372,
pl-550948,Tsouloumountra,settlement,pin,39.27167,25.92016,-330,300,0,375.6,https://pleiades.stoa.org/places/550948,
pl-550682,Lapsarna,settlement,pin,39.27842,25.92473,-330,640,0,375.6,https://pleiades.stoa.org/places/550682,
pl-550661,Kolonai,settlement,pin,39.67702,26.16643,-750,-30,0,375.9,https://pleiades.stoa.org/places/550661,
pl-131911425,Xylokeratidi cemetery,cemetery,pin,36.83261,25.86553,-1600,2099,0,375.9,https://pleiades.stoa.org/places/131911425,
pl-511227,Daunion Teichos,settlement,pin,41.05351,28.03841,-550,-330,0,376.0,https://pleiades.stoa.org/places/511227,
pl-550486,Birytis?,"settlement, settlement-modern",pin,39.95000,26.38333,-550,2100,0,376.1,https://pleiades.stoa.org/places/550486,
pl-550799,Palaiokhori,settlement,pin,39.24178,25.89843,-330,300,0,376.2,https://pleiades.stoa.org/places/550799,
pl-619212,Momasson,station,pin,38.41672,34.16775,300,640,0,376.2,https://pleiades.stoa.org/places/619212,
pl-550695,Lesbas,fort,pin,39.17728,25.86712,-750,300,0,376.2,https://pleiades.stoa.org/places/550695,
pl-663153385,Katapola,"harbor, settlement",pin,36.82669,25.86405,-1000,850,0,376.3,https://pleiades.stoa.org/places/663153385,
pl-844961,Kales,settlement,pin,41.18195,31.38741,-550,640,0,376.4,https://pleiades.stoa.org/places/844961,
pl-501577,Praktios (river),river,pin,40.24357,26.67277,-30,2099,0,376.4,https://pleiades.stoa.org/places/501577,
pl-599756,Lefkas,settlement,pin,36.81659,25.86598,-550,-30,0,376.5,https://pleiades.stoa.org/places/599756,
pl-590078,Thoanteion Pr.,cape,pin,35.39740,27.13536,2000,2099,0,376.7,https://pleiades.stoa.org/places/590078,
pl-599800,Minoa,settlement,pin,36.82151,25.86138,-750,640,0,376.7,https://pleiades.stoa.org/places/599800,
pl-844896,Çömlekçi,settlement,pin,41.11492,31.61298,-30,300,0,376.8,https://pleiades.stoa.org/places/844896,
pl-619165,Garsauria,"district, label",pin,38.44079,34.17118,-30,300,0,376.8,https://pleiades.stoa.org/places/619165,
pl-619255,Sarmalius,station,pin,39.90991,33.46186,-30,300,0,376.8,https://pleiades.stoa.org/places/619255,
pl-550720,Mantra,fort,pin,39.22449,25.87775,-30,300,0,377.2,https://pleiades.stoa.org/places/550720,
pl-511333,Neapolis/Herakleia,settlement,pin,40.63810,27.18107,-550,300,0,377.2,https://pleiades.stoa.org/places/511333,
pl-844952,Ikotarion?,settlement,pin,40.24750,33.14167,-30,300,0,377.7,https://pleiades.stoa.org/places/844952,
pl-550546,Gentinos?,"settlement, archaeological-site",pin,39.87575,26.28976,-330,300,0,378.2,https://pleiades.stoa.org/places/550546,
pl-550880,Sigron,settlement,pin,39.21282,25.85647,-750,640,0,378.4,https://pleiades.stoa.org/places/550880,
pl-550944,Troas (region),region,wash,39.89049,26.29770,-750,300,0,378.6,https://pleiades.stoa.org/places/550944,
pl-550594,Ilieon Kome,settlement,pin,39.94908,26.34392,-330,300,0,378.9,https://pleiades.stoa.org/places/550594,
pl-511449,Tiristasis/Tyrodiza,settlement,pin,40.61775,27.11409,-550,-330,0,379.2,https://pleiades.stoa.org/places/511449,
pl-550879,Sigrion (promontory),cape,pin,39.18915,25.83297,-30,2100,0,379.4,https://pleiades.stoa.org/places/550879,
pl-511415,Serreion Teichos/Ganos,settlement,pin,40.75054,27.32436,-550,640,0,379.4,https://pleiades.stoa.org/places/511415,
pl-550929,Thymbras Pedion,"plain, label",pin,39.89972,26.29333,-330,300,0,379.5,https://pleiades.stoa.org/places/550929,
pl-844987,*Klossama,settlement,pin,40.25932,33.15754,-30,300,0,379.6,https://pleiades.stoa.org/places/844987,
pl-648681,Krambousa (island),island,pin,36.12697,33.53094,-330,2100,0,379.6,https://pleiades.stoa.org/places/648681,
pl-599827,Nikasiai (islands),"archipelago, island, label",pin,37.08522,25.71440,,,0,379.9,https://pleiades.stoa.org/places/599827,
pl-581020757,Bozköy-Hanaytepe,tell,pin,39.90868,26.29320,-2000,2099,0,380.0,https://pleiades.stoa.org/places/581020757,
pl-550774,Nesope (island),island,pin,39.21615,25.83754,1700,2100,0,380.1,https://pleiades.stoa.org/places/550774,
pl-844981,Kilisecik,settlement,pin,41.21757,31.39949,-30,640,0,380.5,https://pleiades.stoa.org/places/844981,
pl-648728,*Otanada,settlement,pin,36.67340,33.91155,300,640,0,380.5,https://pleiades.stoa.org/places/648728,
pl-844905,Demirciler,settlement,pin,40.98890,32.03157,-30,300,0,380.6,https://pleiades.stoa.org/places/844905,
pl-550434,Antigoneia/(Col. Augusta) Alexandria Troas,settlement,pin,39.75170,26.15756,-330,640,0,380.7,https://pleiades.stoa.org/places/550434,
pl-503406424,Aşıklı Höyük,settlement,pin,38.34932,34.23024,-10000,-3300,0,380.7,https://pleiades.stoa.org/places/503406424,
pl-740446771,Agia Paraskevi,island,pin,37.08010,25.70568,2000,2099,0,380.8,https://pleiades.stoa.org/places/740446771,
pl-501544,Paisos,settlement,pin,40.40022,26.78710,-750,-330,0,380.9,https://pleiades.stoa.org/places/501544,
pl-511334,Neon Teichos,settlement,pin,41.01792,27.82453,-550,-330,0,381.0,https://pleiades.stoa.org/places/511334,
pl-300354624,Niğde,settlement,wash,37.75000,34.25000,-1750,2000,0,381.5,https://pleiades.stoa.org/places/300354624,
pl-63423309,Agios Nikolaos (island),island,pin,37.08665,25.69364,1700,2100,0,381.6,https://pleiades.stoa.org/places/63423309,
pl-599517,Arkesine,"settlement, acropolis, archaeological-site",pin,36.79936,25.81174,-750,640,0,381.6,https://pleiades.stoa.org/places/599517,
pl-511231,Delkos,settlement,pin,41.29988,28.67839,-30,640,0,381.6,https://pleiades.stoa.org/places/511231,
pl-944349914,Hilakku (region),region,pin,36.92764,34.04876,-1000,-540,0,381.9,https://pleiades.stoa.org/places/944349914,
pl-501359,Arisbe,"settlement, settlement-modern",pin,40.19429,26.53576,-750,2100,0,382.0,https://pleiades.stoa.org/places/501359,
pl-648798,Tracheotis,"region, label",pin,36.34599,33.73311,-30,300,0,382.3,https://pleiades.stoa.org/places/648798,
pl-619180,Karakurthamamı,settlement,pin,39.10862,34.03984,-330,640,0,382.4,https://pleiades.stoa.org/places/619180,
pl-648642,[Herakleia],settlement,pin,37.48001,34.22147,300,640,0,382.4,https://pleiades.stoa.org/places/648642,
pl-501570,Pityoussa/Lampsacus,settlement,pin,40.34669,26.69916,-750,2099,0,382.4,https://pleiades.stoa.org/places/501570,
pl-981526,Hellespontus (province),province-2,wash,40.34669,26.69916,,,0,382.4,https://pleiades.stoa.org/places/981526,
pl-845009,Malos,settlement,pin,40.12653,33.34095,-30,640,0,382.5,https://pleiades.stoa.org/places/845009,
pl-501322,Abarnis,settlement,pin,40.37825,26.73436,-550,-30,0,382.6,https://pleiades.stoa.org/places/501322,
pl-50492053,Agia Triada Tower,"tower-single, architecturalcomplex",pin,36.79240,25.80144,-330,2099,0,382.7,https://pleiades.stoa.org/places/50492053,
pl-590075,Theai kai Nymphai (temple),temple-2,pin,35.41850,26.99561,,,0,382.9,https://pleiades.stoa.org/places/590075,
pl-501590,Rhodios (river),river,pin,40.13999,26.46454,1900,2099,0,383.0,https://pleiades.stoa.org/places/501590,
pl-550846,Psyra (island),island,pin,38.57292,25.57737,-750,2100,0,383.4,https://pleiades.stoa.org/places/550846,
pl-707455,Akamas (promontory),cape,pin,35.10333,32.28750,-330,2100,0,383.4,https://pleiades.stoa.org/places/707455,
pl-550398,Achaiion,settlement,pin,39.81311,26.16414,-750,2099,0,383.8,https://pleiades.stoa.org/places/550398,
pl-648601,Cilicia Tracheia,"region, label",pin,36.60082,33.91288,,,0,383.8,https://pleiades.stoa.org/places/648601,
pl-648762,"Sannabadae, Mon.",church,pin,37.42369,34.22699,300,640,0,383.8,https://pleiades.stoa.org/places/648762,
pl-844990,*Konkarztiakon,settlement,pin,40.21865,33.26915,300,640,0,384.1,https://pleiades.stoa.org/places/844990,
pl-550787,Ophryneion,"settlement, settlement-modern",pin,40.02471,26.33782,-330,2100,0,384.2,https://pleiades.stoa.org/places/550787,
pl-845083,Timonitis,region,pin,41.00621,32.07796,-30,300,0,384.2,https://pleiades.stoa.org/places/845083,
pl-501556,Perkote,settlement,pin,40.27391,26.58881,-750,-30,0,384.2,https://pleiades.stoa.org/places/501556,
pl-550845,Psyra (settlement),settlement,pin,38.54909,25.56219,-750,640,0,384.3,https://pleiades.stoa.org/places/550845,
pl-229548172,Panagia tou Politi church (Amorgos),"church-2, sanctuary",pin,36.79440,25.78130,,,0,384.3,https://pleiades.stoa.org/places/229548172,
pl-658440,Cilicia (region),region,wash,36.58646,33.91058,-1000,640,0,384.3,https://pleiades.stoa.org/places/658440,
pl-550946,Troicus Campus,"plain, label",pin,39.90927,26.23406,-330,300,0,384.4,https://pleiades.stoa.org/places/550946,
pl-599792,Melanteioi Skopeloi (island),"archipelago, island",pin,37.41169,25.56753,1700,2100,0,384.5,https://pleiades.stoa.org/places/599792,
pl-648791,Tetrapyrgia?,station,pin,37.02187,34.11740,300,640,0,384.5,https://pleiades.stoa.org/places/648791,
pl-648672,Kiphisos,settlement,pin,36.19115,33.65739,-30,640,0,385.1,https://pleiades.stoa.org/places/648672,
pl-501393,Dardanos,settlement,pin,40.07973,26.37442,-750,1999,0,385.2,https://pleiades.stoa.org/places/501393,
pl-707439,Ag. Epiphanios,settlement,pin,35.08562,32.29637,-330,640,0,385.5,https://pleiades.stoa.org/places/707439,
pl-511271,Heraion (Teichos),"settlement, archaeological-site",pin,41.00484,27.68961,-550,2100,0,385.5,https://pleiades.stoa.org/places/511271,
pl-511276,Hieron (mountain),"mountain, label",pin,40.79095,27.27554,-550,2100,0,385.6,https://pleiades.stoa.org/places/511276,
pl-550856,Rhoiteion,settlement,pin,40.00968,26.30329,-750,-30,0,385.7,https://pleiades.stoa.org/places/550856,
pl-648623,Diocaesarea,settlement,pin,36.58272,33.92606,-330,2100,0,385.7,https://pleiades.stoa.org/places/648623,
pl-844977,Kavacik,settlement,pin,40.99860,32.13440,-30,300,0,386.0,https://pleiades.stoa.org/places/844977,
pl-511361,Philia,settlement,pin,41.34188,28.67957,-330,640,0,386.0,https://pleiades.stoa.org/places/511361,
pl-648552,Akonesiai (islands),"archipelago, island, label",pin,36.12035,33.61379,300,640,0,386.1,https://pleiades.stoa.org/places/648552,
pl-619193,[Koron],settlement,pin,38.06779,34.31722,300,640,0,386.4,https://pleiades.stoa.org/places/619193,
pl-897256486,Uvecik Tepe,tumulus,pin,39.90032,26.19917,-30,640,0,386.4,https://pleiades.stoa.org/places/897256486,
pl-511351,Panion/Theodosiopolis,settlement,pin,40.90713,27.46700,-550,640,0,386.5,https://pleiades.stoa.org/places/511351,
pl-511360,Philia (promontory),cape,pin,41.34755,28.68294,1700,2100,0,386.5,https://pleiades.stoa.org/places/511360,
pl-550942,Traron,settlement,pin,39.99987,26.28053,-330,300,0,386.7,https://pleiades.stoa.org/places/550942,
pl-945703088,Bouleuterion (Troy),architecturalcomplex,pin,39.95695,26.23924,-330,300,0,386.9,https://pleiades.stoa.org/places/945703088,
pl-551154,Aqueduct at Roman Ilium,aqueduct,wash,39.95737,26.23820,-30,300,0,387.0,https://pleiades.stoa.org/places/551154,
pl-550595,Ilium/Troia,settlement,pin,39.95744,26.23852,-3000,2100,0,387.0,https://pleiades.stoa.org/places/550595,
pl-877521473,Temple of Athena (Ilium),temple-2,pin,39.95776,26.23927,-330,2099,0,387.0,https://pleiades.stoa.org/places/877521473,
pl-216447619,Scaean Gate,"city-gate, defensive-wall",wash,39.95737,26.23820,-330,300,0,387.0,https://pleiades.stoa.org/places/216447619,
pl-550883,Simoeis (river),river,pin,39.96812,26.24337,-750,2100,0,387.3,https://pleiades.stoa.org/places/550883,
pl-844848,Acheron/Soonautes (river),river,pin,41.27698,31.42103,-550,640,0,387.3,https://pleiades.stoa.org/places/844848,
pl-844965,Kalmizene,"district, label",pin,40.13177,33.40546,-30,300,0,387.3,https://pleiades.stoa.org/places/844965,
pl-619117,Asiana/Osiena,station,pin,38.64111,34.25216,-30,640,0,387.3,https://pleiades.stoa.org/places/619117,
pl-501483,Kressa,settlement,pin,40.35115,26.62586,-750,-330,0,387.5,https://pleiades.stoa.org/places/501483,
pl-589845,Kasos (settlement),settlement,pin,35.42131,26.91066,-750,300,0,387.7,https://pleiades.stoa.org/places/589845,
pl-501336,Aigospotamos,settlement,pin,40.33150,26.59937,-550,-330,0,387.7,https://pleiades.stoa.org/places/501336,
pl-501434,Hellespont (strait),water-open,pin,40.21881,26.47687,-30,2100,0,387.7,https://pleiades.stoa.org/places/501434,
pl-845006,Lykos (river),"river, mouth",pin,41.24888,31.53075,-550,2099,0,387.8,https://pleiades.stoa.org/places/845006,
pl-511184,‘Beodizo’,station,pin,41.08707,27.82481,300,640,0,387.8,https://pleiades.stoa.org/places/511184,
pl-844944,Heraclea,settlement,pin,41.28326,31.41741,-550,640,0,387.9,https://pleiades.stoa.org/places/844944,
pl-898419745,Çobantepe,settlement,pin,39.98135,26.24665,-3000,-1000,0,387.9,https://pleiades.stoa.org/places/898419745,
pl-501546,Paktye,settlement,pin,40.48538,26.78069,-550,-330,0,388.0,https://pleiades.stoa.org/places/501546,
pl-511232,Delkos/Derkos/Phileatine,lake,pin,41.33938,28.57577,-30,2100,0,388.3,https://pleiades.stoa.org/places/511232,
pl-844849,Acherousias Pr.,cape,pin,41.29822,31.38502,-550,640,0,388.5,https://pleiades.stoa.org/places/844849,
pl-511137,‘Ad Statuas’,station,wash,41.25000,28.25000,300,640,0,388.5,https://pleiades.stoa.org/places/511137,
pl-511173,Athyras (river),river,wash,41.25000,28.25000,,,0,388.5,https://pleiades.stoa.org/places/511173,
pl-511199,Caenophrurium,station,pin,41.23225,28.19560,-30,640,0,388.5,https://pleiades.stoa.org/places/511199,
pl-501334,Aianteion,"settlement, port, settlement-modern",pin,39.98159,26.23703,-30,2100,0,388.6,https://pleiades.stoa.org/places/501334,
pl-511228,Değirmenaltı,settlement,pin,40.98612,27.57891,-750,-550,0,388.7,https://pleiades.stoa.org/places/511228,
pl-501450,Kallipo(u)lis,"settlement, port",pin,40.41390,26.68078,-330,2000,0,388.7,https://pleiades.stoa.org/places/501450,
pl-707443,Ag. Kononas,settlement,pin,35.04385,32.28527,-550,300,0,388.8,https://pleiades.stoa.org/places/707443,
pl-648566,Aphrodisias/Zephyrion Pr.,cape,wash,36.25000,33.75000,-330,2100,0,388.8,https://pleiades.stoa.org/places/648566,
pl-648682,Kraunoi Pr.,cape,wash,36.25000,33.75000,-30,640,0,388.8,https://pleiades.stoa.org/places/648682,
pl-648706,Melas (river),river,wash,36.25000,33.75000,300,640,0,388.8,https://pleiades.stoa.org/places/648706,
pl-649307,Untitled,aqueduct,wash,36.25000,33.75000,300,640,0,388.8,https://pleiades.stoa.org/places/649307,
pl-619181,Karbala,settlement,pin,38.28000,34.33243,300,640,0,388.9,https://pleiades.stoa.org/places/619181,
pl-648692,Lamos (river),"river, mouth",pin,36.68963,34.02342,-330,2099,0,388.9,https://pleiades.stoa.org/places/648692,
pl-384808486,Spring near Murus Anastasii/Makron Teichos ,spring,pin,41.27726,28.32823,,,0,388.9,https://pleiades.stoa.org/places/384808486,
pl-649306,Olba Aqueduct,aqueduct,pin,36.58598,33.96897,-30,2099,0,389.0,https://pleiades.stoa.org/places/649306,
pl-501352,Aphrodisias/Col. Flaviopolis,settlement,pin,40.53871,26.83464,-330,640,0,389.0,https://pleiades.stoa.org/places/501352,
pl-648725,Olba,settlement,pin,36.58438,33.96912,-330,1999,0,389.1,https://pleiades.stoa.org/places/648725,
pl-501487,Kynossema (promontory),cape,pin,40.14420,26.38100,1700,2100,0,389.1,https://pleiades.stoa.org/places/501487,
pl-648565,Aphrodisias (coastal settlement in Rough Cilicia),settlement,pin,36.15796,33.68587,-330,1299,0,389.2,https://pleiades.stoa.org/places/648565,
pl-761048528,Olba Monastery,abbey,pin,36.58319,33.96956,300,640,0,389.2,https://pleiades.stoa.org/places/761048528,
pl-707505,Drousha,station,pin,35.03311,32.27656,-550,640,0,389.4,https://pleiades.stoa.org/places/707505,
pl-707625,Stiria (island),"island, label",pin,35.07137,32.35126,,,0,389.4,https://pleiades.stoa.org/places/707625,
pl-589800,Harmedon? (island),island,pin,35.43780,26.85943,1700,2100,0,389.4,https://pleiades.stoa.org/places/589800,
pl-981514,Cilicia (Roman province),province-2,wash,37.03815,34.18127,,,0,389.4,https://pleiades.stoa.org/places/981514,
pl-589846,Kasos (island),island,pin,35.38996,26.92311,-30,2100,0,389.5,https://pleiades.stoa.org/places/589846,
pl-405745229,*Ištunda,"unlocated, settlement",pin,37.66667,34.33333,-1000,-540,0,389.5,https://pleiades.stoa.org/places/405745229,
pl-890432544,Bolkar Dağları,settlement,wash,37.25000,34.25000,1918,2000,0,389.5,https://pleiades.stoa.org/places/890432544,
pl-890432545,Bolkar Dağları,"mountain, settlement",wash,37.25000,34.25000,1918,2099,0,389.5,https://pleiades.stoa.org/places/890432545,
pl-511321,‘Mocasura’?,settlement,pin,41.03880,27.66549,300,640,0,389.8,https://pleiades.stoa.org/places/511321,
pl-501332,Agora,settlement,pin,40.51355,26.78635,-550,-330,0,389.9,https://pleiades.stoa.org/places/501332,
pl-501485,Krithote,settlement,pin,40.40673,26.65166,-550,-330,0,390.0,https://pleiades.stoa.org/places/501485,
pl-648786,Tagai,church,pin,36.41917,33.88369,300,640,0,390.1,https://pleiades.stoa.org/places/648786,
pl-619179,Kanotala,settlement,pin,38.30134,34.34677,300,640,0,390.4,https://pleiades.stoa.org/places/619179,
pl-648666,Kennatis,"labeled feature, label",pin,36.52397,33.95060,-30,300,0,390.4,https://pleiades.stoa.org/places/648666,
pl-501325,Abydos,"settlement, archaeological-site",pin,40.19422,26.41131,-750,2000,0,390.4,https://pleiades.stoa.org/places/501325,
pl-164618012,Unnamed Fortification on the Anastasian Wall,fort,pin,41.29357,28.32858,300,640,0,390.6,https://pleiades.stoa.org/places/164618012,
pl-619137,Cham(m)anene,label,pin,39.28442,34.05764,-330,640,0,390.6,https://pleiades.stoa.org/places/619137,
pl-550401,Achilleion,"settlement, archaeological-site",pin,39.91508,26.15174,-750,300,0,390.7,https://pleiades.stoa.org/places/550401,
pl-549287251,Heptastadion,strait,wash,40.20124,26.41443,-30,300,0,390.7,https://pleiades.stoa.org/places/549287251,
pl-707551,Krommy(ak)on Pr.,cape,pin,35.40528,32.92028,-330,2100,0,390.8,https://pleiades.stoa.org/places/707551,
pl-511187,Bisanthe/Rhaidestos,settlement,pin,40.97841,27.50802,-550,1599,0,391.2,https://pleiades.stoa.org/places/511187,
pl-90956722,Cape Nara,cape,pin,40.19633,26.40123,2000,2099,0,391.3,https://pleiades.stoa.org/places/90956722,
pl-599508,Apollonas (quarry),quarry,pin,37.17910,25.54825,-750,2099,0,391.4,https://pleiades.stoa.org/places/599508,
pl-210709924,Kumtepe (Troad),settlement,pin,39.97805,26.19605,-4000,2100,0,391.4,https://pleiades.stoa.org/places/210709924,
pl-648788,Tapureli,"settlement, archaeological-site",pin,36.64524,34.03281,-330,640,0,391.5,https://pleiades.stoa.org/places/648788,
pl-619218,Nandianulus/Nazianzos,settlement,pin,38.39805,34.34979,-30,640,0,391.7,https://pleiades.stoa.org/places/619218,
pl-436306528,Kurşun Kalesi,"settlement, archaeological-site",pin,36.56740,33.99530,-30,2099,0,391.9,https://pleiades.stoa.org/places/436306528,
pl-707263269,Kınık Höyük,settlement,pin,37.93742,34.38011,-1750,2100,0,391.9,https://pleiades.stoa.org/places/707263269,
pl-599708,Keria (island),island,pin,36.88847,25.64778,1700,2100,0,391.9,https://pleiades.stoa.org/places/599708,
pl-164618011,Unnamed Fortification on the Anastasian Wall,fort,pin,41.31167,28.34385,300,640,0,392.0,https://pleiades.stoa.org/places/164618011,
pl-550911,Tenedos,"settlement, settlement-modern",pin,39.83432,26.06964,-750,2100,0,392.1,https://pleiades.stoa.org/places/550911,
pl-501470,Kobrys,settlement,pin,40.58951,26.84899,-550,-330,0,392.2,https://pleiades.stoa.org/places/501470,
pl-619221,Nora/Neroassos,settlement,pin,38.27193,34.37459,-330,640,0,392.6,https://pleiades.stoa.org/places/619221,
pl-550877,Sigeion,settlement,pin,39.98353,26.18087,-750,-330,0,392.8,https://pleiades.stoa.org/places/550877,
pl-599886,Phorbia? Pr.,cape,pin,37.47369,25.45924,-30,2099,0,392.8,https://pleiades.stoa.org/places/599886,
pl-501514,Melas? (river),river,pin,40.61839,26.87899,2000,2099,0,392.8,https://pleiades.stoa.org/places/501514,
pl-550878,Sigeion (promontory),cape,pin,40.00784,26.19896,1700,2100,0,393.0,https://pleiades.stoa.org/places/550878,
pl-707573,Mansoura,settlement-modern,pin,35.18752,32.63581,300,2100,0,393.3,https://pleiades.stoa.org/places/707573,
pl-648678,Kokysion (mountain),"mountain, label",pin,36.39091,33.90628,300,640,0,393.3,https://pleiades.stoa.org/places/648678,
pl-501609,Sestos,settlement,pin,40.21340,26.38927,-750,300,0,393.3,https://pleiades.stoa.org/places/501609,
pl-845602,Unnamed aqueduct,aqueduct,pin,41.32305,31.46301,-30,640,0,393.4,https://pleiades.stoa.org/places/845602,
pl-648649,*Imbrioga,settlement,pin,36.45497,33.94824,-30,300,0,393.4,https://pleiades.stoa.org/places/648649,
pl-268423861,Yassıhöyük,"archaeological-site, architecturalcomplex",pin,39.31914,34.07550,-2000,-1,0,393.5,https://pleiades.stoa.org/places/268423861,
pl-619116,Arianzos,settlement,pin,38.26071,34.38777,300,640,0,393.6,https://pleiades.stoa.org/places/619116,
pl-648659,Kalamon M.,"mountain, label",pin,36.35094,33.88316,-30,640,0,393.6,https://pleiades.stoa.org/places/648659,
pl-648714,Mylai,settlement,pin,36.30518,33.85201,-30,1999,0,393.6,https://pleiades.stoa.org/places/648714,
pl-501503,Madytos,settlement,pin,40.18475,26.35607,-3000,2099,0,393.6,https://pleiades.stoa.org/places/501503,
pl-648722,Nesoulion/Asteria (island),island,pin,36.26705,33.82706,-30,2100,0,393.7,https://pleiades.stoa.org/places/648722,
pl-648739,Pityoussa/Petrossa? (island),island,pin,36.18933,33.77019,-750,2100,0,393.7,https://pleiades.stoa.org/places/648739,
pl-601141624,Liman Kalesi,cape,pin,36.27832,33.83571,1300,1923,0,393.7,https://pleiades.stoa.org/places/601141624,
pl-594467888,Komiaki Mycenaean Tholos Tomb,tomb,pin,37.14866,25.53113,-2000,-1000,0,393.7,https://pleiades.stoa.org/places/594467888,
pl-550912,Tenedos (island),island,pin,39.82059,26.03532,-750,2100,0,393.8,https://pleiades.stoa.org/places/550912,
pl-619110,Aquae Saravenae,settlement,pin,39.14618,34.16047,300,640,0,393.8,https://pleiades.stoa.org/places/619110,
pl-619204,[Malandasa],settlement,pin,38.21114,34.39368,300,640,0,393.8,https://pleiades.stoa.org/places/619204,
pl-648630,Epinesia (promontory),cape,pin,36.27704,33.83623,-30,640,0,393.8,https://pleiades.stoa.org/places/648630,
pl-647051802,Balıklı,"settlement, archaeological-site",pin,38.39863,34.37313,-10000,2099,0,393.8,https://pleiades.stoa.org/places/647051802,
pl-648709,Meydan Kalesi,"settlement, fort",pin,36.45303,33.95244,-330,640,0,393.9,https://pleiades.stoa.org/places/648709,
pl-648730,Palaia(i)/Philaia,settlement,pin,36.24236,33.81305,-30,2099,0,394.0,https://pleiades.stoa.org/places/648730,
pl-707522,Kallinousa? Pr.,cape,wash,35.25000,32.75000,-330,300,0,394.1,https://pleiades.stoa.org/places/707522,
pl-707535,Klarios? (river),river,wash,35.25000,32.75000,,,0,394.1,https://pleiades.stoa.org/places/707535,
pl-708193,Untitled,aqueduct,wash,35.25000,32.75000,-30,300,0,394.1,https://pleiades.stoa.org/places/708193,
pl-501411,Elaious,settlement,pin,40.05446,26.22333,-750,-330,0,394.2,https://pleiades.stoa.org/places/501411,
pl-648594,Canbazlı,settlement,pin,36.57998,34.03236,-330,640,0,394.3,https://pleiades.stoa.org/places/648594,
pl-501471,Koila,settlement,pin,40.20712,26.36755,-550,300,0,394.3,https://pleiades.stoa.org/places/501471,
pl-511230,Delkon (river),river,pin,41.37664,28.49785,-330,2099,0,394.4,https://pleiades.stoa.org/places/511230,
pl-707553,Lakki,"settlement, port",pin,35.03697,32.39191,-330,640,0,394.6,https://pleiades.stoa.org/places/707553,
pl-501458,Kardia/Lysimacheia,settlement,pin,40.54823,26.75081,-550,300,0,394.8,https://pleiades.stoa.org/places/501458,
pl-648643,Holmoi/Hermia?,settlement,pin,36.32037,33.88058,-550,640,0,395.0,https://pleiades.stoa.org/places/648643,
pl-164618016,Büyük Bedesten Wall Fort,fort,pin,41.34258,28.34715,300,640,0,395.1,https://pleiades.stoa.org/places/164618016,
pl-648771,Seleucia ad Calycadnum/Tracheia,settlement,pin,36.37927,33.92146,-330,1599,0,395.1,https://pleiades.stoa.org/places/648771,
pl-501436,Ide,settlement,pin,40.50408,26.68922,-550,-330,0,395.1,https://pleiades.stoa.org/places/501436,
pl-599879,Phakoussai (islands),"archipelago, island",pin,36.92508,25.59215,1700,2100,0,395.2,https://pleiades.stoa.org/places/599879,
pl-650058,Roman Bridge over Calycadnus at Seleucia ad Calycadnum,bridge,pin,36.37924,33.92525,-30,2099,0,395.4,https://pleiades.stoa.org/places/650058,
pl-514912,Anastasian Wall,wall-2,pin,41.34146,28.33405,300,640,0,395.4,https://pleiades.stoa.org/places/514912,
pl-501386,Chersonesus,peninsula,pin,40.33662,26.48798,-750,2100,0,395.4,https://pleiades.stoa.org/places/501386,
pl-212270979,Daskalio,island,pin,36.88768,25.60400,1700,2100,0,395.5,https://pleiades.stoa.org/places/212270979,
pl-734000266,Dhaskalio (settlement),settlement,pin,36.88812,25.60416,-4000,-2000,0,395.5,https://pleiades.stoa.org/places/734000266,
pl-501488,Kypasis,settlement,pin,40.62513,26.84114,-550,-330,0,395.6,https://pleiades.stoa.org/places/501488,
pl-503731094,Temple of Jupiter (Silifke),temple-2,pin,36.37583,33.93019,-30,2100,0,395.9,https://pleiades.stoa.org/places/503731094,
pl-707574,Marion,"settlement, archaeological-site",pin,35.03897,32.42543,-750,-330,0,396.0,https://pleiades.stoa.org/places/707574,
pl-844959,Kaisareia/Hadrianopolis/Proseilemmene,settlement,pin,40.92598,32.49137,-100,2100,0,396.1,https://pleiades.stoa.org/places/844959,
pl-201100502,Ancient sanctuary at Marion,sanctuary,pin,35.03724,32.42469,,,0,396.1,https://pleiades.stoa.org/places/201100502,
pl-528599073,The Tomb of Protesilaus,"landmark, tomb",pin,40.04470,26.18900,-550,300,0,396.1,https://pleiades.stoa.org/places/528599073,
pl-707483,Arsinoe,settlement,pin,35.03489,32.42184,-330,640,0,396.2,https://pleiades.stoa.org/places/707483,
pl-845017,Metroon/Aulia,settlement,pin,41.34678,31.48178,-30,640,0,396.4,https://pleiades.stoa.org/places/845017,
pl-619151,Doara,settlement,pin,38.20889,34.42434,300,640,0,396.4,https://pleiades.stoa.org/places/619151,
pl-511347,Ornoi,settlement,pin,40.91431,27.28033,-550,640,0,396.4,https://pleiades.stoa.org/places/511347,
pl-845046,‘Potomia Cepora’,station,pin,40.88867,32.57067,300,640,0,396.7,https://pleiades.stoa.org/places/845046,
pl-511456,Tzouroulon/Silta?,settlement,pin,41.16669,27.79539,-330,1599,0,396.8,https://pleiades.stoa.org/places/511456,
pl-845044,Potamia,label,pin,40.83933,32.66203,-30,300,0,397.1,https://pleiades.stoa.org/places/845044,
pl-707454,Akamanton (mountain),"mountain, label",pin,34.99179,32.36234,,,0,397.3,https://pleiades.stoa.org/places/707454,
pl-648782,"S. Thekla, Mon.",church,pin,36.35076,33.93133,300,640,0,397.3,https://pleiades.stoa.org/places/648782,
pl-550611,Kalydnai/Lagusae (islands),"archipelago, island",pin,39.92600,26.06996,-330,2100,0,397.4,https://pleiades.stoa.org/places/550611,
pl-600002,"Zeus Melosios, T.",sanctuary,pin,37.04703,25.51872,-550,-330,0,397.6,https://pleiades.stoa.org/places/600002,
pl-364777233,Örendibi,"church-2, archaeological-site",pin,36.58179,34.07356,300,640,0,397.6,https://pleiades.stoa.org/places/364777233,
pl-774381974,Argaka Slag Heap,"slag-heap, settlement-modern",pin,35.06269,32.50556,2000,2099,0,397.8,https://pleiades.stoa.org/places/774381974,
pl-707569,Magounda,mine-2,pin,35.05510,32.49355,-750,640,0,397.9,https://pleiades.stoa.org/places/707569,
pl-878103249,Gialia Monastery,monastery,pin,35.08945,32.55498,640,2100,0,397.9,https://pleiades.stoa.org/places/878103249,
pl-599711,Kheimarros-Bardaki,settlement,pin,37.00622,25.52472,-550,-30,0,398.3,https://pleiades.stoa.org/places/599711,
pl-648574,Aspenzinsos,settlement,pin,37.99856,34.45337,300,640,0,398.3,https://pleiades.stoa.org/places/648574,
pl-501509,Mast(o)usia (promontory),cape,pin,40.05436,26.16658,1700,2100,0,398.3,https://pleiades.stoa.org/places/501509,
pl-501543,Paion,settlement,pin,40.50543,26.63960,-550,-330,0,398.3,https://pleiades.stoa.org/places/501543,
pl-511188,‘Bitenas’,station,pin,40.93631,27.28075,300,640,0,398.4,https://pleiades.stoa.org/places/511188,
pl-92664678,Yrokastro castle,castle,pin,36.96622,25.53593,640,1453,0,398.6,https://pleiades.stoa.org/places/92664678,
pl-599857,Panormos (Naxos),bay,pin,36.95843,25.53627,1900,2099,0,398.8,https://pleiades.stoa.org/places/599857,
pl-560720,Platea (island),island,pin,35.86345,26.23230,-30,2100,0,399.0,https://pleiades.stoa.org/places/560720,
pl-707564,Limni,mine-2,pin,35.03716,32.48301,-750,2099,0,399.0,https://pleiades.stoa.org/places/707564,
pl-599913,Pyrgos Kheimarrou,tower-single,pin,36.99580,25.52002,-330,300,0,399.0,https://pleiades.stoa.org/places/599913,
pl-599848,Palaiokastro,settlement,pin,37.45300,25.39086,-750,640,0,399.1,https://pleiades.stoa.org/places/599848,
pl-619127,Borissos,settlement,pin,38.34883,34.44265,300,640,0,399.2,https://pleiades.stoa.org/places/619127,
pl-599498,Anydros? (island),island,pin,36.62600,25.68241,-30,2100,0,399.2,https://pleiades.stoa.org/places/599498,
pl-57893804,Hubušnu (kingdom),region,wash,37.74516,34.45292,-1000,-540,0,399.2,https://pleiades.stoa.org/places/57893804,
pl-628924,Antitaurus Mons,mountain,wash,37.24800,34.36430,-330,2000,0,399.3,https://pleiades.stoa.org/places/628924,
pl-125566441,Tunni,"unlocated, mountain",pin,37.24800,34.36430,-1000,2099,0,399.3,https://pleiades.stoa.org/places/125566441,
pl-599601,Drios (mountain),mountain,pin,37.03048,25.50231,1700,2100,0,399.4,https://pleiades.stoa.org/places/599601,
pl-774381973,Pelathousa Slag Heap,"slag-heap, settlement-modern",pin,35.02767,32.47538,2000,2099,0,399.5,https://pleiades.stoa.org/places/774381973,
pl-194606909,Zas Cave,cave,pin,37.03491,25.49892,2000,2099,0,399.6,https://pleiades.stoa.org/places/194606909,
pl-844903,Dadybra,settlement,pin,41.22309,31.94544,300,640,0,400.0,https://pleiades.stoa.org/places/844903,
pl-619139,Chusa,station,pin,38.37694,34.44856,300,640,0,400.1,https://pleiades.stoa.org/places/619139,
pl-599856,Panormos (Mykonos),"harbor, bay",pin,37.47306,25.37472,2000,2099,0,400.1,https://pleiades.stoa.org/places/599856,
pl-501397,Deris,settlement,pin,40.65781,26.80898,-550,-330,0,400.2,https://pleiades.stoa.org/places/501397,
pl-707579,Melabron?,"settlement, archaeological-site",pin,35.30397,32.94018,-750,300,0,400.3,https://pleiades.stoa.org/places/707579,
pl-599504,Apollo Asgelatos (temple),"church-2, temple-2",pin,36.36133,25.82378,-750,300,0,400.3,https://pleiades.stoa.org/places/599504,
pl-599822,Naxos (island),island,pin,37.05819,25.48193,-550,2100,0,400.3,https://pleiades.stoa.org/places/599822,
pl-648806,Yeniyurt,settlement,pin,36.63053,34.13659,-330,640,0,400.5,https://pleiades.stoa.org/places/648806,
pl-606343,Nysa,unlocated,wash,37.05956,25.47944,,,0,400.5,https://pleiades.stoa.org/places/606343,
pl-164618015,Unnamed Fortification on the Anastasian Wall,fort,pin,41.40532,28.37868,300,640,0,400.7,https://pleiades.stoa.org/places/164618015,
pl-599808,Mykonos (island),island,pin,37.45307,25.37232,-550,2100,0,400.7,https://pleiades.stoa.org/places/599808,
pl-707563,Limenia?,settlement,pin,35.16741,32.74168,-330,640,0,400.8,https://pleiades.stoa.org/places/707563,
pl-707533,Kinousa,mine-2,pin,35.02998,32.50891,-750,300,0,400.9,https://pleiades.stoa.org/places/707533,
pl-599993,Tsikalario,settlement,pin,37.06222,25.47136,-750,-550,0,401.1,https://pleiades.stoa.org/places/599993,
pl-603248,unnamed quarry (on Mykonos),quarry,wash,37.44000,25.37000,-330,300,0,401.1,https://pleiades.stoa.org/places/603248,
pl-606287,Dimastos M.,"unlocated, mountain",wash,37.44000,25.37000,-30,300,0,401.1,https://pleiades.stoa.org/places/606287,
pl-619214,Mo(u)rimene,"district, label",pin,38.79762,34.37428,-30,300,0,401.3,https://pleiades.stoa.org/places/619214,
pl-648629,Emirzeli,"settlement, archaeological-site",pin,36.54306,34.10202,-330,640,0,401.6,https://pleiades.stoa.org/places/648629,
pl-619272,Tibernene,label,pin,38.33304,34.47343,300,640,0,401.7,https://pleiades.stoa.org/places/619272,
pl-707438,Ag. Eirini,sanctuary,pin,35.30319,32.96564,-750,-30,0,401.9,https://pleiades.stoa.org/places/707438,
pl-233666074,Poikile Petra,road,wash,36.42277,34.03643,,,0,401.9,https://pleiades.stoa.org/places/233666074,
pl-599540,"Athena Poliouchos, T.",sanctuary,pin,37.12082,25.44010,-550,-330,0,402.1,https://pleiades.stoa.org/places/599540,
pl-599491,Anaphe,settlement,pin,36.35912,25.79968,-750,640,0,402.3,https://pleiades.stoa.org/places/599491,
pl-511170,Astike,"labeled feature, label",pin,41.35980,28.17605,-330,640,0,402.3,https://pleiades.stoa.org/places/511170,
pl-599492,Anaphe (island),island,pin,36.36704,25.78906,1700,2100,0,402.7,https://pleiades.stoa.org/places/599492,
pl-599509,Apollonion,label,pin,37.42648,25.35423,-330,-30,0,402.7,https://pleiades.stoa.org/places/599509,
pl-164618014,Unnamed Fortification on the Anastasian Wall,fort,pin,41.42513,28.37986,300,640,0,402.8,https://pleiades.stoa.org/places/164618014,
pl-599791,Melanes,quarry,pin,37.08688,25.44183,-750,-550,0,402.9,https://pleiades.stoa.org/places/599791,
pl-599928,Schinoussa (island),island,pin,36.87102,25.52210,1700,2100,0,402.9,https://pleiades.stoa.org/places/599928,
pl-707642,Vouni,"villa, palace, archaeological-site",pin,35.15920,32.77327,-750,-330,0,403.2,https://pleiades.stoa.org/places/707642,
pl-707567,Lyso,mine-2,pin,35.01085,32.52177,-750,-330,0,403.3,https://pleiades.stoa.org/places/707567,
pl-599794,Melas?,settlement,pin,37.09577,25.43471,-330,-30,0,403.3,https://pleiades.stoa.org/places/599794,
pl-707511,Geronisos,"sanctuary, temple, island",pin,34.89952,32.31148,-330,2100,0,403.6,https://pleiades.stoa.org/places/707511,
pl-345163903,Lino Tower (Mykonos),tower-defensive,pin,37.42419,25.34397,-330,-30,0,403.6,https://pleiades.stoa.org/places/345163903,
pl-707503,Drepanon (promontory),cape,pin,34.89946,32.31611,-330,2100,0,403.9,https://pleiades.stoa.org/places/707503,
pl-707504,Agios Georgios Pegeia,"settlement, archaeological-site",pin,34.90315,32.32353,-330,2099,0,403.9,https://pleiades.stoa.org/places/707504,
pl-801596764,Hasanaliler Basilica,church-2,pin,36.46386,34.08613,640,1453,0,403.9,https://pleiades.stoa.org/places/801596764,
pl-844973,*Karza,settlement,pin,40.99601,32.52445,-30,300,0,404.1,https://pleiades.stoa.org/places/844973,
pl-599793,Melantioi Petrai,island,pin,36.27293,25.83038,1700,2100,0,404.3,https://pleiades.stoa.org/places/599793,
pl-403927880,Temple of Hermes at Çatıören,temple-2,pin,36.52168,34.12549,,,0,404.4,https://pleiades.stoa.org/places/403927880,
pl-319613732,Çatıören Church,church-2,pin,36.52191,34.12669,300,640,0,404.5,https://pleiades.stoa.org/places/319613732,
pl-779964391,Çatıören,archaeological-site,pin,36.52156,34.12665,-330,850,0,404.5,https://pleiades.stoa.org/places/779964391,
pl-599647,Hippouris (island),island,pin,36.31133,25.80045,1700,2100,0,404.6,https://pleiades.stoa.org/places/599647,
pl-599807,Mykonos (settlement),settlement,pin,37.44596,25.32862,-750,640,0,404.6,https://pleiades.stoa.org/places/599807,
pl-134456168,Angelika tholos tomb (Mykonos),tomb,pin,37.43481,25.32903,-2000,-1000,0,404.7,https://pleiades.stoa.org/places/134456168,
pl-648764,Sarpedonion (promontory),cape,pin,36.24972,33.96194,-550,2100,0,404.9,https://pleiades.stoa.org/places/648764,
pl-648611,Corycium Antrum,settlement,pin,36.46128,34.09892,300,640,0,405.0,https://pleiades.stoa.org/places/648611,
pl-648697,Liparis (river),river,wash,36.75000,34.25000,-330,300,0,405.0,https://pleiades.stoa.org/places/648697,
pl-501497,Limnai,settlement,pin,40.27056,26.27268,-550,-330,0,405.2,https://pleiades.stoa.org/places/501497,
pl-550848,Pteleos L.,lake,wash,40.25000,26.25000,-330,300,0,405.3,https://pleiades.stoa.org/places/550848,
pl-501327,Aeolium Pr.,cape,wash,40.25000,26.25000,-30,300,0,405.3,https://pleiades.stoa.org/places/501327,
pl-501608,Sestias Pr.,cape,wash,40.25000,26.25000,1700,2100,0,405.3,https://pleiades.stoa.org/places/501608,
pl-769548551,Çanakkale,settlement,wash,40.25000,26.25000,-1750,2000,0,405.3,https://pleiades.stoa.org/places/769548551,
pl-599631,Gyroulas,"sanctuary, temple-2",pin,37.02911,25.43123,-750,2100,0,405.5,https://pleiades.stoa.org/places/599631,
pl-429204517,Adamkayalar,monument,pin,36.48238,34.11980,-30,2100,0,405.7,https://pleiades.stoa.org/places/429204517,
pl-619153,Ecobrogis/Eccobriga,"settlement, station",pin,40.03836,33.75215,-330,640,0,405.9,https://pleiades.stoa.org/places/619153,
pl-44420465,Korykion Antron (Kilikia),cave,pin,36.45338,34.10583,-30,2099,0,406.0,https://pleiades.stoa.org/places/44420465,
pl-844983,*Kimista,settlement,pin,40.98429,32.58546,-30,300,0,406.1,https://pleiades.stoa.org/places/844983,
pl-648679,Korasion/Kalon Korakesion,settlement,pin,36.42103,34.08869,-30,640,0,406.1,https://pleiades.stoa.org/places/648679,
pl-511405,Salmydessos (coastal region),"region, label, settlement-modern, coast",pin,41.45319,28.36550,-550,2100,0,406.1,https://pleiades.stoa.org/places/511405,
pl-844999,Ladon (river),river,pin,41.25724,32.02134,-30,300,0,406.4,https://pleiades.stoa.org/places/844999,
pl-648749,Pseudokorasion?,settlement,pin,36.38894,34.07209,-330,640,0,406.4,https://pleiades.stoa.org/places/648749,
pl-844861,Antoniopolis,settlement,pin,40.82943,32.85121,-30,640,0,406.5,https://pleiades.stoa.org/places/844861,
pl-511153,Aproi/Col. Claudia Aprensis/Nova Theodosiopolis,settlement,pin,40.92694,27.10736,-30,640,0,406.5,https://pleiades.stoa.org/places/511153,
pl-511251,Ergina (river),river,wash,41.25000,27.75000,300,640,0,406.8,https://pleiades.stoa.org/places/511251,
pl-511455,Tziorikellos (river),river,wash,41.25000,27.75000,300,640,0,406.8,https://pleiades.stoa.org/places/511455,
pl-707557,Laxia tis Skhistis,shrine,pin,35.12767,32.79076,-750,-330,0,406.9,https://pleiades.stoa.org/places/707557,
pl-48637573,Roman theater at Soloi/Aipeia?,theatre,pin,35.13967,32.81193,-330,300,0,407.0,https://pleiades.stoa.org/places/48637573,
pl-501404,Drabos,settlement,pin,40.35814,26.33590,-550,300,0,407.1,https://pleiades.stoa.org/places/501404,
pl-768684720,Köşkerli,"church-2, archaeological-site",pin,36.60950,34.20633,,,0,407.1,https://pleiades.stoa.org/places/768684720,
pl-549436283,Göllü Dağ (volcano),volcano,pin,38.25466,34.54460,2000,2099,0,407.2,https://pleiades.stoa.org/places/549436283,
pl-707624,Soloi/Aipeia?,settlement,pin,35.13822,32.81307,-750,640,0,407.2,https://pleiades.stoa.org/places/707624,
pl-599502,Aplomata,fort,pin,37.10832,25.38468,300,640,0,407.2,https://pleiades.stoa.org/places/599502,
pl-648570,Arima?/Krine?,settlement,pin,36.44128,34.11435,-30,640,0,407.2,https://pleiades.stoa.org/places/648570,
pl-844916,*Endeira,settlement,pin,40.96765,32.63857,-30,300,0,407.3,https://pleiades.stoa.org/places/844916,
pl-560353,Cyclades Islands,"archipelago, island",wash,36.97423,25.42684,-550,300,0,407.5,https://pleiades.stoa.org/places/560353,
pl-599544,Aulon,"labeled feature, label",pin,37.03887,25.40277,-330,-30,0,407.6,https://pleiades.stoa.org/places/599544,
pl-599630,Grotta,settlement,pin,37.11288,25.37828,-750,-30,0,407.6,https://pleiades.stoa.org/places/599630,
pl-599821,Naxos (settlement),settlement,pin,37.10387,25.37759,-750,640,0,407.9,https://pleiades.stoa.org/places/599821,
pl-619280,Villa Palmati,villa,pin,38.05600,34.56478,300,640,0,408.1,https://pleiades.stoa.org/places/619280,
pl-593460163,Portara on Naxos,"archaeological-site, temple-2",pin,37.11019,25.37228,-550,2100,0,408.2,https://pleiades.stoa.org/places/593460163,
pl-511448,‘Tipaso’,station,pin,41.24028,27.69327,300,640,0,408.2,https://pleiades.stoa.org/places/511448,
pl-599661,Hyria (Naxos),sanctuary,pin,37.07763,25.38068,-750,-30,0,408.3,https://pleiades.stoa.org/places/599661,
pl-648663,*Kanytelis,settlement,pin,36.52551,34.17874,-330,640,0,408.5,https://pleiades.stoa.org/places/648663,
pl-845030,Oxinas,settlement,pin,41.40712,31.67466,-30,640,0,408.8,https://pleiades.stoa.org/places/845030,
pl-648809,Zephyrion,settlement,pin,36.29900,34.04500,-330,640,0,408.8,https://pleiades.stoa.org/places/648809,
pl-845031,Oxinas/Kallichoros? (river),river,pin,41.40796,31.68197,-30,640,0,409.1,https://pleiades.stoa.org/places/845031,
pl-648801,Tyana/Col. Aurelia Antoniniana,"settlement, archaeological-site",pin,37.82315,34.57222,-1450,2000,0,409.1,https://pleiades.stoa.org/places/648801,
pl-316924422,Tabālu (province),"region, province-2",pin,37.82365,34.57251,-720,-540,0,409.2,https://pleiades.stoa.org/places/316924422,
pl-129678075,Tabālu (region),region,pin,37.82365,34.57251,-1000,-540,0,409.2,https://pleiades.stoa.org/places/129678075,
pl-344804124,Šinuhtu,"unlocated, settlement",wash,37.82365,34.57251,-720,-540,0,409.2,https://pleiades.stoa.org/places/344804124,
pl-648612,Corycus,"settlement, port",pin,36.46528,34.15417,-330,640,0,409.2,https://pleiades.stoa.org/places/648612,
pl-599895,Polichne,"labeled feature, label",pin,37.00713,25.39128,-750,-550,0,409.5,https://pleiades.stoa.org/places/599895,
pl-599642,Herakleia (island),island,pin,36.84261,25.45357,-30,2100,0,409.6,https://pleiades.stoa.org/places/599642,
pl-169253046,Vrysi tou Barba,cemetery,pin,35.34998,33.16108,-3300,-1400,0,409.7,https://pleiades.stoa.org/places/169253046,
pl-649309,Unnamed Aqueduct at Ancient Tyana,"aqueduct, ruin",pin,37.82703,34.58018,-30,640,0,409.8,https://pleiades.stoa.org/places/649309,
pl-501345,Alopekonnesos,settlement,pin,40.31394,26.24954,-550,-30,0,409.8,https://pleiades.stoa.org/places/501345,
pl-152199037,Delos Synagogue,synagogue,pin,37.40486,25.27458,-200,2099,0,409.9,https://pleiades.stoa.org/places/152199037,
pl-511202,Campus Serenus,"plain, label",pin,41.25992,27.69871,300,640,0,409.9,https://pleiades.stoa.org/places/511202,
pl-210745099,Stadium of Delos,stadion,pin,37.40579,25.27360,-330,-30,0,410.0,https://pleiades.stoa.org/places/210745099,
pl-568838229,Quartier du Stade at Delos,"settlement, architecturalcomplex, district",pin,37.40593,25.27407,-330,-30,0,410.0,https://pleiades.stoa.org/places/568838229,
pl-540510822,Pigades,"sanctuary, settlement",pin,35.29037,33.08766,-2000,-1000,0,410.1,https://pleiades.stoa.org/places/540510822,
pl-648628,Elaioussa/Sebaste,"settlement, archaeological-site",pin,36.48218,34.17441,-330,640,0,410.1,https://pleiades.stoa.org/places/648628,
pl-599740,Kynthos (mountain),mountain,pin,37.39558,25.27244,1700,2100,0,410.3,https://pleiades.stoa.org/places/599740,
pl-944168237,Maa,settlement,pin,34.85387,32.36341,-1600,-1200,0,410.3,https://pleiades.stoa.org/places/944168237,
pl-732220284,Sarapieion C at Delos,temple-2,pin,37.39735,25.27052,,,0,410.4,https://pleiades.stoa.org/places/732220284,
pl-707584,Myrtou,sanctuary,pin,35.28681,33.08676,-750,-30,0,410.4,https://pleiades.stoa.org/places/707584,
pl-59196349,Serapieion B at Delos,temple-2,pin,37.39800,25.27019,-200,-1,0,410.4,https://pleiades.stoa.org/places/59196349,
pl-732220285,Sarapieion A,temple-2,pin,37.39816,25.26953,-300,-101,0,410.5,https://pleiades.stoa.org/places/732220285,
pl-599506,Sanctuary of Apollo on Delos,sanctuary,pin,37.39931,25.26887,-750,300,0,410.5,https://pleiades.stoa.org/places/599506,
pl-599588,Delos (island),island,pin,37.39202,25.27024,-750,2100,0,410.5,https://pleiades.stoa.org/places/599588,
pl-576206943,The House of the Masks ,"townhouse, architecturalcomplex",pin,37.39628,25.26943,-330,2100,0,410.5,https://pleiades.stoa.org/places/576206943,
pl-917412528,Theater of Delos,theatre,pin,37.39698,25.26814,,,0,410.6,https://pleiades.stoa.org/places/917412528,
pl-818633083,Terrace of the Lions at Delos,plaza,pin,37.40238,25.26700,-750,640,0,410.6,https://pleiades.stoa.org/places/818633083,
pl-394168051,Agora of the Italians,architecturalcomplex,pin,37.40175,25.26754,-330,2099,0,410.6,https://pleiades.stoa.org/places/394168051,
pl-599587,Delos (settlement),"settlement, monument",pin,37.39727,25.26819,-750,300,0,410.6,https://pleiades.stoa.org/places/599587,
pl-286572421,Nesiotic League (First),state,wash,37.39727,25.26819,-330,-30,0,410.6,https://pleiades.stoa.org/places/286572421,
pl-411301348,Agora of the Competaliasts or Hermaists,"urban, agora",pin,37.39906,25.26648,-330,300,0,410.7,https://pleiades.stoa.org/places/411301348,
pl-93346604,Delos Main Harbor,"harbor, coast",pin,37.39994,25.26535,-100,-1,0,410.8,https://pleiades.stoa.org/places/93346604,
pl-943070900,Sotira,cemetery,pin,35.34878,33.17860,-3000,-1000,0,410.9,https://pleiades.stoa.org/places/943070900,
pl-845029,Örenşehir,settlement,pin,40.69298,33.12882,-30,300,0,411.2,https://pleiades.stoa.org/places/845029,
pl-506607,Untitled,wall-2,wash,40.75000,26.75000,-550,-30,0,411.2,https://pleiades.stoa.org/places/506607,
pl-506608,Untitled,wall-2,wash,40.75000,26.75000,300,640,0,411.2,https://pleiades.stoa.org/places/506608,
pl-507121565,Stelida,"archaeological-site, hill",pin,37.08415,25.34447,-10000,-1080,0,411.2,https://pleiades.stoa.org/places/507121565,
pl-707555,Lapethos/Lepethis Phoinikon,"settlement, archaeological-site",pin,35.35764,33.19820,-750,640,0,411.4,https://pleiades.stoa.org/places/707555,
pl-589798,Gyras (mountain),mountain,pin,37.58176,25.22636,1900,2099,0,411.4,https://pleiades.stoa.org/places/589798,
pl-648802,Tynna/Dana?,station,pin,37.52093,34.56416,-1000,300,0,411.4,https://pleiades.stoa.org/places/648802,
pl-511413,Scylla,settlement,pin,41.48537,28.29962,300,640,0,411.4,https://pleiades.stoa.org/places/511413,
pl-501513,Melas Kolpos,water-open,pin,40.53068,26.46324,1700,2100,0,411.4,https://pleiades.stoa.org/places/501513,
pl-387776804,Kastros,cemetery,pin,35.33825,33.17482,-900,-750,0,411.5,https://pleiades.stoa.org/places/387776804,
pl-619123,[*Balbissa],settlement,pin,38.10154,34.60357,300,640,0,411.6,https://pleiades.stoa.org/places/619123,
pl-619253,Salanda,settlement,pin,38.82914,34.48610,300,640,0,411.6,https://pleiades.stoa.org/places/619253,
pl-589764,Donakea?,"unlocated, settlement, valley",pin,37.59637,25.22232,-330,2100,0,411.6,https://pleiades.stoa.org/places/589764,
pl-648550,Akkale,settlement,pin,36.53591,34.22588,-30,640,0,411.8,https://pleiades.stoa.org/places/648550,
pl-845097,*Zeita,settlement,pin,40.93312,32.78564,-30,300,0,412.0,https://pleiades.stoa.org/places/845097,
pl-648691,Lamos,"settlement, port",pin,36.55701,34.23992,-750,640,0,412.0,https://pleiades.stoa.org/places/648691,
pl-707577,Mavrovounoi,mine-2,pin,35.09746,32.83744,-750,300,0,412.1,https://pleiades.stoa.org/places/707577,
pl-485747633,Morphou,"settlement, settlement-modern",pin,35.19855,32.99350,2000,2099,0,412.2,https://pleiades.stoa.org/places/485747633,
pl-599525,Artemision,sanctuary,pin,37.38853,25.25009,-550,-30,0,412.3,https://pleiades.stoa.org/places/599525,
pl-14557445,Köşk Höyük,tell,pin,37.84787,34.61195,,,0,412.5,https://pleiades.stoa.org/places/14557445,
pl-501632,Syrascell(a)e/Sirogellis,station,pin,40.88404,26.92637,-30,640,0,412.5,https://pleiades.stoa.org/places/501632,
pl-845063,Sipahiler,temple-2,pin,41.13494,32.44938,-30,300,0,413.3,https://pleiades.stoa.org/places/845063,
pl-484415170,İnandıktepe,"settlement, archaeological-site",pin,40.38106,33.53524,-1650,2100,0,413.5,https://pleiades.stoa.org/places/484415170,
pl-600493219,Evriokastro (Paros),"island, defensive-wall",pin,37.15278,25.29660,600,2099,0,413.5,https://pleiades.stoa.org/places/600493219,
pl-138364023,Ais Gorkis,"settlement, archaeological-site",pin,34.92014,32.56093,-10000,-3300,0,413.6,https://pleiades.stoa.org/places/138364023,
pl-599901,"Poseidon?, T.",temple-2,pin,37.14561,25.29311,-550,-330,0,414.0,https://pleiades.stoa.org/places/599901,
pl-599919,Rheneia (island),island,pin,37.40411,25.22804,-550,2100,0,414.0,https://pleiades.stoa.org/places/599919,
pl-599689,Kargadousa,"ruin, fort",pin,37.14279,25.29273,-750,-550,0,414.1,https://pleiades.stoa.org/places/599689,
pl-619256,Sasima,settlement,pin,38.22980,34.62920,-30,640,0,414.4,https://pleiades.stoa.org/places/619256,
pl-648573,Asbamaion,"spring, sanctuary",pin,37.80005,34.63158,-30,640,0,414.5,https://pleiades.stoa.org/places/648573,
pl-599882,Philitzi,"settlement, island",pin,37.12520,25.28993,-750,2099,0,414.8,https://pleiades.stoa.org/places/599882,
pl-797419069,Kissonerga-Skalia,settlement,pin,34.82255,32.39668,-3000,-1000,0,414.8,https://pleiades.stoa.org/places/797419069,
pl-599918,Rheneia (settlement),settlement,pin,37.41206,25.21329,-750,-30,0,415.1,https://pleiades.stoa.org/places/599918,
pl-708192,Untitled,aqueduct,wash,34.75000,32.25000,-30,640,0,415.2,https://pleiades.stoa.org/places/708192,
pl-599785,Marathion,unknown,wash,37.25000,25.25000,-750,300,0,415.2,https://pleiades.stoa.org/places/599785,
pl-648660,Kalanthia,settlement,pin,36.60750,34.30510,-30,640,0,415.2,https://pleiades.stoa.org/places/648660,
pl-601737,Untitled,cemetery,wash,37.25000,25.25000,-550,-30,0,415.2,https://pleiades.stoa.org/places/601737,
pl-601738,Untitled,cemetery,wash,37.25000,25.25000,-330,300,0,415.2,https://pleiades.stoa.org/places/601738,
pl-603247,Untitled,quarry,wash,37.25000,25.25000,-330,-30,0,415.2,https://pleiades.stoa.org/places/603247,
pl-603249,Untitled,quarry,wash,37.25000,25.25000,-550,300,0,415.2,https://pleiades.stoa.org/places/603249,
pl-603250,Untitled,quarry,wash,37.25000,25.25000,-330,300,0,415.2,https://pleiades.stoa.org/places/603250,
pl-603251,Untitled,quarry,wash,37.25000,25.25000,-330,300,0,415.2,https://pleiades.stoa.org/places/603251,
pl-707487,Asprogia,mine-2,pin,34.92709,32.61002,-30,640,0,415.4,https://pleiades.stoa.org/places/707487,
pl-247348184,Vryokastro,archaeological-site,pin,37.52605,25.18850,-3000,-1000,0,415.5,https://pleiades.stoa.org/places/247348184,
pl-501463,Kephalos Pr.,cape,pin,40.15574,26.01590,1700,2100,0,415.5,https://pleiades.stoa.org/places/501463,
pl-707623,Skouriotissa,mine-2,pin,35.09371,32.89566,-750,300,0,415.6,https://pleiades.stoa.org/places/707623,
pl-619285,Zeila,settlement,pin,38.45945,34.61792,-330,640,0,415.8,https://pleiades.stoa.org/places/619285,
pl-708947,Untitled,mine-2,pin,35.10073,32.91405,-550,300,0,416.0,https://pleiades.stoa.org/places/708947,
pl-623202122,Lemba Lakkous,settlement,pin,34.81310,32.40587,-10000,-2000,0,416.1,https://pleiades.stoa.org/places/623202122,
pl-853662205,Exomvourgo,"mountain, castle",pin,37.57759,25.16761,1700,2100,0,416.6,https://pleiades.stoa.org/places/853662205,
pl-619288,Zoropassos,settlement,pin,38.74692,34.56765,-30,300,0,416.6,https://pleiades.stoa.org/places/619288,
pl-648590,Bulgar Maden,mine-2,pin,37.44929,34.61550,-330,640,0,417.0,https://pleiades.stoa.org/places/648590,
pl-599835,Oikonomos,settlement,pin,37.12932,25.25913,-750,-550,0,417.3,https://pleiades.stoa.org/places/599835,
pl-619104,Andabalis,settlement,pin,38.03950,34.67349,-30,640,0,417.6,https://pleiades.stoa.org/places/619104,
pl-590073,Tenos (settlement),"settlement, settlement-modern",pin,37.53850,25.16170,-750,2100,0,417.6,https://pleiades.stoa.org/places/590073,
pl-845055,Sandarake,settlement,pin,41.45661,31.78668,-30,2099,0,417.7,https://pleiades.stoa.org/places/845055,
pl-57893805,Mulî (mountain),"unlocated, mountain",pin,37.44921,34.62423,-1000,-540,0,417.7,https://pleiades.stoa.org/places/57893805,
pl-707461,Alyki,settlement,pin,34.79109,32.39685,-30,640,0,417.8,https://pleiades.stoa.org/places/707461,
pl-599850,Palaiopyrgos,"tower-single, fort",pin,37.11722,25.25618,-550,-30,0,417.8,https://pleiades.stoa.org/places/599850,
pl-707610,*Phlason,settlement,pin,35.06169,32.89125,-30,300,0,418.1,https://pleiades.stoa.org/places/707610,
pl-707494,Boukasa (mountain),"mountain, label",pin,35.10474,32.96022,,,0,418.2,https://pleiades.stoa.org/places/707494,
pl-707515,"Hera, T.",sanctuary,pin,34.89892,32.61602,-550,300,0,418.2,https://pleiades.stoa.org/places/707515,
pl-619203,Malakopea,settlement,pin,38.38122,34.65725,300,640,0,418.3,https://pleiades.stoa.org/places/619203,
pl-707618,Sarka,mine-2,pin,34.91816,32.65918,-30,640,0,418.7,https://pleiades.stoa.org/places/707618,
pl-590006,Temple of Poseidon and Amphitrite on Tenos,temple-2,pin,37.55169,25.14289,-750,1999,0,419.1,https://pleiades.stoa.org/places/590006,
pl-648792,Taurus (mountain range),mountain,pin,37.40000,34.63000,-9000,2100,0,419.1,https://pleiades.stoa.org/places/648792,
pl-844877,Billaios (river),river,pin,41.29119,32.25892,-330,2100,0,419.6,https://pleiades.stoa.org/places/844877,
pl-20024633,Tomb 3 (Tombs of the Kings),tomb,pin,34.77586,32.40495,-330,2100,0,419.6,https://pleiades.stoa.org/places/20024633,
pl-594964,Gyreon (promontory),"unlocated, cape",wash,37.60598,25.12857,-750,300,0,419.6,https://pleiades.stoa.org/places/594964,
pl-845090,Xanthos (river),river,wash,40.50000,33.50000,-30,300,0,419.7,https://pleiades.stoa.org/places/845090,
pl-848646653,Tombs of the Kings,tomb,pin,34.77553,32.40547,-330,2100,0,419.7,https://pleiades.stoa.org/places/848646653,
pl-599654,Hydria,settlement,pin,37.05152,25.25393,,,0,419.8,https://pleiades.stoa.org/places/599654,
pl-23023514,St. Hilarion Castle,"fort-2, castle",pin,35.31229,33.28068,640,1999,0,420.1,https://pleiades.stoa.org/places/23023514,
pl-619198,Limnai,settlement,pin,38.23944,34.69410,300,640,0,420.2,https://pleiades.stoa.org/places/619198,
pl-707508,Ellinospilios,cemetery,pin,34.78684,32.44286,-330,300,0,420.3,https://pleiades.stoa.org/places/707508,
pl-707520,Iskender,cemetery,pin,34.77938,32.42742,-750,-30,0,420.3,https://pleiades.stoa.org/places/707520,
pl-511241,Dr(o)usipara,settlement,pin,41.30009,27.54396,-30,640,0,420.3,https://pleiades.stoa.org/places/511241,
pl-707531,Keryn(e)ia/Keraunia,settlement,pin,35.33733,33.32142,-750,1599,0,420.6,https://pleiades.stoa.org/places/707531,
pl-619254,Saraouene,"region, label",pin,39.01657,34.53345,-30,300,0,420.7,https://pleiades.stoa.org/places/619254,
pl-590074,Tenos (island),island,pin,37.61507,25.11324,-30,2100,0,420.9,https://pleiades.stoa.org/places/590074,
pl-594961,Eristos,unlocated,wash,37.60700,25.11400,-30,300,0,420.9,https://pleiades.stoa.org/places/594961,
pl-599899,"Poseidon Phytalmios?, T.",temple-2,pin,36.73781,25.36103,-550,-330,0,421.0,https://pleiades.stoa.org/places/599899,
pl-707620,Shyrvallos,church,pin,34.77403,32.43304,300,640,0,421.1,https://pleiades.stoa.org/places/707620,
pl-619283,Yarhisar,settlement,pin,38.08917,34.71353,-30,640,0,421.2,https://pleiades.stoa.org/places/619283,
pl-501356,Apsinthis,"label, people",pin,40.75591,26.58910,-550,300,0,421.2,https://pleiades.stoa.org/places/501356,
pl-474321362,House of Dionysos at Paphos,villa,pin,34.75833,32.40575,-330,300,0,421.3,https://pleiades.stoa.org/places/474321362,
pl-707586,(Nea) Paphos,"settlement, archaeological-site",pin,34.75721,32.40659,-550,1599,0,421.5,https://pleiades.stoa.org/places/707586,
pl-911351382,Illubru,settlement,pin,37.17044,34.60384,-1000,-540,0,421.6,https://pleiades.stoa.org/places/911351382,
pl-599729,Koukounaries,"settlement, acropolis",pin,37.12532,25.20866,-750,-550,0,421.7,https://pleiades.stoa.org/places/599729,
pl-591471667,Chrysopolitissa complex,architecturalcomplex,pin,34.75796,32.41377,300,1453,0,421.7,https://pleiades.stoa.org/places/591471667,
pl-845067,Sora,settlement,pin,41.13961,32.62240,300,640,0,422.1,https://pleiades.stoa.org/places/845067,
pl-619147,Dasmenda/[Dasmendron],settlement,pin,38.10268,34.72586,-30,640,0,422.3,https://pleiades.stoa.org/places/619147,
pl-707478,"Apollo Melanthios, T.",sanctuary,pin,34.82979,32.57777,-750,300,0,422.7,https://pleiades.stoa.org/places/707478,
pl-844992,Krenides,settlement,pin,41.49065,31.84095,-330,640,0,423.0,https://pleiades.stoa.org/places/844992,
pl-707491,Barbaros?/[Aoos]? (river),river,wash,35.25000,33.25000,-550,-30,0,423.1,https://pleiades.stoa.org/places/707491,
pl-708195,Untitled,aqueduct,wash,35.25000,33.25000,-30,300,0,423.1,https://pleiades.stoa.org/places/708195,
pl-710457,Untitled,spring,wash,35.25000,33.25000,,,0,423.1,https://pleiades.stoa.org/places/710457,
pl-648608,Col. Faustinopolis/Halala,settlement,pin,37.65940,34.72359,-30,640,0,423.6,https://pleiades.stoa.org/places/648608,
pl-599909,Psaropyrgos,"tomb, cemetery, temple-2",pin,36.78532,25.30924,,,0,423.6,https://pleiades.stoa.org/places/599909,
pl-599602,Dryos,settlement,pin,37.00648,25.22279,-550,-30,0,423.7,https://pleiades.stoa.org/places/599602,
pl-707517,Hierokepis,settlement,pin,34.75353,32.45111,-750,300,0,423.9,https://pleiades.stoa.org/places/707517,
pl-707440,Ag. Georgios,mine-2,pin,34.89600,32.72766,300,640,0,424.1,https://pleiades.stoa.org/places/707440,
pl-599608,Elytas (river),river,wash,37.06519,25.19847,,,0,424.1,https://pleiades.stoa.org/places/599608,
pl-599673,Ios (island),island,pin,36.71667,25.33333,1700,2100,0,424.1,https://pleiades.stoa.org/places/599673,
pl-599826,Nestos (river),river,wash,37.06519,25.19847,,,0,424.1,https://pleiades.stoa.org/places/599826,
pl-599943,Sounion (Paros),cape,wash,37.06519,25.19847,-30,300,0,424.1,https://pleiades.stoa.org/places/599943,
pl-606274,Asopos (river),"unlocated, river",wash,37.06519,25.19847,-30,300,0,424.1,https://pleiades.stoa.org/places/606274,
pl-599868,Paros (island),island,pin,37.06372,25.19813,1700,2100,0,424.2,https://pleiades.stoa.org/places/599868,
pl-656052375,Pachyammos sanctuary,"sanctuary, archaeological-site",pin,34.73602,32.43553,-330,2099,0,424.8,https://pleiades.stoa.org/places/656052375,
pl-599802,Monolithos,settlement,pin,36.41015,25.48057,-750,-30,0,424.9,https://pleiades.stoa.org/places/599802,
pl-402912540,Vounous-Bellapais,"cemetery, settlement-modern",pin,35.30651,33.35322,,,0,425.0,https://pleiades.stoa.org/places/402912540,
pl-599741,Kynthos (mountain),"mountain, label",pin,37.11802,25.17188,,,0,425.0,https://pleiades.stoa.org/places/599741,
pl-707484,Arsinoe?,settlement,pin,34.73976,32.44991,-330,1999,0,425.1,https://pleiades.stoa.org/places/707484,
pl-599604,"Eileithyaia, Zeus Hypatos, Aphrodite?, T.","ruin, sanctuary",pin,37.10066,25.17631,-750,300,0,425.1,https://pleiades.stoa.org/places/599604,
pl-707488,"Athena, T.",sanctuary,pin,34.98361,32.89886,-550,-330,0,425.3,https://pleiades.stoa.org/places/707488,
pl-599512,Archilocheion,"sanctuary, archaeological-site, settlement-modern",pin,37.08866,25.17362,-750,2099,0,425.6,https://pleiades.stoa.org/places/599512,
pl-707589,Noumenion/Hiera et Cepia? (islands),"island, label",pin,34.72500,32.43750,-330,2100,0,425.9,https://pleiades.stoa.org/places/707589,
pl-619149,Diokaisareia,settlement,pin,38.43030,34.73965,-30,640,0,426.0,https://pleiades.stoa.org/places/619149,
pl-599788,Marpessa (mountain),mountain,pin,37.04694,25.18000,1700,2100,0,426.2,https://pleiades.stoa.org/places/599788,
pl-204600749,Vounous Cemetery (Cyprus),cemetery,pin,35.30400,33.37602,-3000,-2000,0,426.6,https://pleiades.stoa.org/places/204600749,
pl-599586,Delion,sanctuary,pin,37.10347,25.15482,-750,300,0,426.8,https://pleiades.stoa.org/places/599586,
pl-501668,*Zorlanae,station,pin,40.85864,26.63531,300,1999,0,426.9,https://pleiades.stoa.org/places/501668,
pl-599579,Columbus,cemetery,pin,36.47416,25.41775,-550,-330,0,427.1,https://pleiades.stoa.org/places/599579,
pl-599834,Oia,settlement,pin,36.36733,25.47761,-750,640,0,427.2,https://pleiades.stoa.org/places/599834,
pl-649308,Untitled,aqueduct,wash,36.25000,34.25000,-30,640,0,427.2,https://pleiades.stoa.org/places/649308,
pl-599971,Thera,"settlement, archaeological-site",pin,36.36328,25.47843,-2000,640,0,427.3,https://pleiades.stoa.org/places/599971,
pl-619266,[Tamisos],settlement,pin,38.54172,34.73780,300,640,0,427.4,https://pleiades.stoa.org/places/619266,
pl-501439,Imbros (island),island,pin,40.16331,25.85671,-550,2100,0,427.5,https://pleiades.stoa.org/places/501439,
pl-484690690,Panagia Ekatontapiliani,church-2,pin,37.08493,25.15196,,,0,427.5,https://pleiades.stoa.org/places/484690690,
pl-599867,Paros (settlement),settlement,pin,37.08579,25.15073,-750,640,0,427.6,https://pleiades.stoa.org/places/599867,
pl-599692,Karterados,cemetery,pin,36.41137,25.44571,-330,300,0,427.7,https://pleiades.stoa.org/places/599692,
pl-306693502,Floga Sculpture Workshop (Paros),"building, archaeological-site",pin,37.08166,25.15176,-550,2099,0,427.7,https://pleiades.stoa.org/places/306693502,
pl-195325998,*Atuna,"unlocated, settlement",wash,38.14161,34.78688,-1000,-540,0,427.7,https://pleiades.stoa.org/places/195325998,
pl-309176138,Skarkos Hill,settlement,pin,36.73157,25.28307,-10000,-3300,0,427.7,https://pleiades.stoa.org/places/309176138,
pl-599628,Gonia,cemetery,pin,36.38789,25.45802,-750,300,0,427.8,https://pleiades.stoa.org/places/599628,
pl-599878,Perissa,settlement,pin,36.35763,25.47579,-750,300,0,427.8,https://pleiades.stoa.org/places/599878,
pl-845051,Psylla,settlement,pin,41.51453,31.91068,-30,640,0,427.9,https://pleiades.stoa.org/places/845051,
pl-619205,Mataza,settlement,pin,38.47874,34.75460,300,640,0,427.9,https://pleiades.stoa.org/places/619205,
pl-599672,Ios (settlement),"settlement, settlement-modern",pin,36.72313,25.28259,-750,2100,0,428.0,https://pleiades.stoa.org/places/599672,
pl-511331,‘Narco’,station,pin,41.34642,27.46904,300,640,0,428.0,https://pleiades.stoa.org/places/511331,
pl-707444,Ag. Leontios,villa,pin,34.71876,32.47679,300,640,0,428.3,https://pleiades.stoa.org/places/707444,
pl-599933,Sellada,cemetery,pin,36.35218,25.47178,-750,300,0,428.3,https://pleiades.stoa.org/places/599933,
pl-599973,Thera (island),island,pin,36.41667,25.43333,1700,2100,0,428.4,https://pleiades.stoa.org/places/599973,
pl-599797,"Meter Theon, T.",temple-2,pin,36.42192,25.42904,-550,300,0,428.5,https://pleiades.stoa.org/places/599797,
pl-511459,‘Utsurgae’,station,pin,41.51429,27.87321,300,640,0,428.5,https://pleiades.stoa.org/places/511459,
pl-599742,Kyra Panagia,cemetery,pin,36.47404,25.39859,-750,-550,0,428.6,https://pleiades.stoa.org/places/599742,
pl-599529,"Asklepieion, Thesmophorion?, Apollo, T.",sanctuary,pin,37.07812,25.14080,-750,300,0,428.7,https://pleiades.stoa.org/places/599529,
pl-501438,Imbros (settlement),"settlement, settlement-modern",pin,40.23330,25.90081,-750,2100,0,428.7,https://pleiades.stoa.org/places/501438,
pl-599541,"Athena, Zeus?, T.","sanctuary, temple-2",pin,36.43200,25.41800,-550,300,0,428.9,https://pleiades.stoa.org/places/599541,
pl-619170,[Hagios Prokopios],church,pin,38.65537,34.73448,300,640,0,429.1,https://pleiades.stoa.org/places/619170,
pl-619261,Soanda,station,pin,39.29950,34.52016,-30,300,0,429.1,https://pleiades.stoa.org/places/619261,
pl-707639,Trogodos (mountain),"mountain, label",pin,34.93212,32.88681,-330,2100,0,429.2,https://pleiades.stoa.org/places/707639,
pl-648600,Cilicia Pedias,region,wash,36.74006,34.53922,-1000,640,0,429.2,https://pleiades.stoa.org/places/648600,
pl-648781,Soloi/Pompeiopolis,"settlement, archaeological-site, port",pin,36.74006,34.53922,-750,1999,0,429.2,https://pleiades.stoa.org/places/648781,
pl-501510,"Megaloi Theoi (sanctuary, Imbros)","ruin, sanctuary, temple-2",pin,40.20994,25.87342,-550,1999,0,429.2,https://pleiades.stoa.org/places/501510,
pl-847113,Untitled,road,wash,41.00000,33.00000,-30,640,0,429.4,https://pleiades.stoa.org/places/847113,
pl-847114,Untitled,road,wash,41.00000,33.00000,-30,640,0,429.4,https://pleiades.stoa.org/places/847114,
pl-847115,Untitled,road,wash,41.00000,33.00000,-30,640,0,429.4,https://pleiades.stoa.org/places/847115,
pl-847117,Untitled,road,wash,41.00000,33.00000,-330,640,0,429.4,https://pleiades.stoa.org/places/847117,
pl-847118,Untitled,road,wash,41.00000,33.00000,-30,640,0,429.4,https://pleiades.stoa.org/places/847118,
pl-847119,Untitled,road,wash,41.00000,33.00000,-30,640,0,429.4,https://pleiades.stoa.org/places/847119,
pl-847121,Untitled,road,wash,41.00000,33.00000,-30,300,0,429.4,https://pleiades.stoa.org/places/847121,
pl-847122,Untitled,road,wash,41.00000,33.00000,-30,640,0,429.4,https://pleiades.stoa.org/places/847122,
pl-707490,"Baal-Hamman, T.",sanctuary,pin,35.10122,33.15302,-750,-550,0,429.5,https://pleiades.stoa.org/places/707490,
pl-599820,Naxiakos? Sinus,water-open,wash,36.75000,25.25000,,,0,429.7,https://pleiades.stoa.org/places/599820,
pl-844858,Anadynata,settlement,pin,40.85377,33.22543,300,640,0,430.1,https://pleiades.stoa.org/places/844858,
pl-507364,Alopeconnesus (island),"unlocated, island",wash,40.39088,26.02865,-30,300,0,430.2,https://pleiades.stoa.org/places/507364,
pl-599611,Emporion,cemetery,pin,36.35730,25.44401,-330,300,0,430.3,https://pleiades.stoa.org/places/599611,
pl-619206,[Matiane],settlement,pin,38.65399,34.75133,300,640,0,430.5,https://pleiades.stoa.org/places/619206,
pl-707644,Zephyrion Pr.,cape,pin,34.70400,32.49400,-330,2099,0,430.5,https://pleiades.stoa.org/places/707644,
pl-707540,Kokkinovouno,mine-2,pin,34.87366,32.81479,-30,640,0,430.6,https://pleiades.stoa.org/places/707540,
pl-599814,Myrsineai,settlement,pin,37.04847,25.12734,300,640,0,430.6,https://pleiades.stoa.org/places/599814,
pl-619191,Korama,settlement,pin,38.65521,34.75362,300,640,0,430.7,https://pleiades.stoa.org/places/619191,
pl-815794667,Mikro Kameni,island,pin,36.41100,25.40700,1700,2100,0,430.8,https://pleiades.stoa.org/places/815794667,
pl-707582,Mitsero,mine-2,pin,35.04165,33.09996,-750,640,0,431.5,https://pleiades.stoa.org/places/707582,
pl-844988,*Kobara,settlement,pin,40.55804,33.61589,300,640,0,431.6,https://pleiades.stoa.org/places/844988,
pl-199559843,Nea Kameni,island,pin,36.40475,25.39834,1700,2100,0,431.7,https://pleiades.stoa.org/places/199559843,
pl-808255902,Santorini Archipelago,archipelago,pin,36.40000,25.40000,-550,2100,0,431.8,https://pleiades.stoa.org/places/808255902,
pl-599607,Eleusis,"settlement, settlement-modern",pin,36.33840,25.43519,-550,2099,0,431.9,https://pleiades.stoa.org/places/599607,
pl-619155,Enehil,settlement,pin,38.13836,34.83790,-30,640,0,432.2,https://pleiades.stoa.org/places/619155,
pl-844889,Çavuşlar,settlement,pin,41.18829,32.73835,-330,300,0,432.3,https://pleiades.stoa.org/places/844889,
pl-12504073,Yumuktepe,settlement,pin,36.80126,34.60414,-10000,2100,0,432.4,https://pleiades.stoa.org/places/12504073,
pl-648555,Mersin-Yumuktepe,"settlement, tell",pin,36.80126,34.60414,-10000,2100,0,432.4,https://pleiades.stoa.org/places/648555,
pl-905386158,Caimeni,island,wash,36.40064,25.39235,1513,1918,0,432.4,https://pleiades.stoa.org/places/905386158,
pl-511206,[Charioupolis],settlement,pin,41.21411,27.10560,1500,1599,0,432.5,https://pleiades.stoa.org/places/511206,
pl-619274,Topaklı,settlement,pin,39.02652,34.67097,-330,640,0,432.6,https://pleiades.stoa.org/places/619274,
pl-590037,Sam(m)onion (promontory),cape,pin,35.31606,26.31135,-330,2100,0,432.8,https://pleiades.stoa.org/places/590037,
pl-89922848,Souskiou-Vathyrkakas Cemetery,cemetery,pin,34.72425,32.58644,-3000,-2000,0,432.9,https://pleiades.stoa.org/places/89922848,
pl-619230,Ouenasa,settlement,pin,38.72306,34.76599,-30,640,0,433.1,https://pleiades.stoa.org/places/619230,
pl-511404,Salmydessos (settlement),"settlement, settlement-modern",pin,41.63475,28.09573,-330,2099,0,433.2,https://pleiades.stoa.org/places/511404,
pl-678427807,Saliagos,island,pin,37.04807,25.09583,2000,2099,0,433.3,https://pleiades.stoa.org/places/678427807,
pl-589718,"Athena, T.",sanctuary,pin,35.30699,26.31222,-330,300,0,433.4,https://pleiades.stoa.org/places/589718,
pl-707452,Agrokipia,mine-2,pin,35.04406,33.14087,-750,300,0,433.6,https://pleiades.stoa.org/places/707452,
pl-648567,Aquae Calidae,station,pin,37.50694,34.81714,-30,300,0,433.6,https://pleiades.stoa.org/places/648567,
pl-599979,Palaia Kameni,"island, label",pin,36.39739,25.37952,-30,2100,0,433.6,https://pleiades.stoa.org/places/599979,
pl-194521550,Palea Kameni,island,pin,36.39739,25.37952,1700,2100,0,433.6,https://pleiades.stoa.org/places/194521550,
pl-451513645,Kastro Phaneromenis/Kastro Kochylou,"fort-2, castle, archaeological-site",pin,37.79931,24.94858,1200,1299,0,433.7,https://pleiades.stoa.org/places/451513645,
pl-599478,Akrotiri,settlement,pin,36.35153,25.40374,-750,-30,0,433.8,https://pleiades.stoa.org/places/599478,
pl-707626,Styllarka,settlement,pin,34.69771,32.55449,-750,640,0,433.9,https://pleiades.stoa.org/places/707626,
pl-828989863,Sanctuary of Aphrodite Paphia,sanctuary,pin,34.70683,32.57361,,,0,433.9,https://pleiades.stoa.org/places/828989863,
pl-596828152,Andros (medieval fortification),"ruin, settlement-modern",pin,37.84088,24.94353,1000,1799,0,433.9,https://pleiades.stoa.org/places/596828152,
pl-589961,Onysia (island),island,pin,35.27314,26.34064,-330,2100,0,434.2,https://pleiades.stoa.org/places/589961,
pl-511142,Agrianes/Erginos (river),river,pin,41.28938,27.21379,-550,2100,0,434.2,https://pleiades.stoa.org/places/511142,
pl-619271,Therma,station,pin,39.62983,34.41342,-30,300,0,434.3,https://pleiades.stoa.org/places/619271,
pl-707596,(Palai)Paphos,settlement,pin,34.70533,32.57909,-750,640,0,434.3,https://pleiades.stoa.org/places/707596,
pl-599975,Therasia?,settlement,pin,36.45240,25.34008,-750,300,0,434.3,https://pleiades.stoa.org/places/599975,
pl-844926,Gangra,settlement,pin,40.60134,33.61342,-330,2099,0,434.6,https://pleiades.stoa.org/places/844926,
pl-648670,Kilikiai Pylai,"cultural-landscape, pass",pin,37.28514,34.78625,-550,2100,0,434.7,https://pleiades.stoa.org/places/648670,
pl-501388,Colla,station,pin,40.79713,26.42059,-30,640,0,434.8,https://pleiades.stoa.org/places/501388,
pl-599974,Therasia (island),island,pin,36.43376,25.34264,-30,2100,0,434.9,https://pleiades.stoa.org/places/599974,
pl-844953,İlbarut,settlement,pin,41.18776,32.79364,-30,640,0,435.0,https://pleiades.stoa.org/places/844953,
pl-648810,Zephyrion/Hadrianopolis,settlement,pin,36.80864,34.63807,-6000,2000,0,435.0,https://pleiades.stoa.org/places/648810,
pl-607256548,Panaghia Koimisis,settlement,pin,36.41323,25.35033,-3000,2099,0,435.2,https://pleiades.stoa.org/places/607256548,
pl-511171,Asticus (mountain),"mountain, label",pin,41.61017,27.95878,-30,1999,0,435.2,https://pleiades.stoa.org/places/511171,
pl-648592,Caena,station,pin,37.53139,34.84248,300,640,0,435.4,https://pleiades.stoa.org/places/648592,
pl-601739,Untitled,cemetery,pin,36.41464,25.34515,-330,300,0,435.5,https://pleiades.stoa.org/places/601739,
pl-844969,Karakoyunlu,settlement,pin,41.14371,32.88042,-330,640,0,435.6,https://pleiades.stoa.org/places/844969,
pl-844888,Cappadox? (river),river,pin,39.88275,34.27107,-30,2100,0,435.7,https://pleiades.stoa.org/places/844888,
pl-501445,Kainike,label,pin,41.02380,26.72336,,,0,435.7,https://pleiades.stoa.org/places/501445,
pl-707629,Teratsia/Akhini,settlement,pin,34.68678,32.58335,-750,640,0,436.3,https://pleiades.stoa.org/places/707629,
pl-707558,Ledroi/Leuke Ousia,settlement,pin,35.15717,33.34730,-1200,2100,0,436.5,https://pleiades.stoa.org/places/707558,
pl-707622,Skales,cemetery,pin,34.68818,32.59052,-750,-30,0,436.5,https://pleiades.stoa.org/places/707622,
pl-649638685,Tırmıl Tepe Höyüğü,"settlement, tell",pin,36.82593,34.66217,-6200,2099,0,436.5,https://pleiades.stoa.org/places/649638685,
pl-218806479,Aspronisi,island,pin,36.38350,25.34782,1700,2100,0,436.7,https://pleiades.stoa.org/places/218806479,
pl-619262,Soandos,settlement,pin,38.34429,34.87891,-30,640,0,437.2,https://pleiades.stoa.org/places/619262,
pl-707471,"Aphrodite Paphia, T.",sanctuary,pin,35.25725,33.48793,-750,300,0,437.2,https://pleiades.stoa.org/places/707471,
pl-599645,Hiera/Automate (island),"island, label",pin,36.39860,25.33010,-330,640,0,437.5,https://pleiades.stoa.org/places/599645,
pl-648731,Panhormus?/Pylai,station,pin,37.24008,34.81022,-30,640,0,437.7,https://pleiades.stoa.org/places/648731,
pl-204612618,Theater of Tios,theatre,pin,41.56822,32.03442,-30,300,0,437.9,https://pleiades.stoa.org/places/204612618,
pl-845001,Laziane,"labeled feature, label",pin,40.54784,33.72413,300,640,0,438.0,https://pleiades.stoa.org/places/845001,
pl-707538,Klirou,mine-2,pin,35.02121,33.18419,-750,640,0,438.0,https://pleiades.stoa.org/places/707538,
pl-590066,Syros,settlement-modern,pin,37.44457,24.94232,-750,2100,0,438.0,https://pleiades.stoa.org/places/590066,
pl-30347987,Kastri (Syros),settlement,pin,37.49068,24.93421,-3000,-2000,0,438.0,https://pleiades.stoa.org/places/30347987,
pl-30347988,Chalandriani,"cemetery, settlement-modern",pin,37.48477,24.93574,-3000,2100,0,438.0,https://pleiades.stoa.org/places/30347988,
pl-845084,Tios/Tieion,"bridge, settlement",pin,41.57117,32.03151,-330,2100,0,438.1,https://pleiades.stoa.org/places/845084,
pl-619263,[Sobesos],settlement,pin,38.48000,34.87141,300,640,0,438.1,https://pleiades.stoa.org/places/619263,
pl-589958,Oliaros (island),island,pin,36.99512,25.05653,-30,2100,0,438.1,https://pleiades.stoa.org/places/589958,
pl-707466,(A)Nogyra,settlement,pin,34.73996,32.72774,-30,640,0,438.3,https://pleiades.stoa.org/places/707466,
pl-707496,Chyt(h)roi,settlement,pin,35.24577,33.49069,-750,300,0,438.3,https://pleiades.stoa.org/places/707496,
pl-707615,Rantidi,sanctuary,pin,34.68559,32.62442,-750,1999,0,438.3,https://pleiades.stoa.org/places/707615,
pl-511190,Bizye,settlement,pin,41.57270,27.76529,-330,2100,0,438.3,https://pleiades.stoa.org/places/511190,
pl-971703785,Bizye Roman amphitheater,amphitheatre,pin,41.57380,27.76950,-30,300,0,438.3,https://pleiades.stoa.org/places/971703785,
pl-707528,Kato Dephtera,cemetery,pin,35.08615,33.28304,-750,-550,0,438.4,https://pleiades.stoa.org/places/707528,
pl-511185,Berg(o)ule/Arkadioupolis,settlement,pin,41.40174,27.35270,-30,640,0,438.4,https://pleiades.stoa.org/places/511185,
pl-707447,Ag. Nikolaos,labeled feature,wash,34.75000,32.75000,-30,640,0,438.5,https://pleiades.stoa.org/places/707447,
pl-707619,Satrachos? (river),river,wash,34.75000,32.75000,-330,640,0,438.5,https://pleiades.stoa.org/places/707619,
pl-707637,Tretous? Pr.,cape,wash,34.75000,32.75000,-330,640,0,438.5,https://pleiades.stoa.org/places/707637,
pl-998569132,Göreme National Park and the Rock Sites of Cappadocia,"cultural-landscape, region",pin,38.65841,34.84479,1700,2100,0,438.6,https://pleiades.stoa.org/places/998569132,
pl-707448,Ag. Stephanos,church,pin,34.76581,32.78671,300,640,0,438.9,https://pleiades.stoa.org/places/707448,
pl-707474,"Apollo Agyates, T.",sanctuary,pin,35.23359,33.48925,-750,-30,0,439.2,https://pleiades.stoa.org/places/707474,
pl-589763,Dionysiades (islands),"archipelago, island",pin,35.34328,26.17564,-330,2100,0,439.4,https://pleiades.stoa.org/places/589763,
pl-707605,Pediaios (river),river,pin,35.08485,33.29939,-330,2100,0,439.5,https://pleiades.stoa.org/places/707605,
pl-589824,Itanos,"settlement, archaeological-site",pin,35.26326,26.26298,-750,2099,0,439.9,https://pleiades.stoa.org/places/589824,
pl-844976,Kaukones (Bithynia/Paphlagonia),"label, people",pin,41.47449,32.32334,-750,-330,0,440.1,https://pleiades.stoa.org/places/844976,
pl-707570,Makaria,settlement,pin,35.36220,33.65723,-750,640,0,440.2,https://pleiades.stoa.org/places/707570,
pl-648578,Aulai?,settlement,pin,36.81108,34.70198,300,640,0,440.3,https://pleiades.stoa.org/places/648578,
pl-707449,Ag. Theodoros,cemetery,pin,34.89387,33.03246,-30,300,0,440.4,https://pleiades.stoa.org/places/707449,
pl-844868,Asağı Güney,tomb,pin,41.18520,32.90324,-330,-30,0,440.5,https://pleiades.stoa.org/places/844868,
pl-501437,Ilissos? (river),river,wash,40.25000,25.75000,,,0,440.6,https://pleiades.stoa.org/places/501437,
pl-619250,Sacoena,station,pin,39.08097,34.74798,-30,300,0,440.7,https://pleiades.stoa.org/places/619250,
pl-707628,Tamassos,settlement,pin,35.02963,33.24443,-750,1453,0,440.8,https://pleiades.stoa.org/places/707628,
pl-358823155,Göltepe,"settlement, hill, mine-2",pin,37.80160,34.93496,-3000,-2000,0,441.0,https://pleiades.stoa.org/places/358823155,
pl-590067,Syros (island),island,pin,37.43287,24.90946,-30,2100,0,441.0,https://pleiades.stoa.org/places/590067,
pl-590097,Zagora,settlement,pin,37.77442,24.86610,-750,-30,0,441.0,https://pleiades.stoa.org/places/590097,
pl-707472,"Aphrodite, T.",sanctuary,pin,34.98781,33.19107,-750,-330,0,441.2,https://pleiades.stoa.org/places/707472,
pl-648742,Podandus,settlement,pin,37.42580,34.89117,-2000,640,0,441.2,https://pleiades.stoa.org/places/648742,
pl-707465,Androklou Oikos,villa,pin,35.13977,33.40528,-330,-30,0,441.4,https://pleiades.stoa.org/places/707465,
pl-589693,Andros (island),island,pin,37.85546,24.85341,-330,2100,0,441.7,https://pleiades.stoa.org/places/589693,
pl-589823,Itanon Pr.,cape,wash,35.25000,26.25000,,,0,441.7,https://pleiades.stoa.org/places/589823,
pl-589843,Karymai? Sinus,water-open,wash,35.25000,26.25000,-330,-30,0,441.7,https://pleiades.stoa.org/places/589843,
pl-589985,*Petra?,unknown,wash,35.25000,26.25000,-750,-30,0,441.7,https://pleiades.stoa.org/places/589985,
pl-590042,Sedamnos? (river),river,wash,35.25000,26.25000,-330,-30,0,441.7,https://pleiades.stoa.org/places/590042,
pl-482028558,Tsimintiri Archaic Site,"island, sanctuary, architecturalcomplex, archaeological-site",pin,36.97552,25.02090,-750,-550,0,441.7,https://pleiades.stoa.org/places/482028558,
pl-392437876,Tsimintiri island,island,pin,36.97586,25.01872,-3100,2099,0,441.8,https://pleiades.stoa.org/places/392437876,
pl-172140914,Apliki,"settlement, settlement-modern",pin,34.93098,33.11722,2000,2099,0,441.9,https://pleiades.stoa.org/places/172140914,
pl-392437877,Strophilas ,"archaeological-site, cape",pin,37.78033,24.85576,-10000,-3300,0,441.9,https://pleiades.stoa.org/places/392437877,
pl-854812387,Mandra (Despotiko),"sanctuary, archaeological-site, architecturalcomplex",pin,36.97026,25.01547,-850,2099,0,442.3,https://pleiades.stoa.org/places/854812387,
pl-707498,Cyprus (island),island,wash,34.99544,33.22247,-720,2100,0,442.4,https://pleiades.stoa.org/places/707498,
pl-707468,Aphrodision,settlement,pin,35.39943,33.73650,-330,640,0,442.6,https://pleiades.stoa.org/places/707468,
pl-707590,Nymphaion,sanctuary,pin,35.13044,33.41577,-330,-30,0,442.7,https://pleiades.stoa.org/places/707590,
pl-590047,Sikinos (island),island,pin,36.67890,25.12252,-30,2100,0,442.9,https://pleiades.stoa.org/places/590047,
pl-707475,"Apollo Alasiotas, T.",sanctuary,pin,35.02014,33.27824,-750,-30,0,443.5,https://pleiades.stoa.org/places/707475,
pl-590012,Prepesinthos (island),island,pin,36.96195,25.00143,-30,2100,0,443.7,https://pleiades.stoa.org/places/590012,
pl-619195,Kyzistra,settlement,pin,38.35083,34.95727,-30,640,0,444.1,https://pleiades.stoa.org/places/619195,
pl-589692,Andros (settlement),"settlement, archaeological-site, settlement-modern",pin,37.81568,24.82650,-1000,2100,0,444.2,https://pleiades.stoa.org/places/589692,
pl-589790,Galessos,settlement,pin,37.42000,24.87500,-750,-30,0,444.2,https://pleiades.stoa.org/places/589790,
pl-590100,"Zeus Diktaios, T./Eleia?","settlement, sanctuary",pin,35.19641,26.27598,-2000,300,0,444.2,https://pleiades.stoa.org/places/590100,
pl-707445,Ag. Mavri,church,pin,34.77857,32.91478,300,640,0,444.3,https://pleiades.stoa.org/places/707445,
pl-258569489,Roussolakkos,architecturalcomplex,pin,35.19511,26.27553,-3000,2099,0,444.3,https://pleiades.stoa.org/places/258569489,
pl-707580,Melandryna,settlement,pin,35.40886,33.77867,-330,640,0,444.8,https://pleiades.stoa.org/places/707580,
pl-648755,Regma/Rogmoi,lake,wash,36.97383,34.81815,-330,640,0,445.0,https://pleiades.stoa.org/places/648755,
pl-511458,‘Urisio’,station,pin,41.41929,27.23801,300,640,0,445.3,https://pleiades.stoa.org/places/511458,
pl-213924739,"Palaikastro, Crete",settlement-modern,pin,35.19758,26.25417,1700,2100,0,445.5,https://pleiades.stoa.org/places/213924739,
pl-589778,Episkopi,archaeological-site,pin,36.66969,25.09239,-30,300,0,445.7,https://pleiades.stoa.org/places/589778,
pl-501602,Sarpedon (promontory in Thrace),cape,pin,40.64018,26.06121,1700,2100,0,445.7,https://pleiades.stoa.org/places/501602,
pl-657559696,Marki Alonia,"settlement, settlement-modern",pin,35.02364,33.32598,,,0,446.0,https://pleiades.stoa.org/places/657559696,
pl-590046,Sikinos (settlement),"church-2, settlement",pin,36.66161,25.08911,-750,2099,0,446.3,https://pleiades.stoa.org/places/590046,
pl-650812,Untitled,canal,wash,36.75000,34.75000,300,640,0,446.3,https://pleiades.stoa.org/places/650812,
pl-707607,Petrera,church,pin,35.23141,33.60224,300,640,0,446.4,https://pleiades.stoa.org/places/707607,
pl-164241958,Paliotaverna,settlement,pin,34.75834,32.92192,-1600,-1200,0,446.5,https://pleiades.stoa.org/places/164241958,
pl-164241957,Pano Mantilaris,settlement,pin,34.75762,32.92458,-1600,-1200,0,446.7,https://pleiades.stoa.org/places/164241957,
pl-501489,Kypsela,settlement,pin,40.92451,26.39205,-550,2099,0,446.7,https://pleiades.stoa.org/places/501489,
pl-707612,Phrourion?/Boosoura? (promontory),cape,pin,34.64156,32.71663,-330,2100,0,446.8,https://pleiades.stoa.org/places/707612,
pl-589811,Hypsele,"settlement, acropolis, archaeological-site",pin,37.84236,24.79461,-1000,2099,0,446.9,https://pleiades.stoa.org/places/589811,
pl-550411,Ag. Sophia,"tower-defensive, settlement",pin,39.83008,25.34586,-550,-30,0,447.2,https://pleiades.stoa.org/places/550411,
pl-560221,Aegaeum Mare,water-open,wash,38.91396,24.91724,-550,2100,0,447.5,https://pleiades.stoa.org/places/560221,
pl-845023,Mokata?,settlement,pin,41.61294,32.17035,-330,-30,0,447.5,https://pleiades.stoa.org/places/845023,
pl-619225,Ochras,station,pin,38.93012,34.88665,-30,300,0,448.2,https://pleiades.stoa.org/places/619225,
pl-422676686,Poliochne,settlement,pin,39.85374,25.34303,-3000,-1000,0,448.6,https://pleiades.stoa.org/places/422676686,
pl-648704,Ma(m)psoukrenai,"station, settlement-modern",pin,37.08039,34.89651,-30,2099,0,448.8,https://pleiades.stoa.org/places/648704,
pl-589759,Dikte (mountain),"mountain, label",pin,35.18998,26.20921,-330,300,0,448.9,https://pleiades.stoa.org/places/589759,
pl-707641,Vounari,"sanctuary, architecturalcomplex",pin,35.41041,33.84414,-750,300,0,449.0,https://pleiades.stoa.org/places/707641,
pl-648615,Cydnus (river),river,pin,36.96182,34.86230,-30,2100,0,449.1,https://pleiades.stoa.org/places/648615,
pl-550613,Kaminia,cemetery,pin,39.84858,25.32842,-550,-330,0,449.4,https://pleiades.stoa.org/places/550613,
pl-707613,Platani,settlement,pin,35.32065,33.76233,-750,640,0,450.1,https://pleiades.stoa.org/places/707613,
pl-844894,Chele Pr.,cape,wash,41.50000,32.50000,300,640,0,450.2,https://pleiades.stoa.org/places/844894,
pl-845016,Meles (river),river,wash,41.50000,32.50000,-30,300,0,450.2,https://pleiades.stoa.org/places/845016,
pl-845050,Psilis/Papanios (river),river,wash,41.50000,32.50000,300,640,0,450.2,https://pleiades.stoa.org/places/845050,
pl-845604,Untitled,aqueduct,wash,41.50000,32.50000,-30,640,0,450.2,https://pleiades.stoa.org/places/845604,
pl-846360,Untitled,bridge,wash,41.50000,32.50000,-30,300,0,450.2,https://pleiades.stoa.org/places/846360,
pl-707565,Lykos (river),river,pin,34.71548,32.91892,-330,2099,0,450.2,https://pleiades.stoa.org/places/707565,
pl-707572,Mandres,settlement,pin,35.33861,33.78524,-750,1999,0,450.3,https://pleiades.stoa.org/places/707572,
pl-501337,Ainos,settlement,pin,40.72490,26.08573,-550,2100,0,450.3,https://pleiades.stoa.org/places/501337,
pl-707576,Mathiatis,mine-2,pin,34.98177,33.34115,-750,640,0,450.4,https://pleiades.stoa.org/places/707576,
pl-97218909,Erimi Laonin tou Porakou,"production, settlement",pin,34.71212,32.92348,-3000,-1000,0,450.7,https://pleiades.stoa.org/places/97218909,
pl-707476,"Apollo Hylates, T.",sanctuary,pin,34.67271,32.86360,-750,300,0,451.2,https://pleiades.stoa.org/places/707476,
pl-707609,Philoitos?,settlement,pin,35.07801,33.48793,-330,640,0,451.3,https://pleiades.stoa.org/places/707609,
pl-707645,"Zeus Labranios, T.",sanctuary,pin,34.75824,33.01416,-750,640,0,451.3,https://pleiades.stoa.org/places/707645,
pl-589758,Didymoi? Sinus,water-open,pin,35.20801,26.14550,1900,2099,0,451.5,https://pleiades.stoa.org/places/589758,
pl-511432,Tearos (river),river,pin,41.63437,27.57929,1700,2100,0,451.6,https://pleiades.stoa.org/places/511432,
pl-707501,Davlos,settlement,pin,35.42048,33.89448,-30,640,0,451.7,https://pleiades.stoa.org/places/707501,
pl-589791,Gaurion,"settlement, port, settlement-modern",pin,37.88456,24.73759,-550,2099,0,451.7,https://pleiades.stoa.org/places/589791,
pl-707480,"Apollo, T.",sanctuary,pin,35.04562,33.45344,-750,-30,0,451.8,https://pleiades.stoa.org/places/707480,
pl-707635,Trakhonas,temple,pin,35.38755,33.86049,-550,-30,0,451.8,https://pleiades.stoa.org/places/707635,
pl-502842,"Unnamed bridge over Hebros river, near *Dymae",bridge,pin,40.93397,26.31985,-30,640,0,451.8,https://pleiades.stoa.org/places/502842,
pl-589765,Dragmos?,settlement,pin,35.18840,26.16162,-750,-30,0,452.0,https://pleiades.stoa.org/places/589765,
pl-589864,‘Ketia’? Pr.,cape,pin,35.22430,26.11696,1700,2100,0,452.1,https://pleiades.stoa.org/places/589864,
pl-707519,Idalion,settlement,pin,35.01598,33.42394,-3000,-30,0,452.5,https://pleiades.stoa.org/places/707519,
pl-707562,Leukos Oikos,settlement,pin,35.25451,33.72486,-750,640,0,452.5,https://pleiades.stoa.org/places/707562,
pl-707460,Almyras,"production, archaeological-site, mine-2",pin,34.97703,33.37161,-750,-30,0,452.6,https://pleiades.stoa.org/places/707460,
pl-154948553,Tavium Theater,theatre,pin,39.85816,34.50707,-30,300,0,452.7,https://pleiades.stoa.org/places/154948553,
pl-650881089,Zakros,"palace-complex, settlement, architecturalcomplex",pin,35.09797,26.26081,-2000,2099,0,452.9,https://pleiades.stoa.org/places/650881089,
pl-511195,Burtudizon,settlement,pin,41.42793,27.09242,-30,640,0,452.9,https://pleiades.stoa.org/places/511195,
pl-707549,Kourion,"settlement, archaeological-site",pin,34.66543,32.88586,-750,2100,0,453.0,https://pleiades.stoa.org/places/707549,
pl-708194,Aqueducts supplying Kourion,aqueduct,wash,34.66539,32.88564,-30,640,0,453.0,https://pleiades.stoa.org/places/708194,
pl-511441,Thynoi,"labeled feature, label",pin,41.78284,27.95586,-750,-330,0,453.0,https://pleiades.stoa.org/places/511441,
pl-619275,Trokmoi,"label, people",pin,39.91025,34.47761,-330,640,0,453.1,https://pleiades.stoa.org/places/619275,
pl-622156,Mithridation,unlocated,wash,39.91025,34.47761,-330,300,0,453.1,https://pleiades.stoa.org/places/622156,
pl-707578,Mavrovounoi,temple,pin,34.95053,33.34298,-750,300,0,453.1,https://pleiades.stoa.org/places/707578,
pl-932787931,Ancient theater of Kourion,theatre,pin,34.66439,32.88778,-30,640,0,453.2,https://pleiades.stoa.org/places/932787931,
pl-589892,Lagousa (island),island,pin,36.63003,25.01801,-30,2100,0,453.3,https://pleiades.stoa.org/places/589892,
pl-590001,Trypitos,"settlement, archaeological-site",pin,35.19868,26.12975,-550,2099,0,453.3,https://pleiades.stoa.org/places/590001,
pl-707459,Alampria?,settlement,pin,34.98437,33.39597,-2000,640,0,453.4,https://pleiades.stoa.org/places/707459,
pl-648789,Tarsus/Antiochia ad Cydnum,"city-center, settlement, archaeological-site",pin,36.91404,34.89647,-1750,2000,0,453.4,https://pleiades.stoa.org/places/648789,
pl-619267,Taouion/Tabia,"settlement, settlement-modern",pin,39.85833,34.51833,-1450,2100,0,453.6,https://pleiades.stoa.org/places/619267,
pl-589683,Ampas,unknown,wash,34.75000,26.75000,-550,-30,0,453.9,https://pleiades.stoa.org/places/589683,
pl-589708,Argos?,unknown,wash,34.75000,26.75000,-330,300,0,453.9,https://pleiades.stoa.org/places/589708,
pl-589713,Asomata,unknown,wash,34.75000,26.75000,-330,1999,0,453.9,https://pleiades.stoa.org/places/589713,
pl-589732,Bigla,unknown,wash,34.75000,26.75000,-550,-30,0,453.9,https://pleiades.stoa.org/places/589732,
pl-589751,Damatria,unknown,wash,34.75000,26.75000,-30,300,0,453.9,https://pleiades.stoa.org/places/589751,
pl-589779,Eremokastro,unknown,wash,34.75000,26.75000,-330,-30,0,453.9,https://pleiades.stoa.org/places/589779,
pl-589780,Eremokastro,unknown,wash,34.75000,26.75000,,,0,453.9,https://pleiades.stoa.org/places/589780,
pl-589865,Khalospita,unknown,wash,34.75000,26.75000,,,0,453.9,https://pleiades.stoa.org/places/589865,
pl-589876,Kolympia,unknown,wash,34.75000,26.75000,300,640,0,453.9,https://pleiades.stoa.org/places/589876,
pl-589896,Lartos,unknown,wash,34.75000,26.75000,,,0,453.9,https://pleiades.stoa.org/places/589896,
pl-589915,Loryma Sinus,water-open,wash,34.75000,26.75000,,,0,453.9,https://pleiades.stoa.org/places/589915,
pl-589923,Mantra Boutouriou,unknown,wash,34.75000,26.75000,-550,-330,0,453.9,https://pleiades.stoa.org/places/589923,
pl-589928,Mesobounos,unknown,wash,34.75000,26.75000,-330,300,0,453.9,https://pleiades.stoa.org/places/589928,
pl-589930,Metropolite,unknown,wash,34.75000,26.75000,-750,640,0,453.9,https://pleiades.stoa.org/places/589930,
pl-589951,Napes,unknown,wash,34.75000,26.75000,300,640,0,453.9,https://pleiades.stoa.org/places/589951,
pl-589954,Nessos,unknown,wash,34.75000,26.75000,-330,-30,0,453.9,https://pleiades.stoa.org/places/589954,
pl-589963,Orthe,unknown,wash,34.75000,26.75000,-550,-330,0,453.9,https://pleiades.stoa.org/places/589963,
pl-589975,Panos Pr.,cape,wash,34.75000,26.75000,,,0,453.9,https://pleiades.stoa.org/places/589975,
pl-589977,Paradeisi,unknown,wash,34.75000,26.75000,-330,300,0,453.9,https://pleiades.stoa.org/places/589977,
pl-590041,Schedia Sinus,water-open,wash,34.75000,26.75000,,,0,453.9,https://pleiades.stoa.org/places/590041,
pl-590045,*Setaea/Etis,"settlement, settlement-modern",pin,35.20853,26.10825,-330,2099,0,453.9,https://pleiades.stoa.org/places/590045,
pl-590055,Soroni,unknown,wash,34.75000,26.75000,-330,-30,0,453.9,https://pleiades.stoa.org/places/590055,
pl-590062,Soura,unknown,wash,34.75000,26.75000,-750,-30,0,453.9,https://pleiades.stoa.org/places/590062,
pl-590077,Thermydon Sinus,"water-open, harbor",wash,34.75000,26.75000,,,0,453.9,https://pleiades.stoa.org/places/590077,
pl-591924,Untitled,cemetery,wash,34.75000,26.75000,-550,300,0,453.9,https://pleiades.stoa.org/places/591924,
pl-593435,Untitled,quarry,wash,34.75000,26.75000,,,0,453.9,https://pleiades.stoa.org/places/593435,
pl-139452454,Donuktaş,archaeological-site,pin,36.91655,34.90364,-30,300,0,453.9,https://pleiades.stoa.org/places/139452454,
pl-707442,Ag. Iakovos,settlement,pin,35.32275,33.82342,-750,300,0,454.0,https://pleiades.stoa.org/places/707442,
pl-550572,"Herakles, T.","sanctuary, temple-2",pin,39.90850,25.30990,-750,300,0,454.0,https://pleiades.stoa.org/places/550572,
pl-707510,Galounia,settlement,pin,35.44310,33.95312,-330,640,0,454.1,https://pleiades.stoa.org/places/707510,
pl-707621,Sia,mine-2,pin,34.95255,33.36749,-750,300,0,454.3,https://pleiades.stoa.org/places/707621,
pl-743218113,Petras Minoan Settlement,"palace-complex, settlement",pin,35.19749,26.11503,-3100,-1600,0,454.3,https://pleiades.stoa.org/places/743218113,
pl-599526,Ascania (island),"island, label",pin,36.24999,25.20337,1700,2100,0,454.4,https://pleiades.stoa.org/places/599526,
pl-707437,Achaion Akte,cape,wash,35.25000,33.75000,-330,640,0,454.5,https://pleiades.stoa.org/places/707437,
pl-708197,Untitled,aqueduct,wash,35.25000,33.75000,-30,640,0,454.5,https://pleiades.stoa.org/places/708197,
pl-290225049,Zakros villa,architecturalcomplex,pin,35.10728,26.21932,-2000,-1000,0,454.7,https://pleiades.stoa.org/places/290225049,
pl-845036,Parthenios (river),river,pin,41.63082,32.31171,-750,2099,0,454.9,https://pleiades.stoa.org/places/845036,
pl-222224043,Bozca,settlement-modern,pin,38.76229,35.00960,1700,2100,0,454.9,https://pleiades.stoa.org/places/222224043,
pl-550753,Mosychlos (mountain),"mountain, label",pin,39.92393,25.30505,,,0,455.1,https://pleiades.stoa.org/places/550753,
pl-550604,Kabeireion,sanctuary,pin,39.97935,25.34166,-750,300,0,455.2,https://pleiades.stoa.org/places/550604,
pl-501407,*Dymae,station,pin,40.93963,26.27120,-30,640,0,455.2,https://pleiades.stoa.org/places/501407,
pl-707512,Golgoi,settlement,pin,35.07314,33.54811,-1600,1999,0,455.4,https://pleiades.stoa.org/places/707512,
pl-962493324,Klimataria,"archaeological-site, architecturalcomplex",pin,35.19076,26.10367,-2000,-1000,0,455.5,https://pleiades.stoa.org/places/962493324,
pl-166049474,Mesaoria,plain,pin,35.16667,33.66667,1700,2100,0,455.5,https://pleiades.stoa.org/places/166049474,
pl-650059,Untitled,bridge,pin,36.92017,34.92561,300,2100,0,455.6,https://pleiades.stoa.org/places/650059,
pl-707513,Gy(...)?,settlement,pin,35.26163,33.78340,-330,640,0,455.8,https://pleiades.stoa.org/places/707513,
pl-645204823,Koukonesi,island,pin,39.88572,25.26738,-3000,2100,0,456.1,https://pleiades.stoa.org/places/645204823,
pl-845035,Parthenia,settlement,pin,41.63154,32.33898,-30,640,0,456.1,https://pleiades.stoa.org/places/845035,
pl-589797,Gyaros (island),island,pin,37.61004,24.70688,-30,2100,0,456.3,https://pleiades.stoa.org/places/589797,
pl-550569,Hephaistia,"sanctuary, settlement",pin,39.96458,25.31823,-750,1999,0,456.3,https://pleiades.stoa.org/places/550569,
pl-589777,Episkopi,settlement,pin,35.17690,26.10289,-30,300,0,456.6,https://pleiades.stoa.org/places/589777,
pl-501402,Doriskos,settlement,pin,40.87362,26.16401,-750,300,0,456.7,https://pleiades.stoa.org/places/501402,
pl-619178,Kampai?,settlement,pin,38.80076,35.02428,-30,640,0,456.9,https://pleiades.stoa.org/places/619178,
pl-707571,Malloura,"settlement, archaeological-site",pin,35.02531,33.51270,-750,300,0,457.0,https://pleiades.stoa.org/places/707571,
pl-707581,Melouchea,settlement,pin,35.06865,33.57226,-750,300,0,457.2,https://pleiades.stoa.org/places/707581,
pl-844939,Halmyros (river),river,pin,40.71923,33.82777,300,2099,0,457.3,https://pleiades.stoa.org/places/844939,
pl-589757,Didymoi (river),river,pin,35.17164,26.09809,1900,2099,0,457.3,https://pleiades.stoa.org/places/589757,
pl-907598626,Bera/Feres,settlement,pin,40.89419,26.17407,1200,2099,0,457.6,https://pleiades.stoa.org/places/907598626,
pl-707524,Kapsalaes,sanctuary,pin,34.84142,33.26250,-750,-30,0,457.6,https://pleiades.stoa.org/places/707524,
pl-550657,Kokkinos,settlement,pin,39.93876,25.28272,-550,-30,0,457.6,https://pleiades.stoa.org/places/550657,
pl-707542,Komissariato,sanctuary,pin,34.68512,33.01159,-750,-330,0,457.7,https://pleiades.stoa.org/places/707542,
pl-195824088,Theotokos Kosmosoteira,"church-2, fortified-church, mosque, monastery",pin,40.89400,26.17038,1200,2099,0,457.8,https://pleiades.stoa.org/places/195824088,
pl-144291814,Zou,villa,pin,35.15918,26.10510,-2000,-1000,0,457.8,https://pleiades.stoa.org/places/144291814,
pl-845043,"Poseidon, T.",sanctuary,pin,41.68680,32.25071,-30,300,0,458.0,https://pleiades.stoa.org/places/845043,
pl-707546,Kornos?,settlement,pin,34.92441,33.39231,-750,-30,0,458.1,https://pleiades.stoa.org/places/707546,
pl-540589,Achilleion Sinus,water-open,wash,38.75000,24.75000,,,0,458.1,https://pleiades.stoa.org/places/540589,
pl-707541,Komi,settlement,pin,35.42662,33.99799,-330,300,0,458.3,https://pleiades.stoa.org/places/707541,
pl-709702,Unnamed road,road,wash,35.00000,33.50000,-30,640,0,458.3,https://pleiades.stoa.org/places/709702,
pl-709703,Untitled,road,wash,35.00000,33.50000,-30,640,0,458.3,https://pleiades.stoa.org/places/709703,
pl-709704,Untitled,road,wash,35.00000,33.50000,-30,640,0,458.3,https://pleiades.stoa.org/places/709704,
pl-709706,Untitled,road,wash,35.00000,33.50000,-330,640,0,458.3,https://pleiades.stoa.org/places/709706,
pl-709707,Untitled,road,wash,35.00000,33.50000,-330,640,0,458.3,https://pleiades.stoa.org/places/709707,
pl-709708,Untitled,road,wash,35.00000,33.50000,-330,640,0,458.3,https://pleiades.stoa.org/places/709708,
pl-709710,Untitled,road,wash,35.00000,33.50000,-330,640,0,458.3,https://pleiades.stoa.org/places/709710,
pl-709711,Untitled,road,wash,35.00000,33.50000,-330,640,0,458.3,https://pleiades.stoa.org/places/709711,
pl-707470,Aphrodite Golgia,sanctuary,pin,35.08738,33.62007,-750,1999,0,458.7,https://pleiades.stoa.org/places/707470,
pl-707479,Ayios Photios,sanctuary,pin,35.05626,33.58113,-750,300,0,458.7,https://pleiades.stoa.org/places/707479,
pl-707636,Tremithous,settlement,pin,35.07241,33.60377,-330,640,0,458.9,https://pleiades.stoa.org/places/707636,
pl-707482,Ardana,settlement,pin,35.32199,33.90494,-750,640,0,459.4,https://pleiades.stoa.org/places/707482,
pl-550798,Palaio Pretorio,"well, temple-2",pin,39.93652,25.25518,-750,300,0,459.6,https://pleiades.stoa.org/places/550798,
pl-589686,Ampelos,settlement,pin,35.03820,26.22861,-330,300,0,459.6,https://pleiades.stoa.org/places/589686,
pl-11729536,Platyskinos Tholos Tomb,tomb,pin,35.16101,26.07290,-1600,2099,0,459.7,https://pleiades.stoa.org/places/11729536,
pl-598359947,Platyskinos (settlement),settlement,pin,35.15986,26.07301,-1600,-1080,0,459.8,https://pleiades.stoa.org/places/598359947,
pl-707587,Neapolis/Theodosias,settlement,pin,34.67624,33.03963,-750,2100,0,459.9,https://pleiades.stoa.org/places/707587,
pl-550564,Halonnesos (island),island,pin,39.51422,25.00465,-30,2100,0,460.0,https://pleiades.stoa.org/places/550564,
pl-550693,Lemnos (island),island,pin,39.90502,25.22909,1500,2100,0,460.0,https://pleiades.stoa.org/places/550693,
pl-511445,Thynias Pr.,cape,pin,41.87858,28.04554,-330,2100,0,460.1,https://pleiades.stoa.org/places/511445,
pl-707566,Lysi,church,pin,35.10680,33.66918,300,640,0,460.2,https://pleiades.stoa.org/places/707566,
pl-844968,Kandara?,settlement,pin,40.93613,33.61633,-550,300,0,460.3,https://pleiades.stoa.org/places/844968,
pl-707451,Ag. Tykhonas,sanctuary,pin,34.73187,33.13983,-750,300,0,460.3,https://pleiades.stoa.org/places/707451,
pl-707548,Kourias (promontory),cape,pin,34.62929,32.96717,-330,2099,0,460.4,https://pleiades.stoa.org/places/707548,
pl-707575,Masokambos,mine-2,pin,34.75345,33.18248,-550,-330,0,460.8,https://pleiades.stoa.org/places/707575,
pl-598926917,Achladia,settlement,pin,35.16649,26.05041,-2000,2099,0,460.8,https://pleiades.stoa.org/places/598926917,
pl-707638,Trikomon,settlement,pin,35.30939,33.91436,-750,300,0,461.0,https://pleiades.stoa.org/places/707638,
pl-423284157,Pyrgos-Mavroraki,"production, settlement",pin,34.74413,33.17875,-1600,-1000,0,461.4,https://pleiades.stoa.org/places/423284157,
pl-589995,Pholegandros (settlement),"settlement, settlement-modern",pin,36.62656,24.91986,-750,2099,0,461.5,https://pleiades.stoa.org/places/589995,
pl-590011,Praisos,settlement,pin,35.12330,26.09054,-750,640,0,461.5,https://pleiades.stoa.org/places/590011,
pl-13818292,Klimonas,settlement,pin,34.71234,33.13355,-10000,-3300,0,461.7,https://pleiades.stoa.org/places/13818292,
pl-511444,Thynias,"settlement, settlement-modern",pin,41.87784,27.98640,-30,2100,0,461.8,https://pleiades.stoa.org/places/511444,
pl-707462,Amathous,"settlement, port",pin,34.71226,33.13708,-750,640,0,461.9,https://pleiades.stoa.org/places/707462,
pl-708196,Untitled,aqueduct,wash,34.71226,33.13708,-30,640,0,461.9,https://pleiades.stoa.org/places/708196,
pl-707601,Panagia tis Kyras,church-2,pin,35.40508,34.03002,300,2099,0,462.0,https://pleiades.stoa.org/places/707601,
pl-707481,"Apollo, T.",sanctuary,pin,34.97390,33.52889,-750,-330,0,462.1,https://pleiades.stoa.org/places/707481,
pl-570229761,Palace at Amathous,palace,pin,34.71192,33.14048,-850,640,0,462.1,https://pleiades.stoa.org/places/570229761,
pl-590102,Ziros,settlement,pin,35.07583,26.13783,-30,300,0,462.2,https://pleiades.stoa.org/places/590102,
pl-880066763,"Hellenistic Balaneion, Amathous",bath,pin,34.71187,33.14392,-330,1999,0,462.3,https://pleiades.stoa.org/places/880066763,
pl-501649,Traianoupolis,settlement,pin,40.85883,26.05725,-30,640,0,462.3,https://pleiades.stoa.org/places/501649,
pl-214795234,Amathus necropolis,cemetery,pin,34.71333,33.14899,,,0,462.4,https://pleiades.stoa.org/places/214795234,
pl-605795336,Ušnanis,"unlocated, fort",wash,37.13599,35.07140,-1000,-540,0,462.4,https://pleiades.stoa.org/places/605795336,
pl-511443,Thynias,settlement,pin,41.88409,27.98578,-330,300,0,462.5,https://pleiades.stoa.org/places/511443,
pl-113317586,Fonias Tower,tower-defensive,pin,40.49275,25.65727,1400,1499,0,462.9,https://pleiades.stoa.org/places/113317586,
pl-501664,Zerynthos,settlement,pin,40.48871,25.65337,300,640,0,462.9,https://pleiades.stoa.org/places/501664,
pl-589996,Pholegandros (island),island,pin,36.62305,24.90012,-30,2100,0,463.3,https://pleiades.stoa.org/places/589996,
pl-619249,Saccasena,settlement,pin,38.77597,35.10919,-30,300,0,463.7,https://pleiades.stoa.org/places/619249,
pl-395214998,Hurri/Ba'il-hurri,"unlocated, mountain",pin,34.88606,33.43564,-720,-540,0,463.8,https://pleiades.stoa.org/places/395214998,
pl-707547,Kouriakon (promontory),cape,pin,34.56680,32.93297,-330,2100,0,464.3,https://pleiades.stoa.org/places/707547,
pl-707441,Ag. Georgios,labeled feature,wash,34.75000,33.25000,-30,640,0,464.8,https://pleiades.stoa.org/places/707441,
pl-707492,Basileus? (river),river,wash,34.75000,33.25000,,,0,464.8,https://pleiades.stoa.org/places/707492,
pl-590048,Siphnos (settlement),settlement,pin,36.97482,24.74507,-1000,2099,0,465.0,https://pleiades.stoa.org/places/590048,
pl-707502,Dreamer’s Bay,"settlement, port",pin,34.57399,32.96223,-30,640,0,465.1,https://pleiades.stoa.org/places/707502,
pl-707598,Panagia Aimatousa,settlement,pin,34.95970,33.55909,-750,640,0,465.1,https://pleiades.stoa.org/places/707598,
pl-540852,Kaphereus (promontory),cape,pin,38.15879,24.58689,1700,2100,0,465.1,https://pleiades.stoa.org/places/540852,
pl-844876,Beşdut,temple,pin,40.70358,33.96516,-330,-30,0,465.3,https://pleiades.stoa.org/places/844876,
pl-501600,Saos (mountain),mountain,pin,40.46166,25.58750,1700,2100,0,465.8,https://pleiades.stoa.org/places/501600,
pl-709709,Unnamed road on Cyprus,road,wash,34.99150,33.61545,-330,640,0,466.0,https://pleiades.stoa.org/places/709709,
pl-755568222,Choirokoitia,"settlement, archaeological-site",pin,34.79683,33.34358,-10000,-3300,0,466.0,https://pleiades.stoa.org/places/755568222,
pl-501597,Samothrace (island),island,pin,40.45231,25.57624,-30,2100,0,466.0,https://pleiades.stoa.org/places/501597,
pl-325705845,"Unnamed island (southern Akrotiri peninsula, Cyprus)",island,wash,34.57231,32.98047,,,0,466.2,https://pleiades.stoa.org/places/325705845,
pl-707600,Panagia Kanakaria,monastery,pin,35.47843,34.16505,300,640,0,466.4,https://pleiades.stoa.org/places/707600,
pl-707450,Ag. Trias,church,pin,35.54305,34.22739,300,640,0,466.5,https://pleiades.stoa.org/places/707450,
pl-707554,Laneia,"temple, archaeological-site",pin,34.57725,32.99626,-330,300,0,466.6,https://pleiades.stoa.org/places/707554,
pl-648602,Cilicius Aulon,water-open,wash,36.25000,34.75000,-550,640,0,466.6,https://pleiades.stoa.org/places/648602,
pl-589714,Aspros Pyrgos,"tower-single, cistern",pin,36.93260,24.73800,-550,1999,0,466.8,https://pleiades.stoa.org/places/589714,
pl-751079112,Aetokremnos,settlement,pin,34.57053,32.99063,-10000,2100,0,466.9,https://pleiades.stoa.org/places/751079112,
pl-707530,Kelliake?,settlement,pin,34.97718,33.61149,-330,640,0,466.9,https://pleiades.stoa.org/places/707530,
pl-589671,Ag. Sostes,mine-2,pin,37.01200,24.71200,-750,1999,0,466.9,https://pleiades.stoa.org/places/589671,
pl-507461,Serreion (settlement),"unlocated, settlement",wash,41.48569,26.90996,-550,-30,0,467.0,https://pleiades.stoa.org/places/507461,
pl-707458,Alaas,settlement,pin,35.32655,34.02411,-750,300,0,467.1,https://pleiades.stoa.org/places/707458,
pl-707606,Pergamos,temple,pin,35.04608,33.70417,-750,-330,0,467.2,https://pleiades.stoa.org/places/707606,
pl-540661,Arkhampolis,settlement,pin,38.08561,24.55728,-550,300,0,467.4,https://pleiades.stoa.org/places/540661,
pl-501638,Thracia,"region, label",pin,41.51783,26.96241,-750,1999,0,467.4,https://pleiades.stoa.org/places/501638,
pl-807160605,Kalavasos-Tenta,settlement,pin,34.75248,33.30331,-10000,-3300,0,467.5,https://pleiades.stoa.org/places/807160605,
pl-589659,Ag. Andreas (Siphnos),"church-2, settlement, acropolis",pin,36.95421,24.72185,-2000,2099,0,467.6,https://pleiades.stoa.org/places/589659,
pl-754796063,Kalavasos Ayios Dhimitrios,settlement,pin,34.75069,33.30307,-2000,2100,0,467.6,https://pleiades.stoa.org/places/754796063,
pl-492082396,Agios Andreas (Siphnos),acropolis,pin,36.95429,24.72151,-2000,2100,0,467.6,https://pleiades.stoa.org/places/492082396,
pl-707544,Kopetra,settlement,pin,34.74879,33.31215,-30,1999,0,468.3,https://pleiades.stoa.org/places/707544,
pl-590065,Syrinthos?,settlement,pin,35.01149,26.12101,-750,-30,0,468.3,https://pleiades.stoa.org/places/590065,
pl-484566763,Mochlos (island),island,pin,35.18738,25.90671,1700,2100,0,468.5,https://pleiades.stoa.org/places/484566763,
pl-484509128,Mochlos archaeological site,settlement,pin,35.18655,25.90654,-4000,1453,0,468.6,https://pleiades.stoa.org/places/484509128,
pl-13818291,Enkomi,settlement,pin,35.16593,33.87025,-2000,-1000,0,468.6,https://pleiades.stoa.org/places/13818291,
pl-844982,Kimiata,settlement,pin,40.99420,33.67864,-330,-30,0,468.7,https://pleiades.stoa.org/places/844982,
pl-589666,Ag. Nikitas,"church-2, settlement",pin,37.01508,24.68932,1900,2099,0,468.7,https://pleiades.stoa.org/places/589666,
pl-844995,Kurtoğlu,settlement,pin,41.47431,32.95016,-30,300,0,468.9,https://pleiades.stoa.org/places/844995,
pl-30509704,Temple district at Hattusa,sanctuary,pin,40.00944,34.61556,-2000,-1000,0,468.9,https://pleiades.stoa.org/places/30509704,
pl-589937,Mokhlos,settlement,pin,35.18344,25.90428,-30,640,0,468.9,https://pleiades.stoa.org/places/589937,
pl-570258,Geraistos,"settlement, settlement-modern",pin,37.97730,24.53835,-750,2099,0,469.0,https://pleiades.stoa.org/places/570258,
pl-570259,Geraistos Pr.,cape,wash,37.97730,24.53835,,,0,469.0,https://pleiades.stoa.org/places/570259,
pl-589978,Paraskeues to Petali,unknown,wash,36.97358,24.69879,1900,1999,0,469.0,https://pleiades.stoa.org/places/589978,
pl-594947,Apollonia,"unlocated, settlement",wash,36.97358,24.69879,,,0,469.0,https://pleiades.stoa.org/places/594947,
pl-707477,"Apollo Mageirios, T.",sanctuary,pin,35.01029,33.69059,-550,-30,0,469.1,https://pleiades.stoa.org/places/707477,
pl-707539,Knidos,settlement,pin,35.32871,34.05518,-750,640,0,469.1,https://pleiades.stoa.org/places/707539,
pl-707529,Kellarka,cemetery,pin,35.17662,33.89170,-750,-330,0,469.2,https://pleiades.stoa.org/places/707529,
pl-158081397,Tomb of the Kings near Enkomi,tomb,pin,35.17510,33.88993,-2000,-1000,0,469.2,https://pleiades.stoa.org/places/158081397,
pl-844856,Amastris/Sesamos,settlement,pin,41.74697,32.38565,-750,640,0,469.3,https://pleiades.stoa.org/places/844856,
pl-283602441,Hattusa,"settlement, archaeological-site",pin,40.01491,34.61716,-2000,2100,0,469.3,https://pleiades.stoa.org/places/283602441,
pl-192519947,Roman theater at Salamis/Konstantia,theatre,pin,35.18480,33.90259,-30,300,0,469.3,https://pleiades.stoa.org/places/192519947,
pl-501595,Sale,"settlement, settlement-modern",pin,40.90771,26.00492,-550,2099,0,469.3,https://pleiades.stoa.org/places/501595,
pl-590049,Siphnos (island),island,pin,36.97629,24.69362,-30,2100,0,469.4,https://pleiades.stoa.org/places/590049,
pl-709705,Untitled,road,wash,35.40308,34.13649,-30,640,0,469.5,https://pleiades.stoa.org/places/709705,
pl-648733,Pargais,station,pin,36.97130,35.10598,300,640,0,469.5,https://pleiades.stoa.org/places/648733,
pl-272904994,Lower city at Hattusa,district,pin,40.02098,34.61543,-1750,-1200,0,469.5,https://pleiades.stoa.org/places/272904994,
pl-48167301,So-called Temple 1 at Hattusa,temple-2,pin,40.01996,34.61551,-2000,-1000,0,469.5,https://pleiades.stoa.org/places/48167301,
pl-707525,Kargaiai? Pr.,cape,pin,34.56667,33.03750,1700,2100,0,469.6,https://pleiades.stoa.org/places/707525,
pl-707507,Elaia (promontory),cape,pin,35.32716,34.06301,-330,2099,0,469.7,https://pleiades.stoa.org/places/707507,
pl-707617,Salamis/Konstantia,"settlement, archaeological-site",pin,35.17958,33.90286,-1000,1199,0,469.7,https://pleiades.stoa.org/places/707617,
pl-614962220,Büyükkale ,fort,pin,40.01644,34.62107,-2000,-1000,0,469.7,https://pleiades.stoa.org/places/614962220,
pl-820778148,Makri Louri,tower-single,pin,36.97161,24.68757,-550,-30,0,470.0,https://pleiades.stoa.org/places/820778148,
pl-354671742,Basilica of Campanopetra,basilica,pin,35.17877,33.90692,,,0,470.0,https://pleiades.stoa.org/places/354671742,
pl-652350,Kundu/Kyinda,"unlocated, fort",wash,37.00159,35.12345,-720,300,0,470.1,https://pleiades.stoa.org/places/652350,
pl-448145857,Bouros-Kastri peninsula,peninsula,pin,37.96515,24.52568,,,0,470.1,https://pleiades.stoa.org/places/448145857,
pl-797019493,Klavdhia-Tremithos,settlement,pin,34.88605,33.54465,-2000,-1200,0,470.2,https://pleiades.stoa.org/places/797019493,
pl-590014,Prophetes Elias Troullakiou,"church-2, settlement",pin,37.00324,24.67341,640,2099,0,470.4,https://pleiades.stoa.org/places/590014,
pl-570496,Myrtos (island),"island, label",pin,37.93669,24.52191,1700,2100,0,470.5,https://pleiades.stoa.org/places/570496,
pl-619858,Untitled,bridge,pin,38.84007,35.17317,300,640,0,470.6,https://pleiades.stoa.org/places/619858,
pl-501663,Zervae/Zirinae,station,pin,41.16084,26.31194,-30,640,0,470.7,https://pleiades.stoa.org/places/501663,
pl-589782,Erythraion (promuntory),cape,pin,34.99927,26.09567,1700,2100,0,470.8,https://pleiades.stoa.org/places/589782,
pl-589837,Kampanario,tower-single,pin,37.02756,24.66082,-550,1999,0,470.8,https://pleiades.stoa.org/places/589837,
pl-707634,Toumpa,sanctuary,pin,35.15937,33.90089,-750,1999,0,471.1,https://pleiades.stoa.org/places/707634,
pl-478681498,Yazılıkaya (Hattusa),sanctuary,pin,40.02543,34.63271,-2000,-1000,0,471.1,https://pleiades.stoa.org/places/478681498,
pl-573222970,Pseira (island),island,pin,35.18951,25.86210,2000,2099,0,471.2,https://pleiades.stoa.org/places/573222970,
pl-707608,Petrera,church,pin,34.74715,33.36225,300,640,0,471.3,https://pleiades.stoa.org/places/707608,
pl-267802054,Area A at Pseira,settlement,pin,35.18563,25.86404,-3100,-1080,0,471.4,https://pleiades.stoa.org/places/267802054,
pl-707526,Karpasia,"settlement, port",pin,35.62621,34.36993,-750,640,0,471.5,https://pleiades.stoa.org/places/707526,
pl-593433,Untitled,quarry,pin,36.98333,24.66667,-750,-330,0,471.5,https://pleiades.stoa.org/places/593433,
pl-448083500,Ayios Filon,"church-2, ruin",pin,35.62983,34.37374,300,2099,0,471.5,https://pleiades.stoa.org/places/448083500,
pl-590017,Pseira (settlement),"settlement, island",pin,35.18635,25.85953,-30,2100,0,471.6,https://pleiades.stoa.org/places/590017,
pl-707486,Achna,sanctuary,pin,35.05708,33.79148,-750,-330,0,471.8,https://pleiades.stoa.org/places/707486,
pl-741754494,Pyla-Kokkinokremos,settlement,pin,34.98505,33.70260,-1400,-1200,0,471.8,https://pleiades.stoa.org/places/741754494,
pl-319430829,Jā' (region),region,pin,34.92361,33.62362,-720,-540,0,471.9,https://pleiades.stoa.org/places/319430829,
pl-589663,Ag. Georgios,tower-single,pin,37.03878,24.64343,-550,1999,0,472.0,https://pleiades.stoa.org/places/589663,
pl-619192,[Korama],settlement,pin,38.46338,35.26616,300,640,0,472.2,https://pleiades.stoa.org/places/619192,
pl-550755,Myrina,"settlement, archaeological-site",pin,39.87750,25.05622,-750,640,0,472.2,https://pleiades.stoa.org/places/550755,
pl-501596,Samothrace (settlement),"settlement, archaeological-site",pin,40.50211,25.53376,-750,2099,0,472.2,https://pleiades.stoa.org/places/501596,
pl-380086882,Maroni,settlement,pin,34.74656,33.38104,-2000,2100,0,472.4,https://pleiades.stoa.org/places/380086882,
pl-707550,Koutsopetria,settlement,pin,34.98143,33.70690,-330,640,0,472.4,https://pleiades.stoa.org/places/707550,
pl-501511,"Megaloi Theoi (sanctuary, Samothrace)","sanctuary, archaeological-site",pin,40.50081,25.53017,-750,640,0,472.4,https://pleiades.stoa.org/places/501511,
pl-590057,Sounion? (Siphnos),cape,pin,37.04055,24.63675,1900,2099,0,472.5,https://pleiades.stoa.org/places/590057,
pl-581674476,Sanctuary of Artemis at Avlonas,"sanctuary, archaeological-site",pin,39.89356,25.06221,,,0,472.5,https://pleiades.stoa.org/places/581674476,
pl-619145,Corniaspa,settlement,pin,39.85987,34.76086,-30,640,0,472.6,https://pleiades.stoa.org/places/619145,
pl-707534,Kition,"settlement, archaeological-site, temple-2",pin,34.92118,33.63198,-1400,640,0,472.6,https://pleiades.stoa.org/places/707534,
pl-7796058,Kition: Military Port and Shipsheds,"architecturalcomplex, port",pin,34.92029,33.63293,-550,2099,0,472.7,https://pleiades.stoa.org/places/7796058,
pl-581374445,Theater at Leuke,theatre,pin,34.94732,26.12985,-30,300,0,472.8,https://pleiades.stoa.org/places/581374445,
pl-707556,Larnaka,cemetery,pin,34.91666,33.63334,-750,-30,0,473.0,https://pleiades.stoa.org/places/707556,
pl-589909,Leuke,settlement,pin,34.94099,26.13117,-330,640,0,473.3,https://pleiades.stoa.org/places/589909,
pl-589910,Leuke (island),"island, production",pin,34.93736,26.13590,1700,2100,0,473.3,https://pleiades.stoa.org/places/589910,
pl-589874,Kolokythia,settlement,pin,35.25952,25.75028,-330,640,0,473.6,https://pleiades.stoa.org/places/589874,
pl-790744210,Hala Sultan Tekke,"cemetery, settlement, mosque, shrine, archaeological-site",pin,34.88592,33.60677,-2000,2100,0,473.9,https://pleiades.stoa.org/places/790744210,
pl-638269272,Mine on Euboea,mine-2,pin,38.01279,24.48074,,,0,474.0,https://pleiades.stoa.org/places/638269272,
pl-590080,Tholos,settlement,pin,35.15228,25.85981,-30,300,0,474.1,https://pleiades.stoa.org/places/590080,
pl-963101037,Mine on Euboea,quarry,pin,38.00774,24.47996,,,0,474.1,https://pleiades.stoa.org/places/963101037,
pl-589707,"Ares, Aphrodite, T.",sanctuary,wash,35.25000,25.75000,-750,-30,0,474.3,https://pleiades.stoa.org/places/589707,
pl-589804,Hermas? (river),river,wash,35.25000,25.75000,-330,-30,0,474.3,https://pleiades.stoa.org/places/589804,
pl-589887,Kymaios? (river),river,wash,35.25000,25.75000,-330,-30,0,474.3,https://pleiades.stoa.org/places/589887,
pl-593434,Untitled,quarry,wash,35.25000,25.75000,-30,300,0,474.3,https://pleiades.stoa.org/places/593434,
pl-589959,Olous,settlement,pin,35.25768,25.73882,-750,640,0,474.5,https://pleiades.stoa.org/places/589959,
pl-156660711,Aşağı Pınar,settlement,pin,41.72129,27.22561,-10000,2100,0,474.7,https://pleiades.stoa.org/places/156660711,
pl-501396,Demetrion,settlement,pin,40.47597,25.47449,-750,640,0,474.7,https://pleiades.stoa.org/places/501396,
pl-558465760,Saranta Ekklēsiai,settlement,pin,41.73240,27.25140,300,2100,0,474.7,https://pleiades.stoa.org/places/558465760,
pl-707599,Panagia Angeloktistos,church-2,pin,34.84758,33.57099,300,1999,0,474.9,https://pleiades.stoa.org/places/707599,
pl-540965,Oche (mountain),mountain,pin,38.05993,24.46663,1700,2100,0,475.3,https://pleiades.stoa.org/places/540965,
pl-501572,Plotino(u)polis,"settlement, archaeological-site, estate",pin,41.34428,26.50446,-140,2099,0,475.4,https://pleiades.stoa.org/places/501572,
pl-707594,Ourania,settlement,pin,35.64962,34.44720,-550,640,0,475.7,https://pleiades.stoa.org/places/707594,
pl-963101038,Mine on Euboea,quarry,pin,38.01460,24.46203,,,0,475.7,https://pleiades.stoa.org/places/963101038,
pl-590059,*Stalai?,"settlement, villa",pin,35.03805,25.96763,-2000,300,0,475.8,https://pleiades.stoa.org/places/590059,
pl-180252821,Azoria,settlement,pin,35.11800,25.86672,-750,2100,0,476.2,https://pleiades.stoa.org/places/180252821,
pl-511294,Kontadesdos (river),river,wash,41.75000,27.25000,-550,-330,0,476.4,https://pleiades.stoa.org/places/511294,
pl-844918,Eryth(r)inoi,settlement,pin,41.77947,32.48407,-750,640,0,476.5,https://pleiades.stoa.org/places/844918,
pl-540860,Kephissos (river),river,wash,38.85000,24.56000,-550,300,0,476.5,https://pleiades.stoa.org/places/540860,
pl-543604,Achilleion,unlocated,wash,38.85000,24.56000,-330,-30,0,476.5,https://pleiades.stoa.org/places/543604,
pl-540887,Kresion,settlement,pin,38.84392,24.55722,-550,640,0,476.6,https://pleiades.stoa.org/places/540887,
pl-589860,Kavousi Kastro,settlement,pin,35.11102,25.86768,-750,-550,0,476.7,https://pleiades.stoa.org/places/589860,
pl-707485,Arsinoe?/Ammochostos?,settlement,pin,35.11891,33.94376,-330,1599,0,476.8,https://pleiades.stoa.org/places/707485,
pl-163292061,Marble Quarries at Karystos,quarry,pin,38.03770,24.44690,-30,300,0,477.0,https://pleiades.stoa.org/places/163292061,
pl-589830,Kadiston (mountain),"mountain, label",pin,35.29080,25.66372,,,0,477.2,https://pleiades.stoa.org/places/589830,
pl-22611669,Ostudizum,"settlement, settlement-modern",pin,41.54930,26.82056,-30,2099,0,477.2,https://pleiades.stoa.org/places/22611669,
pl-541108,Skyros (settlement),settlement,pin,38.90298,24.56536,-750,640,0,477.3,https://pleiades.stoa.org/places/541108,
pl-300354622,Kilīd ūl-Baḥreyn,settlement,wash,40.25000,25.25000,1453,2000,0,477.3,https://pleiades.stoa.org/places/300354622,
pl-247348185,Kavousi Vronda,archaeological-site,pin,35.11003,25.85810,-4000,2099,0,477.4,https://pleiades.stoa.org/places/247348185,
pl-541093,Scyrus (island),island,pin,38.86083,24.54993,1700,2100,0,477.6,https://pleiades.stoa.org/places/541093,
pl-707532,Khelones,settlement,pin,35.58341,34.41936,-750,640,0,477.7,https://pleiades.stoa.org/places/707532,
pl-619177,Kamoulianai/Iustinianoupolis Nova,settlement,pin,38.90421,35.24404,-30,640,0,478.1,https://pleiades.stoa.org/places/619177,
pl-619156,Euaissa,settlement,pin,39.31201,35.10985,300,640,0,478.4,https://pleiades.stoa.org/places/619156,
pl-570336,Karystos,"fort-2, settlement",pin,38.03480,24.43139,-1600,1799,0,478.4,https://pleiades.stoa.org/places/570336,
pl-712477009,Thrypti,mountain,pin,35.08011,25.87541,1700,2100,0,478.5,https://pleiades.stoa.org/places/712477009,
pl-707527,Karpasiai (islands),"archipelago, island, label",pin,35.58923,34.43794,-330,300,0,478.7,https://pleiades.stoa.org/places/707527,
pl-844884,*Bonita,settlement,pin,41.48741,33.12502,-30,300,0,479.0,https://pleiades.stoa.org/places/844884,
pl-17658595,Artulu,"unlocated, settlement",wash,38.39666,35.35305,-1000,-720,0,479.0,https://pleiades.stoa.org/places/17658595,
pl-907036116,Phrygia (kingdom),state,wash,38.39976,35.35672,-720,2100,0,479.4,https://pleiades.stoa.org/places/907036116,
pl-24323808,Thrace/Skudra (satrapy),satrapy,wash,40.89838,25.83696,,,0,479.4,https://pleiades.stoa.org/places/24323808,
pl-844850,Aday,settlement,pin,41.55423,33.01753,-30,640,0,479.6,https://pleiades.stoa.org/places/844850,
pl-590023,Pyrra Ins.,island,pin,35.19675,25.72745,-330,2100,0,479.6,https://pleiades.stoa.org/places/590023,
pl-501526,Nike,settlement,pin,41.59461,26.85225,-30,640,0,479.9,https://pleiades.stoa.org/places/501526,
pl-501373,Bennoi,"label, people",pin,41.29974,26.34948,-330,300,0,480.2,https://pleiades.stoa.org/places/501373,
pl-590002,Polyaigos (island),island,pin,36.76933,24.63362,-30,2100,0,480.5,https://pleiades.stoa.org/places/590002,
pl-41729867,Monastiraki Katalimata,"settlement, archaeological-site",pin,35.08559,25.83527,-2000,2099,0,480.7,https://pleiades.stoa.org/places/41729867,
pl-589900,Lato pros Kamara,"settlement, port",pin,35.19078,25.71726,-330,640,0,480.7,https://pleiades.stoa.org/places/589900,
pl-589934,Minoa (Pakheia Ammos),"settlement, settlement-modern",pin,35.10934,25.80557,-330,2099,0,480.8,https://pleiades.stoa.org/places/589934,
pl-615682996,Pachia Ammos Minoan Cemetery,cemetery,pin,35.10952,25.80418,-3100,-1080,0,480.9,https://pleiades.stoa.org/places/615682996,
pl-590043,Seriphos (settlement),"settlement, settlement-modern",pin,37.15570,24.50621,-750,2099,0,481.0,https://pleiades.stoa.org/places/590043,
pl-915296420,Alatzomouri Pefka,"production, archaeological-site",pin,35.10979,25.80157,-2000,2099,0,481.1,https://pleiades.stoa.org/places/915296420,
pl-318497094,Alatzomouri Rock Shelter,archaeological-site,pin,35.11017,25.80106,-3100,-2000,0,481.1,https://pleiades.stoa.org/places/318497094,
pl-34278985,Chalasmenos,"settlement, archaeological-site",pin,35.08365,25.83165,-2000,2099,0,481.1,https://pleiades.stoa.org/places/34278985,
pl-707583,Mosphiloudia,quarry,pin,34.96881,33.83271,-330,300,0,481.2,https://pleiades.stoa.org/places/707583,
pl-589932,Milatos,"settlement, archaeological-site",pin,35.31738,25.57872,-750,-30,0,481.2,https://pleiades.stoa.org/places/589932,
pl-668339,Phoenicium Mare,water-open,wash,35.64785,34.52060,-30,300,0,481.2,https://pleiades.stoa.org/places/668339,
pl-707592,Olympos (mountain on Cyprus),mountain,pin,35.67187,34.54206,-550,2100,0,481.3,https://pleiades.stoa.org/places/707592,
pl-355218709,Sphoungaras,cemetery,pin,35.11291,25.79447,-3000,2099,0,481.3,https://pleiades.stoa.org/places/355218709,
pl-629034,Mazaka,settlement,pin,38.72147,35.32846,-750,-30,0,481.5,https://pleiades.stoa.org/places/629034,
pl-478972357,Golata Niva,estate,pin,42.06411,27.97201,-330,2100,0,481.6,https://pleiades.stoa.org/places/478972357,
pl-511428,‘Tarpodizo’,station,pin,41.84666,27.35405,-30,640,0,481.6,https://pleiades.stoa.org/places/511428,
pl-589725,Bati,unknown,wash,34.75000,26.25000,-750,-550,0,481.7,https://pleiades.stoa.org/places/589725,
pl-589726,Batoklia,unknown,wash,34.75000,26.25000,-330,300,0,481.7,https://pleiades.stoa.org/places/589726,
pl-589794,Gennadi,unknown,wash,34.75000,26.25000,-550,300,0,481.7,https://pleiades.stoa.org/places/589794,
pl-589833,Kalogeros,unknown,wash,34.75000,26.25000,-750,-330,0,481.7,https://pleiades.stoa.org/places/589833,
pl-589847,Kassaros,unknown,wash,34.75000,26.25000,-750,-30,0,481.7,https://pleiades.stoa.org/places/589847,
pl-589861,Kekoia,unknown,wash,34.75000,26.25000,-330,-30,0,481.7,https://pleiades.stoa.org/places/589861,
pl-589882,Kretenia Sinus,water-open,wash,34.75000,26.25000,,,0,481.7,https://pleiades.stoa.org/places/589882,
pl-589902,Lelos,unknown,wash,34.75000,26.25000,-330,300,0,481.7,https://pleiades.stoa.org/places/589902,
pl-589936,Mnasyrion Sinus,water-open,wash,34.75000,26.25000,,,0,481.7,https://pleiades.stoa.org/places/589936,
pl-589945,Mylantia? Pr.,cape,wash,34.75000,26.25000,,,0,481.7,https://pleiades.stoa.org/places/589945,
pl-589966,Pagoi,unknown,wash,34.75000,26.25000,1900,1999,0,481.7,https://pleiades.stoa.org/places/589966,
pl-589970,Palaiokastron,unknown,wash,34.75000,26.25000,-750,-330,0,481.7,https://pleiades.stoa.org/places/589970,
pl-589991,Phanes,unknown,wash,34.75000,26.25000,-550,300,0,481.7,https://pleiades.stoa.org/places/589991,
pl-590417,Untitled,aqueduct,wash,34.75000,26.25000,-330,300,0,481.7,https://pleiades.stoa.org/places/590417,
pl-591922,Unnamed cemeteries,cemetery,wash,34.75000,26.25000,-750,-30,0,481.7,https://pleiades.stoa.org/places/591922,
pl-771100776,Gournia,"space-uncovered, settlement, architecturalcomplex",pin,35.10932,25.79267,-2000,2100,0,481.7,https://pleiades.stoa.org/places/771100776,
pl-589767,Dreros,"settlement, archaeological-site",pin,35.25718,25.62761,-750,2099,0,482.0,https://pleiades.stoa.org/places/589767,
pl-570670,Sidero,mine-2,pin,37.65127,24.40662,-750,-330,0,482.1,https://pleiades.stoa.org/places/570670,
pl-541046,Philagra,fort,pin,38.16332,24.39069,-550,-30,0,482.2,https://pleiades.stoa.org/places/541046,
pl-501606,Serreion (promontory),cape,pin,40.84537,25.73137,2000,2099,0,482.4,https://pleiades.stoa.org/places/501606,
pl-593460161,West House at Vasiliki,"settlement, architecturalcomplex, hill",pin,35.08193,25.81099,-3100,2100,0,482.5,https://pleiades.stoa.org/places/593460161,
pl-590086,Vasiliki,settlement,pin,35.08225,25.81143,-2000,640,0,482.5,https://pleiades.stoa.org/places/590086,
pl-590044,Seriphos (island),island,pin,37.15608,24.48240,-30,2100,0,483.0,https://pleiades.stoa.org/places/590044,
pl-707593,Olympos?,settlement,pin,35.68528,34.57850,-550,300,0,483.2,https://pleiades.stoa.org/places/707593,
pl-570338,Kastri (Keos),settlement,pin,37.66188,24.39281,-550,300,0,483.2,https://pleiades.stoa.org/places/570338,
pl-648748,(P)Saros/Sinarus/Koiranos (river),river,pin,37.10278,35.30548,-550,2100,0,483.2,https://pleiades.stoa.org/places/648748,
pl-707469,"Aphrodite Akraia, T.",sanctuary,pin,35.69270,34.58637,-550,300,0,483.3,https://pleiades.stoa.org/places/707469,
pl-707537,Kleides Pr.,cape,pin,35.69516,34.58851,-550,2100,0,483.4,https://pleiades.stoa.org/places/707537,
pl-263405328,Palamari,"defensive-wall, archaeological-site",pin,38.96467,24.50922,-3000,-1000,0,483.5,https://pleiades.stoa.org/places/263405328,
pl-648577,Augusta/Augustopolis/[Thebae]?,settlement,pin,37.24521,35.34409,-30,640,0,483.5,https://pleiades.stoa.org/places/648577,
pl-707536,Kleides (islands),"archipelago, island",pin,35.70661,34.60342,-330,2100,0,483.8,https://pleiades.stoa.org/places/707536,
pl-570559,Parameria,settlement,pin,37.64908,24.38685,-750,2099,0,483.8,https://pleiades.stoa.org/places/570559,
pl-590092,Vrokastro,settlement,pin,35.12076,25.74210,-750,-550,0,484.2,https://pleiades.stoa.org/places/590092,
pl-55660936,Priniatikos Pyrgos,settlement,pin,35.12834,25.73142,-3000,2100,0,484.3,https://pleiades.stoa.org/places/55660936,
pl-589691,Anavlokhos,"settlement, protected-area-modern, archaeological-site",pin,35.28352,25.56302,-1200,2099,0,484.6,https://pleiades.stoa.org/places/589691,
pl-589806,Heteireia? (island),island,pin,36.77280,24.58283,1700,2100,0,484.6,https://pleiades.stoa.org/places/589806,
pl-570403,Kythnos (island),island,pin,37.38752,24.41318,-30,2100,0,484.7,https://pleiades.stoa.org/places/570403,
pl-570037,Ag. Ioannis Khalara,quarry,pin,37.68027,24.37239,-750,-30,0,484.8,https://pleiades.stoa.org/places/570037,
pl-707632,Thronoi Pr./Akrotirion Pylai?,cape,pin,34.94199,33.85783,-330,2100,0,484.8,https://pleiades.stoa.org/places/707632,
pl-941807582,Gourimadi Prehistoric Settlement,"settlement, archaeological-site",pin,38.03972,24.35769,-5000,2099,0,484.8,https://pleiades.stoa.org/places/941807582,
pl-628930,Archalla,settlement,pin,38.83083,35.34248,-30,300,0,484.9,https://pleiades.stoa.org/places/628930,
pl-169879741,"Sisi, Kephali tou Agiou Antoniou","archaeological-site, architecturalcomplex",pin,35.30876,25.52857,-2000,2099,0,485.2,https://pleiades.stoa.org/places/169879741,
pl-707561,Leukolla?,settlement,pin,35.05739,34.00184,-330,300,0,485.2,https://pleiades.stoa.org/places/707561,
pl-589868,Kimolos (island),island,pin,36.81253,24.56000,-30,2100,0,485.3,https://pleiades.stoa.org/places/589868,
pl-589911,Libeia? Ins.,island,pin,36.75761,24.57839,1700,2100,0,485.5,https://pleiades.stoa.org/places/589911,
pl-589822,Istron,settlement,pin,35.11857,25.72338,-330,300,0,485.6,https://pleiades.stoa.org/places/589822,
pl-707633,Thronoi?,settlement,pin,34.97906,33.91642,-330,300,0,485.7,https://pleiades.stoa.org/places/707633,
pl-589899,Lato,"settlement, theatre",pin,35.17854,25.65567,-750,-30,0,485.7,https://pleiades.stoa.org/places/589899,
pl-570337,Kastanies,settlement,pin,37.61564,24.36801,-550,300,0,485.8,https://pleiades.stoa.org/places/570337,
pl-570402,Kythnos,"settlement, archaeological-site",pin,37.40866,24.39661,-750,1999,0,485.8,https://pleiades.stoa.org/places/570402,
pl-501607,Serreion/Zonaion M.,"mountain, label",pin,40.92959,25.77370,,,0,485.8,https://pleiades.stoa.org/places/501607,
pl-540934,Markesi,temple,pin,38.97461,24.48427,-550,-30,0,485.9,https://pleiades.stoa.org/places/540934,
pl-335229932,Northern sanctuary at Kythnos,sanctuary,pin,37.40857,24.39485,-750,300,0,486.0,https://pleiades.stoa.org/places/335229932,
pl-845099,Ziporea,settlement,pin,41.57153,33.11918,-30,640,0,486.3,https://pleiades.stoa.org/places/845099,
pl-216721,Aulaiouteichos/Agathopolis,settlement,pin,42.09940,27.93951,-550,640,0,486.3,https://pleiades.stoa.org/places/216721,
pl-590015,Prophitis Ilias,settlement,pin,35.04471,25.79222,-750,-330,0,486.5,https://pleiades.stoa.org/places/590015,
pl-570763,"Zeus, T.",temple-2,pin,37.62103,24.35908,-550,-330,0,486.5,https://pleiades.stoa.org/places/570763,
pl-648589,Bryklike,"labeled feature, label",pin,37.08870,35.34178,-30,300,0,486.6,https://pleiades.stoa.org/places/648589,
pl-501406,Drys,settlement,pin,40.85649,25.67519,-550,300,0,486.9,https://pleiades.stoa.org/places/501406,
pl-589728,Benkasos (mountain),"mountain, label",pin,35.11127,25.70824,-330,-30,0,487.1,https://pleiades.stoa.org/places/589728,
pl-963101040,Mine on Euboea,quarry,pin,38.07256,24.33219,,,0,487.1,https://pleiades.stoa.org/places/963101040,
pl-991964195,Alaca Höyük,"settlement, archaeological-site",pin,40.23448,34.69524,-10000,2100,0,487.3,https://pleiades.stoa.org/places/991964195,
pl-570285,Hellenika,settlement,pin,37.60546,24.34693,-550,2099,0,487.7,https://pleiades.stoa.org/places/570285,
pl-963101039,Mine on Euboea,quarry,pin,38.05901,24.32478,,,0,487.7,https://pleiades.stoa.org/places/963101039,
pl-570314,Ioulis,settlement,pin,37.64047,24.34044,-750,640,0,487.9,https://pleiades.stoa.org/places/570314,
pl-629082,Skandos,settlement,pin,38.73097,35.40056,300,640,0,487.9,https://pleiades.stoa.org/places/629082,
pl-688701676,Makronissos tombs,cemetery,pin,34.98114,33.95401,-330,300,0,487.9,https://pleiades.stoa.org/places/688701676,
pl-570462,Marmarion,"settlement, quarry",pin,38.04903,24.32090,,,0,488.0,https://pleiades.stoa.org/places/570462,
pl-648548,Adana/Antiochia ad Sarum,"settlement, settlement-modern",pin,36.99495,35.33250,-1750,2100,0,488.1,https://pleiades.stoa.org/places/648548,
pl-648646,Ianouaria Pr.,cape,wash,36.75000,35.25000,-30,640,0,488.1,https://pleiades.stoa.org/places/648646,
pl-650060,Untitled,bridge,wash,36.75000,35.25000,-30,300,0,488.1,https://pleiades.stoa.org/places/650060,
pl-650061,Untitled,bridge,wash,36.75000,35.25000,-30,300,0,488.1,https://pleiades.stoa.org/places/650061,
pl-570747,Treis Ammoundas,temple-2,pin,37.67767,24.33400,-750,-30,0,488.2,https://pleiades.stoa.org/places/570747,
pl-570582,Pera Milous,temple,pin,37.63978,24.33575,-550,-30,0,488.3,https://pleiades.stoa.org/places/570582,
pl-648569,Ariaramneia/[Rodandos],settlement,pin,37.90932,35.48292,-330,640,0,488.4,https://pleiades.stoa.org/places/648569,
pl-650062,Taşköprü,bridge,pin,36.98627,35.33503,-30,2100,0,488.5,https://pleiades.stoa.org/places/650062,
pl-845026,Olgassys (mountain),mountain,pin,41.10000,33.86667,-30,2100,0,488.7,https://pleiades.stoa.org/places/845026,
pl-395751423,Kephala,settlement,pin,37.68148,24.32763,-4000,-3000,0,488.7,https://pleiades.stoa.org/places/395751423,
pl-891801761,Agora at Malia,"agora, theatre",pin,35.29389,25.49254,-2000,2100,0,488.7,https://pleiades.stoa.org/places/891801761,
pl-589922,Mallia,"settlement, archaeological-site, palace, palace-complex",pin,35.29327,25.49245,-2000,2099,0,488.8,https://pleiades.stoa.org/places/589922,
pl-172719891,Yassi Höyük,"findspot, archaeological-site",pin,39.99310,34.88250,,,0,488.8,https://pleiades.stoa.org/places/172719891,
pl-570033,Ag. Eirene,"settlement, temple-2",pin,37.66897,24.32589,-10000,2100,0,488.9,https://pleiades.stoa.org/places/570033,
pl-628932,Argaeus (mountain),mountain,pin,38.53195,35.44895,-30,640,0,488.9,https://pleiades.stoa.org/places/628932,
pl-589867,Kimolos (settlement),"island, settlement",pin,36.78855,24.52641,-750,640,0,488.9,https://pleiades.stoa.org/places/589867,
pl-106515915,Eskiyapar,archaeological-site,pin,40.15806,34.77305,2000,2099,0,488.9,https://pleiades.stoa.org/places/106515915,
pl-844994,Kromna,settlement,pin,41.83824,32.65106,-750,640,0,489.3,https://pleiades.stoa.org/places/844994,
pl-570348,Keos (island),island,pin,37.61386,24.32655,1700,2100,0,489.4,https://pleiades.stoa.org/places/570348,
pl-570333,Karthaia,"settlement, archaeological-site",pin,37.56107,24.33046,-750,640,0,489.6,https://pleiades.stoa.org/places/570333,
pl-372021189,"Karthaia, Athena Temple",temple-2,pin,37.56108,24.33031,-750,-330,0,489.6,https://pleiades.stoa.org/places/372021189,
pl-804115670,Sanctuary of Apollo Pythios,sanctuary,pin,37.56028,24.33103,-750,-330,0,489.6,https://pleiades.stoa.org/places/804115670,
pl-589957,Oleros,settlement,pin,35.07080,25.71422,-550,300,0,489.7,https://pleiades.stoa.org/places/589957,
pl-372021190,ancient theater of Carthaea,theatre,pin,37.56038,24.32974,,,0,489.7,https://pleiades.stoa.org/places/372021190,
pl-570574,Pelekoudi,settlement,pin,36.76618,24.52408,-30,2099,0,489.8,https://pleiades.stoa.org/places/570574,
pl-570315,Ipnoi (mountain),"mountain, label",pin,37.56309,24.32623,,,0,489.9,https://pleiades.stoa.org/places/570315,
pl-570748,Tria Pigadia,settlement,pin,36.72997,24.53615,300,640,0,489.9,https://pleiades.stoa.org/places/570748,
pl-501667,Zone,"settlement, archaeological-site",pin,40.86309,25.63813,-750,640,0,489.9,https://pleiades.stoa.org/places/501667,
pl-570163,Bounali tou Barba Spiro,settlement,pin,36.75909,24.52088,-750,300,0,490.3,https://pleiades.stoa.org/places/570163,
pl-570339,Kato Komia,"settlement, settlement-modern",pin,36.72410,24.53402,300,2099,0,490.3,https://pleiades.stoa.org/places/570339,
pl-570370,Koresia/Arsinoe,settlement,pin,37.65870,24.31119,-750,640,0,490.3,https://pleiades.stoa.org/places/570370,
pl-501639,Thracium/Macedonicum Mare,water-open,pin,40.36667,25.16667,1700,2100,0,490.3,https://pleiades.stoa.org/places/501639,
pl-707597,Palio Khorio,settlement,pin,34.98722,34.00086,-330,300,0,490.4,https://pleiades.stoa.org/places/707597,
pl-501516,Mesambria,settlement,pin,40.86393,25.63090,-550,640,0,490.4,https://pleiades.stoa.org/places/501516,
pl-570644,Rema,quarry,pin,36.70083,24.53915,-550,300,0,490.6,https://pleiades.stoa.org/places/570644,
pl-570626,Pollonia,settlement,pin,36.76156,24.51275,-750,2099,0,490.9,https://pleiades.stoa.org/places/570626,
pl-570039,Ag. Marina,fort,pin,37.61286,24.30616,-550,-330,0,491.2,https://pleiades.stoa.org/places/570039,
pl-570036,Ag. Ioannes,settlement,pin,36.74015,24.51606,-750,-550,0,491.3,https://pleiades.stoa.org/places/570036,
pl-764638888,Palatial complex at Pteria,"palace-complex, archaeological-site",pin,39.74243,35.06530,-800,-500,0,491.5,https://pleiades.stoa.org/places/764638888,
pl-280341406,Phylakopi,"settlement, archaeological-site",pin,36.75524,24.50503,-10000,-1000,0,491.7,https://pleiades.stoa.org/places/280341406,
pl-707464,Ammos tou Kampouri,villa,pin,34.98263,34.01554,-30,300,0,491.7,https://pleiades.stoa.org/places/707464,
pl-844948,Horma,settlement,pin,41.63116,33.12116,-30,640,0,491.8,https://pleiades.stoa.org/places/844948,
pl-136213130,Cappadocia Gate at Kerkenes,city-gate,pin,39.74453,35.07003,-700,-500,0,491.9,https://pleiades.stoa.org/places/136213130,
pl-619244,Kerkenes/Pteria?,"fortified-settlement, settlement",pin,39.74898,35.06831,-750,2099,0,492.0,https://pleiades.stoa.org/places/619244,
pl-570731,Tholos,cemetery,pin,37.55036,24.30429,-30,640,0,492.0,https://pleiades.stoa.org/places/570731,
pl-570637,Psaropyrgos,fort,pin,37.61151,24.29338,-550,-30,0,492.3,https://pleiades.stoa.org/places/570637,
pl-570585,Petras,"region, label",pin,37.55775,24.29824,,,0,492.4,https://pleiades.stoa.org/places/570585,
pl-570340,Kaukasos (mountain),"mountain, label",pin,37.53820,24.29912,,,0,492.6,https://pleiades.stoa.org/places/570340,
pl-589807,Hierapytna,settlement,pin,35.00953,25.73875,-750,640,0,492.6,https://pleiades.stoa.org/places/589807,
pl-570681,Soleta,villa,pin,36.68988,24.51833,-30,300,0,492.7,https://pleiades.stoa.org/places/570681,
pl-534581093,Bramiana,settlement,pin,35.03743,25.70161,-2000,-1080,0,492.9,https://pleiades.stoa.org/places/534581093,
pl-589895,Larisa,"settlement, settlement-modern",pin,35.07516,25.65679,-750,2099,0,493.1,https://pleiades.stoa.org/places/589895,
pl-570584,Petaliai (islands),"archipelago, island",pin,38.00000,24.26000,1700,2100,0,493.3,https://pleiades.stoa.org/places/570584,
pl-541117,Styra,"settlement, port",pin,38.14584,24.26176,-750,-30,0,493.4,https://pleiades.stoa.org/places/541117,
pl-707500,Dades? Pr.,cape,wash,34.75000,33.75000,-330,300,0,493.5,https://pleiades.stoa.org/places/707500,
pl-707630,Tetios? (river),river,wash,34.75000,33.75000,-330,300,0,493.5,https://pleiades.stoa.org/places/707630,
pl-590098,Zephyrion Pr.,cape,pin,35.33400,25.38526,1700,2100,0,493.5,https://pleiades.stoa.org/places/590098,
pl-570578,Pelos Pyrgaki,settlement,pin,36.72289,24.49591,-550,300,0,493.5,https://pleiades.stoa.org/places/570578,
pl-512530798,Uşaklı Höyük,"findspot, settlement, archaeological-site",pin,39.81297,35.05249,-2000,2100,0,493.6,https://pleiades.stoa.org/places/512530798,
pl-570546,Palaiokhori,settlement,pin,36.67707,24.51227,300,640,0,493.6,https://pleiades.stoa.org/places/570546,
pl-237118389,Άγιος Νικόλαος,basilica,pin,35.31062,25.40417,-30,300,0,493.7,https://pleiades.stoa.org/places/237118389,
pl-570436,Liparos,cemetery,pin,37.55952,24.28303,-550,300,0,493.7,https://pleiades.stoa.org/places/570436,
pl-707545,Korakistres,villa,pin,34.97372,34.03757,-30,300,0,493.8,https://pleiades.stoa.org/places/707545,
pl-570623,Poiessa,"settlement, archaeological-site",pin,37.59949,24.27799,-750,640,0,493.8,https://pleiades.stoa.org/places/570623,
pl-589854,Katharo,"settlement, settlement-modern",pin,35.14692,25.56627,300,2099,0,493.9,https://pleiades.stoa.org/places/589854,
pl-589801,Hellen (river),river,pin,35.02401,25.69852,-330,2099,0,494.1,https://pleiades.stoa.org/places/589801,
pl-629035,Mazaka/Eusebeia/Caesarea,"settlement, findspot",pin,38.72640,35.47436,-1200,2000,0,494.2,https://pleiades.stoa.org/places/629035,
pl-589744,Chersonasos,settlement,pin,35.31916,25.38857,-330,640,0,494.2,https://pleiades.stoa.org/places/589744,
pl-629043,Moutalaske,settlement,pin,38.70952,35.48224,300,640,0,494.6,https://pleiades.stoa.org/places/629043,
pl-766613993,Limiko Kapsalon dragon house,ruin,pin,38.12477,24.24513,,,0,494.8,https://pleiades.stoa.org/places/766613993,
pl-570222,Elixos (river),river,wash,37.75000,24.25000,,,0,495.0,https://pleiades.stoa.org/places/570222,
pl-570326,Kale/Leuke Akte,cape,wash,37.75000,24.25000,-330,300,0,495.0,https://pleiades.stoa.org/places/570326,
pl-540873,Koila?,unknown,wash,38.25000,24.25000,-550,640,0,495.0,https://pleiades.stoa.org/places/540873,
pl-542092,Untitled,quarry,wash,38.25000,24.25000,-330,300,0,495.0,https://pleiades.stoa.org/places/542092,
pl-512530799,Çadır Höyük,settlement,pin,39.67669,35.14333,-10000,2100,0,495.0,https://pleiades.stoa.org/places/512530799,
pl-570327,Kaminia,settlement,pin,36.74167,24.46916,-550,2099,0,495.1,https://pleiades.stoa.org/places/570327,
pl-379689234,Proposed location of Artulu 2 (Kayseri),settlement,pin,38.72253,35.48745,-1000,-720,0,495.3,https://pleiades.stoa.org/places/379689234,
pl-570038,Ag. Kyriake,settlement,pin,36.67383,24.49256,300,2099,0,495.4,https://pleiades.stoa.org/places/570038,
pl-589842,Karphi,settlement,pin,35.21756,25.47048,-2000,-550,0,495.5,https://pleiades.stoa.org/places/589842,
pl-589743,Chambritrasos,"gorge, watercourse",pin,35.15552,25.53129,-330,2099,0,495.7,https://pleiades.stoa.org/places/589743,
pl-619125,Basilika Therma,settlement,pin,39.49930,35.24118,300,640,0,495.9,https://pleiades.stoa.org/places/619125,
pl-570373,Korphos,cemetery,pin,36.71442,24.47033,-750,-330,0,495.9,https://pleiades.stoa.org/places/570373,
pl-589664,Ag. Georgios Papoura,settlement,pin,35.21126,25.47050,-750,-330,0,495.9,https://pleiades.stoa.org/places/589664,
pl-589660,Ag. Anna,settlement,pin,35.19089,25.48697,-750,640,0,496.2,https://pleiades.stoa.org/places/589660,
pl-589875,Kolonna,settlement,pin,35.19878,25.47744,-750,-30,0,496.3,https://pleiades.stoa.org/places/589875,
pl-707523,Kalogiannis,villa,pin,34.96277,34.06552,-30,300,0,496.4,https://pleiades.stoa.org/places/707523,
pl-944349915,Que (kingdom),region,pin,36.93031,35.41114,-1000,-540,0,496.5,https://pleiades.stoa.org/places/944349915,
pl-629030,Makelle,villa,pin,38.63073,35.51977,300,640,0,496.5,https://pleiades.stoa.org/places/629030,
pl-652445664,Que (province),province-2,pin,36.93031,35.41114,-720,-540,0,496.5,https://pleiades.stoa.org/places/652445664,
pl-570692,Stoloi,settlement,pin,36.67225,24.47991,-750,640,0,496.5,https://pleiades.stoa.org/places/570692,
pl-653377581,Humē,region,pin,36.93031,35.41114,-720,-540,0,496.5,https://pleiades.stoa.org/places/653377581,
pl-629061,Rümdiğin,settlement,pin,39.11274,35.40236,-30,300,0,496.9,https://pleiades.stoa.org/places/629061,
pl-844955,İskilip rock tomb,tomb,pin,40.77012,34.36379,-550,1999,0,497.0,https://pleiades.stoa.org/places/844955,
pl-589839,Kardamoutsa,settlement,pin,35.20735,25.45783,-750,640,0,497.1,https://pleiades.stoa.org/places/589839,
pl-574198884,Kalatepe,settlement,pin,40.34070,34.74550,-4000,-2000,0,497.1,https://pleiades.stoa.org/places/574198884,
pl-270123727,Kasku (region),"unlocated, region",wash,40.45117,34.65753,-1000,-540,0,497.2,https://pleiades.stoa.org/places/270123727,
pl-589921,Malla,settlement,pin,35.08306,25.58190,-550,-30,0,497.5,https://pleiades.stoa.org/places/589921,
pl-707604,Pedalion (promontory),cape,pin,34.95972,34.08381,-330,2100,0,497.8,https://pleiades.stoa.org/places/707604,
pl-589781,Eronos?,settlement,pin,35.17133,25.48176,-750,640,0,497.9,https://pleiades.stoa.org/places/589781,
pl-589755,Dia (island),island,pin,35.44468,25.21867,-550,2100,0,498.1,https://pleiades.stoa.org/places/589755,
pl-589862,Kephali tou Vasilikou,settlement,pin,35.16316,25.48813,300,640,0,498.1,https://pleiades.stoa.org/places/589862,
pl-844898,Cytorus (mountain),"mountain, label",pin,41.81438,32.90528,-330,300,0,498.4,https://pleiades.stoa.org/places/844898,
pl-570421,Leon,cape,pin,38.08521,24.20330,-30,2100,0,498.4,https://pleiades.stoa.org/places/570421,
pl-648554,Aleion Pedion,"plain, label",pin,36.97391,35.44842,-750,640,0,498.5,https://pleiades.stoa.org/places/648554,
pl-540744,Dryopes,people,pin,38.26673,24.20768,-750,-330,0,498.8,https://pleiades.stoa.org/places/540744,
pl-570474,Melos (settlement),settlement,pin,36.74386,24.42328,-750,1999,0,498.9,https://pleiades.stoa.org/places/570474,
pl-501477,Korpilike,"region, label",pin,41.08234,25.74807,-330,300,0,498.9,https://pleiades.stoa.org/places/501477,
pl-19771164,Ancient theater of Maroneia,theatre,pin,40.87886,25.51927,-750,2099,0,498.9,https://pleiades.stoa.org/places/19771164,
pl-694364581,Catacombs of Trypiti,cemetery,pin,36.73731,24.42369,300,640,0,499.1,https://pleiades.stoa.org/places/694364581,
pl-501507,Maroneia,settlement,pin,40.87375,25.51143,-750,640,0,499.1,https://pleiades.stoa.org/places/501507,
pl-595596935,Dionysus Sanctuary,sanctuary,pin,40.87936,25.51700,,,0,499.1,https://pleiades.stoa.org/places/595596935,
pl-629678,Unnamed bridge,bridge,wash,37.60568,35.58493,-30,640,0,499.2,https://pleiades.stoa.org/places/629678,
pl-528335956,Theater of Melos,theatre,pin,36.73784,24.42106,-330,2099,0,499.3,https://pleiades.stoa.org/places/528335956,
pl-449126342,Klima,"harbor, settlement, settlement-modern",pin,36.73508,24.42047,-330,300,0,499.4,https://pleiades.stoa.org/places/449126342,
pl-570632,Probatas,villa,pin,36.67151,24.43984,-750,300,0,499.8,https://pleiades.stoa.org/places/570632,
pl-589920,Magazia,settlement,pin,35.15870,25.46609,300,640,0,499.9,https://pleiades.stoa.org/places/589920,
pl-570475,Melos (island),island,pin,36.71256,24.42322,-30,2100,0,499.9,https://pleiades.stoa.org/places/570475,
pl-844854,Aiginetes (river),river,wash,41.50000,33.50000,300,640,0,500.1,https://pleiades.stoa.org/places/844854,
pl-501468,Kikones,"label, people",pin,40.93564,25.56108,-330,300,0,500.2,https://pleiades.stoa.org/places/501468,
pl-589675,Aigaion Antron,"sanctuary, cave",pin,35.16470,25.45000,-750,2100,0,500.6,https://pleiades.stoa.org/places/589675,
pl-589940,Mouri,settlement,pin,35.18956,25.42231,-30,300,0,500.7,https://pleiades.stoa.org/places/589940,
pl-27294348,Gournes Cemetery,cemetery,pin,35.33046,25.28150,-3100,-2000,0,501.0,https://pleiades.stoa.org/places/27294348,
pl-589998,Plati,settlement,pin,35.17371,25.43247,-750,-550,0,501.1,https://pleiades.stoa.org/places/589998,
pl-570034,Ag. Eirene,unknown,wash,37.25000,24.25000,,,0,501.2,https://pleiades.stoa.org/places/570034,
pl-540710,Chersonesos? Pr.,cape,wash,38.75000,24.25000,,,0,501.2,https://pleiades.stoa.org/places/540710,
pl-570439,Loutra,unknown,wash,37.25000,24.25000,,,0,501.2,https://pleiades.stoa.org/places/570439,
pl-27461581,Fournou Korifi,settlement,pin,35.00682,25.60931,-4000,2099,0,501.2,https://pleiades.stoa.org/places/27461581,
pl-589676,Aigaion,mountain,pin,35.10899,25.49628,-750,2100,0,501.3,https://pleiades.stoa.org/places/589676,
pl-541177,Zarex/Zaret(h)ra,settlement,pin,38.31288,24.18245,-750,-330,0,501.3,https://pleiades.stoa.org/places/541177,
pl-628979,Fırakdın,settlement,pin,38.25365,35.62340,-750,-550,0,501.4,https://pleiades.stoa.org/places/628979,
pl-14671932,Skotino cave,cave,pin,35.30500,25.29740,-2000,2099,0,501.6,https://pleiades.stoa.org/places/14671932,
pl-540605,Aigilia? (island),island,pin,38.17206,24.16887,-550,2100,0,501.7,https://pleiades.stoa.org/places/540605,
pl-650309285,Alişar Höyük,"settlement, archaeological-site",pin,39.60598,35.26145,-2000,2100,0,501.7,https://pleiades.stoa.org/places/650309285,
pl-501428,Hadrianoupolis,settlement,pin,41.67646,26.56289,-1750,2000,0,501.7,https://pleiades.stoa.org/places/501428,
pl-570648,Ribari,mine-2,pin,36.70231,24.40493,-30,300,0,501.8,https://pleiades.stoa.org/places/570648,
pl-589949,Myrtos,"settlement, port",pin,35.00731,25.59038,-2000,300,0,502.4,https://pleiades.stoa.org/places/589949,
pl-844997,Kytoros,settlement,pin,41.86193,32.89781,-750,640,0,502.5,https://pleiades.stoa.org/places/844997,
pl-570224,Emborio,"settlement, settlement-modern",pin,36.70996,24.39182,-30,2099,0,502.6,https://pleiades.stoa.org/places/570224,
pl-589997,Pigi,sanctuary,pin,35.22772,25.35168,-30,640,0,503.0,https://pleiades.stoa.org/places/589997,
pl-648701,Magarsa/Antiochia ad Pyramum,settlement,pin,36.54495,35.34552,-330,2100,0,503.0,https://pleiades.stoa.org/places/648701,
pl-256850675,Bouleuterion at Lyttos,"building, ruin, architecturalcomplex",pin,35.20808,25.36833,,,0,503.1,https://pleiades.stoa.org/places/256850675,
pl-256850676,Sebasteion at Lyttos,unknown,pin,35.20807,25.36846,,,0,503.1,https://pleiades.stoa.org/places/256850676,
pl-272640037,Troulli tis Korfis,"sanctuary, archaeological-site",pin,35.24819,25.32991,,,0,503.1,https://pleiades.stoa.org/places/272640037,
pl-836258799,Magarsus Theater,theatre,pin,36.54580,35.34715,,,0,503.1,https://pleiades.stoa.org/places/836258799,
pl-629055,Phlabianai,"monastery, church",pin,38.64568,35.59375,300,640,0,503.2,https://pleiades.stoa.org/places/629055,
pl-589918,Lyktos,settlement,pin,35.20810,25.36820,-750,640,0,503.2,https://pleiades.stoa.org/places/589918,
pl-501382,Briantike,"label, people",pin,40.97486,25.55731,-750,300,0,503.3,https://pleiades.stoa.org/places/501382,
pl-693520033,Maroneia Cave,cave,pin,40.93230,25.50372,-4000,2099,0,503.8,https://pleiades.stoa.org/places/693520033,
pl-501362,Arriana,bath,pin,41.11400,25.70613,-30,640,0,504.0,https://pleiades.stoa.org/places/501362,
pl-540797,Grynchai,settlement,pin,38.40111,24.15984,-750,300,0,504.1,https://pleiades.stoa.org/places/540797,
pl-844974,Kastamonu,settlement,pin,41.38769,33.75006,-1750,2000,0,504.8,https://pleiades.stoa.org/places/844974,
pl-589746,Chrysea (island),island,pin,34.87385,25.70723,1700,2100,0,504.9,https://pleiades.stoa.org/places/589746,
pl-589805,Hermes and Aphrodite Sanctuary,"spring, sanctuary, archaeological-site",pin,35.05592,25.50001,-2000,2100,0,504.9,https://pleiades.stoa.org/places/589805,
pl-540746,Dystos,"tower-defensive, settlement",pin,38.35516,24.14480,-750,1499,0,504.9,https://pleiades.stoa.org/places/540746,
pl-995604668,Withdrawn: Simi,"sanctuary, archaeological-site",pin,35.05590,25.49995,-2000,-1000,0,504.9,https://pleiades.stoa.org/places/995604668,
pl-570081,Angathia,villa,pin,36.72532,24.35718,-330,300,0,505.0,https://pleiades.stoa.org/places/570081,
pl-7283642,Ancient bridge on Via Egnatia at modern Arisvi,bridge,pin,41.05277,25.61872,-30,300,0,505.0,https://pleiades.stoa.org/places/7283642,
pl-582109,Untitled,fort,wash,38.12500,24.12500,-550,-330,0,505.3,https://pleiades.stoa.org/places/582109,
pl-482621854,Chryssi-Gaidouronisi,archaeological-site,pin,34.88019,25.69165,2000,2099,0,505.4,https://pleiades.stoa.org/places/482621854,
pl-872969492,Papoura Hill Circular Structure,"architecturalcomplex, archaeological-site",pin,35.22054,25.32044,-2000,2099,0,505.6,https://pleiades.stoa.org/places/872969492,
pl-540747,Dystos? L.,lake,pin,38.35358,24.13339,1700,2100,0,505.9,https://pleiades.stoa.org/places/540747,
pl-202079426,Villa of the Lillies (Amnisos),villa,pin,35.33127,25.20714,-2000,-1000,0,506.2,https://pleiades.stoa.org/places/202079426,
pl-590101,"Zeus Thenatas, T.","sanctuary, temple-2",pin,35.33203,25.20532,-750,300,0,506.3,https://pleiades.stoa.org/places/590101,
pl-648622,Didymoi (islands),"archipelago, island",pin,36.55711,35.39194,-30,2100,0,506.4,https://pleiades.stoa.org/places/648622,
pl-570689,Sta Glastria,settlement,pin,36.72275,24.34183,300,640,0,506.4,https://pleiades.stoa.org/places/570689,
pl-579945,Helena (island),island,pin,37.69066,24.12125,-550,2100,0,506.6,https://pleiades.stoa.org/places/579945,
pl-570035,Ag. Helene,villa,pin,36.69414,24.34969,-30,640,0,506.7,https://pleiades.stoa.org/places/570035,
pl-589769,Eileithyias Antron,"sanctuary, cave",pin,35.31840,25.21053,-750,640,0,506.8,https://pleiades.stoa.org/places/589769,
pl-580033,Nape,unknown,wash,37.62500,24.12500,-550,-330,0,506.8,https://pleiades.stoa.org/places/580033,
pl-501661,Xantheia,settlement,pin,40.90505,25.42951,-550,640,0,506.8,https://pleiades.stoa.org/places/501661,
pl-629079,Sibora/Foroba?,settlement,pin,39.69765,35.28643,-30,640,0,507.4,https://pleiades.stoa.org/places/629079,
pl-501617,Sithones,"label, people",pin,41.80259,26.68146,-550,300,0,507.4,https://pleiades.stoa.org/places/501617,
pl-524143100,Amnisos,"settlement, port",pin,35.32000,25.20000,-2000,300,0,507.4,https://pleiades.stoa.org/places/524143100,
pl-648702,Mallos/Antiochia ad Pyramum,settlement,pin,36.75619,35.48520,-330,640,0,507.7,https://pleiades.stoa.org/places/648702,
pl-857148,Halys (river),"settlement, river",pin,39.92473,35.16857,-1750,2100,0,508.0,https://pleiades.stoa.org/places/857148,
pl-540863,Khili,settlement,pin,38.64884,24.14939,-550,-30,0,508.1,https://pleiades.stoa.org/places/540863,
pl-540652,"Apollo, T.",temple-2,pin,38.50132,24.12333,-750,640,0,508.3,https://pleiades.stoa.org/places/540652,
pl-589682,Amnisos (river),river,pin,35.30417,25.20078,-750,2100,0,508.4,https://pleiades.stoa.org/places/589682,
pl-845034,Paphlagonia (region),region,wash,41.35015,33.86531,-750,640,0,508.5,https://pleiades.stoa.org/places/845034,
pl-589831,Kairatos (river),river,wash,35.25000,25.25000,,,0,508.5,https://pleiades.stoa.org/places/589831,
pl-590076,Theren? (river),river,wash,35.25000,25.25000,,,0,508.5,https://pleiades.stoa.org/places/590076,
pl-590413,Untitled,aqueduct,wash,35.25000,25.25000,-30,640,0,508.5,https://pleiades.stoa.org/places/590413,
pl-590415,Unnamed aqueduct at Lyktos,aqueduct,wash,35.25000,25.25000,-30,640,0,508.5,https://pleiades.stoa.org/places/590415,
pl-594187,Untitled,road,wash,35.25000,25.25000,-30,640,0,508.5,https://pleiades.stoa.org/places/594187,
pl-594188,Untitled,road,wash,35.25000,25.25000,-30,300,0,508.5,https://pleiades.stoa.org/places/594188,
pl-594189,Untitled,road,wash,35.25000,25.25000,-330,300,0,508.5,https://pleiades.stoa.org/places/594189,
pl-541129,Teleidai,settlement,pin,38.58279,24.13187,-550,300,0,508.7,https://pleiades.stoa.org/places/541129,
pl-501472,Koilaletai,"label, people",pin,41.56327,26.22884,-550,300,0,509.5,https://pleiades.stoa.org/places/501472,
pl-541121,Tamynai,settlement,pin,38.49942,24.10415,-750,640,0,510.0,https://pleiades.stoa.org/places/541121,
pl-541171,Velousia,sanctuary,pin,38.39053,24.08946,-550,1999,0,510.1,https://pleiades.stoa.org/places/541171,
pl-844852,Aigialos,settlement,pin,41.89189,33.00244,-750,640,0,510.2,https://pleiades.stoa.org/places/844852,
pl-216765,Chersonesos,settlement,pin,42.28010,27.76981,-330,640,0,510.3,https://pleiades.stoa.org/places/216765,
pl-501580,Priaticus Campus,"plain, label",pin,41.01898,25.50072,-30,300,0,510.3,https://pleiades.stoa.org/places/501580,
pl-845091,Ximene?,"region, label",pin,40.49724,34.80117,-30,300,0,510.5,https://pleiades.stoa.org/places/845091,
pl-628923,Anisa,"settlement, archaeological-site",pin,38.85108,35.63533,-1750,2100,0,510.5,https://pleiades.stoa.org/places/628923,
pl-844880,Blaene,label,pin,41.42028,33.80469,-30,300,0,510.7,https://pleiades.stoa.org/places/844880,
pl-847112,Untitled,road,wash,41.86050,33.07585,-30,640,0,510.7,https://pleiades.stoa.org/places/847112,
pl-58129442,Kaneš,settlement,pin,38.85006,35.63763,-2000,2000,0,510.7,https://pleiades.stoa.org/places/58129442,
pl-501360,Armira,villa,pin,41.49915,26.10665,-30,300,0,510.8,https://pleiades.stoa.org/places/501360,
pl-963101147,Mine of Laureion,mine-2,pin,37.74935,24.06941,-550,300,0,510.8,https://pleiades.stoa.org/places/963101147,
pl-589730,Biannos,settlement,pin,35.06083,25.40288,-750,640,0,511.0,https://pleiades.stoa.org/places/589730,
pl-589802,Heraklion,"settlement, port, settlement-modern, archaeological-site",pin,35.33754,25.13327,-330,2100,0,511.1,https://pleiades.stoa.org/places/589802,
pl-648774,Serretillis/Serraipolis,settlement,pin,36.64332,35.48472,-30,640,0,511.2,https://pleiades.stoa.org/places/648774,
pl-580003,Kynosoura (promontory),cape,pin,38.13375,24.05662,2000,2099,0,511.3,https://pleiades.stoa.org/places/580003,
pl-628942,Bagadania,"region, label",pin,38.35611,35.72882,-30,640,0,511.4,https://pleiades.stoa.org/places/628942,
pl-629058,Pusatlı,settlement,pin,38.40524,35.72373,300,640,0,511.4,https://pleiades.stoa.org/places/629058,
pl-271668241,The Queen's Megaron (Palace of Minos),"space-interior, architecturalcomplex",pin,35.29764,25.16347,-2000,-1000,0,511.5,https://pleiades.stoa.org/places/271668241,
pl-229296321,Neolithic Settlement at Knossos,"settlement, archaeological-site",pin,35.29787,25.16324,-10000,-3300,0,511.5,https://pleiades.stoa.org/places/229296321,
pl-589872,Knosos/Col. Iulia Nobilis Cnosos,settlement,pin,35.29785,25.16311,-10000,2100,0,511.5,https://pleiades.stoa.org/places/589872,
pl-238779098,Minoan Palatial Center (Knossos),"palace-complex, architecturalcomplex",pin,35.29803,25.16286,-1600,2100,0,511.5,https://pleiades.stoa.org/places/238779098,
pl-739470591,Throne Room in Palace of Minos,architecturalcomplex,pin,35.29804,25.16308,-2000,2100,0,511.5,https://pleiades.stoa.org/places/739470591,
pl-925012715,Villa Dionysos (Knossos),villa,pin,35.30173,25.15774,-30,2099,0,511.6,https://pleiades.stoa.org/places/925012715,
pl-781961476,Bronze Age Settlement at Knossos,settlement,wash,35.29865,25.16142,-10000,-1080,0,511.6,https://pleiades.stoa.org/places/781961476,
pl-540943,Mesochoros,label,pin,38.45481,24.07907,-550,300,0,511.6,https://pleiades.stoa.org/places/540943,
pl-580001,Kynosoura,"ruin, fort",pin,38.13921,24.05430,-550,1999,0,511.6,https://pleiades.stoa.org/places/580001,
pl-330539497,Little Palace at Knossos,architecturalcomplex,pin,35.29931,25.16005,-1600,-1080,0,511.6,https://pleiades.stoa.org/places/330539497,
pl-330539498,Unexplored Mansion at Knossos,architecturalcomplex,wash,35.29929,25.15998,-1600,-1080,0,511.6,https://pleiades.stoa.org/places/330539498,
pl-963101146,Mine of Laureion,mine-2,pin,37.74359,24.06054,-550,300,0,511.6,https://pleiades.stoa.org/places/963101146,
pl-540971,Oichalia?,"settlement, archaeological-site",pin,38.60268,24.09983,-550,300,0,511.7,https://pleiades.stoa.org/places/540971,
pl-580087,Potamos Deiradiotes,"settlement, deme-attic",pin,37.78986,24.05582,-550,300,0,511.7,https://pleiades.stoa.org/places/580087,
pl-172158348,Pazarlı Höyük,settlement,pin,40.32530,34.95160,-10000,-500,0,511.7,https://pleiades.stoa.org/places/172158348,
pl-963101145,Mine of Laureion,mine-2,pin,37.74980,24.05902,-550,300,0,511.7,https://pleiades.stoa.org/places/963101145,
pl-580057,Panormos,harbor,pin,37.69817,24.06177,2000,2099,0,511.8,https://pleiades.stoa.org/places/580057,
pl-628940,Azapbaşlı,settlement,pin,39.54223,35.41667,-30,640,0,512.0,https://pleiades.stoa.org/places/628940,
pl-589960,Omphalion,"region, label",pin,35.33577,25.12230,-330,-30,0,512.0,https://pleiades.stoa.org/places/589960,
pl-501554,Pelevun,settlement,pin,41.50624,26.09566,-30,300,0,512.1,https://pleiades.stoa.org/places/501554,
pl-963101154,Mine of Laureion,mine-2,pin,37.74422,24.05427,-550,300,0,512.1,https://pleiades.stoa.org/places/963101154,
pl-589710,Arkades,settlement,pin,35.10271,25.34230,-750,640,0,512.2,https://pleiades.stoa.org/places/589710,
pl-375191030,Theater at Thorikos,theatre,pin,37.73800,24.05370,-550,2099,0,512.2,https://pleiades.stoa.org/places/375191030,
pl-580119,Thorikos,"settlement, deme-attic",pin,37.73787,24.05363,-550,300,0,512.2,https://pleiades.stoa.org/places/580119,
pl-503211161,Silver Mine at Thorikos,mine-2,pin,37.73817,24.05303,-550,-330,0,512.3,https://pleiades.stoa.org/places/503211161,
pl-589752,Dataleis?,settlement,pin,35.10223,25.34077,-750,-550,0,512.3,https://pleiades.stoa.org/places/589752,
pl-590414,Roman Aqueduct of Knossos,"aqueduct, spring, bridge",pin,35.27153,25.17600,-30,1899,0,512.3,https://pleiades.stoa.org/places/590414,
pl-772835485,Thorikos Residential and Production District,"production, settlement",pin,37.73931,24.05232,-550,-330,0,512.3,https://pleiades.stoa.org/places/772835485,
pl-359462132,Fortetsa Tombs,cemetery,pin,35.29703,25.15280,-1600,-1080,0,512.3,https://pleiades.stoa.org/places/359462132,
pl-963101144,Mine of Laureion,mine-2,pin,37.74828,24.05174,-550,300,0,512.3,https://pleiades.stoa.org/places/963101144,
pl-963101155,Mine of Laureion,mine-2,pin,37.73603,24.05281,-550,300,0,512.3,https://pleiades.stoa.org/places/963101155,
pl-580085,Porthmos,settlement,pin,37.82662,24.04660,-550,-330,0,512.4,https://pleiades.stoa.org/places/580085,
pl-963101138,Mine of Laureion,mine-2,pin,37.73636,24.05017,-550,300,0,512.5,https://pleiades.stoa.org/places/963101138,
pl-842459208,Double Stoa at Thorikos,"stoa, gateway",pin,37.73740,24.04931,2000,2099,0,512.6,https://pleiades.stoa.org/places/842459208,
pl-579990,Koroneia (promontory),cape,pin,37.87212,24.04085,-550,2099,0,512.7,https://pleiades.stoa.org/places/579990,
pl-579991,Koroni,"fort-2, settlement",pin,37.87171,24.04113,-330,1999,0,512.7,https://pleiades.stoa.org/places/579991,
pl-580084,Porthmos,settlement,pin,38.38931,24.05973,-550,640,0,512.7,https://pleiades.stoa.org/places/580084,
pl-589709,*Aria?,settlement,pin,34.99257,25.45028,-550,640,0,512.8,https://pleiades.stoa.org/places/589709,
pl-579906,Deiradiotai?,"settlement, deme-attic",pin,37.82418,24.04127,-550,300,0,512.8,https://pleiades.stoa.org/places/579906,
pl-580090,Prasia,"settlement, deme-attic",pin,37.86517,24.03760,-550,300,0,513.0,https://pleiades.stoa.org/places/580090,
pl-570227,Ephyra? (island),island,pin,36.78891,24.23851,1700,2100,0,513.1,https://pleiades.stoa.org/places/570227,
pl-963101160,Mine of Laureion,mine-2,pin,37.71164,24.04459,-550,300,0,513.2,https://pleiades.stoa.org/places/963101160,
pl-963101163,Mine of Laureion,mine-2,pin,37.71694,24.04380,-550,300,0,513.2,https://pleiades.stoa.org/places/963101163,
pl-963101143,Mine of Laureion,mine-2,pin,37.74568,24.04033,-550,300,0,513.3,https://pleiades.stoa.org/places/963101143,
pl-629072,Satıköy,church,pin,38.18531,35.76426,300,640,0,513.4,https://pleiades.stoa.org/places/629072,
pl-583623,Mine of Laureion,mine-2,pin,37.71225,24.03989,-550,300,0,513.6,https://pleiades.stoa.org/places/583623,
pl-658538,Mopsou(h)estia/Seleukeia pros to Pyramo,settlement,pin,36.95804,35.62237,-1000,2100,0,513.7,https://pleiades.stoa.org/places/658538,
pl-589774,Eltynia,settlement,pin,35.23843,25.18532,-550,2100,0,513.8,https://pleiades.stoa.org/places/589774,
pl-963101171,Mine of Laureion,mine-2,pin,37.70725,24.03716,-550,300,0,513.8,https://pleiades.stoa.org/places/963101171,
pl-586984740,Galatas,"settlement, palace",pin,35.17442,25.24580,-2000,2099,0,513.9,https://pleiades.stoa.org/places/586984740,
pl-963101148,Mine of Laureion,mine-2,pin,37.73085,24.03401,-550,300,0,514.0,https://pleiades.stoa.org/places/963101148,
pl-963101159,Mine of Laureion,mine-2,pin,37.71131,24.03524,-550,300,0,514.0,https://pleiades.stoa.org/places/963101159,
pl-220781958,Arkalochori cave,cave,pin,35.15000,25.26667,-2000,-1000,0,514.1,https://pleiades.stoa.org/places/220781958,
pl-589756,Diatonion?,settlement,pin,35.18691,25.22877,-330,-30,0,514.2,https://pleiades.stoa.org/places/589756,
pl-580034,Temple of Nemesis,"sanctuary, temple-2",pin,38.21748,24.02727,-550,2100,0,514.2,https://pleiades.stoa.org/places/580034,
pl-963101141,Mine of Laureion,mine-2,pin,37.72578,24.03116,-550,300,0,514.2,https://pleiades.stoa.org/places/963101141,
pl-769669016,Hermos,unknown,wash,38.21910,24.02698,-550,-330,0,514.3,https://pleiades.stoa.org/places/769669016,
pl-580024,Mega Helos,marsh-wetland,pin,38.15046,24.02350,-550,2099,0,514.3,https://pleiades.stoa.org/places/580024,
pl-580097,Rhamnous,"settlement, archaeological-site, deme-attic",pin,38.21929,24.02691,-550,300,0,514.3,https://pleiades.stoa.org/places/580097,
pl-963101137,Mine of Laureion,mine-2,pin,37.69756,24.03268,-550,300,0,514.3,https://pleiades.stoa.org/places/963101137,
pl-963101162,Mine of Laureion,mine-2,pin,37.72156,24.03051,-550,300,0,514.3,https://pleiades.stoa.org/places/963101162,
pl-963101164,Mine of Laureion,mine-2,pin,37.71626,24.03141,-550,300,0,514.3,https://pleiades.stoa.org/places/963101164,
pl-589808,Hieron/Arbion? M.,mountain,pin,35.01074,25.40640,-30,2100,0,514.4,https://pleiades.stoa.org/places/589808,
pl-963101152,Mine of Laureion,mine-2,pin,37.74777,24.02798,-550,300,0,514.4,https://pleiades.stoa.org/places/963101152,
pl-963101149,Mine of Laureion,mine-2,pin,37.73558,24.02736,-550,300,0,514.5,https://pleiades.stoa.org/places/963101149,
pl-583624,Untitled,quarry,pin,37.68827,24.03001,-550,300,0,514.6,https://pleiades.stoa.org/places/583624,
pl-501441,Ivajlovgrad,settlement,pin,41.53929,26.09966,-30,640,0,514.6,https://pleiades.stoa.org/places/501441,
pl-963101153,Mine of Laureion,mine-2,pin,37.74213,24.02563,-550,300,0,514.6,https://pleiades.stoa.org/places/963101153,
pl-963101166,Mine of Laureion,mine-2,pin,37.72465,24.02601,-550,300,0,514.7,https://pleiades.stoa.org/places/963101166,
pl-963101175,Mine of Laureion,mine-2,pin,37.71300,24.02533,-550,300,0,514.8,https://pleiades.stoa.org/places/963101175,
pl-963101174,Mine of Laureion,mine-2,pin,37.70590,24.02533,-550,300,0,514.9,https://pleiades.stoa.org/places/963101174,
pl-589696,Apellonia?,settlement,pin,35.40490,25.01853,-750,-30,0,515.1,https://pleiades.stoa.org/places/589696,
pl-589749,Creticum Mare,water-open,wash,35.75000,24.75000,-550,2100,0,515.1,https://pleiades.stoa.org/places/589749,
pl-925825062,Withdrawn:Temple of Athena at Sounion,temple-2,pin,37.65292,24.02704,-750,-330,0,515.1,https://pleiades.stoa.org/places/925825062,
pl-579884,Temple of Athena at Sounion,temple-2,pin,37.65292,24.02708,-550,2099,0,515.1,https://pleiades.stoa.org/places/579884,
pl-925825063,Sanctuary of Phrontis(?),sanctuary,pin,37.65311,24.02725,-750,-550,0,515.1,https://pleiades.stoa.org/places/925825063,
pl-963101139,Mine of Laureion,mine-2,pin,37.74164,24.02016,-550,300,0,515.1,https://pleiades.stoa.org/places/963101139,
pl-963101151,Mine of Laureion,mine-2,pin,37.73029,24.02049,-550,300,0,515.1,https://pleiades.stoa.org/places/963101151,
pl-9547769,Phourni,cemetery,pin,35.24532,25.15877,-2000,2100,0,515.2,https://pleiades.stoa.org/places/9547769,
pl-629009,[Kiskisos],settlement,pin,38.15395,35.78683,300,640,0,515.2,https://pleiades.stoa.org/places/629009,
pl-630437,Untitled,road,wash,38.15395,35.78683,,,0,515.2,https://pleiades.stoa.org/places/630437,
pl-580107,Sounion (Attica: settlement and deme),"settlement, deme-attic",wash,37.65209,24.02629,-550,300,0,515.2,https://pleiades.stoa.org/places/580107,
pl-580108,Sounion (Attica: cape),cape,pin,37.65011,24.02628,-30,2099,0,515.2,https://pleiades.stoa.org/places/580108,
pl-963101142,Mine of Laureion,mine-2,pin,37.71184,24.02093,-550,300,0,515.2,https://pleiades.stoa.org/places/963101142,
pl-963101161,Mine of Laureion,mine-2,pin,37.71705,24.02060,-550,300,0,515.2,https://pleiades.stoa.org/places/963101161,
pl-579878,Artemis Tauropolos temple,"sanctuary, settlement",pin,37.97975,24.00891,-750,640,0,515.3,https://pleiades.stoa.org/places/579878,
pl-580110,Steiria,"settlement, deme-attic",pin,37.89816,24.01073,-550,300,0,515.3,https://pleiades.stoa.org/places/580110,
pl-590083,Triton (river),river,pin,35.29639,25.10917,2000,2099,0,515.4,https://pleiades.stoa.org/places/590083,
pl-580086,Temple of Poseidon at Sounion,temple-2,pin,37.65021,24.02459,-550,2100,0,515.4,https://pleiades.stoa.org/places/580086,
pl-559217802,Iuktas,sanctuary,wash,35.29161,25.11439,-2000,2100,0,515.4,https://pleiades.stoa.org/places/559217802,
pl-963101150,Mine of Laureion,mine-2,pin,37.73761,24.01700,-550,300,0,515.4,https://pleiades.stoa.org/places/963101150,
pl-963101158,Mine of Laureion,mine-2,pin,37.70604,24.01984,-550,300,0,515.4,https://pleiades.stoa.org/places/963101158,
pl-701844210,Stravomyti,cave,pin,35.25000,25.14997,1700,2100,0,515.6,https://pleiades.stoa.org/places/701844210,
pl-412354926,Anemospilia,"sanctuary, temple-2",pin,35.25545,25.14457,-2000,2099,0,515.6,https://pleiades.stoa.org/places/412354926,
pl-963101157,Mine of Laureion,mine-2,pin,37.72330,24.01576,-550,300,0,515.6,https://pleiades.stoa.org/places/963101157,
pl-629085,Söğütlü,settlement,pin,38.30835,35.78278,300,640,0,515.7,https://pleiades.stoa.org/places/629085,
pl-579940,Halai Araphenides,settlement,pin,37.98719,24.00447,-550,2099,0,515.7,https://pleiades.stoa.org/places/579940,
pl-963101169,Mine of Laureion,mine-2,pin,37.69723,24.01700,-550,300,0,515.7,https://pleiades.stoa.org/places/963101169,
pl-963101173,Mine of Laureion,mine-2,pin,37.70410,24.01643,-550,300,0,515.7,https://pleiades.stoa.org/places/963101173,
pl-589657,Acharna,"settlement, architecturalcomplex, palace-complex",pin,35.23631,25.15989,-2000,1999,0,515.8,https://pleiades.stoa.org/places/589657,
pl-579876,Araphen,"settlement, deme-attic",pin,38.01999,24.00167,-550,300,0,515.9,https://pleiades.stoa.org/places/579876,
pl-580018,Makaria,spring,pin,38.15999,24.00580,-550,300,0,515.9,https://pleiades.stoa.org/places/580018,
pl-963101140,Mine of Laureion,mine-2,pin,37.72634,24.01137,-550,300,0,516.0,https://pleiades.stoa.org/places/963101140,
pl-963101170,Mine of Laureion,mine-2,pin,37.69340,24.01283,-550,300,0,516.1,https://pleiades.stoa.org/places/963101170,
pl-579894,Besa,"settlement, deme-attic",pin,37.74653,24.00771,-550,300,0,516.2,https://pleiades.stoa.org/places/579894,
pl-579923,Erasinos (river),river,pin,37.92630,23.99946,-550,2100,0,516.2,https://pleiades.stoa.org/places/579923,
pl-963101172,Mine of Laureion,mine-2,pin,37.69847,24.01035,-550,300,0,516.2,https://pleiades.stoa.org/places/963101172,
pl-963101176,Mine of Laureion,mine-2,pin,37.70387,24.01013,-550,300,0,516.2,https://pleiades.stoa.org/places/963101176,
pl-589703,Apollonia?,settlement,pin,35.32706,25.06923,-330,2100,0,516.3,https://pleiades.stoa.org/places/589703,
pl-540884,Kotylaion,settlement,pin,38.54522,24.03760,-550,300,0,516.3,https://pleiades.stoa.org/places/540884,
pl-579862,Amphitrope?,settlement,pin,37.70913,24.00940,-550,300,0,516.3,https://pleiades.stoa.org/places/579862,
pl-580035,Nike (Monument at Marathon),"church-2, tower-defensive, monument",pin,38.14090,24.00009,-550,2099,0,516.3,https://pleiades.stoa.org/places/580035,
pl-963101156,Mine of Laureion,mine-2,pin,37.72950,24.00720,-550,300,0,516.3,https://pleiades.stoa.org/places/963101156,
pl-963101168,Mine of Laureion,mine-2,pin,37.71576,24.00844,-550,300,0,516.3,https://pleiades.stoa.org/places/963101168,
pl-580125,Trikorynthos,"settlement, deme-attic",pin,38.16471,23.99993,-550,300,0,516.4,https://pleiades.stoa.org/places/580125,
pl-963101165,Mine of Laureion,mine-2,pin,37.72274,24.00562,-550,300,0,516.5,https://pleiades.stoa.org/places/963101165,
pl-963101167,Mine of Laureion,mine-2,pin,37.74076,24.00449,-550,300,0,516.5,https://pleiades.stoa.org/places/963101167,
pl-840019989,Stoa at Brauron,stoa,pin,37.92616,23.99378,-750,-30,0,516.7,https://pleiades.stoa.org/places/840019989,
pl-579879,Brauron/sanctuary of Artemis Brauronia,"sanctuary, temple-2",pin,37.92615,23.99371,-750,640,0,516.7,https://pleiades.stoa.org/places/579879,
pl-226716587,Archaeological Site at Plasi of Marathon,archaeological-site,pin,38.12318,23.99475,,,0,516.7,https://pleiades.stoa.org/places/226716587,
pl-579971,Kephale,"settlement, deme-attic",pin,37.81180,23.99638,-550,2100,0,516.8,https://pleiades.stoa.org/places/579971,
pl-590035,Roukouni Korphi,settlement,pin,35.02810,25.35057,-330,-30,0,516.9,https://pleiades.stoa.org/places/590035,
pl-580075,Philaidai,"settlement, deme-attic",pin,37.92893,23.98955,-550,300,0,517.0,https://pleiades.stoa.org/places/580075,
pl-589826,Iytos (mountain),mountain,pin,35.23253,25.14092,-550,2100,0,517.3,https://pleiades.stoa.org/places/589826,
pl-953163789,Withdrawn (duplicate): Mount Juktas,mountain,pin,35.23253,25.14092,-2000,2100,0,517.3,https://pleiades.stoa.org/places/953163789,
pl-844986,Klimax,settlement,pin,41.94147,33.05755,-30,640,0,517.4,https://pleiades.stoa.org/places/844986,
pl-26337957,Paleochristian basilica at Vravrona,church-2,pin,37.92702,23.98523,400,2099,0,517.4,https://pleiades.stoa.org/places/26337957,
pl-580004,Kytherros,"settlement, deme-attic",pin,37.90764,23.98429,-550,300,0,517.5,https://pleiades.stoa.org/places/580004,
pl-589850,Kastri,settlement,pin,34.99923,25.37038,-750,2100,0,517.6,https://pleiades.stoa.org/places/589850,
pl-629097,Tomarza,settlement,pin,38.44548,35.79377,300,640,0,517.9,https://pleiades.stoa.org/places/629097,
pl-887311735,Sanctuary of the Egyptian gods (Nea Makri),"sanctuary, bath",pin,38.10302,23.97943,100,199,0,518.0,https://pleiades.stoa.org/places/887311735,
pl-580031,Myrrinoutta,"settlement, deme-attic",pin,38.08317,23.97903,-550,300,0,518.0,https://pleiades.stoa.org/places/580031,
pl-580010,Laureion,"region, archaeological-site, label",pin,37.72430,23.98711,-550,-330,0,518.1,https://pleiades.stoa.org/places/580010,
pl-580106,Soros,tumulus,pin,38.11793,23.97834,-550,640,0,518.1,https://pleiades.stoa.org/places/580106,
pl-580083,Poros?,settlement,pin,37.78171,23.98214,-550,300,0,518.2,https://pleiades.stoa.org/places/580083,
pl-579948,Herakleion,sanctuary,pin,38.12131,23.97614,-550,-330,0,518.3,https://pleiades.stoa.org/places/579948,
pl-580028,Mikron Helos,unknown,wash,38.12131,23.97614,-550,300,0,518.3,https://pleiades.stoa.org/places/580028,
pl-629037,Melas (river),river,wash,38.75000,35.75000,-30,640,0,518.4,https://pleiades.stoa.org/places/629037,
pl-659117,Untitled,aqueduct,wash,37.25000,35.75000,-30,640,0,518.4,https://pleiades.stoa.org/places/659117,
pl-659118,Untitled,aqueduct,wash,37.25000,35.75000,300,640,0,518.4,https://pleiades.stoa.org/places/659118,
pl-659874,Untitled,bridge,wash,37.25000,35.75000,-30,300,0,518.4,https://pleiades.stoa.org/places/659874,
pl-659875,Untitled,bridge,wash,37.25000,35.75000,-30,300,0,518.4,https://pleiades.stoa.org/places/659875,
pl-580022,Marathonian Pedion,plain,wash,38.14313,23.97366,,,0,518.6,https://pleiades.stoa.org/places/580022,
pl-580074,Phegaia,"settlement, deme-attic",pin,38.06980,23.97136,-550,300,0,518.6,https://pleiades.stoa.org/places/580074,
pl-501628,Molyvoti/Stryme?,"settlement, archaeological-site",pin,40.93613,25.28495,-550,2099,0,518.8,https://pleiades.stoa.org/places/501628,
pl-580021,Marathon,"settlement, deme-attic",pin,38.14655,23.97015,-550,300,0,518.9,https://pleiades.stoa.org/places/580021,
pl-658510,*Kirkota,settlement,pin,36.94501,35.68204,300,640,0,519.1,https://pleiades.stoa.org/places/658510,
pl-580030,Myrrinous,"settlement, deme-attic",pin,37.87281,23.96789,-550,2100,0,519.1,https://pleiades.stoa.org/places/580030,
pl-877327047,Tsepi at Marathon,"cemetery, archaeological-site",pin,38.12876,23.96633,-2000,-1000,0,519.2,https://pleiades.stoa.org/places/877327047,
pl-540885,Kotylaion (mountain),"mountain, label",pin,38.58220,24.00873,,,0,519.3,https://pleiades.stoa.org/places/540885,
pl-579867,Angele,"settlement, deme-attic",pin,37.89866,23.96306,-550,300,0,519.4,https://pleiades.stoa.org/places/579867,
pl-579916,Eitea (Antiochis),"settlement, deme-attic",pin,38.20311,23.96745,-550,2100,0,519.4,https://pleiades.stoa.org/places/579916,
pl-580117,Tetrapolis,district,wash,38.15111,23.96443,-750,300,0,519.5,https://pleiades.stoa.org/places/580117,
pl-579929,Etosi,fort-2,pin,38.00523,23.95843,-330,1999,0,519.7,https://pleiades.stoa.org/places/579929,
pl-999947807,Tower of Vravrona,tower-defensive,pin,37.91381,23.95686,1200,2099,0,519.9,https://pleiades.stoa.org/places/999947807,
pl-541089,Scandira (island),island,pin,39.07629,24.11289,-30,2100,0,520.1,https://pleiades.stoa.org/places/541089,
pl-501440,Ismaris (lake),lake,pin,40.98629,25.31856,1700,2100,0,520.1,https://pleiades.stoa.org/places/501440,
pl-32732054,Tholos tomb at Marathon,tomb,pin,38.12133,23.95463,-2000,-1000,0,520.2,https://pleiades.stoa.org/places/32732054,
pl-580077,Phrearroi,"settlement, deme-attic",pin,37.77747,23.95912,-550,300,0,520.2,https://pleiades.stoa.org/places/580077,
pl-579883,Atene,"fort-2, deme-attic",pin,37.67535,23.96642,-550,300,0,520.3,https://pleiades.stoa.org/places/579883,
pl-628957,Cilicia,"region, label",pin,38.67449,35.78865,-330,300,0,520.5,https://pleiades.stoa.org/places/628957,
pl-580091,Probalinthos,"settlement, deme-attic",pin,38.12163,23.94900,-550,1999,0,520.7,https://pleiades.stoa.org/places/580091,
pl-774102407,Plataean Tumulus (Marathon),tumulus,pin,38.12323,23.94900,-550,300,0,520.7,https://pleiades.stoa.org/places/774102407,
pl-580026,Merenda,fort-2,pin,37.85490,23.94838,-330,-30,0,520.8,https://pleiades.stoa.org/places/580026,
pl-579847,Agrieliki,fort,pin,38.11794,23.94619,-550,-30,0,520.9,https://pleiades.stoa.org/places/579847,
pl-579866,Anaphlystos,"settlement, settlement-modern, deme-attic",pin,37.73756,23.95219,-550,2100,0,521.1,https://pleiades.stoa.org/places/579866,
pl-580115,Teithras,"settlement, deme-attic",pin,38.00482,23.94227,-550,300,0,521.1,https://pleiades.stoa.org/places/580115,
pl-501475,Komotene,settlement,pin,41.11702,25.44587,300,2099,0,521.1,https://pleiades.stoa.org/places/501475,
pl-34546779,Sissû,settlement,pin,37.44887,35.81635,-720,2100,0,521.1,https://pleiades.stoa.org/places/34546779,
pl-194496209,Anavyssos,"findspot, settlement-modern",pin,37.73664,23.94944,1700,2100,0,521.3,https://pleiades.stoa.org/places/194496209,
pl-580039,Oinoe (Marathon),"fort-2, settlement, deme-attic",pin,38.16699,23.94437,-550,300,0,521.3,https://pleiades.stoa.org/places/580039,
pl-590084,Tylisos,settlement,pin,35.29850,25.02025,-3000,300,0,521.6,https://pleiades.stoa.org/places/590084,
pl-579938,Hagnous,"settlement, deme-attic",pin,37.87826,23.93785,-550,300,0,521.7,https://pleiades.stoa.org/places/579938,
pl-541013,Parthenion,settlement,pin,38.46084,23.96327,-550,300,0,521.8,https://pleiades.stoa.org/places/541013,
pl-580060,Patroklou Charax (island),island,pin,37.65048,23.95053,-550,2100,0,521.8,https://pleiades.stoa.org/places/580060,
pl-582108,Untitled,fort-2,wash,37.65030,23.95044,-330,-30,0,521.8,https://pleiades.stoa.org/places/582108,
pl-72706425,Temenos castle,castle,pin,35.20314,25.10554,900,999,0,521.8,https://pleiades.stoa.org/places/72706425,
pl-590013,Priansos,settlement,pin,35.04589,25.25839,-550,300,0,521.9,https://pleiades.stoa.org/places/590013,
pl-580118,Thorai?,settlement,pin,37.79343,23.93763,-550,300,0,522.0,https://pleiades.stoa.org/places/580118,
pl-589917,Lykastos (Rokka),settlement,pin,35.20240,25.10156,-330,300,0,522.1,https://pleiades.stoa.org/places/589917,
pl-365374286,Oracular sanctuary at Oinoe,sanctuary,pin,38.15688,23.93264,,,0,522.3,https://pleiades.stoa.org/places/365374286,
pl-579987,Konthyle,"settlement, deme-attic",pin,37.95878,23.92931,-550,300,0,522.3,https://pleiades.stoa.org/places/579987,
pl-638120044,"Tower of Oinoe, Marathon",fort,pin,38.15557,23.93190,1200,1299,0,522.3,https://pleiades.stoa.org/places/638120044,
pl-579984,Kolonai,deme-attic,wash,38.23246,23.93474,-550,300,0,522.4,https://pleiades.stoa.org/places/579984,
pl-580130,Varnava Tower,tower-single,pin,38.23245,23.93474,-550,2099,0,522.4,https://pleiades.stoa.org/places/580130,
pl-658566,Parion Oros,"mountain, label",pin,36.88978,35.70809,-330,2100,0,522.8,https://pleiades.stoa.org/places/658566,
pl-16844227,Sirkeli Höyük,settlement,pin,37.00321,35.74380,-10000,2099,0,523.0,https://pleiades.stoa.org/places/16844227,
pl-589748,Creta (island),island,wash,35.21485,25.07408,-750,2100,0,523.2,https://pleiades.stoa.org/places/589748,
pl-590022,Pyranthos,settlement,pin,35.07993,25.20386,-30,300,0,523.2,https://pleiades.stoa.org/places/590022,
pl-579924,Erchia,"settlement, deme-attic",pin,37.96720,23.91869,-550,300,0,523.2,https://pleiades.stoa.org/places/579924,
pl-589853,Katarraktes? (river),river,pin,35.04005,25.23897,1700,2100,0,523.6,https://pleiades.stoa.org/places/589853,
pl-579960,Ionidai?,settlement,pin,38.02856,23.91447,-550,300,0,523.6,https://pleiades.stoa.org/places/579960,
pl-579882,Astypalaia (promontory),cape,pin,37.71516,23.92404,2000,2099,0,523.7,https://pleiades.stoa.org/places/579882,
pl-579983,Kolonai,"settlement, deme-attic",pin,38.19781,23.91818,-550,300,0,523.7,https://pleiades.stoa.org/places/579983,
pl-579845,Ag. Paraskevi,fort-2,pin,38.26525,23.92107,-550,2099,0,523.8,https://pleiades.stoa.org/places/579845,
pl-580092,Prospalta,settlement,pin,37.84845,23.91235,-550,300,0,524.0,https://pleiades.stoa.org/places/580092,
pl-713664772,Cave of Eileithyia (Inatos),cave,pin,34.98605,25.28690,-900,300,0,524.2,https://pleiades.stoa.org/places/713664772,
pl-589819,Inatos,settlement,pin,34.98783,25.28373,-330,640,0,524.2,https://pleiades.stoa.org/places/589819,
pl-580104,Semachidai?,settlement,pin,38.15862,23.91033,-550,300,0,524.2,https://pleiades.stoa.org/places/580104,
pl-707473,Aphrodites Lophos,sanctuary,wash,34.75000,34.25000,-330,300,0,524.3,https://pleiades.stoa.org/places/707473,
pl-579944,Hekale?,"settlement, deme-attic",pin,38.13445,23.90884,-550,1999,0,524.3,https://pleiades.stoa.org/places/579944,
pl-580093,Psaphis,deme-attic,pin,38.28855,23.91726,-550,640,0,524.3,https://pleiades.stoa.org/places/580093,
pl-589820,Inatos (river),river,pin,35.00168,25.26704,1700,2100,0,524.4,https://pleiades.stoa.org/places/589820,
pl-579852,Aigilia?,settlement,pin,37.79244,23.90975,-550,300,0,524.5,https://pleiades.stoa.org/places/579852,
pl-590009,Pothereus? (river),river,pin,35.19635,25.07025,-30,2099,0,524.7,https://pleiades.stoa.org/places/590009,
pl-745058964,Acamantis,people,wash,37.88406,23.90244,-550,-330,0,524.8,https://pleiades.stoa.org/places/745058964,
pl-934539043,Paradimi Neolithic Tomb,tomb,pin,41.07806,25.34626,-10000,-3300,0,524.8,https://pleiades.stoa.org/places/934539043,
pl-177668735,Theater of Icarion Aegeidas (Attica),"archaeological-site, theatre",pin,38.09562,23.90048,,,0,524.9,https://pleiades.stoa.org/places/177668735,
pl-580064,Pentele,settlement,wash,38.08083,23.89972,-550,640,0,524.9,https://pleiades.stoa.org/places/580064,
pl-580065,Pentelikon/Brilessos (mountain),mountain,pin,38.08083,23.89972,-30,2100,0,524.9,https://pleiades.stoa.org/places/580065,
pl-585919,Hyperakria,unlocated,wash,38.08083,23.89972,-550,-330,0,524.9,https://pleiades.stoa.org/places/585919,
pl-982593692,Sanctuary of Dionysos,"sanctuary, theatre, plaza",pin,38.09562,23.90047,-550,300,0,524.9,https://pleiades.stoa.org/places/982593692,
pl-628949,Cappadocia (region),"region, label",pin,38.63387,35.84912,-550,640,0,525.1,https://pleiades.stoa.org/places/628949,
pl-589889,Kytaion?,settlement,pin,35.40778,24.87837,-550,300,0,525.1,https://pleiades.stoa.org/places/589889,
pl-845079,Thymena/Teuthrania?,settlement,pin,41.95825,33.18907,-30,640,0,525.2,https://pleiades.stoa.org/places/845079,
pl-857346,Tekke,settlement,pin,40.36057,35.10587,-30,640,0,525.4,https://pleiades.stoa.org/places/857346,
pl-579998,Kydantidai,"settlement, deme-attic",pin,38.04737,23.89195,-550,300,0,525.5,https://pleiades.stoa.org/places/579998,
pl-590050,Sisaioi,"label, people",pin,35.39643,24.88072,-330,300,0,525.6,https://pleiades.stoa.org/places/590050,
pl-579918,Elaiousa (island),"island, label",pin,37.71064,23.90077,1700,2100,0,525.7,https://pleiades.stoa.org/places/579918,
pl-579958,Ikarion,"settlement, deme-attic",pin,38.10506,23.89086,-550,300,0,525.7,https://pleiades.stoa.org/places/579958,
pl-590026,Rhaukos,settlement,pin,35.22814,25.02483,-330,640,0,525.8,https://pleiades.stoa.org/places/590026,
pl-579859,Amarynthos,"settlement, archaeological-site",pin,38.38703,23.90893,-1600,1999,0,525.8,https://pleiades.stoa.org/places/579859,
pl-570150,Belbina (island),island,pin,37.47661,23.92397,-30,2100,0,525.9,https://pleiades.stoa.org/places/570150,
pl-590052,Skyl(l)ion? M.,"mountain, label",pin,35.02228,25.22250,-30,300,0,526.0,https://pleiades.stoa.org/places/590052,
pl-579864,Anakaia?,"settlement, deme-attic",pin,38.14100,23.88918,-550,300,0,526.0,https://pleiades.stoa.org/places/579864,
pl-540609,Aiglepheira,settlement,pin,38.41963,23.90942,-550,300,0,526.1,https://pleiades.stoa.org/places/540609,
pl-580037,Oai,"settlement, deme-attic",pin,37.98599,23.88572,-550,300,0,526.1,https://pleiades.stoa.org/places/580037,
pl-291344339,Mygdaleza basilica,church-2,pin,38.13370,23.88816,400,2099,0,526.1,https://pleiades.stoa.org/places/291344339,
pl-658396,Baka,settlement,pin,37.81497,35.91172,300,640,0,526.2,https://pleiades.stoa.org/places/658396,
pl-9547770,Sklavokampos,"architecturalcomplex, archaeological-site",pin,35.29526,24.95800,-2000,2100,0,526.3,https://pleiades.stoa.org/places/9547770,
pl-963101136,Untitled,quarry,pin,38.07667,23.88122,-550,300,0,526.5,https://pleiades.stoa.org/places/963101136,
pl-583621,Untitled,mine,pin,38.08167,23.87842,-550,300,0,526.8,https://pleiades.stoa.org/places/583621,
pl-579873,Aphidna,"settlement, acropolis, deme-attic",pin,38.18709,23.87920,-550,300,0,527.0,https://pleiades.stoa.org/places/579873,
pl-580082,Plotheia,settlement,pin,38.12642,23.87673,-550,300,0,527.0,https://pleiades.stoa.org/places/580082,
pl-963101132,Untitled,quarry,pin,38.07526,23.87441,-550,300,0,527.1,https://pleiades.stoa.org/places/963101132,
pl-579868,Ankesmos (mountain),mountain,wash,38.12500,23.87500,-550,300,0,527.2,https://pleiades.stoa.org/places/579868,
pl-579871,Anydros (mountain),mountain,wash,37.87500,23.87500,,,0,527.2,https://pleiades.stoa.org/places/579871,
pl-579900,Charadra (river),river,wash,38.12500,23.87500,,,0,527.2,https://pleiades.stoa.org/places/579900,
pl-580027,Mesogaia,region,wash,38.12500,23.87500,,,0,527.2,https://pleiades.stoa.org/places/580027,
pl-580042,Olympos (mountain),mountain,wash,37.87500,23.87500,,,0,527.2,https://pleiades.stoa.org/places/580042,
pl-580054,Paneion (mountain),mountain,wash,37.87500,23.87500,,,0,527.2,https://pleiades.stoa.org/places/580054,
pl-580598,Untitled,aqueduct,wash,38.12500,23.87500,-550,300,0,527.2,https://pleiades.stoa.org/places/580598,
pl-580599,Untitled,aqueduct,wash,38.12500,23.87500,-550,300,0,527.2,https://pleiades.stoa.org/places/580599,
pl-580600,Untitled,aqueduct,wash,38.12500,23.87500,-550,300,0,527.2,https://pleiades.stoa.org/places/580600,
pl-580601,Untitled,aqueduct,wash,37.87500,23.87500,-550,300,0,527.2,https://pleiades.stoa.org/places/580601,
pl-583619,Untitled,quarry,wash,37.87500,23.87500,-550,300,0,527.2,https://pleiades.stoa.org/places/583619,
pl-583620,Untitled,mine,wash,37.87500,23.87500,-550,300,0,527.2,https://pleiades.stoa.org/places/583620,
pl-583622,Untitled,quarry,wash,37.87500,23.87500,-550,300,0,527.2,https://pleiades.stoa.org/places/583622,
pl-216706,Apollonia Pontica/Sozopolis,settlement,pin,42.42036,27.69427,-550,640,0,527.2,https://pleiades.stoa.org/places/216706,
pl-628928,Arasaxa,settlement,pin,38.62398,35.87671,-30,640,0,527.3,https://pleiades.stoa.org/places/628928,
pl-631221,Larissa,settlement,wash,38.62398,35.87671,-30,640,0,527.3,https://pleiades.stoa.org/places/631221,
pl-579935,Gargettos,"settlement, deme-attic",pin,38.01654,23.87186,-550,300,0,527.3,https://pleiades.stoa.org/places/579935,
pl-963101135,Untitled,quarry,pin,38.06866,23.87241,-550,300,0,527.3,https://pleiades.stoa.org/places/963101135,
pl-963101134,Untitled,quarry,pin,38.08067,23.87061,-550,300,0,527.5,https://pleiades.stoa.org/places/963101134,
pl-963101133,Untitled,quarry,pin,38.07306,23.86760,-550,300,0,527.7,https://pleiades.stoa.org/places/963101133,
pl-570495,Myrtoion Mare,water-open,pin,37.00000,24.00000,-30,2100,0,527.9,https://pleiades.stoa.org/places/570495,
pl-580041,Oion Dekeleikon,settlement,pin,38.14125,23.86642,-550,300,0,528.0,https://pleiades.stoa.org/places/580041,
pl-589812,*Hyrtaia?,settlement,pin,35.11310,25.09579,-550,300,0,528.5,https://pleiades.stoa.org/places/589812,
pl-579865,Anaphlystos Limen,unknown,wash,37.62500,23.87500,-550,300,0,528.6,https://pleiades.stoa.org/places/579865,
pl-580046,Paiania Hypenerthen,"settlement, deme-attic",pin,37.95851,23.85530,-550,300,0,528.7,https://pleiades.stoa.org/places/580046,
pl-501381,Bourdepa,settlement,pin,41.77465,26.21293,-30,640,0,528.7,https://pleiades.stoa.org/places/501381,
pl-580008,Lamptrai Kathyperthen,"settlement, deme-attic",pin,37.87792,23.85632,-550,300,0,528.8,https://pleiades.stoa.org/places/580008,
pl-580126,Trinemeia,settlement,pin,38.07916,23.85286,-550,300,0,529.0,https://pleiades.stoa.org/places/580126,
pl-628945,Bünyan,villa,pin,38.84561,35.85273,-550,-330,0,529.1,https://pleiades.stoa.org/places/628945,
pl-589885,Kroussonas,settlement,pin,35.22792,24.97931,-750,300,0,529.1,https://pleiades.stoa.org/places/589885,
pl-580051,Pallene,"settlement, deme-attic",pin,38.01840,23.84902,-550,1918,0,529.3,https://pleiades.stoa.org/places/580051,
pl-964671598,Sapinuwa,"settlement, archaeological-site",pin,40.25410,35.23742,-2000,2099,0,529.7,https://pleiades.stoa.org/places/964671598,
pl-580047,Paiania Kathyperthen,"settlement, deme-attic",pin,37.97463,23.84401,-550,300,0,529.7,https://pleiades.stoa.org/places/580047,
pl-42288211,Temple of Athena Pallenis,temple-2,pin,38.01417,23.84437,-550,2099,0,529.7,https://pleiades.stoa.org/places/42288211,
pl-501574,*Porsulae/Maximianopolis,"church-2, settlement, archaeological-site",pin,41.12843,25.32542,-30,1453,0,529.8,https://pleiades.stoa.org/places/501574,
pl-622180,Tetrapyrgia,unlocated,wash,39.25000,35.75000,-30,300,0,530.2,https://pleiades.stoa.org/places/622180,
pl-629007,Kerpiç,labeled feature,wash,39.25000,35.75000,-330,300,0,530.2,https://pleiades.stoa.org/places/629007,
pl-589855,Kato Asites,settlement,pin,35.20141,24.98820,-30,300,0,530.2,https://pleiades.stoa.org/places/589855,
pl-540727,Delphinion,settlement,pin,38.30860,23.85114,-550,640,0,530.2,https://pleiades.stoa.org/places/540727,
pl-659119,Untitled,aqueduct,wash,36.75000,35.75000,-30,300,0,530.2,https://pleiades.stoa.org/places/659119,
pl-659120,Untitled,aqueduct,wash,36.75000,35.75000,-30,300,0,530.2,https://pleiades.stoa.org/places/659120,
pl-579979,Kikynna?,"settlement, deme-attic",pin,37.93836,23.83935,-550,300,0,530.2,https://pleiades.stoa.org/places/579979,
pl-580109,Sphettos,"settlement, deme-attic",pin,37.91724,23.83842,-550,300,0,530.3,https://pleiades.stoa.org/places/580109,
pl-590033,Rhytion/Rhytiassos,settlement,pin,35.01219,25.16744,-750,300,0,530.4,https://pleiades.stoa.org/places/590033,
pl-599760363,Ekali Cave,cave,pin,38.09889,23.83723,-10000,2099,0,530.4,https://pleiades.stoa.org/places/599760363,
pl-589972,Pannona?,settlement,pin,35.14609,25.03539,-30,300,0,530.5,https://pleiades.stoa.org/places/589972,
pl-230617790,Spring at Amphiareion,spring,pin,38.29075,23.84514,-550,-330,0,530.6,https://pleiades.stoa.org/places/230617790,
pl-540628,Amphiareion,sanctuary,pin,38.29101,23.84564,-550,640,0,530.6,https://pleiades.stoa.org/places/540628,
pl-215521453,Altar at the temple of Amphiaraos,temple-2,pin,38.29069,23.84525,-550,-330,0,530.6,https://pleiades.stoa.org/places/215521453,
pl-234032029,Clepsydra of the Oropos Amphiareion,sanctuary,pin,38.29063,23.84540,1700,2100,0,530.6,https://pleiades.stoa.org/places/234032029,
pl-599944,Sporades (archipelago),"archipelago, island",wash,39.14328,24.00973,-30,300,0,530.6,https://pleiades.stoa.org/places/599944,
pl-71107898,Temple of Amphiaraus,temple-2,pin,38.29063,23.84467,-550,2100,0,530.6,https://pleiades.stoa.org/places/71107898,
pl-540775,Euboea (island),island,pin,38.53000,23.87000,-550,2100,0,530.7,https://pleiades.stoa.org/places/540775,
pl-540911,Lelant(i)on Pedion,plain,wash,38.53000,23.87000,-30,2100,0,530.7,https://pleiades.stoa.org/places/540911,
pl-156534148,Halykos,"settlement, well",pin,37.81835,23.83684,-550,2100,0,530.7,https://pleiades.stoa.org/places/156534148,
pl-579967,Kastraki,fort,pin,38.09633,23.83296,-330,1999,0,530.8,https://pleiades.stoa.org/places/579967,
pl-164618020,Untitled,fort,pin,38.20953,23.83577,-550,-30,0,530.9,https://pleiades.stoa.org/places/164618020,
pl-501399,Dikaia,settlement,pin,40.99287,25.16565,-750,-330,0,530.9,https://pleiades.stoa.org/places/501399,
pl-755162813,Amphitheater of Anazarbos,amphitheatre,pin,37.24410,35.89462,-30,300,0,531.0,https://pleiades.stoa.org/places/755162813,
pl-589981,Prinias (Patela),"fort-2, settlement, cemetery, temple-2",pin,35.16897,25.00654,-750,2100,0,531.0,https://pleiades.stoa.org/places/589981,
pl-580009,Lamptrai Paraloi/Lamptrai Hypenerthen,"settlement, deme-attic",pin,37.84870,23.83189,-550,2100,0,531.0,https://pleiades.stoa.org/places/580009,
pl-117627670,Anazarbos city wall,city-wall,pin,37.25833,35.89707,900,999,0,531.0,https://pleiades.stoa.org/places/117627670,
pl-658378,Anazarbos/Caesarea/Ioustin(ian)oupolis,settlement,pin,37.25602,35.89845,-330,2100,0,531.1,https://pleiades.stoa.org/places/658378,
pl-92225875,Stadium at Anazarbos,stadion,pin,37.24669,35.89667,-30,640,0,531.1,https://pleiades.stoa.org/places/92225875,
pl-590069,Tallaia (mountain),mountain,pin,35.37358,24.82232,-30,2100,0,531.3,https://pleiades.stoa.org/places/590069,
pl-543726021,Anavarza Kalesi,"acropolis, fort",pin,37.25230,35.90176,-30,2100,0,531.5,https://pleiades.stoa.org/places/543726021,
pl-579972,Kephisia,"settlement, deme-attic",pin,38.08512,23.82064,-550,300,0,531.8,https://pleiades.stoa.org/places/579972,
pl-589715,Astale,settlement,pin,35.41237,24.78119,-30,300,0,531.9,https://pleiades.stoa.org/places/589715,
pl-580138,"Zeus Ombrios, T.",temple-2,pin,37.94794,23.81977,-750,300,0,531.9,https://pleiades.stoa.org/places/580138,
pl-579955,Hymettos (mountain),"mountain, label",pin,37.94149,23.81742,-30,300,0,532.1,https://pleiades.stoa.org/places/579955,
pl-658503,Karmalas? (river),river,pin,38.38819,35.96411,-330,2099,0,532.2,https://pleiades.stoa.org/places/658503,
pl-579950,Hestiaia?,settlement,pin,38.00700,23.81394,-550,300,0,532.3,https://pleiades.stoa.org/places/579950,
pl-579954,Hymettos,fort,pin,37.93988,23.81415,-550,-30,0,532.4,https://pleiades.stoa.org/places/579954,
pl-579887,Athmonon,"settlement, deme-attic",pin,38.05513,23.81155,-550,2100,0,532.6,https://pleiades.stoa.org/places/579887,
pl-579893,Beletsi,fort-2,pin,38.21667,23.81667,-550,1999,0,532.6,https://pleiades.stoa.org/places/579893,
pl-501517,Mezek,tumulus,pin,41.77994,26.14870,-550,640,0,532.6,https://pleiades.stoa.org/places/501517,
pl-589762,Dion? Pr.,cape,pin,35.41667,24.76667,-750,2100,0,532.8,https://pleiades.stoa.org/places/589762,
pl-658368,Aigai(ai)/Aegeae,"settlement, port",pin,36.76968,35.78949,-330,1599,0,532.9,https://pleiades.stoa.org/places/658368,
pl-580076,Phlya,"settlement, deme-attic",pin,38.02626,23.80683,-550,300,0,533.0,https://pleiades.stoa.org/places/580076,
pl-580129,Vari,fort,pin,37.82976,23.80609,-550,-330,0,533.4,https://pleiades.stoa.org/places/580129,
pl-579863,Anagyrous,"settlement, deme-attic",pin,37.83002,23.80484,-550,300,0,533.5,https://pleiades.stoa.org/places/579863,
pl-580000,Kyllou Pera/Kallia,spring,pin,37.95945,23.79956,-550,300,0,533.6,https://pleiades.stoa.org/places/580000,
pl-580056,Cave of Pan and the Nymphs,"sanctuary, cave",pin,37.85816,23.80182,-750,2099,0,533.6,https://pleiades.stoa.org/places/580056,
pl-590095,(W)Axos,settlement,pin,35.30804,24.84413,-750,1923,0,533.7,https://pleiades.stoa.org/places/590095,
pl-580089,Potamos Kathyperthen,settlement,pin,37.96177,23.79785,-550,300,0,533.8,https://pleiades.stoa.org/places/580089,
pl-580066,Pergase Hypenerthen,settlement,pin,38.09478,23.79369,-550,300,0,534.2,https://pleiades.stoa.org/places/580066,
pl-156165259,Zominthos,"settlement, architecturalcomplex",pin,35.24879,24.88709,-2000,-1000,0,534.3,https://pleiades.stoa.org/places/156165259,
pl-589670,Ag. Photia,settlement,pin,35.01284,25.10798,-30,300,0,534.4,https://pleiades.stoa.org/places/589670,
pl-540736,Dirphys (mountain),mountain,pin,38.62750,23.84278,1700,2100,0,534.4,https://pleiades.stoa.org/places/540736,
pl-920893074,Kapilikaya Rock Tomb,tomb,pin,40.75655,34.91043,-200,2100,0,534.5,https://pleiades.stoa.org/places/920893074,
pl-585963,Sphendale,"unlocated, deme-attic",wash,38.13173,23.79117,-550,300,0,534.5,https://pleiades.stoa.org/places/585963,
pl-579907,Dekeleia,"cemetery, deme-attic",pin,38.13303,23.79187,-550,2100,0,534.5,https://pleiades.stoa.org/places/579907,
pl-628974,Eulepa,settlement,pin,39.02792,35.87084,-30,640,0,534.6,https://pleiades.stoa.org/places/628974,
pl-580067,Pergase Kathyperthen,settlement,pin,38.09734,23.78978,-550,300,0,534.6,https://pleiades.stoa.org/places/580067,
pl-579961,Iphistiadai,settlement,pin,38.05222,23.78655,-550,300,0,534.8,https://pleiades.stoa.org/places/579961,
pl-845082,Timolaion,settlement,pin,41.99773,33.31682,-30,640,0,535.0,https://pleiades.stoa.org/places/845082,
pl-580088,Potamos Hypenerthen,settlement,pin,37.97194,23.78403,-550,300,0,535.0,https://pleiades.stoa.org/places/580088,
pl-579854,Aithalidai/Hybadai?,"settlement, deme-attic",pin,38.10931,23.78407,-550,300,0,535.1,https://pleiades.stoa.org/places/579854,
pl-579968,Katsimidi,tower-single,pin,38.18432,23.78655,-550,1999,0,535.1,https://pleiades.stoa.org/places/579968,
pl-501498,Linos,settlement,pin,41.14356,25.26095,-550,-30,0,535.2,https://pleiades.stoa.org/places/501498,
pl-580044,Oropos,"settlement, port, settlement-modern",pin,38.31998,23.79020,-750,2099,0,535.6,https://pleiades.stoa.org/places/580044,
pl-337621961,Acropolis of Eretria,"defensive-wall, acropolis, archaeological-site",pin,38.40123,23.79545,,,0,535.8,https://pleiades.stoa.org/places/337621961,
pl-462127127,Temple of Apollo Daphnephoros,temple-2,pin,38.39537,23.79467,-750,-330,0,535.8,https://pleiades.stoa.org/places/462127127,
pl-501346,Alyke (settlement),"settlement, archaeological-site",pin,40.60491,24.74265,-750,640,0,535.8,https://pleiades.stoa.org/places/501346,
pl-543713,Graia,settlement,wash,38.39968,23.79437,-750,-330,0,535.9,https://pleiades.stoa.org/places/543713,
pl-579925,Eretria (Euboea),"settlement, archaeological-site",pin,38.39992,23.79472,-750,2099,0,535.9,https://pleiades.stoa.org/places/579925,
pl-579963,Kaisariani,fort,pin,37.96728,23.77121,-550,-30,0,536.1,https://pleiades.stoa.org/places/579963,
pl-33116544,Koinyra (island),island,pin,40.65917,24.78211,2000,2099,0,536.2,https://pleiades.stoa.org/places/33116544,
pl-75526757,Ancient theater of Eretria,theatre,pin,38.39864,23.79063,-500,-101,0,536.2,https://pleiades.stoa.org/places/75526757,
pl-189946519,Temple of Dionysos at Eretria,sanctuary,pin,38.39825,23.79016,-330,-30,0,536.2,https://pleiades.stoa.org/places/189946519,
pl-845078,Tepecik,tumulus,pin,41.46751,34.16974,-330,-30,0,536.3,https://pleiades.stoa.org/places/845078,
pl-540778,Eudemia (island),island,pin,39.16847,23.95026,-30,2100,0,536.3,https://pleiades.stoa.org/places/540778,
pl-579875,Temple of Apollo Zoster,temple-2,pin,37.81001,23.77373,-550,-30,0,536.3,https://pleiades.stoa.org/places/579875,
pl-580132,Vouliagmeni,settlement,pin,37.80658,23.77320,-330,-30,0,536.3,https://pleiades.stoa.org/places/580132,
pl-580140,Zoster Pr.,cape,pin,37.80072,23.77335,-550,2100,0,536.3,https://pleiades.stoa.org/places/580140,
pl-523458668,Heroon of Eretria,"tomb, shrine",pin,38.39788,23.78973,-750,1999,0,536.3,https://pleiades.stoa.org/places/523458668,
pl-579939,Halai Aixonides,settlement,pin,37.85235,23.77004,-550,2100,0,536.4,https://pleiades.stoa.org/places/579939,
pl-501342,Akrathos Pr.,cape,pin,40.13700,24.39480,1700,2100,0,536.8,https://pleiades.stoa.org/places/501342,
pl-579892,Bate?,settlement,pin,37.99423,23.76170,-550,300,0,536.9,https://pleiades.stoa.org/places/579892,
pl-658539,Moumoustra,settlement,pin,37.21501,35.95748,300,640,0,537.0,https://pleiades.stoa.org/places/658539,
pl-590070,Tallaion Antron,"sanctuary, cave",pin,35.38288,24.73532,-750,300,0,537.1,https://pleiades.stoa.org/places/590070,
pl-540651,"Apollo, T.",temple-2,pin,38.58507,23.80506,-550,-30,0,537.1,https://pleiades.stoa.org/places/540651,
pl-580112,Sypalettos,settlement,pin,38.07182,23.75981,-550,300,0,537.1,https://pleiades.stoa.org/places/580112,
pl-501378,Bistonis (lake),lake,pin,41.04290,25.12529,1700,2100,0,537.1,https://pleiades.stoa.org/places/501378,
pl-589727,Bene?,settlement,pin,35.00331,25.07758,-750,-30,0,537.2,https://pleiades.stoa.org/places/589727,
pl-658610,Tardequeia,station,pin,36.92818,35.88924,300,640,0,537.2,https://pleiades.stoa.org/places/658610,
pl-504349,Alyke marble quarry,quarry,pin,40.61797,24.73454,-30,640,0,537.2,https://pleiades.stoa.org/places/504349,
pl-579849,Agryle Kathyperthen,deme-attic,pin,37.96100,23.75800,-550,300,0,537.3,https://pleiades.stoa.org/places/579849,
pl-579947,Helioupolis,fort,pin,37.93598,23.75755,-330,-30,0,537.3,https://pleiades.stoa.org/places/579947,
pl-857077,Carissa/Garsi,settlement,pin,40.52779,35.14062,-30,640,0,537.4,https://pleiades.stoa.org/places/857077,
pl-579869,Ankyle Hypenerthen,settlement,pin,37.97665,23.75597,-550,300,0,537.4,https://pleiades.stoa.org/places/579869,
pl-580069,Phabra (island),island,pin,37.76984,23.76113,-30,2100,0,537.6,https://pleiades.stoa.org/places/580069,
pl-628972,Euagina/Sebagena?,settlement,pin,38.52191,36.01196,-30,640,0,537.7,https://pleiades.stoa.org/places/628972,
pl-579855,Aixone,"settlement, deme-attic",pin,37.86633,23.75489,-550,2100,0,537.7,https://pleiades.stoa.org/places/579855,
pl-501642,Thymonia,tower-single,pin,40.60669,24.71746,-550,-330,0,537.8,https://pleiades.stoa.org/places/501642,
pl-579870,Ankyle Kathyperthen,settlement,pin,37.98008,23.75040,-550,300,0,537.9,https://pleiades.stoa.org/places/579870,
pl-579969,Kedoi?,"settlement, deme-attic",pin,37.93681,23.75083,-550,300,0,537.9,https://pleiades.stoa.org/places/579969,
pl-579858,Alopeke,"settlement, deme-attic",pin,37.95000,23.75000,-550,1999,0,538.0,https://pleiades.stoa.org/places/579858,
pl-579905,Daidalidai,"settlement, deme-attic",pin,37.95704,23.74989,-550,300,0,538.0,https://pleiades.stoa.org/places/579905,
pl-844960,Kalekapı,"tomb, settlement",pin,41.56281,34.07383,-550,640,0,538.2,https://pleiades.stoa.org/places/844960,
pl-216788,Deultum,settlement,pin,42.38776,27.28105,-30,1999,0,538.2,https://pleiades.stoa.org/places/216788,
pl-589974,Panormos (Crete) / Aulopotamos?,"fort-2, settlement, settlement-modern",pin,35.41824,24.69060,-30,2100,0,538.3,https://pleiades.stoa.org/places/589974,
pl-844971,Karambis,cape,pin,42.01957,33.34470,-330,2100,0,538.4,https://pleiades.stoa.org/places/844971,
pl-501473,Koinyra,settlement,pin,40.67114,24.76170,-550,-330,0,538.4,https://pleiades.stoa.org/places/501473,
pl-308818183,Sanctuary of Pankrates,shrine,pin,37.97270,23.74410,1900,2099,0,538.5,https://pleiades.stoa.org/places/308818183,
pl-582871,Lykabettos (mountain),hill,pin,37.98190,23.74310,1700,2100,0,538.5,https://pleiades.stoa.org/places/582871,
pl-295845007,"Kontopigado, Alimos",production,pin,37.92210,23.74396,-2000,-1000,0,538.5,https://pleiades.stoa.org/places/295845007,
pl-122572945,Lyceum,"sanctuary, architecturalcomplex, gymnasium",pin,37.97403,23.74338,-550,-30,0,538.5,https://pleiades.stoa.org/places/122572945,
pl-579846,Agrai,settlement,pin,37.96530,23.74290,-550,300,0,538.6,https://pleiades.stoa.org/places/579846,
pl-579953,Hydroussa (island),island,pin,37.83562,23.74592,1700,2100,0,538.6,https://pleiades.stoa.org/places/579953,
pl-579974,Kephisos (river),river,pin,38.04446,23.74243,2000,2099,0,538.6,https://pleiades.stoa.org/places/579974,
pl-540983,Olympos (mountain),mountain,wash,38.25000,23.75000,,,0,538.7,https://pleiades.stoa.org/places/540983,
pl-542847,Untitled,wall-2,wash,38.25000,23.75000,-330,-30,0,538.7,https://pleiades.stoa.org/places/542847,
pl-579926,Erikeia?,settlement,pin,38.00282,23.74092,-550,300,0,538.7,https://pleiades.stoa.org/places/579926,
pl-582870,Ardettos,"shrine, hill",wash,37.96826,23.74108,-30,2099,0,538.7,https://pleiades.stoa.org/places/582870,
pl-433457819,Panathenaic Stadium,stadion,pin,37.96826,23.74108,-30,2100,0,538.7,https://pleiades.stoa.org/places/433457819,
pl-658478,(H)Alai,settlement,pin,36.81684,35.87383,-30,640,0,538.8,https://pleiades.stoa.org/places/658478,
pl-579932,Euonymon,settlement,pin,37.91590,23.74140,-550,300,0,538.8,https://pleiades.stoa.org/places/579932,
pl-597458137,Euonymos Theater,theatre,pin,37.91592,23.74149,-330,-30,0,538.8,https://pleiades.stoa.org/places/597458137,
pl-579902,Cholargos,"settlement, deme-attic",pin,38.05644,23.73906,-550,300,0,538.9,https://pleiades.stoa.org/places/579902,
pl-137893603,Tomb of Menidi,tomb,pin,38.05886,23.73885,-2000,2100,0,539.0,https://pleiades.stoa.org/places/137893603,
pl-844970,Karambis (Pontus),settlement,pin,42.01362,33.36967,-330,300,0,539.1,https://pleiades.stoa.org/places/844970,
pl-579848,Agryle Hypenerthen,settlement,pin,37.96065,23.73711,-550,300,0,539.1,https://pleiades.stoa.org/places/579848,
pl-837997920,Windmill Hill (Athens),sanctuary,pin,37.96720,23.73592,-550,300,0,539.2,https://pleiades.stoa.org/places/837997920,
pl-190624512,Ilissos Basilica,church-2,pin,37.96831,23.73624,1900,2099,0,539.2,https://pleiades.stoa.org/places/190624512,
pl-319432673,Kammanu/Meliddu (kingdom),region,wash,38.29164,36.05306,-1000,-540,0,539.2,https://pleiades.stoa.org/places/319432673,
pl-911351381,Timur (mountain),"unlocated, mountain",pin,38.29164,36.05306,-1000,-720,0,539.2,https://pleiades.stoa.org/places/911351381,
pl-681126641,Kuşsaray,archaeological-site,pin,40.59036,35.11420,1700,2100,0,539.2,https://pleiades.stoa.org/places/681126641,
pl-277534797,Temple of Artemis Agrotera,sanctuary,pin,37.96755,23.73548,-550,2100,0,539.2,https://pleiades.stoa.org/places/277534797,
pl-579912,Diomeia,"settlement, deme-attic",pin,37.96744,23.73434,-550,300,0,539.3,https://pleiades.stoa.org/places/579912,
pl-92232874,Unnamed Gate of the Themistoklean Wall,city-gate,pin,37.97314,23.73339,2000,2099,0,539.4,https://pleiades.stoa.org/places/92232874,
pl-518758744,Temple of Kronos and Rhea,"shrine, temple-2",pin,37.96825,23.73352,-550,2099,0,539.4,https://pleiades.stoa.org/places/518758744,
pl-579842,Acharnai (N),"settlement, deme-attic",pin,38.08347,23.73409,-550,2100,0,539.4,https://pleiades.stoa.org/places/579842,
pl-144293713,Gate north of the Olympieion/Gate IX,city-gate,pin,37.96990,23.73340,1900,2099,0,539.4,https://pleiades.stoa.org/places/144293713,
pl-504352,Untitled,mine-2,pin,40.66701,24.74514,-750,-330,0,539.4,https://pleiades.stoa.org/places/504352,
pl-585725955,Delphinion,temple-2,pin,37.96857,23.73299,-550,2099,0,539.4,https://pleiades.stoa.org/places/585725955,
pl-659771158,"Temple of Olympian Zeus, Athens","archaeological-site, temple-2",pin,37.96943,23.73311,-550,2100,0,539.4,https://pleiades.stoa.org/places/659771158,
pl-735036201,Acharnes ancient theater,theatre,pin,38.08037,23.73322,,,0,539.5,https://pleiades.stoa.org/places/735036201,
pl-857558608,Agia Dynamis,church-2,pin,37.97519,23.73201,1500,1599,0,539.5,https://pleiades.stoa.org/places/857558608,
pl-945419342,Diochares' Gate/Gate VIII,city-gate,pin,37.97484,23.73225,-400,2099,0,539.5,https://pleiades.stoa.org/places/945419342,
pl-158698879,Kynosarges,"sanctuary, gymnasium",pin,37.96600,23.73200,-550,2099,0,539.5,https://pleiades.stoa.org/places/158698879,
pl-815693600,Pythion,shrine,pin,37.96741,23.73168,-750,2099,0,539.5,https://pleiades.stoa.org/places/815693600,
pl-235795850,Arch of Hadrian at Athens,arch,pin,37.97018,23.73201,-550,2100,0,539.5,https://pleiades.stoa.org/places/235795850,
pl-551863597,Gate at 4 Dragatsaniou St./Northeast Gate,city-gate,pin,37.97980,23.73110,1900,2099,0,539.6,https://pleiades.stoa.org/places/551863597,
pl-496542328,Gate at 8 Iosiph ton Rogon St/Gate XI,city-gate,pin,37.96760,23.73143,-550,2099,0,539.6,https://pleiades.stoa.org/places/496542328,
pl-813654446,Choragic Monument of Lysicrates,monument,pin,37.97108,23.72994,-550,2100,0,539.7,https://pleiades.stoa.org/places/813654446,
pl-705446488,Little Metropolis church (Athens),church-2,pin,37.97506,23.73002,1700,2100,0,539.7,https://pleiades.stoa.org/places/705446488,
pl-496995888,Makrygiannis domus,townhouse,pin,37.96818,23.73015,300,640,0,539.7,https://pleiades.stoa.org/places/496995888,
pl-342066276,Makri St. peristyle,archaeological-site,pin,37.96873,23.73030,-330,300,0,539.7,https://pleiades.stoa.org/places/342066276,
pl-935764097,"Sanctuary of Kodros, Neleus and Basile at Athens",sanctuary,pin,37.96769,23.72928,-550,-330,0,539.8,https://pleiades.stoa.org/places/935764097,
pl-367368802,Halade Gate/Mystai Gate/Gate XII,city-gate,pin,37.96663,23.72880,-550,2099,0,539.8,https://pleiades.stoa.org/places/367368802,
pl-44151680,Odeion of Perikles,odeon,pin,37.97041,23.72868,-550,2100,0,539.8,https://pleiades.stoa.org/places/44151680,
pl-982681751,Sanctuary of the Dioscouri at Athens,temple-2,pin,37.97130,23.72930,-550,-330,0,539.8,https://pleiades.stoa.org/places/982681751,
pl-582865,Skambonidai,"settlement, deme-attic",pin,37.98286,23.72888,-550,300,0,539.8,https://pleiades.stoa.org/places/582865,
pl-249767015,Acharnian Gate,city-gate,pin,37.98104,23.72876,-30,2099,0,539.8,https://pleiades.stoa.org/places/249767015,
pl-280129737,Yüceören necropolis,cemetery,pin,36.95158,35.92602,-330,2100,0,539.8,https://pleiades.stoa.org/places/280129737,
pl-965050506,Sanctuary of Aglauros,"building, shrine",pin,37.97139,23.72877,-330,2099,0,539.8,https://pleiades.stoa.org/places/965050506,
pl-501447,Kalami,fort,pin,40.57798,24.66663,-550,-30,0,539.8,https://pleiades.stoa.org/places/501447,
pl-133416747,Church of St. Demetrios Katephores,"church-2, findspot, city-wall, archaeological-site",pin,37.97380,23.72911,1800,2099,0,539.8,https://pleiades.stoa.org/places/133416747,
pl-844941,Hamamözü,settlement,pin,40.82102,34.92770,-30,300,0,539.9,https://pleiades.stoa.org/places/844941,
pl-845015,Marsylla/Kallistratia?,settlement,pin,42.00297,33.40562,-30,640,0,539.9,https://pleiades.stoa.org/places/845015,
pl-589716,Asterousia (mountain),mountain,pin,34.96153,25.07964,-330,2100,0,539.9,https://pleiades.stoa.org/places/589716,
pl-336531570,EC building (Athens),ruin,pin,37.96622,23.72817,300,640,0,539.9,https://pleiades.stoa.org/places/336531570,
pl-226121402,Temple of Roma and Augustus (Athens),temple-2,pin,37.97163,23.72731,-30,2100,0,539.9,https://pleiades.stoa.org/places/226121402,
pl-747002130,Building IV on the Athenian Acropolis,building,pin,37.97150,23.72800,-550,2099,0,539.9,https://pleiades.stoa.org/places/747002130,
pl-523926373,Arcuated Building,building,pin,37.97407,23.72708,1900,1999,0,539.9,https://pleiades.stoa.org/places/523926373,
pl-17374034,Theseion,"tomb, sanctuary, temple-2",pin,37.97330,23.72810,-330,2099,0,539.9,https://pleiades.stoa.org/places/17374034,
pl-116485242,Altar of Zeus Polieus,shrine,pin,37.97186,23.72724,-30,2099,0,539.9,https://pleiades.stoa.org/places/116485242,
pl-866381505,Bema of Phaidros,platform,pin,37.97026,23.72778,100,2100,0,539.9,https://pleiades.stoa.org/places/866381505,
pl-649966335,Theater of Dionysus Eleuthereus,theatre,pin,37.97043,23.72774,-550,2100,0,539.9,https://pleiades.stoa.org/places/649966335,
pl-89350791,Tower of the Winds,monument,pin,37.97418,23.72702,-330,2100,0,540.0,https://pleiades.stoa.org/places/89350791,
pl-750203268,Erechtheion,"archaeological-site, temple-2",pin,37.97211,23.72645,-550,2100,0,540.0,https://pleiades.stoa.org/places/750203268,
pl-844985,Kırktepeler,tumulus,pin,41.56958,34.09378,-750,-30,0,540.0,https://pleiades.stoa.org/places/844985,
pl-831413464,Sanctuary of Aphrodite/Isis,"shrine, temple-2",pin,37.97085,23.72602,-550,2099,0,540.0,https://pleiades.stoa.org/places/831413464,
pl-728329644,Library of Hadrian at Athens,architecturalcomplex,pin,37.97540,23.72648,-30,2100,0,540.0,https://pleiades.stoa.org/places/728329644,
pl-164552991,Old Temple of Athena Polias at Athens,temple-2,pin,37.97190,23.72628,-30,300,0,540.0,https://pleiades.stoa.org/places/164552991,
pl-418714190,Pre-Erechtheion,temple-2,wash,37.97190,23.72642,-550,2099,0,540.0,https://pleiades.stoa.org/places/418714190,
pl-936968680,Pandroseion,shrine,pin,37.97206,23.72626,-550,2099,0,540.0,https://pleiades.stoa.org/places/936968680,
pl-736170760,Diogeneion,gymnasium,wash,37.97418,23.72702,-330,2100,0,540.0,https://pleiades.stoa.org/places/736170760,
pl-139315605,Ionic stoa,stoa,pin,37.97086,23.72634,2000,2099,0,540.0,https://pleiades.stoa.org/places/139315605,
pl-925585578,Sanctuary of Eros and Aphrodite,shrine,pin,37.97225,23.72702,2000,2099,0,540.0,https://pleiades.stoa.org/places/925585578,
pl-929024657,Dörpfeld foundations,temple-2,pin,37.97192,23.72635,1900,2099,0,540.0,https://pleiades.stoa.org/places/929024657,
pl-521295193,Great altar of Athena,shrine,pin,37.97195,23.72684,-550,2099,0,540.0,https://pleiades.stoa.org/places/521295193,
pl-559880977,Monument of Nikias,monument,pin,37.97024,23.72696,-400,2099,0,540.0,https://pleiades.stoa.org/places/559880977,
pl-3347126,Stoa of Eumenes,stoa,pin,37.97053,23.72601,-330,2100,0,540.0,https://pleiades.stoa.org/places/3347126,
pl-954340915,Sanctuary of Asklepios at Athens,"sanctuary, fountain, stoa, architecturalcomplex",pin,37.97079,23.72680,-550,2100,0,540.0,https://pleiades.stoa.org/places/954340915,
pl-773761100,Roman Agora of Athens,"plaza, archaeological-site, architecturalcomplex, agora",pin,37.97429,23.72635,-30,2100,0,540.0,https://pleiades.stoa.org/places/773761100,
pl-993507722,Building V on the Athenian Acropolis,building,wash,37.97169,23.72648,1900,2099,0,540.0,https://pleiades.stoa.org/places/993507722,
pl-21797994,Preclassical naiskos in the Parthenon,shrine,pin,37.97163,23.72665,2000,2099,0,540.0,https://pleiades.stoa.org/places/21797994,
pl-501323,Abdera,settlement,pin,40.93283,24.97431,-750,300,0,540.0,https://pleiades.stoa.org/places/501323,
pl-168254096,Parthenon,temple-2,pin,37.97156,23.72658,-550,2100,0,540.0,https://pleiades.stoa.org/places/168254096,
pl-638356144,Acropolis of Athens,"acropolis, architecturalcomplex",pin,37.97165,23.72644,-750,2100,0,540.0,https://pleiades.stoa.org/places/638356144,
pl-567540780,South Slope Spring,"spring, cistern",pin,37.97074,23.72605,2000,2099,0,540.0,https://pleiades.stoa.org/places/567540780,
pl-920967112,Monument of Kallimachos,monument,pin,37.97184,23.72697,1900,2099,0,540.0,https://pleiades.stoa.org/places/920967112,
pl-832255771,Older Parthenon,temple-2,pin,37.97150,23.72662,1900,2099,0,540.0,https://pleiades.stoa.org/places/832255771,
pl-425217700,House of the Arrhephoroi,building,wash,37.97200,23.72628,,,0,540.0,https://pleiades.stoa.org/places/425217700,
pl-394382064,Kekropeion,"shrine, monument",pin,37.97200,23.72633,-550,2099,0,540.0,https://pleiades.stoa.org/places/394382064,
pl-658982769,Sanctuary of Themis,"sanctuary, temple-2",pin,37.97097,23.72605,-30,2099,0,540.0,https://pleiades.stoa.org/places/658982769,
pl-486617494,Skyphoi sanctuary,sanctuary,wash,37.97225,23.72702,,,0,540.0,https://pleiades.stoa.org/places/486617494,
pl-613118646,Street to the Roman Agora,street,pin,37.97461,23.72495,-30,2099,0,540.1,https://pleiades.stoa.org/places/613118646,
pl-137478922,Gate at 25 Erechtheiou St./South Gate/Gate XIII,city-gate,pin,37.96729,23.72523,-500,2099,0,540.1,https://pleiades.stoa.org/places/137478922,
pl-764971247,Chalkotheke,treasury,pin,37.97132,23.72583,-550,2099,0,540.1,https://pleiades.stoa.org/places/764971247,
pl-130769474,Sanctuary of Athena Hygieia,shrine,pin,37.97165,23.72533,-30,2099,0,540.1,https://pleiades.stoa.org/places/130769474,
pl-830927276,Themistoklean Wall,city-wall,wash,37.97473,23.72564,-550,2099,0,540.1,https://pleiades.stoa.org/places/830927276,
pl-538107005,Klepsydra,"spring, fountain",pin,37.97219,23.72490,-550,2099,0,540.1,https://pleiades.stoa.org/places/538107005,
pl-805065997,Bronze Athena/Athena Promachos,monument,pin,37.97182,23.72566,-550,2100,0,540.1,https://pleiades.stoa.org/places/805065997,
pl-515156430,Mycenaean Fountain,"fountain, well",pin,37.97217,23.72583,2000,2099,0,540.1,https://pleiades.stoa.org/places/515156430,
pl-809893516,Building B,"building, temple-2",pin,37.97186,23.72498,2000,2099,0,540.1,https://pleiades.stoa.org/places/809893516,
pl-517288793,Building III on the Athenian Acropolis,building,pin,37.97220,23.72590,1100,2099,0,540.1,https://pleiades.stoa.org/places/517288793,
pl-580048,Paionidai,settlement,pin,38.12313,23.72715,-550,300,0,540.1,https://pleiades.stoa.org/places/580048,
pl-648120846,Propylaea at Athens,"gateway, monument",pin,37.97174,23.72510,-550,2099,0,540.1,https://pleiades.stoa.org/places/648120846,
pl-992770796,Pelargikon wall,"defensive-wall, city-wall",wash,37.97204,23.72513,-30,300,0,540.1,https://pleiades.stoa.org/places/992770796,
pl-650003009,City Eleusinion at Athens,"sanctuary, architecturalcomplex",pin,37.97331,23.72492,-550,2100,0,540.1,https://pleiades.stoa.org/places/650003009,
pl-573299846,Monument of Eumenes II/Agrippa,monument,pin,37.97178,23.72484,-330,1999,0,540.1,https://pleiades.stoa.org/places/573299846,
pl-573299847,Sanctuary of Artemis Brauronia on the Acropolis,shrine,pin,37.97151,23.72544,-30,2099,0,540.1,https://pleiades.stoa.org/places/573299847,
pl-753898783,Northwest Building,building,pin,37.97194,23.72523,1900,2099,0,540.1,https://pleiades.stoa.org/places/753898783,
pl-365016220,Sanctuary of Aphrodite Pandemos,shrine,pin,37.97139,23.72482,-30,2099,0,540.1,https://pleiades.stoa.org/places/365016220,
pl-118337619,Temple of Athena Nike,temple-2,pin,37.97153,23.72489,-550,2100,0,540.1,https://pleiades.stoa.org/places/118337619,
pl-376031236,Gate of Athena Archegetis,arch,pin,37.97457,23.72557,-30,300,0,540.1,https://pleiades.stoa.org/places/376031236,
pl-832255772,Older Propylaea,gateway,pin,37.97174,23.72510,2000,2099,0,540.1,https://pleiades.stoa.org/places/832255772,
pl-870756929,Cave of Apollo,"cave, shrine",pin,37.97200,23.72488,-550,2099,0,540.1,https://pleiades.stoa.org/places/870756929,
pl-486617493,Cave of Pan,cave,pin,37.97204,23.72513,-550,2100,0,540.1,https://pleiades.stoa.org/places/486617493,
pl-841476129,Square Peristyle,"building, archaeological-site",pin,37.97556,23.72400,1900,2099,0,540.2,https://pleiades.stoa.org/places/841476129,
pl-885470680,Southeast Stoa,stoa,pin,37.97398,23.72451,1900,2099,0,540.2,https://pleiades.stoa.org/places/885470680,
pl-145651853,Nymphaion in the Athenian Agora,fountain,pin,37.97408,23.72402,1900,2099,0,540.2,https://pleiades.stoa.org/places/145651853,
pl-124501558,Southeast fountain house,fountain,pin,37.97398,23.72379,-30,2100,0,540.2,https://pleiades.stoa.org/places/124501558,
pl-540835,Ikos (settlement),settlement,pin,39.16456,23.90399,-550,-30,0,540.2,https://pleiades.stoa.org/places/540835,
pl-639740331,Panathenaic Way,street,pin,37.97504,23.72368,,,0,540.2,https://pleiades.stoa.org/places/639740331,
pl-676120271,Basilica,"building, basilica",pin,37.97584,23.72387,1900,2099,0,540.2,https://pleiades.stoa.org/places/676120271,
pl-579885,Athenae,settlement,wash,37.97164,23.72391,-750,2100,0,540.2,https://pleiades.stoa.org/places/579885,
pl-34983805,Southeast temple of the Athenian Agora,temple-2,pin,37.97403,23.72423,1900,2099,0,540.2,https://pleiades.stoa.org/places/34983805,
pl-337294882,East Building,building,pin,37.97433,23.72377,1900,2099,0,540.2,https://pleiades.stoa.org/places/337294882,
pl-935360966,Bema,platform,pin,37.97512,23.72390,-330,2099,0,540.2,https://pleiades.stoa.org/places/935360966,
pl-87615187,Monopteros,shrine,pin,37.97548,23.72388,1900,2099,0,540.2,https://pleiades.stoa.org/places/87615187,
pl-582559069,Library of Pantainos,building,pin,37.97445,23.72465,-30,2099,0,540.2,https://pleiades.stoa.org/places/582559069,
pl-759679649,Stoa of Attalos,stoa,pin,37.97514,23.72422,-330,2100,0,540.2,https://pleiades.stoa.org/places/759679649,
pl-367412638,Omega House,townhouse,pin,37.97324,23.72419,1900,2099,0,540.2,https://pleiades.stoa.org/places/367412638,
pl-100638613,Agora Mint,metalworking,pin,37.97394,23.72400,1900,2099,0,540.2,https://pleiades.stoa.org/places/100638613,
pl-154745711,Odeon of Herodes Atticus,odeon,pin,37.97082,23.72461,-30,2100,0,540.2,https://pleiades.stoa.org/places/154745711,
pl-271882541,Palladion,shrine,wash,37.95568,23.72482,-550,300,0,540.2,https://pleiades.stoa.org/places/271882541,
pl-832198698,Odeion of Agrippa,odeon,pin,37.97507,23.72315,-30,2099,0,540.3,https://pleiades.stoa.org/places/832198698,
pl-710563473,South Square,"building, agora, stoa",pin,37.97433,23.72310,1900,2099,0,540.3,https://pleiades.stoa.org/places/710563473,
pl-792574637,South Stoa II,stoa,pin,37.97417,23.72318,1900,2099,0,540.3,https://pleiades.stoa.org/places/792574637,
pl-435244729,Sanctuary of Aphrodite Ourania,"shrine, archaeological-site",pin,37.97640,23.72264,-30,2099,0,540.3,https://pleiades.stoa.org/places/435244729,
pl-540912,Lelantus (river),river,pin,38.49939,23.75536,2000,2099,0,540.3,https://pleiades.stoa.org/places/540912,
pl-675812634,Late Roman Round Building,"building, shrine",pin,37.97601,23.72256,1900,2099,0,540.3,https://pleiades.stoa.org/places/675812634,
pl-676120270,Altar of the Twelve Gods,shrine,pin,37.97579,23.72276,-550,2099,0,540.3,https://pleiades.stoa.org/places/676120270,
pl-401250361,Unnamed Gate of the Themistoklean Wall,city-gate,pin,37.98047,23.72332,2000,2099,0,540.3,https://pleiades.stoa.org/places/401250361,
pl-579959,Ilissos (river),river,pin,37.96579,23.72366,-30,2100,0,540.3,https://pleiades.stoa.org/places/579959,
pl-582862,Kydathenaion,"settlement, deme-attic",pin,37.97033,23.72257,-550,300,0,540.3,https://pleiades.stoa.org/places/582862,
pl-368305524,Orchestra in the Agora of Athens,theatre,wash,37.97484,23.72252,-550,2100,0,540.3,https://pleiades.stoa.org/places/368305524,
pl-730466010,South Stoa I,"stoa, archaeological-site",pin,37.97409,23.72321,1900,2099,0,540.3,https://pleiades.stoa.org/places/730466010,
pl-337294881,Middle Stoa,stoa,pin,37.97458,23.72300,1900,2099,0,540.3,https://pleiades.stoa.org/places/337294881,
pl-720198157,Prytanikon at Athens,architecturalcomplex,wash,37.97474,23.72250,-550,-330,0,540.3,https://pleiades.stoa.org/places/720198157,
pl-251170827,Crossroads Enclosure,shrine,pin,37.97601,23.72256,1900,2099,0,540.3,https://pleiades.stoa.org/places/251170827,
pl-341010947,Late Roman Building,building,pin,37.97570,23.72265,1900,2099,0,540.3,https://pleiades.stoa.org/places/341010947,
pl-143098101,Stoa Poikile,"stoa, archaeological-site",pin,37.97640,23.72270,-550,2100,0,540.3,https://pleiades.stoa.org/places/143098101,
pl-999238742,Statues of Harmodios and Aristogeiton,monument,wash,37.97507,23.72315,-550,300,0,540.3,https://pleiades.stoa.org/places/999238742,
pl-162463494,Southwest Temple in the Agora of Athens,temple-2,pin,37.97485,23.72265,1900,2099,0,540.3,https://pleiades.stoa.org/places/162463494,
pl-468194251,Temple of Ares,temple-2,pin,37.97553,23.72275,-30,2099,0,540.3,https://pleiades.stoa.org/places/468194251,
pl-318468222,Monument to the Amazons,"unlocated, tomb, monument",pin,37.97070,23.72260,-330,-30,0,540.3,https://pleiades.stoa.org/places/318468222,
pl-691939634,Civic Offices,"building, stoa",pin,37.97475,23.72258,1900,2099,0,540.3,https://pleiades.stoa.org/places/691939634,
pl-969121823,Areopagus,hill,pin,37.97237,23.72337,-550,300,0,540.3,https://pleiades.stoa.org/places/969121823,
pl-408303888,Ptolemaion gymnasion,gymnasium,wash,37.97484,23.72252,-30,300,0,540.3,https://pleiades.stoa.org/places/408303888,
pl-807514119,Agora of Athens,"agora, archaeological-site",pin,37.97550,23.72265,-750,2100,0,540.3,https://pleiades.stoa.org/places/807514119,
pl-576630079,Bakcheion,shrine,pin,37.97155,23.72143,-30,2099,0,540.4,https://pleiades.stoa.org/places/576630079,
pl-407584240,Sanctuary of the People and Graces,shrine,pin,37.97621,23.72184,-330,2100,0,540.4,https://pleiades.stoa.org/places/407584240,
pl-78993694,Hellenistic Arsenal,"building, archaeological-site, architecturalcomplex",pin,37.97579,23.72171,-330,2099,0,540.4,https://pleiades.stoa.org/places/78993694,
pl-270173116,Triangular Shrine,shrine,pin,37.97404,23.72193,-550,2099,0,540.4,https://pleiades.stoa.org/places/270173116,
pl-276064291,Bath at northwest foot of the Areopagus,bath,pin,37.97374,23.72148,1900,2099,0,540.4,https://pleiades.stoa.org/places/276064291,
pl-658601,*Sipha,settlement,pin,37.55040,36.05196,-30,640,0,540.4,https://pleiades.stoa.org/places/658601,
pl-675812635,Roman Double Stoa,stoa,pin,37.97634,23.72188,1900,2099,0,540.4,https://pleiades.stoa.org/places/675812635,
pl-122735559,Sanctuary of Amynos and Asklepios,shrine,pin,37.97134,23.72158,-550,2099,0,540.4,https://pleiades.stoa.org/places/122735559,
pl-968858713,Mouseion Hill,hill,pin,37.96756,23.72212,-330,2100,0,540.4,https://pleiades.stoa.org/places/968858713,
pl-579985,Kolonos,settlement,pin,37.99907,23.72189,-550,300,0,540.4,https://pleiades.stoa.org/places/579985,
pl-580011,Leipsydrion,fort-2,pin,38.12844,23.72377,-750,1999,0,540.4,https://pleiades.stoa.org/places/580011,
pl-633788147,House of Mikion and Menon,townhouse,pin,37.97403,23.72166,1900,2099,0,540.4,https://pleiades.stoa.org/places/633788147,
pl-928072777,Benches on Kolonos Agoraios,"earthwork, theatre",pin,37.97547,23.72194,1900,2099,0,540.4,https://pleiades.stoa.org/places/928072777,
pl-660025690,Monument of the Eponymous Heroes,monument,pin,37.97507,23.72239,-550,2099,0,540.4,https://pleiades.stoa.org/places/660025690,
pl-192761443,Royal Stoa,stoa,pin,37.97612,23.72235,-600,2099,0,540.4,https://pleiades.stoa.org/places/192761443,
pl-502723225,New Bouleuterion,architecturalcomplex,pin,37.97514,23.72182,-550,2099,0,540.4,https://pleiades.stoa.org/places/502723225,
pl-91288718,Tholos of Athens,architecturalcomplex,pin,37.97487,23.72194,-550,2099,0,540.4,https://pleiades.stoa.org/places/91288718,
pl-558659669,Hephaisteion,"church-2, archaeological-site, temple-2",pin,37.97560,23.72141,-550,2100,0,540.4,https://pleiades.stoa.org/places/558659669,
pl-240065109,Temple of Apollo Patroos,temple-2,pin,37.97556,23.72212,1900,2099,0,540.4,https://pleiades.stoa.org/places/240065109,
pl-770861329,Aiakeion,"building, shrine",pin,37.97425,23.72245,-550,2099,0,540.4,https://pleiades.stoa.org/places/770861329,
pl-935991896,Southwest fountain house,fountain,pin,37.97422,23.72218,1900,2099,0,540.4,https://pleiades.stoa.org/places/935991896,
pl-982727687,House of Simon the Shoemaker,townhouse,pin,37.97471,23.72211,1900,2099,0,540.4,https://pleiades.stoa.org/places/982727687,
pl-415689443,Old Bouleuterion/Metroon,"archive-repository, synagogue, architecturalcomplex, shrine",pin,37.97522,23.72207,-550,2099,0,540.4,https://pleiades.stoa.org/places/415689443,
pl-591471666,Eridanos,river,pin,37.97726,23.72203,-30,2100,0,540.4,https://pleiades.stoa.org/places/591471666,
pl-649966334,Stoa of Zeus (Eleutherios),stoa,pin,37.97585,23.72213,-550,2099,0,540.4,https://pleiades.stoa.org/places/649966334,
pl-525587318,Prison of Sokrates,ruin,pin,37.96938,23.72081,-550,2099,0,540.5,https://pleiades.stoa.org/places/525587318,
pl-146086514,Kolonos Agoraios,hill,pin,37.97543,23.72121,-550,2100,0,540.5,https://pleiades.stoa.org/places/146086514,
pl-491444298,Philopappos Monument,"tomb, monument",pin,37.96736,23.72137,100,2100,0,540.5,https://pleiades.stoa.org/places/491444298,
pl-690970100,Hippades Gate,city-gate,pin,37.97920,23.72070,-550,2100,0,540.5,https://pleiades.stoa.org/places/690970100,
pl-579941,Halimous,"settlement, deme-attic",pin,37.90361,23.72235,-550,300,0,540.5,https://pleiades.stoa.org/places/579941,
pl-136008628,Pnyx fountain,"fountain, cistern",pin,37.97151,23.72086,-550,2099,0,540.5,https://pleiades.stoa.org/places/136008628,
pl-585794923,Poros Building,building,pin,37.97384,23.72117,-550,2099,0,540.5,https://pleiades.stoa.org/places/585794923,
pl-415460393,Altar of Zeus Agoraios,shrine,pin,37.97325,23.72085,-550,2099,0,540.5,https://pleiades.stoa.org/places/415460393,
pl-79269910,Eurysakeion,shrine,wash,37.97543,23.72121,-550,300,0,540.5,https://pleiades.stoa.org/places/79269910,
pl-11564736,Kimonian monuments,tomb,pin,37.96971,23.71961,-30,2099,0,540.6,https://pleiades.stoa.org/places/11564736,
pl-799093248,Gate at Hag. Dimitrios Loumbardiaris/Gate XIV,city-gate,pin,37.96990,23.72020,-300,2099,0,540.6,https://pleiades.stoa.org/places/799093248,
pl-501479,Koukos,"settlement, ceramicproduction",pin,40.57768,24.65612,-550,-30,0,540.6,https://pleiades.stoa.org/places/501479,
pl-205264674,Pnyx,"ekklesiasterion, hill",pin,37.97143,23.71947,-550,2099,0,540.6,https://pleiades.stoa.org/places/205264674,
pl-628968,Ekrek,settlement,pin,38.67070,36.02249,-30,640,0,540.7,https://pleiades.stoa.org/places/628968,
pl-717754998,Sacred Gate/Hiera Pyle,city-gate,pin,37.97806,23.71856,-550,2100,0,540.7,https://pleiades.stoa.org/places/717754998,
pl-579936,Geravouno,fort-2,pin,38.05934,23.71941,-550,1999,0,540.7,https://pleiades.stoa.org/places/579936,
pl-579975,Kerameis,"settlement, deme-attic",pin,37.97813,23.71880,-550,300,0,540.7,https://pleiades.stoa.org/places/579975,
pl-579980,Koile,"settlement, deme-attic",pin,37.96984,23.71851,-550,300,0,540.7,https://pleiades.stoa.org/places/579980,
pl-582863,Melite,"settlement, deme-attic",pin,37.97953,23.71841,-550,300,0,540.7,https://pleiades.stoa.org/places/582863,
pl-97294452,Kerameikos,"ceramicproduction, cemetery, archaeological-site",pin,37.97842,23.71830,-750,2099,0,540.7,https://pleiades.stoa.org/places/97294452,
pl-310115518,Dipylon Gate,city-gate,pin,37.97854,23.71898,-750,2100,0,540.7,https://pleiades.stoa.org/places/310115518,
pl-42368654,Sanctuary of Artemis Aristoboule,temple-2,pin,37.97497,23.71883,1900,1999,0,540.7,https://pleiades.stoa.org/places/42368654,
pl-973421832,Pompeion,building,pin,37.97819,23.71893,-550,2099,0,540.7,https://pleiades.stoa.org/places/973421832,
pl-249767014,Sanctuary of Kalliste,shrine,pin,37.98030,23.71700,-330,2099,0,540.8,https://pleiades.stoa.org/places/249767014,
pl-939242064,Demian Gate/Gate I,"city-gate, cave",pin,37.97390,23.71710,-30,2099,0,540.8,https://pleiades.stoa.org/places/939242064,
pl-230559831,Peiraic Gate,city-gate,pin,37.97593,23.71604,-30,2099,0,540.9,https://pleiades.stoa.org/places/230559831,
pl-501626,Stin Trypiti,fort,pin,40.59564,24.66688,-550,-30,0,540.9,https://pleiades.stoa.org/places/501626,
pl-643083926,Sanctuary of Artemis Soteira in the Kerameikos,sanctuary,pin,37.97846,23.71658,1800,2099,0,540.9,https://pleiades.stoa.org/places/643083926,
pl-585959,Sikelia hill,"unlocated, hill",pin,37.96124,23.71537,-550,300,0,541.0,https://pleiades.stoa.org/places/585959,
pl-582869,Kolonos Hippios,hill,pin,37.99560,23.71537,-550,2099,0,541.0,https://pleiades.stoa.org/places/582869,
pl-589817,Idaion Antron,"sanctuary, cave, settlement",pin,35.20821,24.82899,-10000,2100,0,541.1,https://pleiades.stoa.org/places/589817,
pl-540833,Icus (island),island,pin,39.20641,23.90634,1700,2100,0,541.1,https://pleiades.stoa.org/places/540833,
pl-579970,Keiriadai,"settlement, deme-attic",pin,37.97292,23.71337,-550,300,0,541.1,https://pleiades.stoa.org/places/579970,
pl-579981,Kolias (promontory),cape,pin,37.89463,23.71530,1700,2100,0,541.1,https://pleiades.stoa.org/places/579981,
pl-580059,Parnes (mountain),mountain,pin,38.17340,23.71740,-30,2100,0,541.1,https://pleiades.stoa.org/places/580059,
pl-580137,"Zeus Ombrios, T.",temple-2,pin,38.17409,23.71749,-750,300,0,541.1,https://pleiades.stoa.org/places/580137,
pl-579915,Eiresidai,settlement,pin,37.99782,23.71311,-550,300,0,541.2,https://pleiades.stoa.org/places/579915,
pl-585129,Phalerikon Teichos,city-wall,wash,37.95339,23.71255,-550,2099,0,541.2,https://pleiades.stoa.org/places/585129,
pl-579897,Boutadai,"settlement, deme-attic",pin,37.98761,23.71039,-550,300,0,541.4,https://pleiades.stoa.org/places/579897,
pl-579933,Eupyridai,"settlement, deme-attic",pin,38.06647,23.71149,-550,300,0,541.4,https://pleiades.stoa.org/places/579933,
pl-582864,Kollytos,"settlement, deme-attic",pin,37.95859,23.71113,-550,300,0,541.4,https://pleiades.stoa.org/places/582864,
pl-501586,Pyrgos,lighthouse,pin,40.74103,24.77858,-550,-30,0,541.5,https://pleiades.stoa.org/places/501586,
pl-589721,Aulon/Alonion,settlement,pin,35.05856,24.96030,-550,2100,0,541.6,https://pleiades.stoa.org/places/589721,
pl-845039,Pimolisa,"settlement, settlement-modern",pin,40.97806,34.80622,-330,2099,0,541.7,https://pleiades.stoa.org/places/845039,
pl-847903,Sandarakourgion Oros,"unlocated, mountain, mine-2",wash,40.97806,34.80622,-30,300,0,541.7,https://pleiades.stoa.org/places/847903,
pl-479670108,Academy/Akademeia/Akademia,archaeological-site,pin,37.99245,23.70735,-550,2100,0,541.7,https://pleiades.stoa.org/places/479670108,
pl-570293,Hierakia (island),island,pin,36.84218,23.88216,1700,2100,0,541.8,https://pleiades.stoa.org/places/570293,
pl-216831,Haemi Pr.,cape,wash,42.50000,27.50000,-30,640,0,541.8,https://pleiades.stoa.org/places/216831,
pl-756525877,Altar of Androgeos,"unlocated, monument",wash,37.93731,23.70625,,,0,541.8,https://pleiades.stoa.org/places/756525877,
pl-580072,Phaleron,"settlement, port, deme-attic",pin,37.93731,23.70625,-750,2099,0,541.8,https://pleiades.stoa.org/places/580072,
pl-991378,Moesia Inferior,province,wash,42.50000,27.50000,,,0,541.8,https://pleiades.stoa.org/places/991378,
pl-1001917,Bithynia,province,wash,42.50000,27.50000,,,0,541.8,https://pleiades.stoa.org/places/1001917,
pl-330976685,Aiantis,people,wash,37.93731,23.70625,,,0,541.8,https://pleiades.stoa.org/places/330976685,
pl-991376,Europa,province-2,wash,42.50000,27.50000,,,0,541.8,https://pleiades.stoa.org/places/991376,
pl-991377,Haemimontus,province-2,wash,42.50000,27.50000,,,0,541.8,https://pleiades.stoa.org/places/991377,
pl-991379,Scythia,province,wash,42.50000,27.50000,,,0,541.8,https://pleiades.stoa.org/places/991379,
pl-1001887,Europe,province,wash,42.50000,27.50000,,,0,541.8,https://pleiades.stoa.org/places/1001887,
pl-1001889,Thrake,province-2,wash,42.50000,27.50000,,,0,541.8,https://pleiades.stoa.org/places/1001889,
pl-1001890,Haimimontos (province),province-2,wash,42.50000,27.50000,,,0,541.8,https://pleiades.stoa.org/places/1001890,
pl-1001891,Mysia II (province),province-2,wash,42.50000,27.50000,,,0,541.8,https://pleiades.stoa.org/places/1001891,
pl-1001892,Skythia,province,wash,42.50000,27.50000,,,0,541.8,https://pleiades.stoa.org/places/1001892,
pl-397011004,Temple of Athena Skiras at Phaleron,temple-2,wash,37.93731,23.70625,-30,300,0,541.8,https://pleiades.stoa.org/places/397011004,
pl-579922,Epikephisia,"settlement, deme-attic",pin,38.00128,23.70328,-550,300,0,542.0,https://pleiades.stoa.org/places/579922,
pl-658489,Issicus Sinus,water-open,pin,36.57972,35.83000,-550,2100,0,542.1,https://pleiades.stoa.org/places/658489,
pl-122735558,Sanctuary of Akamas,"findspot, shrine",pin,37.95636,23.70305,-400,2099,0,542.1,https://pleiades.stoa.org/places/122735558,
pl-585128,Makra Teiche,city-wall,pin,37.96237,23.70261,-550,300,0,542.1,https://pleiades.stoa.org/places/585128,
pl-501550,Panaghia,"settlement, island",pin,40.56022,24.62237,-330,2099,0,542.1,https://pleiades.stoa.org/places/501550,
pl-226009789,Roman theater at Gortyna,theatre,pin,35.05649,24.95308,-30,300,0,542.2,https://pleiades.stoa.org/places/226009789,
pl-973706432,Basilica of St. Titus,"church-2, basilica, church",pin,35.06213,24.94706,300,640,0,542.2,https://pleiades.stoa.org/places/973706432,
pl-177278517,Praetorium at Gortyna,architecturalcomplex,pin,35.05900,24.95129,-30,300,0,542.2,https://pleiades.stoa.org/places/177278517,
pl-481346137,Roman Odeon of Gortyn,theatre,pin,35.06310,24.94660,-30,300,0,542.2,https://pleiades.stoa.org/places/481346137,
pl-501636,Theologo,fort,pin,40.65591,24.69750,-330,-30,0,542.2,https://pleiades.stoa.org/places/501636,
pl-981515,Withdrawn (duplicate): Creta et Cyrene,province,wash,35.06272,24.94694,,,0,542.2,https://pleiades.stoa.org/places/981515,
pl-589796,Gortyn(a),"urban, settlement",pin,35.06211,24.94694,-750,640,0,542.3,https://pleiades.stoa.org/places/589796,
pl-580006,Lakiadai,"settlement, deme-attic",pin,37.99338,23.69960,-550,300,0,542.3,https://pleiades.stoa.org/places/580006,
pl-504348,Untitled,mine,pin,40.98724,24.99247,-550,300,0,542.4,https://pleiades.stoa.org/places/504348,
pl-501530,Nymphaion Pr.,cape,pin,40.11000,24.30500,,,0,542.5,https://pleiades.stoa.org/places/501530,
pl-844857,Amnias (river),river,pin,41.50301,34.22687,-330,2100,0,542.6,https://pleiades.stoa.org/places/844857,
pl-501338,Ainyra,"region, label",pin,40.72519,24.74968,-550,-30,0,542.6,https://pleiades.stoa.org/places/501338,
pl-501343,Akrothooi,settlement,pin,40.18383,24.34933,-550,-330,0,542.7,https://pleiades.stoa.org/places/501343,
pl-855842356,Bridge at Eleonas,bridge,pin,37.98775,23.69396,-550,300,0,542.8,https://pleiades.stoa.org/places/855842356,
pl-845098,Zephyrion,settlement,pin,42.01266,33.44814,-30,640,0,542.9,https://pleiades.stoa.org/places/845098,
pl-579996,Kropidai,settlement,pin,38.08965,23.69428,-550,300,0,542.9,https://pleiades.stoa.org/places/579996,
pl-992770797,Phaleron cemetery (Attica),cemetery,pin,37.93987,23.69402,-750,2099,0,542.9,https://pleiades.stoa.org/places/992770797,
pl-216702,Anchialus,settlement,pin,42.55594,27.64137,-550,640,0,542.9,https://pleiades.stoa.org/places/216702,
pl-580013,Leukonoion,"settlement, deme-attic",pin,38.00771,23.69156,-550,300,0,543.0,https://pleiades.stoa.org/places/580013,
pl-170529772,Koumasa prepalatial cemetery ,cemetery,pin,34.98332,25.01303,-3000,-1000,0,543.0,https://pleiades.stoa.org/places/170529772,
pl-845041,Pompeiopolis/Sebaste,"settlement, archaeological-site",pin,41.51842,34.21407,-330,2099,0,543.1,https://pleiades.stoa.org/places/845041,
pl-628927,Arapözü,settlement,pin,39.28492,35.89055,300,640,0,543.1,https://pleiades.stoa.org/places/628927,
pl-580015,Lousia,"settlement, deme-attic",pin,38.00052,23.69142,-550,300,0,543.1,https://pleiades.stoa.org/places/580015,
pl-501366,Athos (mountain),mountain,pin,40.15722,24.32639,1700,2100,0,543.2,https://pleiades.stoa.org/places/501366,
pl-580014,Limiko (Attica),"fort-2, tower-defensive",pin,38.20185,23.69260,-550,2099,0,543.4,https://pleiades.stoa.org/places/580014,
pl-540596,Ag. Triada,settlement,pin,38.57568,23.72865,-550,640,0,543.6,https://pleiades.stoa.org/places/540596,
pl-580134,Xypete,"settlement, deme-attic",pin,37.95755,23.68548,-550,300,0,543.6,https://pleiades.stoa.org/places/580134,
pl-501418,Fotinovo,settlement,pin,41.33480,25.34834,-30,640,0,543.6,https://pleiades.stoa.org/places/501418,
pl-589677,*Aina?,settlement,pin,35.05842,24.92858,-330,-30,0,543.8,https://pleiades.stoa.org/places/589677,
pl-589816,Ida(ion) M.,mountain,pin,35.22631,24.77080,-550,2100,0,544.1,https://pleiades.stoa.org/places/589816,
pl-590412,Untitled,aqueduct,wash,35.25000,24.75000,-30,640,0,544.1,https://pleiades.stoa.org/places/590412,
pl-579942,Halipedon,plain,pin,37.94600,23.67900,-550,300,0,544.2,https://pleiades.stoa.org/places/579942,
pl-580068,Perithoidai,settlement,pin,37.99596,23.67735,-550,300,0,544.3,https://pleiades.stoa.org/places/580068,
pl-591168,Eleutherna Bridge,bridge,pin,35.33804,24.67038,-330,300,0,544.6,https://pleiades.stoa.org/places/591168,
pl-589772,Eleutherna,"settlement, fort",pin,35.33311,24.67291,-2000,1453,0,544.7,https://pleiades.stoa.org/places/589772,
pl-579909,Dema,fort-2,pin,38.07142,23.67316,-550,640,0,544.7,https://pleiades.stoa.org/places/579909,
pl-580063,Pelekes?,settlement,pin,38.11763,23.67320,-550,300,0,544.8,https://pleiades.stoa.org/places/580063,
pl-504350,Untitled,quarry,pin,40.74757,24.73863,-30,640,0,544.8,https://pleiades.stoa.org/places/504350,
pl-628995,Kabassos,settlement,pin,38.13460,36.12753,-30,640,0,544.9,https://pleiades.stoa.org/places/628995,
pl-658434,Charakene,label,pin,37.36958,36.07791,-330,300,0,544.9,https://pleiades.stoa.org/places/658434,
pl-589905,Lethaios (river),river,pin,35.03457,24.93423,2000,2099,0,545.0,https://pleiades.stoa.org/places/589905,
pl-541090,Schedia?,settlement,pin,38.27285,23.67850,-750,300,0,545.0,https://pleiades.stoa.org/places/541090,
pl-908290183,Hippothontis,people,wash,38.06772,23.66992,,,0,545.0,https://pleiades.stoa.org/places/908290183,
pl-288889217,Dema Tower,tower-defensive,pin,38.06938,23.66882,-550,640,0,545.1,https://pleiades.stoa.org/places/288889217,
pl-579850,Aigaleos,"mountain, fort",pin,38.04917,23.66852,-550,2100,0,545.1,https://pleiades.stoa.org/places/579850,
pl-585899,Chastia,"unlocated, settlement-modern, deme-attic",pin,38.10362,23.66938,-550,2099,0,545.1,https://pleiades.stoa.org/places/585899,
pl-579949,Hermos,"settlement, deme-attic",pin,38.01929,23.66663,-550,300,0,545.2,https://pleiades.stoa.org/places/579949,
pl-585132,Dema wall,"defensive-wall, wall-2",pin,38.07429,23.66804,-550,2099,0,545.2,https://pleiades.stoa.org/places/585132,
pl-726345182,Dema House,archaeological-site,pin,38.06612,23.66699,1900,2099,0,545.2,https://pleiades.stoa.org/places/726345182,
pl-580052,"Pan, Cave of","cave, shrine",pin,38.14678,23.66866,-750,2100,0,545.3,https://pleiades.stoa.org/places/580052,
pl-187018676,Kamares,cave,pin,35.15200,24.82100,-2000,-1600,0,545.3,https://pleiades.stoa.org/places/187018676,
pl-501348,Anastasioupolis,settlement,pin,41.11618,25.07578,300,640,0,545.6,https://pleiades.stoa.org/places/501348,
pl-590029,Rhittenia?,settlement,pin,35.00639,24.95067,-550,-30,0,545.7,https://pleiades.stoa.org/places/590029,
pl-540909,Lefkandi,settlement,pin,38.41178,23.68217,-1000,-550,0,545.8,https://pleiades.stoa.org/places/540909,
pl-580029,Mounichia Limen,"harbor, port",pin,37.93722,23.66036,-550,300,0,545.8,https://pleiades.stoa.org/places/580029,
pl-501375,Bergepolis,settlement,pin,41.05759,25.01371,-550,300,0,545.8,https://pleiades.stoa.org/places/501375,
pl-501635,Thasos (island),island,pin,40.67649,24.66504,-750,2100,0,545.8,https://pleiades.stoa.org/places/501635,
pl-380378608,Sanctuary of Artemis Munychia (Piraeus),temple-2,pin,37.93560,23.65920,-750,300,0,545.9,https://pleiades.stoa.org/places/380378608,
pl-844942,Hambarkaya,tomb,pin,41.16747,34.67544,-550,-330,0,546.0,https://pleiades.stoa.org/places/844942,
pl-435488939,Apesokari Tholos tomb B,tomb,pin,35.00454,24.94885,-3100,-1600,0,546.0,https://pleiades.stoa.org/places/435488939,
pl-92986629,Apesokari Tholos tomb A,tomb,pin,35.00425,24.94661,-3100,-1600,0,546.2,https://pleiades.stoa.org/places/92986629,
pl-540583,Abantes,"label, people",pin,38.62902,23.70687,-750,-550,0,546.2,https://pleiades.stoa.org/places/540583,
pl-116035285,Munychia,"hill, fort",pin,37.94060,23.65590,-30,2100,0,546.2,https://pleiades.stoa.org/places/116035285,
pl-658506,Katabolos/Moutloubake,settlement,pin,36.90810,35.98857,-30,640,0,546.2,https://pleiades.stoa.org/places/658506,
pl-633483353,Minoan structure on Vigla Hill,building,pin,35.00210,24.94705,-3100,-1080,0,546.3,https://pleiades.stoa.org/places/633483353,
pl-346004679,Asklepieion at Zea,"sanctuary, archaeological-site",pin,37.93698,23.65311,-550,2099,0,546.5,https://pleiades.stoa.org/places/346004679,
pl-589976,Pantomatrion/Agrion,settlement,pin,35.38705,24.60318,-550,640,0,546.6,https://pleiades.stoa.org/places/589976,
pl-590090,Viranepiskopi,settlement,pin,35.37072,24.61688,-30,300,0,546.6,https://pleiades.stoa.org/places/590090,
pl-580078,Phreatto?,settlement,pin,37.93452,23.65113,-550,300,0,546.6,https://pleiades.stoa.org/places/580078,
pl-176836030,Lefkandi Heroon(?),tomb,pin,38.41321,23.67284,1900,1999,0,546.6,https://pleiades.stoa.org/places/176836030,
pl-585950,Poikilon (mountain),"unlocated, mountain",pin,38.03333,23.65000,-750,2099,0,546.7,https://pleiades.stoa.org/places/585950,
pl-579851,Aigaleos (mountain),mountain,pin,38.03333,23.65000,-550,2100,0,546.7,https://pleiades.stoa.org/places/579851,
pl-579888,Attica,region,wash,38.03333,23.65000,-750,640,0,546.7,https://pleiades.stoa.org/places/579888,
pl-844927,Garios,settlement,pin,41.98883,33.56901,-30,640,0,546.8,https://pleiades.stoa.org/places/844927,
pl-580136,Zea Limen,"port, settlement-modern",pin,37.93881,23.64754,-550,2099,0,546.9,https://pleiades.stoa.org/places/580136,
pl-540725,Delion,settlement,pin,38.34621,23.66135,-550,640,0,547.0,https://pleiades.stoa.org/places/540725,
pl-658569,Phlaouiopolis/Flavias,settlement,pin,37.36648,36.10157,-140,2000,0,547.0,https://pleiades.stoa.org/places/658569,
pl-579927,Eroiadai,settlement,pin,38.01460,23.64627,-550,300,0,547.0,https://pleiades.stoa.org/places/579927,
pl-501486,Koutson,settlement,pin,41.05833,24.99580,300,640,0,547.0,https://pleiades.stoa.org/places/501486,
pl-58858515,Theater of Zea,theatre,pin,37.93725,23.64464,-330,-30,0,547.2,https://pleiades.stoa.org/places/58858515,
pl-579903,Choma?,settlement,pin,37.94655,23.64449,-550,-30,0,547.2,https://pleiades.stoa.org/places/579903,
pl-579988,Kophos Limen (Piraeus),port,wash,37.93722,23.64461,-550,-330,0,547.2,https://pleiades.stoa.org/places/579988,
pl-580062,Peiraieus/Piraeus,"region, settlement, deme-attic",pin,37.93722,23.64461,-750,2100,0,547.2,https://pleiades.stoa.org/places/580062,
pl-582867,Akte Pr.,site,wash,37.93756,23.64490,-750,640,0,547.2,https://pleiades.stoa.org/places/582867,
pl-857284,Pleuramis/‘Ptemari’?,settlement,pin,40.10336,35.55966,-30,640,0,547.3,https://pleiades.stoa.org/places/857284,
pl-658583,Rhosii (mountain),mountain,wash,36.25000,35.75000,-330,300,0,547.3,https://pleiades.stoa.org/places/658583,
pl-658584,Rhosikos Skopelos,mountain,wash,36.25000,35.75000,-330,640,0,547.3,https://pleiades.stoa.org/places/658584,
pl-658519,Lepte Akra,mountain,wash,36.25000,35.75000,300,640,0,547.3,https://pleiades.stoa.org/places/658519,
pl-501433,Helleniko (Thasos),fort,wash,40.68333,24.65000,-550,-30,0,547.3,https://pleiades.stoa.org/places/501433,
pl-540660,Argoura,settlement,pin,38.40431,23.66316,-550,300,0,547.4,https://pleiades.stoa.org/places/540660,
pl-579992,Korydallos,"settlement, deme-attic",pin,37.98566,23.64187,-550,300,0,547.4,https://pleiades.stoa.org/places/579992,
pl-589679,Allaria?,settlement,pin,35.37640,24.59982,-330,640,0,547.5,https://pleiades.stoa.org/places/589679,
pl-580038,Oe?,settlement,pin,38.08337,23.64085,-550,300,0,547.6,https://pleiades.stoa.org/places/580038,
pl-590021,Pyloros,settlement,pin,35.00091,24.92577,-30,300,0,547.8,https://pleiades.stoa.org/places/590021,
pl-658375,Amanikai Pylai/Ciliciae Portae,pass,pin,36.92698,36.01321,-30,2100,0,547.8,https://pleiades.stoa.org/places/658375,
pl-606653928,Daphni Monastery,"monastery, defensive-wall, church",pin,38.01306,23.63588,300,1453,0,547.9,https://pleiades.stoa.org/places/606653928,
pl-579966,Kantharos Limen,port,pin,37.94163,23.63699,-30,2099,0,547.9,https://pleiades.stoa.org/places/579966,
pl-580079,Phyle,"fort-2, deme-attic",pin,38.13996,23.63692,-550,300,0,548.0,https://pleiades.stoa.org/places/580079,
pl-580121,Thriasion Lager,"fort-2, fort",pin,38.05217,23.63483,-550,1999,0,548.0,https://pleiades.stoa.org/places/580121,
pl-589681,Amnatos,settlement,pin,35.35077,24.61219,-550,300,0,548.1,https://pleiades.stoa.org/places/589681,
pl-487072545,Eetioneia,city-gate,pin,37.94639,23.63438,-550,-30,0,548.1,https://pleiades.stoa.org/places/487072545,
pl-393203594,Temple of Athena (Thasos),temple-2,pin,40.77717,24.71864,-750,-330,0,548.1,https://pleiades.stoa.org/places/393203594,
pl-582868,Eetioneia Pr.,"cape, archaeological-site",pin,37.94675,23.63460,-550,300,0,548.1,https://pleiades.stoa.org/places/582868,
pl-61966026,Dafni Pan cave (Attica),cave,pin,38.01127,23.63113,-550,-330,0,548.3,https://pleiades.stoa.org/places/61966026,
pl-501560,Phanari,lighthouse,pin,40.78238,24.71879,-550,-30,0,548.4,https://pleiades.stoa.org/places/501560,
pl-501634,Thasos (settlement),settlement,pin,40.78201,24.71754,-750,640,0,548.5,https://pleiades.stoa.org/places/501634,
pl-31048418,Temple of Artemis (Thasos),"sanctuary, temple-2",pin,40.77992,24.71575,-750,300,0,548.5,https://pleiades.stoa.org/places/31048418,
pl-851289754,Archaic agora of Thasos,agora,pin,40.77969,24.71329,-750,2099,0,548.7,https://pleiades.stoa.org/places/851289754,
pl-540975,Oinophyta?,settlement,pin,38.30629,23.63813,-750,-30,0,548.8,https://pleiades.stoa.org/places/540975,
pl-1001919,Paphlagonia,province,wash,42.50000,32.50000,,,0,548.8,https://pleiades.stoa.org/places/1001919,
pl-991391,Paphlagonia,province,wash,42.50000,32.50000,,,0,548.8,https://pleiades.stoa.org/places/991391,
pl-981542,Paphlagonia,province,wash,42.50000,32.50000,1700,2100,0,548.8,https://pleiades.stoa.org/places/981542,
pl-991389,Bithynia,province,wash,42.50000,32.50000,,,0,548.8,https://pleiades.stoa.org/places/991389,
pl-991390,Diospontus,province,wash,42.50000,32.50000,,,0,548.8,https://pleiades.stoa.org/places/991390,
pl-1001135,Pontike,diocese-roman,wash,42.50000,32.50000,,,0,548.8,https://pleiades.stoa.org/places/1001135,
pl-1001920,Galatia I,province,wash,42.50000,32.50000,300,640,0,548.8,https://pleiades.stoa.org/places/1001920,
pl-589931,Miamou,settlement,pin,34.97112,24.93924,-30,300,0,548.9,https://pleiades.stoa.org/places/589931,
pl-582866,Retracted: Akropolis,unknown,wash,37.87500,23.62500,-750,640,0,549.0,https://pleiades.stoa.org/places/582866,
pl-579843,Acharnai (S),deme-attic,wash,38.12500,23.62500,-550,300,0,549.0,https://pleiades.stoa.org/places/579843,
pl-579881,Asty,unknown,wash,38.12500,23.62500,-750,640,0,549.0,https://pleiades.stoa.org/places/579881,
pl-579911,Diakris,unknown,wash,38.12500,23.62500,-550,-330,0,549.0,https://pleiades.stoa.org/places/579911,
pl-579921,Epakria,district,wash,38.12500,23.62500,-550,300,0,549.0,https://pleiades.stoa.org/places/579921,
pl-579943,Harma,unknown,wash,38.12500,23.62500,-550,300,0,549.0,https://pleiades.stoa.org/places/579943,
pl-579978,Kettos?,settlement,pin,38.01373,23.62381,-550,300,0,549.0,https://pleiades.stoa.org/places/579978,
pl-579993,Korydallos (mountain),mountain,wash,37.87500,23.62500,-30,300,0,549.0,https://pleiades.stoa.org/places/579993,
pl-580061,Pedion,unknown,wash,38.12500,23.62500,-550,-30,0,549.0,https://pleiades.stoa.org/places/580061,
pl-580071,Phaleron Limen,port,wash,37.87500,23.62500,-550,300,0,549.0,https://pleiades.stoa.org/places/580071,
pl-580095,Ptelea,deme-attic,wash,38.12500,23.62500,-550,300,0,549.0,https://pleiades.stoa.org/places/580095,
pl-580098,Rheitoi (river),river,wash,38.12500,23.62500,-550,300,0,549.0,https://pleiades.stoa.org/places/580098,
pl-580103,Selenia,unknown,wash,37.87500,23.62500,-550,-330,0,549.0,https://pleiades.stoa.org/places/580103,
pl-580116,Tetrakomoi,people,wash,37.87500,23.62500,-750,-330,0,549.0,https://pleiades.stoa.org/places/580116,
pl-580122,Thriasion Pedion,plain,wash,38.12500,23.62500,-550,300,0,549.0,https://pleiades.stoa.org/places/580122,
pl-580124,Trikomoi,people,wash,38.12500,23.62500,-750,-330,0,549.0,https://pleiades.stoa.org/places/580124,
pl-580597,Untitled,aqueduct,wash,38.12500,23.62500,-550,300,0,549.0,https://pleiades.stoa.org/places/580597,
pl-583618,Untitled,mine,wash,37.87500,23.62500,-550,300,0,549.0,https://pleiades.stoa.org/places/583618,
pl-585127,Untitled,wall-2,wash,38.12500,23.62500,-550,-30,0,549.0,https://pleiades.stoa.org/places/585127,
pl-585892,Auridai,"unlocated, deme-attic",wash,38.12500,23.62500,-550,300,0,549.0,https://pleiades.stoa.org/places/585892,
pl-501384,Castra Iarba,"fort-2, station",pin,41.93230,26.09178,-30,1999,0,549.1,https://pleiades.stoa.org/places/501384,
pl-501496,Limenaria,mine,pin,40.64228,24.59223,-750,-330,0,549.1,https://pleiades.stoa.org/places/501496,
pl-504351,Untitled,mine,pin,40.66747,24.61360,-30,640,0,549.1,https://pleiades.stoa.org/places/504351,
pl-857120,Euchaita,"settlement, settlement-modern",pin,40.57038,35.26687,-30,2099,0,549.3,https://pleiades.stoa.org/places/857120,
pl-580123,Thymaitadai,"settlement, deme-attic",pin,37.96753,23.61991,-550,300,0,549.3,https://pleiades.stoa.org/places/580123,
pl-726944834,Kisuatni,"unlocated, settlement",pin,36.98053,36.04661,-1000,-720,0,549.4,https://pleiades.stoa.org/places/726944834,
pl-598581244,Tomb of Themistocles,tomb,pin,37.94161,23.61727,-30,300,0,549.6,https://pleiades.stoa.org/places/598581244,
pl-579874,Aphrodite sanctuary at Dafni,sanctuary,pin,38.01280,23.61590,-550,2099,0,549.7,https://pleiades.stoa.org/places/579874,
pl-501377,Bistones,"label, people",pin,41.12020,25.01975,-550,300,0,549.7,https://pleiades.stoa.org/places/501377,
pl-540594,Ag. Ilias,settlement,pin,38.56813,23.65493,-750,-330,0,549.9,https://pleiades.stoa.org/places/540594,
pl-540932,Manika,fort,pin,38.50162,23.64561,-550,1999,0,549.9,https://pleiades.stoa.org/places/540932,
pl-658471,Georgia,settlement,pin,36.29107,35.80246,-30,640,0,550.0,https://pleiades.stoa.org/places/658471,
pl-590089,Vigla,settlement,pin,35.20929,24.70220,-550,2100,0,550.1,https://pleiades.stoa.org/places/590089,
pl-540595,Ag. Paraskevi,fort,pin,38.55496,23.65060,-750,1999,0,550.1,https://pleiades.stoa.org/places/540595,
pl-540796,Graia,settlement,pin,38.38716,23.63010,-750,-330,0,550.1,https://pleiades.stoa.org/places/540796,
pl-501331,Ag. Vassilis,fort,pin,40.66154,24.59279,-330,-30,0,550.3,https://pleiades.stoa.org/places/501331,
pl-501506,Maries,mine,pin,40.70081,24.62356,-750,-330,0,550.3,https://pleiades.stoa.org/places/501506,
pl-579880,Asopos (river),river,wash,38.37500,23.62500,,,0,550.4,https://pleiades.stoa.org/places/579880,
pl-580043,Oropia,unknown,wash,38.37500,23.62500,-550,300,0,550.4,https://pleiades.stoa.org/places/580043,
pl-541040,Pharai?,settlement,pin,38.36551,23.62299,-750,-330,0,550.5,https://pleiades.stoa.org/places/541040,
pl-580127,Tsoukrati,fort,pin,38.21291,23.61198,-550,-330,0,550.5,https://pleiades.stoa.org/places/580127,
pl-589773,Ellinika,settlement,pin,35.20876,24.69601,-30,640,0,550.6,https://pleiades.stoa.org/places/589773,
pl-637342541,Church of Saint Sophia,church-2,pin,42.65911,27.73607,,,0,550.7,https://pleiades.stoa.org/places/637342541,
pl-216711,Aristaeum,settlement,pin,42.70293,27.89417,-30,300,0,550.7,https://pleiades.stoa.org/places/216711,
pl-540672,Asopos (river),river,pin,38.29226,23.61326,-30,2100,0,550.9,https://pleiades.stoa.org/places/540672,
pl-119143959,Tholos tomb of Apodoulou,tomb,pin,35.16048,24.73313,-2000,-1000,0,551.0,https://pleiades.stoa.org/places/119143959,
pl-629067,Saraouene,"labeled feature, label",pin,39.49422,35.90747,-330,300,0,551.0,https://pleiades.stoa.org/places/629067,
pl-216882,Mesembria,settlement,pin,42.65958,27.72444,-10000,2100,0,551.1,https://pleiades.stoa.org/places/216882,
pl-589735,Boibe (Crete),settlement,pin,35.01026,24.86688,-30,300,0,551.3,https://pleiades.stoa.org/places/589735,
pl-540703,Chalcis,settlement,pin,38.45714,23.62194,-750,640,0,551.5,https://pleiades.stoa.org/places/540703,
pl-981502,Achaia (province),province-2,wash,38.45714,23.62194,,,0,551.5,https://pleiades.stoa.org/places/981502,
pl-590063,Sybrita,"settlement, archaeological-site, settlement-modern",pin,35.25944,24.64010,-750,2100,0,551.6,https://pleiades.stoa.org/places/590063,
pl-589852,Kastri 2,"settlement, archaeological-site",pin,35.16121,24.72317,-2000,640,0,551.7,https://pleiades.stoa.org/places/589852,
pl-580120,Thria,"settlement, deme-attic",pin,38.05447,23.59231,-550,1999,0,551.8,https://pleiades.stoa.org/places/580120,
pl-579995,Kothokidai?,settlement,pin,38.09751,23.58960,-550,300,0,552.1,https://pleiades.stoa.org/places/579995,
pl-580094,Psyttaleia (island),island,pin,37.94089,23.58839,-30,2100,0,552.1,https://pleiades.stoa.org/places/580094,
pl-589987,Phaistos,"settlement, architecturalcomplex, palace-complex, archaeological-site",pin,35.05119,24.81444,-2000,640,0,552.3,https://pleiades.stoa.org/places/589987,
pl-658585,Rhosos,settlement,pin,36.41956,35.88768,-1000,640,0,552.3,https://pleiades.stoa.org/places/658585,
pl-979926376,Yurta-Stroyno,"settlement, archaeological-site",pin,42.28680,26.69434,-30,640,0,552.3,https://pleiades.stoa.org/places/979926376,
pl-920460659,Kouloures at Phaistos,architecturalcomplex,pin,35.05123,24.81377,-2000,-1600,0,552.3,https://pleiades.stoa.org/places/920460659,
pl-528109753,Myrtonion,"unlocated, fort",wash,41.75000,25.75000,-330,1450,0,552.3,https://pleiades.stoa.org/places/528109753,
pl-628920,Akdağmadeni,mine-2,pin,39.65837,35.85444,-30,640,0,552.4,https://pleiades.stoa.org/places/628920,
pl-589901,Leben,settlement,pin,34.93393,24.92598,-330,640,0,552.4,https://pleiades.stoa.org/places/589901,
pl-589964,Oxeia (island),island,pin,34.92930,24.92961,-330,2100,0,552.4,https://pleiades.stoa.org/places/589964,
pl-501562,Philia,fort,pin,41.13698,24.99781,-30,300,0,552.4,https://pleiades.stoa.org/places/501562,
pl-501561,Phari,fort,pin,40.63181,24.53865,-550,300,0,552.5,https://pleiades.stoa.org/places/501561,
pl-238864239,Sanctuary at Leben,"sanctuary, archaeological-site, temple-2",pin,34.93233,24.92422,-330,2099,0,552.6,https://pleiades.stoa.org/places/238864239,
pl-658415,Burunlu,settlement,pin,36.38252,35.87493,-30,300,0,552.6,https://pleiades.stoa.org/places/658415,
pl-580002,Kynosoura (promontory),"cape, lighthouse",pin,37.94693,23.57907,2000,2099,0,552.9,https://pleiades.stoa.org/places/580002,
pl-589903,Leon (promontory),cape,pin,34.92725,24.92005,,,0,553.2,https://pleiades.stoa.org/places/589903,
pl-501469,Kleonai,settlement,pin,40.21418,24.23365,-550,-330,0,553.2,https://pleiades.stoa.org/places/501469,
pl-589672,Ag. Triada,settlement,pin,35.05925,24.79300,-2000,1999,0,553.3,https://pleiades.stoa.org/places/589672,
pl-580114,Tanagra,"settlement, archaeological-site",pin,38.30929,23.58649,-750,300,0,553.3,https://pleiades.stoa.org/places/580114,
pl-589695,Antiskari,mine-2,pin,34.96367,24.88136,-30,300,0,553.4,https://pleiades.stoa.org/places/589695,
pl-590088,Veni,settlement,pin,35.26795,24.60471,-550,-30,0,553.6,https://pleiades.stoa.org/places/590088,
pl-579889,Aulis,settlement,pin,38.43026,23.59365,-750,640,0,553.7,https://pleiades.stoa.org/places/579889,
pl-463803480,Ptolemaic Kingdom,state,wash,33.69768,26.69408,,,0,553.8,https://pleiades.stoa.org/places/463803480,
pl-741537853,Temple of Artemis (Aulis),"ruin, sanctuary, temple-2",pin,38.43336,23.59243,,,0,553.8,https://pleiades.stoa.org/places/741537853,
pl-628919,Agranai,settlement,pin,39.73900,35.83875,-30,640,0,554.2,https://pleiades.stoa.org/places/628919,
pl-580073,Pharmakoussai/Choirades (islands),archipelago,pin,37.99924,23.56369,-550,2099,0,554.2,https://pleiades.stoa.org/places/580073,
pl-501449,Kalirachi,mine,pin,40.70127,24.57100,-750,300,0,554.2,https://pleiades.stoa.org/places/501449,
pl-540783,Euripos,"water-open, bridge, strait",pin,38.46278,23.58944,1700,2100,0,554.4,https://pleiades.stoa.org/places/540783,
pl-501365,Athos/Akte (peninsula),peninsula,wash,40.25658,24.24509,,,0,554.4,https://pleiades.stoa.org/places/501365,
pl-227756061,Sam'alla (province),province-2,wash,37.25579,36.16932,-1000,-540,0,554.6,https://pleiades.stoa.org/places/227756061,
pl-589835,Kamilari,"tomb, settlement",pin,35.04536,24.78692,-2000,640,0,554.6,https://pleiades.stoa.org/places/589835,
pl-541023,Peparethos,settlement,pin,39.11910,23.71962,-750,640,0,554.7,https://pleiades.stoa.org/places/541023,
pl-589851,Kastri 1,settlement,pin,35.27035,24.58720,-550,-30,0,554.8,https://pleiades.stoa.org/places/589851,
pl-579989,Kopros,settlement,pin,38.04776,23.55746,-550,300,0,554.8,https://pleiades.stoa.org/places/579989,
pl-581352,Kalo Pegadi (bridge),bridge,wash,38.04776,23.55746,-30,640,0,554.8,https://pleiades.stoa.org/places/581352,
pl-857053,Babanomon,"district, label",pin,40.63108,35.29671,-330,300,0,555.1,https://pleiades.stoa.org/places/857053,
pl-501578,Prinos-Sotiro,mine,pin,40.74105,24.59261,-750,-330,0,555.1,https://pleiades.stoa.org/places/501578,
pl-628935,Armaxa,settlement,pin,39.18618,36.06638,-30,300,0,555.2,https://pleiades.stoa.org/places/628935,
pl-579860,Amphiale (promontory),cape,pin,37.97982,23.55218,-550,300,0,555.2,https://pleiades.stoa.org/places/579860,
pl-629239338,Salamis sea-fight tumulus (Salamis) ,tumulus,pin,37.94693,23.55122,-550,-330,0,555.4,https://pleiades.stoa.org/places/629239338,
pl-589881,Kranaion Antron,"sanctuary, cave",pin,35.25690,24.58554,-750,300,0,555.7,https://pleiades.stoa.org/places/589881,
pl-844847,Abonouteichos/Ionopolis,settlement,pin,41.97403,33.76605,-30,640,0,555.8,https://pleiades.stoa.org/places/844847,
pl-543726022,Kululu Kalesi,settlement,pin,38.96968,36.13359,-1000,-720,0,555.8,https://pleiades.stoa.org/places/543726022,
pl-580049,Palaikastro,"fort-2, fort",pin,38.12383,23.54515,-550,2100,0,556.0,https://pleiades.stoa.org/places/580049,
pl-540705,Chalia,"church-2, settlement",pin,38.48832,23.57238,-750,2099,0,556.1,https://pleiades.stoa.org/places/540705,
pl-278568881,Sanctuary of Bendis,"sanctuary, archaeological-site",pin,37.95405,23.53900,-750,300,0,556.4,https://pleiades.stoa.org/places/278568881,
pl-580012,Leros Ins.,island,pin,37.99338,23.53891,1700,2100,0,556.4,https://pleiades.stoa.org/places/580012,
pl-408217405,Telesterion,"sanctuary, temple-2",pin,38.04091,23.53863,-750,2100,0,556.4,https://pleiades.stoa.org/places/408217405,
pl-501430,Harpessos (river),river,pin,41.59431,25.46580,2000,2099,0,556.4,https://pleiades.stoa.org/places/501430,
pl-720770009,"Greater Propylaia, Eleusis",building,pin,38.04190,23.53893,-30,300,0,556.4,https://pleiades.stoa.org/places/720770009,
pl-588883629,Possible heroön (Salamis),archaeological-site,pin,37.95038,23.53949,,,0,556.4,https://pleiades.stoa.org/places/588883629,
pl-988478845,City Wall (Salamis: Ampelaki Bay),city-wall,pin,37.95052,23.53958,-400,2099,0,556.4,https://pleiades.stoa.org/places/988478845,
pl-915090919,"""Gymnasium"" at Eleusis","sanctuary, gymnasium",pin,38.03974,23.53847,-30,300,0,556.5,https://pleiades.stoa.org/places/915090919,
pl-407444302,Bīt-Purutaš (kingdom),region,pin,38.97587,36.14093,-1000,-540,0,556.5,https://pleiades.stoa.org/places/407444302,
pl-91539310,Asklepieion at Eleusis,sanctuary,wash,38.04126,23.53753,,,0,556.5,https://pleiades.stoa.org/places/91539310,
pl-540830,Hyria (Boeotia),settlement,pin,38.45682,23.56479,-750,640,0,556.5,https://pleiades.stoa.org/places/540830,
pl-208942850,Untitled,fort,pin,38.04376,23.53839,-550,-30,0,556.5,https://pleiades.stoa.org/places/208942850,
pl-579910,Demeter Sanctuary (Eleusis),"sanctuary, archaeological-site",pin,38.04145,23.53759,-750,640,0,556.5,https://pleiades.stoa.org/places/579910,
pl-580080,Plakoto (settlement),fort,pin,38.11434,23.53981,-550,300,0,556.5,https://pleiades.stoa.org/places/580080,
pl-720770008,"""Mithraeum"" at Eleusis",temple-2,pin,38.03990,23.53834,-30,300,0,556.5,https://pleiades.stoa.org/places/720770008,
pl-935032928,Hiera Oikia at Eleusis,sanctuary,pin,38.04004,23.53822,-750,2100,0,556.5,https://pleiades.stoa.org/places/935032928,
pl-623023668,Tomb of the Seven against Thebes at Eleusis,"unlocated, tomb",wash,38.04110,23.53740,,,0,556.6,https://pleiades.stoa.org/places/623023668,
pl-585954,Rharion Pedion,"unlocated, plain",wash,38.04110,23.53740,-550,300,0,556.6,https://pleiades.stoa.org/places/585954,
pl-579886,Temple of Athena Skiras on Salamis,sanctuary,pin,37.98336,23.53710,-550,300,0,556.6,https://pleiades.stoa.org/places/579886,
pl-579920,Eleusis,"settlement, deme-attic",pin,38.04110,23.53740,-750,2100,0,556.6,https://pleiades.stoa.org/places/579920,
pl-160459928,Sanctuary of Metaneira,"unlocated, sanctuary",wash,38.04110,23.53740,-30,300,0,556.6,https://pleiades.stoa.org/places/160459928,
pl-213957198,Agelastos Petra,fiction,wash,38.04110,23.53740,-30,2099,0,556.6,https://pleiades.stoa.org/places/213957198,
pl-580081,Plakoto fort,fort,pin,38.11371,23.53752,-550,-30,0,556.7,https://pleiades.stoa.org/places/580081,
pl-579917,Elaious?,"settlement, deme-attic",pin,38.08308,23.53271,-550,300,0,557.0,https://pleiades.stoa.org/places/579917,
pl-589878,Korion,settlement,pin,35.13125,24.67407,-550,-30,0,557.1,https://pleiades.stoa.org/places/589878,
pl-590028,Rhithymna/Arsinoe,settlement,pin,35.37109,24.47290,-550,1923,0,557.2,https://pleiades.stoa.org/places/590028,
pl-580100,Salamis (settlement),"settlement, settlement-modern",pin,37.94876,23.53033,-550,2099,0,557.2,https://pleiades.stoa.org/places/580100,
pl-589771,Elektra (river),river,pin,35.10259,24.69544,1700,2100,0,557.4,https://pleiades.stoa.org/places/589771,
pl-579973,Kephisos (river),river,pin,38.11216,23.52907,-30,2099,0,557.4,https://pleiades.stoa.org/places/579973,
pl-658481,Hierapolis/Kastabala,settlement,pin,37.17641,36.18735,-330,640,0,557.5,https://pleiades.stoa.org/places/658481,
pl-216709,Aquae Calidae,bath,pin,42.61861,27.39667,-330,640,0,557.5,https://pleiades.stoa.org/places/216709,
pl-579872,Temple of Aphaia on Aegina,"sanctuary, temple-2",pin,37.75438,23.53325,-750,2100,0,557.6,https://pleiades.stoa.org/places/579872,
pl-844855,Akçasu,settlement,pin,41.61199,34.33250,-30,300,0,557.7,https://pleiades.stoa.org/places/844855,
pl-628989,(H)Erp(h)a,settlement,pin,38.66887,36.22045,-330,300,0,557.8,https://pleiades.stoa.org/places/628989,
pl-590056,Soulia,settlement,pin,35.10136,24.69005,-330,300,0,557.8,https://pleiades.stoa.org/places/590056,
pl-540732,Diakria?,label,pin,38.76236,23.59658,-550,-30,0,557.8,https://pleiades.stoa.org/places/540732,
pl-216906,Odrysae,"region, label, state, people",pin,42.40480,26.82807,-330,2099,0,557.9,https://pleiades.stoa.org/places/216906,
pl-579890,Azenia?,"settlement, deme-attic",pin,38.14776,23.52432,-550,300,0,557.9,https://pleiades.stoa.org/places/579890,
pl-712477008,Mount Kedros,mountain,pin,35.18204,24.61775,1700,2100,0,558.0,https://pleiades.stoa.org/places/712477008,
pl-541024,Peparethus (island),island,pin,39.13527,23.68534,300,2100,0,558.0,https://pleiades.stoa.org/places/541024,
pl-589792,Gavaliana,settlement,pin,34.96492,24.81145,-30,300,0,558.2,https://pleiades.stoa.org/places/589792,
pl-685778973,Odigitria tholos cemetery,"tomb, cemetery",pin,34.97531,24.79994,-2000,-1000,0,558.3,https://pleiades.stoa.org/places/685778973,
pl-628964,Dasmenda?,fort,pin,38.72640,36.21759,-30,640,0,558.4,https://pleiades.stoa.org/places/628964,
pl-501478,Kossinites? (river),river,pin,41.16459,24.93652,1900,2099,0,558.5,https://pleiades.stoa.org/places/501478,
pl-589690,Kommos,"settlement, port",pin,35.01323,24.76082,-2000,-30,0,558.6,https://pleiades.stoa.org/places/589690,
pl-579994,Korynos,fort,pin,38.15601,23.51709,-550,-30,0,558.6,https://pleiades.stoa.org/places/579994,
pl-198989301,Temple complex at Kommos,"sanctuary, temple-2",pin,35.01320,24.76072,-1600,-550,0,558.6,https://pleiades.stoa.org/places/198989301,
pl-502841,Untitled,bridge,pin,41.01257,24.77993,-30,640,0,558.9,https://pleiades.stoa.org/places/502841,
pl-658556,Oeniandos/Epiphaneia,settlement,pin,36.96189,36.15441,-550,640,0,559.1,https://pleiades.stoa.org/places/658556,
pl-501429,Harmanli,settlement,pin,41.93033,25.90249,-30,640,0,559.1,https://pleiades.stoa.org/places/501429,
pl-540603,Aigai,settlement,pin,38.59819,23.55263,-750,640,0,559.2,https://pleiades.stoa.org/places/540603,
pl-541010,Panormos,"settlement, acropolis, settlement-modern",pin,39.11072,23.66461,-750,2099,0,559.2,https://pleiades.stoa.org/places/541010,
pl-75275879,Megali Koryfi,"defensive-wall, archaeological-site",pin,37.69523,23.51895,-2000,-1000,0,559.2,https://pleiades.stoa.org/places/75275879,
pl-501658,Vodeničarsko,settlement,pin,41.47861,25.27545,300,640,0,559.2,https://pleiades.stoa.org/places/501658,
pl-844919,Euarchos/Euechos (river),river,wash,41.50000,34.50000,-30,640,0,559.3,https://pleiades.stoa.org/places/844919,
pl-845045,Potamoi,people,wash,41.50000,34.50000,-30,640,0,559.3,https://pleiades.stoa.org/places/845045,
pl-589897,Lasaia,settlement,pin,34.94083,24.81827,-330,640,0,559.4,https://pleiades.stoa.org/places/589897,
pl-541114,Stephon?,settlement,pin,38.32858,23.51874,-750,-30,0,559.4,https://pleiades.stoa.org/places/541114,
pl-580053,Panakton (Attika),"fort-2, tower-single",pin,38.18349,23.50583,-550,2099,0,559.7,https://pleiades.stoa.org/places/580053,
pl-884693054,Lazarides,settlement,pin,37.72234,23.50714,-2000,-1000,0,560.0,https://pleiades.stoa.org/places/884693054,
pl-540953,Mykalessos,settlement,pin,38.41672,23.51960,-750,640,0,560.0,https://pleiades.stoa.org/places/540953,
pl-630785464,Xantheia/Xanthi,"settlement, settlement-modern",pin,41.13805,24.88641,850,2099,0,560.0,https://pleiades.stoa.org/places/630785464,
pl-580020,Mandra,settlement,pin,38.07474,23.49717,-550,300,0,560.1,https://pleiades.stoa.org/places/580020,
pl-629078,Serm(o)usa,settlement,pin,39.99292,35.78430,-30,640,0,560.2,https://pleiades.stoa.org/places/629078,
pl-540750,Eilesion,settlement,pin,38.30779,23.50789,-750,300,0,560.2,https://pleiades.stoa.org/places/540750,
pl-589834,Kaloi Limenes,bay,pin,34.93182,24.81228,-30,2100,0,560.4,https://pleiades.stoa.org/places/589834,
pl-589925,Matalon,"settlement, settlement-modern",pin,34.99253,24.74938,-330,2099,0,560.7,https://pleiades.stoa.org/places/589925,
pl-589665,Ag. Kyriaki,settlement,pin,34.94555,24.79225,-330,-30,0,560.9,https://pleiades.stoa.org/places/589665,
pl-589988,Phalanna?,settlement,pin,35.26486,24.50829,-750,-30,0,560.9,https://pleiades.stoa.org/places/589988,
pl-580139,Zeus Panhellenios sanctuary (Aegina),"sanctuary, temple-2",pin,37.70783,23.49772,-750,300,0,560.9,https://pleiades.stoa.org/places/580139,
pl-220817271,Duplicate: Sanctuary of Zeus Panhellenios (Aegina),"sanctuary, temple-2",pin,37.70777,23.49761,,,0,561.0,https://pleiades.stoa.org/places/220817271,
pl-580055,Panhellenios (mountain),mountain,pin,37.70075,23.49611,-750,2100,0,561.1,https://pleiades.stoa.org/places/580055,
pl-869993028,Karatepe,fort,pin,37.29585,36.25375,-2000,-1000,0,561.2,https://pleiades.stoa.org/places/869993028,
pl-580101,Salamis (island),island,pin,37.94267,23.48434,-750,2100,0,561.2,https://pleiades.stoa.org/places/580101,
pl-629021,Külek Dağ,fort,pin,38.33315,36.30268,300,640,0,561.3,https://pleiades.stoa.org/places/629021,
pl-589668,Ag. Pavlos,settlement,pin,34.93055,24.79967,-30,640,0,561.3,https://pleiades.stoa.org/places/589668,
pl-570679,Skyllaion (promontory),cape,pin,37.43500,23.52300,-30,2100,0,561.3,https://pleiades.stoa.org/places/570679,
pl-884693053,Palaiochora,settlement,pin,37.75085,23.48926,640,2100,0,561.4,https://pleiades.stoa.org/places/884693053,
pl-582107,Untitled,fort,pin,38.02783,23.48226,-550,-30,0,561.4,https://pleiades.stoa.org/places/582107,
pl-629083,Skylax (river),river,pin,40.13223,35.72178,-330,2100,0,561.5,https://pleiades.stoa.org/places/629083,
pl-579844,Aegina (island),island,pin,37.73456,23.48930,-750,2100,0,561.5,https://pleiades.stoa.org/places/579844,
pl-541088,Salganeus,settlement,pin,38.47676,23.50853,-550,300,0,561.6,https://pleiades.stoa.org/places/541088,
pl-659121,Untitled,aqueduct,wash,37.25000,36.25000,-30,300,0,561.6,https://pleiades.stoa.org/places/659121,
pl-360094478,Mitteltaurus,settlement,wash,37.25000,36.25000,1918,2000,0,561.6,https://pleiades.stoa.org/places/360094478,
pl-658490,Issus/Nikopolis,"settlement, archaeological-site",pin,36.85367,36.15704,-550,2099,0,561.9,https://pleiades.stoa.org/places/658490,
pl-580131,Velatouri,fort,pin,38.13945,23.47429,-550,-330,0,562.3,https://pleiades.stoa.org/places/580131,
pl-501535,Olophyxos,settlement,pin,40.33042,24.19064,-550,-330,0,562.4,https://pleiades.stoa.org/places/501535,
pl-540805,Harma,settlement,pin,38.37573,23.48413,-750,-30,0,562.7,https://pleiades.stoa.org/places/540805,
pl-501643,Thyssos,settlement,pin,40.28802,24.15867,-550,300,0,562.8,https://pleiades.stoa.org/places/501643,
pl-216893,Naulochos/Templum Iovis?,"settlement, port",pin,42.81667,27.88333,-330,640,0,563.0,https://pleiades.stoa.org/places/216893,
pl-857326,Deprecated Skylax fl.,river,wash,40.50000,35.50000,-330,300,0,563.0,https://pleiades.stoa.org/places/857326,
pl-857208,Laodikeia,unknown,wash,40.50000,35.50000,-330,-30,0,563.0,https://pleiades.stoa.org/places/857208,
pl-628959,Comana/Hierapolis/Chryse,settlement,pin,38.33133,36.32398,-750,640,0,563.1,https://pleiades.stoa.org/places/628959,
pl-543787,Messapion (mountain),"unlocated, mountain",pin,38.46397,23.48842,-30,2099,0,563.2,https://pleiades.stoa.org/places/543787,
pl-579976,Kerata,fort,pin,38.03649,23.46079,-550,640,0,563.2,https://pleiades.stoa.org/places/579976,
pl-857106,Diakopa,settlement,pin,40.88652,35.20031,-330,300,0,563.6,https://pleiades.stoa.org/places/857106,
pl-570519,Oinoe (Corinthia),settlement,pin,38.16711,23.45715,-550,-30,0,563.9,https://pleiades.stoa.org/places/570519,
pl-579946,Heleon,settlement,pin,38.36830,23.47013,-1600,640,0,563.9,https://pleiades.stoa.org/places/579946,
pl-501645,Topeiros (Paradeisos),settlement,pin,41.07956,24.77311,-30,640,0,563.9,https://pleiades.stoa.org/places/501645,
pl-705163201,"Sanctuary of Poseidon at Kalaureia, Poros",sanctuary,pin,37.52257,23.48010,2000,2099,0,564.0,https://pleiades.stoa.org/places/705163201,
pl-546484819,Shrine of Dionysos,shrine,pin,37.88197,23.45284,-550,2099,0,564.1,https://pleiades.stoa.org/places/546484819,
pl-879722223,Euripides cave,cave,pin,37.88212,23.45269,2000,2099,0,564.1,https://pleiades.stoa.org/places/879722223,
pl-658576,Pyramos (river),river,pin,37.37881,36.30213,-550,2100,0,564.2,https://pleiades.stoa.org/places/658576,
pl-321601069,Tanakun,"unlocated, settlement",pin,37.29224,36.28709,-1000,-720,0,564.2,https://pleiades.stoa.org/places/321601069,
pl-570325,Kalaureia (island),island,pin,37.52689,23.47627,-750,2100,0,564.3,https://pleiades.stoa.org/places/570325,
pl-540865,Khondro Teikhos,sanctuary,pin,39.17667,23.62420,-550,-330,0,564.3,https://pleiades.stoa.org/places/540865,
pl-658463,Eskişehir,settlement,pin,37.08718,36.24892,-30,1599,0,564.5,https://pleiades.stoa.org/places/658463,
pl-580040,Oinoe (Attica),"fortified-settlement, archaeological-site, deme-attic",pin,38.16868,23.44981,-550,300,0,564.5,https://pleiades.stoa.org/places/580040,
pl-541094,Selinous,settlement,pin,39.16517,23.61618,-750,300,0,564.7,https://pleiades.stoa.org/places/541094,
pl-501398,Derris (promontory),cape,pin,39.93736,23.93043,1700,2100,0,564.7,https://pleiades.stoa.org/places/501398,
pl-501459,Kărdžali,settlement,pin,41.63057,25.37572,-30,640,0,564.8,https://pleiades.stoa.org/places/501459,
pl-589939,Monopari,settlement,pin,35.29537,24.42638,-330,300,0,565.1,https://pleiades.stoa.org/places/589939,
pl-844932,Gökçeağaç,settlement,pin,41.63332,34.42952,-30,640,0,565.3,https://pleiades.stoa.org/places/844932,
pl-133411593,Maşat Höyük,"settlement, archaeological-site",pin,40.14815,35.76247,-2000,2100,0,565.5,https://pleiades.stoa.org/places/133411593,
pl-501400,Dion,settlement,pin,40.35594,24.16378,-550,-330,0,565.8,https://pleiades.stoa.org/places/501400,
pl-501557,Perperakion,"settlement, mine",pin,41.71500,25.47103,-30,640,0,565.8,https://pleiades.stoa.org/places/501557,
pl-589685,Ampelos,settlement,pin,35.22414,24.47219,-550,300,0,566.0,https://pleiades.stoa.org/places/589685,
pl-658541,Myriand(r)os,"settlement, port",pin,36.56585,36.11036,-550,640,0,566.1,https://pleiades.stoa.org/places/658541,
pl-541101,Sindouka,fort,pin,39.19729,23.60779,-550,-30,0,566.2,https://pleiades.stoa.org/places/541101,
pl-590018,Psycheion,settlement,pin,35.10516,24.56528,-330,300,0,566.6,https://pleiades.stoa.org/places/590018,
pl-781991437,Fortified Port Settlement on Cape St. Athanasius,"architecturalcomplex, settlement, port, fort",pin,42.85536,27.89951,-550,2100,0,566.6,https://pleiades.stoa.org/places/781991437,
pl-540810,Helleniko,tower-defensive,pin,39.20159,23.60401,-550,-30,0,566.6,https://pleiades.stoa.org/places/540810,
pl-541071,Priounos,fort,pin,39.20461,23.60514,-550,-30,0,566.6,https://pleiades.stoa.org/places/541071,
pl-579896,Boudoron,fort,pin,37.98114,23.42190,-550,-330,0,566.6,https://pleiades.stoa.org/places/579896,
pl-501504,Makario,fort,pin,41.17818,24.83098,-30,640,0,566.6,https://pleiades.stoa.org/places/501504,
pl-540639,Anthedon,"settlement, port",pin,38.49769,23.45165,-750,640,0,566.7,https://pleiades.stoa.org/places/540639,
pl-580023,Mazi,tower-defensive,pin,38.16357,23.42472,-550,1999,0,566.7,https://pleiades.stoa.org/places/580023,
pl-590019,Psycheion Pr.,cape,pin,35.10000,24.56667,-330,2100,0,566.8,https://pleiades.stoa.org/places/590019,
pl-658444,Coryphaeus (mountain),"mountain, label",pin,36.19143,35.95974,-30,2100,0,566.8,https://pleiades.stoa.org/places/658444,
pl-570299,Hydroussa/Hydrea (island),island,pin,37.33488,23.47409,1700,2100,0,566.9,https://pleiades.stoa.org/places/570299,
pl-216985,Sialetae,"label, people",pin,42.70026,27.36403,-30,300,0,566.9,https://pleiades.stoa.org/places/216985,
pl-84771631,Titus Tunnel,"aqueduct, tunnel",pin,36.12220,35.92839,-30,300,0,567.0,https://pleiades.stoa.org/places/84771631,
pl-540937,Mauragani,tower-defensive,pin,39.19858,23.59888,-550,-30,0,567.0,https://pleiades.stoa.org/places/540937,
pl-658483,Hydatos Potamoi/Seleukeia Pieria,"settlement, port",pin,36.12126,35.92860,-550,2099,0,567.1,https://pleiades.stoa.org/places/658483,
pl-589924,Massalia? (river),river,pin,35.18245,24.48999,1700,2100,0,567.2,https://pleiades.stoa.org/places/589924,
pl-201100501,Ancient harbour (submerged) at Aegina,port,pin,37.74827,23.42338,-550,300,0,567.2,https://pleiades.stoa.org/places/201100501,
pl-579853,Aigina (settlement),settlement,pin,37.75015,23.42367,-750,640,0,567.2,https://pleiades.stoa.org/places/579853,
pl-579997,Kryptos Limen,port,pin,37.75100,23.42300,-550,300,0,567.2,https://pleiades.stoa.org/places/579997,
pl-585131,Untitled,"defensive-wall, wall-2",wash,37.75015,23.42367,-550,-30,0,567.2,https://pleiades.stoa.org/places/585131,
pl-501476,Kophos,settlement,pin,39.97149,23.91769,-550,-330,0,567.2,https://pleiades.stoa.org/places/501476,
pl-122622385,Kolona,"settlement, temple-2",pin,37.74992,23.42369,-2000,-330,0,567.2,https://pleiades.stoa.org/places/122622385,
pl-580050,Palaiokoundoura,settlement,pin,38.11165,23.41481,-550,300,0,567.4,https://pleiades.stoa.org/places/580050,
pl-501603,Sarte,settlement,pin,40.08754,23.97870,-550,-330,0,567.4,https://pleiades.stoa.org/places/501603,
pl-658621,"Thomas, Mon.",church,pin,36.13124,35.93919,300,640,0,567.5,https://pleiades.stoa.org/places/658621,
pl-746471074,Kanakia,"palace-complex, archaeological-site",pin,37.90013,23.41226,-2000,2099,0,567.6,https://pleiades.stoa.org/places/746471074,
pl-589733,Bionnos?,settlement,pin,35.14996,24.51205,-550,-30,0,567.6,https://pleiades.stoa.org/places/589733,
pl-629004,Kataonia,"region, label",pin,38.22989,36.38864,-330,640,0,568.1,https://pleiades.stoa.org/places/629004,
pl-589688,Amphimales Sinus,water-open,pin,35.38696,24.31243,1700,2100,0,568.3,https://pleiades.stoa.org/places/589688,
pl-658571,Pieria (mountain),"mountain, label",pin,36.30384,36.03205,-330,640,0,568.4,https://pleiades.stoa.org/places/658571,
pl-589766,Drepanon Pr.,cape,pin,35.47528,24.24250,-30,2100,0,568.7,https://pleiades.stoa.org/places/589766,
pl-501432,Hebros (river),river,pin,41.77447,25.50158,-330,2100,0,568.8,https://pleiades.stoa.org/places/501432,
pl-501646,Torone,settlement,pin,39.97708,23.90079,-750,300,0,568.8,https://pleiades.stoa.org/places/501646,
pl-370424386,Ogas,acropolis,pin,37.61717,23.41180,-1000,-1,0,569.1,https://pleiades.stoa.org/places/370424386,
pl-775133290,Megali Magoula,"tomb, settlement, archaeological-site",pin,37.50165,23.42374,-2000,-1000,0,569.2,https://pleiades.stoa.org/places/775133290,
pl-541179,"Zeus Hypatos, T.","temple-2, monastery",pin,38.40006,23.41102,-550,640,0,569.3,https://pleiades.stoa.org/places/541179,
pl-579931,Euboicus Sinus,water-open,pin,38.56000,23.43000,1700,2100,0,569.3,https://pleiades.stoa.org/places/579931,
pl-671197,Untitled,centuriation,wash,35.75000,35.75000,-330,300,0,569.4,https://pleiades.stoa.org/places/671197,
pl-540604,Aigai (mountain),"mountain, label",pin,38.68943,23.44839,1700,2100,0,569.5,https://pleiades.stoa.org/places/540604,
pl-501569,Pistyros,settlement,pin,40.97146,24.59201,-750,-330,0,569.5,https://pleiades.stoa.org/places/501569,
pl-501612,Singitikos Kolpos,water-open,pin,40.20833,24.02289,-30,2100,0,569.5,https://pleiades.stoa.org/places/501612,
pl-541028,Peteon,settlement,pin,38.44396,23.41212,-750,300,0,569.6,https://pleiades.stoa.org/places/541028,
pl-541074,Prokopion,settlement,pin,38.76521,23.46132,-550,300,0,569.6,https://pleiades.stoa.org/places/541074,
pl-501584,*Purdae,station,pin,40.99148,24.60895,-30,640,0,569.6,https://pleiades.stoa.org/places/501584,
pl-540692,Boudoros (river),river,wash,38.83463,23.47194,-30,2099,0,569.8,https://pleiades.stoa.org/places/540692,
pl-540861,Kerinthos,"settlement, acropolis",pin,38.83463,23.47194,-750,300,0,569.8,https://pleiades.stoa.org/places/540861,
pl-579977,Kerata (mountain),"mountain, label",pin,38.08094,23.38701,-30,2100,0,569.8,https://pleiades.stoa.org/places/579977,
pl-216714,Arzus,station,pin,42.04183,25.88336,-30,640,0,569.8,https://pleiades.stoa.org/places/216714,
pl-589929,Messapos? (river),river,pin,35.35351,24.31714,1700,2100,0,569.9,https://pleiades.stoa.org/places/589929,
pl-589810,Hydramia,settlement,pin,35.34820,24.31744,-30,300,0,570.2,https://pleiades.stoa.org/places/589810,
pl-865726154,Sanctuary at Agios Konstantinos (Methana),sanctuary,pin,37.59399,23.40170,-2000,-1000,0,570.2,https://pleiades.stoa.org/places/865726154,
pl-589971,Panagia Arkoudiotissa,"sanctuary, cave",pin,35.59016,24.14218,-750,2100,0,570.3,https://pleiades.stoa.org/places/589971,
pl-668340,Posideion,settlement,pin,35.84778,35.82478,-750,640,0,570.6,https://pleiades.stoa.org/places/668340,
pl-589809,Hippokoronion (mountain),mountain,pin,35.44600,24.23800,1700,2100,0,570.7,https://pleiades.stoa.org/places/589809,
pl-208942851,Untitled,fort,pin,37.98519,23.37596,-550,-30,0,570.7,https://pleiades.stoa.org/places/208942851,
pl-658572,Pinaros? (river),river,pin,36.74944,36.22828,-550,2100,0,570.7,https://pleiades.stoa.org/places/658572,
pl-589906,Letoa (island),"archipelago, island",pin,35.00732,24.59366,1700,2100,0,570.8,https://pleiades.stoa.org/places/589906,
pl-661382,Untitled,road,wash,36.58418,36.17327,-30,640,0,570.8,https://pleiades.stoa.org/places/661382,
pl-658371,Alexandria ad Issum,settlement,pin,36.58418,36.17327,-1750,2000,0,570.8,https://pleiades.stoa.org/places/658371,
pl-540771,Erythrai,settlement,pin,38.23322,23.38027,-750,640,0,570.9,https://pleiades.stoa.org/places/540771,
pl-540791,Glisas,settlement,pin,38.37818,23.39050,-750,300,0,570.9,https://pleiades.stoa.org/places/540791,
pl-579919,Eleusiniakos Kolpos,water-open,wash,37.87500,23.37500,-550,300,0,570.9,https://pleiades.stoa.org/places/579919,
pl-579928,Erythrai,people,wash,38.12500,23.37500,-550,300,0,570.9,https://pleiades.stoa.org/places/579928,
pl-579957,Iapis (river),river,wash,38.12500,23.37500,-550,300,0,570.9,https://pleiades.stoa.org/places/579957,
pl-583617,Unnamed quarry,quarry,wash,37.87500,23.37500,-550,300,0,570.9,https://pleiades.stoa.org/places/583617,
pl-540756,Eleutherai,"settlement, fort",pin,38.17944,23.37562,-750,300,0,571.0,https://pleiades.stoa.org/places/540756,
pl-541106,Skolos,settlement,pin,38.30938,23.38353,-750,640,0,571.0,https://pleiades.stoa.org/places/541106,
pl-928443165,Nisaki,"fort-2, defensive-wall, acropolis, archaeological-site",pin,37.57558,23.39025,-550,-30,0,571.3,https://pleiades.stoa.org/places/928443165,
pl-844853,Aiginetes,settlement,pin,41.97957,34.04407,300,640,0,571.4,https://pleiades.stoa.org/places/844853,
pl-570654,Saronicus Sinus,water-open,wash,37.84941,23.37074,-30,2100,0,571.4,https://pleiades.stoa.org/places/570654,
pl-541133,Teumessos,settlement,pin,38.35755,23.38228,-750,640,0,571.5,https://pleiades.stoa.org/places/541133,
pl-658502,Karayılan,settlement,pin,36.71154,36.22688,-30,300,0,571.6,https://pleiades.stoa.org/places/658502,
pl-570508,Nisaia,"ruin, settlement",pin,37.97645,23.36368,-750,300,0,571.7,https://pleiades.stoa.org/places/570508,
pl-570486,Minoa (island),island,pin,37.96980,23.36223,-750,2100,0,571.9,https://pleiades.stoa.org/places/570486,
pl-658511,Kodrigai,"arch, monument",pin,36.67027,36.22071,-30,640,0,572.2,https://pleiades.stoa.org/places/658511,
pl-742529837,Palaiosouda (island),island,pin,35.49929,24.17972,1700,2100,0,572.2,https://pleiades.stoa.org/places/742529837,
pl-589894,Lappa,settlement,pin,35.28658,24.33608,-330,2100,0,572.3,https://pleiades.stoa.org/places/589894,
pl-540839,Isos,settlement,pin,38.47387,23.38492,-750,640,0,572.3,https://pleiades.stoa.org/places/540839,
pl-845876618,Aleksandrovo tumulus,tumulus,pin,41.97965,25.73848,-330,2100,0,572.4,https://pleiades.stoa.org/places/845876618,
pl-659122,Untitled,aqueduct,wash,36.75000,36.25000,-30,300,0,572.5,https://pleiades.stoa.org/places/659122,
pl-659123,Untitled,aqueduct,wash,36.75000,36.25000,-30,300,0,572.5,https://pleiades.stoa.org/places/659123,
pl-658394,Baiae,labeled feature,wash,36.75000,36.25000,-30,640,0,572.5,https://pleiades.stoa.org/places/658394,
pl-658504,Karsos (river),river,wash,36.75000,36.25000,-550,-330,0,572.5,https://pleiades.stoa.org/places/658504,
pl-658515,Labotas (river),river,wash,36.75000,36.25000,-1000,300,0,572.5,https://pleiades.stoa.org/places/658515,
pl-558185735,Throni tower,tower-single,pin,37.58339,23.37604,-330,-30,0,572.5,https://pleiades.stoa.org/places/558185735,
pl-570482,Methana/Arsinoe,"cape, settlement",pin,37.59124,23.37409,-750,2099,0,572.6,https://pleiades.stoa.org/places/570482,
pl-216756,‘Cazalet’?,station,pin,42.85049,27.66180,-30,640,0,572.9,https://pleiades.stoa.org/places/216756,
pl-501341,Akontisma,"castle, station",pin,40.96801,24.53841,-30,640,0,573.1,https://pleiades.stoa.org/places/501341,
pl-589893,Lamon?,settlement,pin,35.19216,24.40047,-30,300,0,573.2,https://pleiades.stoa.org/places/589893,
pl-589933,Minoa,settlement,pin,35.50179,24.16518,-330,300,0,573.2,https://pleiades.stoa.org/places/589933,
pl-658508,Kilikiai Pylai,pass,pin,36.65832,36.22792,-550,640,0,573.2,https://pleiades.stoa.org/places/658508,
pl-658535,al-Mina,settlement,pin,36.06142,35.97353,-750,-330,0,573.2,https://pleiades.stoa.org/places/658535,
pl-845053,Sallar,tomb,pin,41.54787,34.66264,-550,-330,0,573.3,https://pleiades.stoa.org/places/845053,
pl-501538,Oraion,settlement,pin,41.27669,24.83293,-30,300,0,573.3,https://pleiades.stoa.org/places/501538,
pl-589904,Lera,"sanctuary, cave",pin,35.59049,24.10189,-750,2100,0,573.4,https://pleiades.stoa.org/places/589904,
pl-590071,Tanos?,settlement,pin,35.44754,24.20055,-330,-30,0,573.4,https://pleiades.stoa.org/places/590071,
pl-963101035,Tower in R. Nestos Valley,fort,pin,41.16517,24.71855,-330,300,0,573.4,https://pleiades.stoa.org/places/963101035,
pl-628934,Ariaratheia,settlement,pin,38.72351,36.39233,-330,640,0,573.5,https://pleiades.stoa.org/places/628934,
pl-541066,Polyaegos (island),"island, label",pin,39.12256,23.49968,-550,2100,0,573.5,https://pleiades.stoa.org/places/541066,
pl-658363,Ad Orontem,station,pin,36.07809,35.98624,300,640,0,573.5,https://pleiades.stoa.org/places/658363,
pl-1001927,Armenia II,province-2,wash,38.72351,36.39233,,,0,573.5,https://pleiades.stoa.org/places/1001927,
pl-589687,Amphimala,settlement,pin,35.36415,24.25982,-330,300,0,573.6,https://pleiades.stoa.org/places/589687,
pl-589908,Leukai Inss.,archipelago,wash,35.49324,24.16589,,,0,573.6,https://pleiades.stoa.org/places/589908,
pl-541091,Schoinos,settlement,pin,38.42177,23.36404,-750,640,0,573.6,https://pleiades.stoa.org/places/541091,
pl-589702,Apollonia?,settlement,pin,35.20501,24.38157,-330,300,0,573.8,https://pleiades.stoa.org/places/589702,
pl-570468,Megara,settlement,pin,37.98508,23.34016,-750,2099,0,573.8,https://pleiades.stoa.org/places/570468,
pl-540831,Hysiai,settlement,pin,38.21722,23.34442,-750,300,0,573.9,https://pleiades.stoa.org/places/540831,
pl-629081,Siricis,settlement,pin,38.20419,36.45878,-30,640,0,574.1,https://pleiades.stoa.org/places/629081,
pl-963101036,Tower in R. Nestos Valley,fort,pin,41.18173,24.72592,-330,300,0,574.1,https://pleiades.stoa.org/places/963101036,
pl-540598,Ag. Vasileios (Euboea),settlement,pin,38.93993,23.44434,-550,-30,0,574.2,https://pleiades.stoa.org/places/540598,
pl-589869,Kisamon? Pr.,"cape, label",pin,35.54635,24.11935,,,0,574.3,https://pleiades.stoa.org/places/589869,
pl-232882995,"Komninon (Macedonian tomb), Stavroupolis",tomb,pin,41.18392,24.72203,-330,-30,0,574.5,https://pleiades.stoa.org/places/232882995,
pl-570614,Pityonesos (island),island,pin,37.69306,23.34306,-30,2100,0,574.5,https://pleiades.stoa.org/places/570614,
pl-513113841,Tomb of Kar (Megarid),tomb,pin,37.97837,23.33069,-30,300,0,574.6,https://pleiades.stoa.org/places/513113841,
pl-596541756,Souda (island),island,pin,35.48869,24.15250,1700,2100,0,574.8,https://pleiades.stoa.org/places/596541756,
pl-501457,Karamanci,settlement,pin,41.74666,25.36317,-30,640,0,574.8,https://pleiades.stoa.org/places/501457,
pl-658416,Bytyllion,settlement,pin,36.05087,35.98949,-30,640,0,574.9,https://pleiades.stoa.org/places/658416,
pl-589736,Boudroe Inss.,island,pin,35.48610,24.15232,-30,2100,0,575.0,https://pleiades.stoa.org/places/589736,
pl-540826,Hylike (lake),lake,pin,38.45809,23.35156,1700,2100,0,575.0,https://pleiades.stoa.org/places/540826,
pl-857370,Virasia,settlement,pin,40.61546,35.57860,300,640,0,575.3,https://pleiades.stoa.org/places/857370,
pl-218742082,Oluz Höyük,settlement,pin,40.54566,35.62851,-6500,-30,0,575.3,https://pleiades.stoa.org/places/218742082,
pl-541132,Tenerikon Pedion,"plain, label",pin,38.36549,23.33815,,,0,575.4,https://pleiades.stoa.org/places/541132,
pl-541104,Skiathos (settlement),"settlement, settlement-modern",pin,39.16620,23.48889,-750,2099,0,575.5,https://pleiades.stoa.org/places/541104,
pl-658573,Platanoi/‘Pictanus’,settlement,pin,36.48844,36.19513,-30,640,0,575.6,https://pleiades.stoa.org/places/658573,
pl-496501628,Sanctuary of Herakles Hippodetos,sanctuary,wash,38.36565,23.33539,-30,300,0,575.6,https://pleiades.stoa.org/places/496501628,
pl-216974,Scatrae,station,pin,42.88343,27.68206,-30,640,0,575.7,https://pleiades.stoa.org/places/216974,
pl-589871,Kisamos?,settlement,pin,35.47108,24.15426,-330,300,0,575.7,https://pleiades.stoa.org/places/589871,
pl-570756,Troizen,settlement,pin,37.50311,23.34849,-750,300,0,575.7,https://pleiades.stoa.org/places/570756,
pl-658565,Pagrika Ore,"mountain, label",pin,36.42208,36.17182,-330,-30,0,575.9,https://pleiades.stoa.org/places/658565,
pl-658552,Nymphaion/Balaneion Tiberinon,temple,pin,36.03422,35.99744,300,640,0,576.2,https://pleiades.stoa.org/places/658552,
pl-899305140,Ismenus (river),river,pin,38.32480,23.32440,-330,2099,0,576.3,https://pleiades.stoa.org/places/899305140,
pl-218651082,Oedipodia,spring,pin,38.32428,23.32432,-30,300,0,576.3,https://pleiades.stoa.org/places/218651082,
pl-116141527,"Sanctuary of Apollo Ismenios, Thebes",temple-2,pin,38.31648,23.32246,-550,-330,0,576.4,https://pleiades.stoa.org/places/116141527,
pl-668262,Ras Ibn Hani,"settlement, archaeological-site",pin,35.58750,35.73585,-2000,640,0,576.4,https://pleiades.stoa.org/places/668262,
pl-844860,Antikinolis,settlement,pin,41.95476,34.17300,-30,640,0,576.5,https://pleiades.stoa.org/places/844860,
pl-857088,Chiliokomon,label,pin,40.77920,35.46981,-330,300,0,576.6,https://pleiades.stoa.org/places/857088,
pl-501601,Sapaike,"region, label",pin,41.11292,24.62235,-550,300,0,576.6,https://pleiades.stoa.org/places/501601,
pl-492759698,Electran Gate (Thebes),city-gate,pin,38.31750,23.32010,,,0,576.6,https://pleiades.stoa.org/places/492759698,
pl-291401357,Proitidian Gate (Thebes),city-gate,pin,38.32110,23.31980,-30,2099,0,576.7,https://pleiades.stoa.org/places/291401357,
pl-541138,Thebai/Thebae,"settlement, archaeological-site, findspot",pin,38.31995,23.31765,-1600,2100,0,576.8,https://pleiades.stoa.org/places/541138,
pl-239936126,Cadmea,acropolis,pin,38.32073,23.31773,-750,300,0,576.8,https://pleiades.stoa.org/places/239936126,
pl-33738912,Temple of Dionysus Lysios (Thebes),"unlocated, temple-2",wash,38.32052,23.31873,,,0,576.8,https://pleiades.stoa.org/places/33738912,
pl-132272517,Homoloid Gate (Thebes),"unlocated, city-gate",wash,38.31995,23.31765,-30,300,0,576.8,https://pleiades.stoa.org/places/132272517,
pl-591167,Untitled,bridge,pin,35.37106,24.21092,-550,-30,0,576.9,https://pleiades.stoa.org/places/591167,
pl-658517,Lakanatis,label,pin,37.28334,36.43245,-330,300,0,576.9,https://pleiades.stoa.org/places/658517,
pl-504347,Untitled,mine,pin,40.98406,24.50040,-550,-330,0,576.9,https://pleiades.stoa.org/places/504347,
pl-844984,Kinolis,"ruin, settlement, castle",pin,41.96571,34.16557,-30,2099,0,577.0,https://pleiades.stoa.org/places/844984,
pl-49430117,Monastery of Simeon Stylites the Younger,monastery,pin,36.09128,36.03557,300,2100,0,577.0,https://pleiades.stoa.org/places/49430117,
pl-857096,Cromen,settlement,pin,40.70074,35.53670,-30,1999,0,577.0,https://pleiades.stoa.org/places/857096,
pl-658607,"Symeon, Mon.",church,pin,36.09141,36.03549,300,640,0,577.0,https://pleiades.stoa.org/places/658607,
pl-907860743,Neistan Gate (Thebes),"unlocated, city-gate",pin,38.32150,23.31540,-30,300,0,577.1,https://pleiades.stoa.org/places/907860743,
pl-589704,Aptera,settlement,pin,35.46266,24.14140,-1600,300,0,577.1,https://pleiades.stoa.org/places/589704,
pl-629013,Kokousos,settlement,pin,38.03158,36.49834,-30,640,0,577.2,https://pleiades.stoa.org/places/629013,
pl-541070,Potniai,settlement,pin,38.29991,23.31163,-750,300,0,577.2,https://pleiades.stoa.org/places/541070,
pl-963101034,Tower in R. Nestos Valley,fort,pin,41.23063,24.72904,-330,300,0,577.2,https://pleiades.stoa.org/places/963101034,
pl-658618,Thaumaston Oros,"mountain, label",pin,36.10718,36.04790,300,2100,0,577.3,https://pleiades.stoa.org/places/658618,
pl-589994,Phoinix?,settlement,pin,35.18663,24.34668,-550,2100,0,577.5,https://pleiades.stoa.org/places/589994,
pl-668224,Jebel al-ʾAqraʿ,mountain,pin,35.95203,35.96916,-1000,2100,0,577.5,https://pleiades.stoa.org/places/668224,
pl-540825,Hyle,settlement,pin,38.45011,23.32001,-750,-330,0,577.7,https://pleiades.stoa.org/places/540825,
pl-996483532,Castle of Dokos,castle,pin,37.34581,23.34781,650,850,0,577.7,https://pleiades.stoa.org/places/996483532,
pl-541050,Phokai?,settlement,pin,38.50319,23.32463,-550,640,0,577.8,https://pleiades.stoa.org/places/541050,
pl-501553,Parthenopolis (Chalkidike),settlement,pin,40.13179,23.87218,-550,-330,0,577.9,https://pleiades.stoa.org/places/501553,
pl-501349,Angel vojvoda,settlement,pin,41.74860,25.30737,-30,640,0,578.4,https://pleiades.stoa.org/places/501349,
pl-541092,Skiathos/Sciathus (island),island,pin,39.16690,23.45390,-550,2100,0,578.5,https://pleiades.stoa.org/places/541092,
pl-668295,Leukos Limen,"findspot, settlement, port, archaeological-site",pin,35.60785,35.77642,-9000,2099,0,578.5,https://pleiades.stoa.org/places/668295,
pl-216984,Shkorpilovtsi,settlement,pin,42.96312,27.87838,300,640,0,578.6,https://pleiades.stoa.org/places/216984,
pl-526009671,Sanctuary of Zeus Aphesios (Megarid),sanctuary,pin,37.98430,23.28478,-30,300,0,578.6,https://pleiades.stoa.org/places/526009671,
pl-541158,Trapheia?,settlement,pin,38.37808,23.30176,-750,300,0,578.7,https://pleiades.stoa.org/places/541158,
pl-570724,Thermasia,settlement,pin,37.40939,23.32634,-550,2099,0,578.7,https://pleiades.stoa.org/places/570724,
pl-668211,Barlaamus,church,pin,35.96130,35.99161,300,640,0,578.9,https://pleiades.stoa.org/places/668211,
pl-857324,Skotios,fort,pin,40.34981,35.81012,-330,-30,0,579.0,https://pleiades.stoa.org/places/857324,
pl-658608,Syriai Pylai,pass,pin,36.47950,36.23200,-550,2100,0,579.0,https://pleiades.stoa.org/places/658608,
pl-370424387,Kalloni,archaeological-site,pin,37.54055,23.30612,-2000,-1000,0,579.0,https://pleiades.stoa.org/places/370424387,
pl-668191,Antikasion/Thronos M.,"mountain, label",pin,35.90754,35.96757,-30,640,0,579.3,https://pleiades.stoa.org/places/668191,
pl-570089,Aperopia (island),island,pin,37.33708,23.32690,-30,2100,0,579.6,https://pleiades.stoa.org/places/570089,
pl-629011,Kızıl Şehir,settlement,pin,39.29295,36.31960,300,640,0,579.6,https://pleiades.stoa.org/places/629011,
pl-662159,Erana,"unlocated, settlement",wash,36.75000,36.33333,-30,300,0,579.6,https://pleiades.stoa.org/places/662159,
pl-658376,Amanus (mountain range),mountain,pin,36.75000,36.33333,-720,2100,0,579.6,https://pleiades.stoa.org/places/658376,
pl-501453,Kanastraion Pr.,cape,pin,39.93436,23.74507,-30,2100,0,579.6,https://pleiades.stoa.org/places/501453,
pl-844908,Domanitis,"labeled feature, label",pin,41.57917,34.72616,-30,300,0,579.7,https://pleiades.stoa.org/places/844908,
pl-658596,"Seuera, Mon.",church,pin,36.09801,36.07415,300,640,0,579.8,https://pleiades.stoa.org/places/658596,
pl-540592,Ag. Athanasios,fort,pin,39.19618,23.44593,-550,-30,0,579.9,https://pleiades.stoa.org/places/540592,
pl-501523,Neapolis (Kavalla),"settlement, port",pin,40.93432,24.41404,-750,2099,0,580.0,https://pleiades.stoa.org/places/501523,
pl-786609869,Bagras Castle,fort,pin,36.42681,36.22491,640,1453,0,580.1,https://pleiades.stoa.org/places/786609869,
pl-541063,Plataea,"settlement, archaeological-site, abbey-church",pin,38.22108,23.27354,-750,640,0,580.1,https://pleiades.stoa.org/places/541063,
pl-658564,Pagrae,settlement,pin,36.42665,36.22486,-330,640,0,580.1,https://pleiades.stoa.org/places/658564,
pl-963101028,Tower in R. Nestos Valley,fort,pin,41.22549,24.68193,-330,300,0,580.1,https://pleiades.stoa.org/places/963101028,
pl-628958,Coduzalaba/Sabalassos?,settlement,pin,38.48472,36.50441,-30,300,0,580.2,https://pleiades.stoa.org/places/628958,
pl-749295738,Vathychori,tower-defensive,pin,38.11297,23.26722,-330,-30,0,580.3,https://pleiades.stoa.org/places/749295738,
pl-658458,Eirenopolis/Neronias,settlement,pin,37.25137,36.46697,-30,640,0,580.4,https://pleiades.stoa.org/places/658458,
pl-502839,Untitled,bridge,wash,40.75000,24.25000,-30,640,0,580.9,https://pleiades.stoa.org/places/502839,
pl-504346,Untitled,quarry,wash,40.75000,24.25000,-550,300,0,580.9,https://pleiades.stoa.org/places/504346,
pl-501533,Oisyme,"settlement, acropolis",pin,40.82126,24.30490,-750,300,0,581.0,https://pleiades.stoa.org/places/501533,
pl-540635,Anchoe,settlement,pin,38.54148,23.28910,-550,640,0,581.4,https://pleiades.stoa.org/places/540635,
pl-844989,Koloussa,settlement,pin,41.94745,34.27145,-550,-330,0,581.5,https://pleiades.stoa.org/places/844989,
pl-541068,Poseidion,settlement,pin,38.97241,23.36661,-550,300,0,581.6,https://pleiades.stoa.org/places/541068,
pl-501351,Antisara,settlement,pin,40.92411,24.38128,-750,-330,0,581.7,https://pleiades.stoa.org/places/501351,
pl-570344,Kekryphaleia (island),"island, label",pin,37.70337,23.25861,2000,2099,0,581.8,https://pleiades.stoa.org/places/570344,
pl-540761,Elymnion?,settlement,pin,38.77418,23.31862,-750,640,0,582.0,https://pleiades.stoa.org/places/540761,
pl-501431,Haskovo bani,unknown,wash,41.75000,25.25000,-30,300,0,582.0,https://pleiades.stoa.org/places/501431,
pl-590020,Pyktos (river),river,pin,35.43938,24.09289,1700,2100,0,582.1,https://pleiades.stoa.org/places/590020,
pl-540714,Cithaeron (mountain),mountain,pin,38.18420,23.24919,1700,2100,0,582.1,https://pleiades.stoa.org/places/540714,
pl-540824,Hylai,settlement,pin,38.40801,23.26433,-330,300,0,582.2,https://pleiades.stoa.org/places/540824,
pl-658622,Tiberine Chora,"region, label",pin,36.06575,36.08735,300,640,0,582.2,https://pleiades.stoa.org/places/658622,
pl-963101027,Tower in R. Nestos Valley,fort,pin,41.21489,24.64085,-330,300,0,582.2,https://pleiades.stoa.org/places/963101027,
pl-570176,Chersonesos Pr.,cape,wash,37.75000,23.25000,,,0,582.3,https://pleiades.stoa.org/places/570176,
pl-540844,Kabeirion,"sanctuary, archaeological-site",pin,38.31812,23.25503,-750,300,0,582.3,https://pleiades.stoa.org/places/540844,
pl-540906,Larymna (Boeotia),"settlement, port",pin,38.56735,23.28135,-750,640,0,582.3,https://pleiades.stoa.org/places/540906,
pl-541160,Trephia L.,lake,wash,38.25000,23.25000,,,0,582.3,https://pleiades.stoa.org/places/541160,
pl-570469,Megaricus Sinus,water-open,wash,37.75000,23.25000,,,0,582.3,https://pleiades.stoa.org/places/570469,
pl-570604,Phoibaia,lagoon,wash,37.75000,23.25000,-750,300,0,582.3,https://pleiades.stoa.org/places/570604,
pl-570622,Pogon,port,wash,37.75000,23.25000,-750,300,0,582.3,https://pleiades.stoa.org/places/570622,
pl-589729,Berekynthos,"mountain, settlement-modern",pin,35.46431,24.07141,1700,2100,0,582.4,https://pleiades.stoa.org/places/589729,
pl-857382,Zela,"settlement, archaeological-site",pin,40.30388,35.89019,-330,300,0,583.0,https://pleiades.stoa.org/places/857382,
pl-668290,Laodicea,"settlement, port, settlement-modern",pin,35.51892,35.77663,-550,2100,0,583.2,https://pleiades.stoa.org/places/668290,
pl-553704982,Kastellion,hill,pin,35.51730,24.01945,-2000,2100,0,583.5,https://pleiades.stoa.org/places/553704982,
pl-975915186,Agia Aikaterini square excavations,archaeological-site,pin,35.51721,24.01958,-2000,-1000,0,583.5,https://pleiades.stoa.org/places/975915186,
pl-540650,"Apollo, T.",temple-2,pin,38.45399,23.25258,-750,640,0,583.6,https://pleiades.stoa.org/places/540650,
pl-658450,Daphne,settlement,pin,36.13364,36.13786,-330,2100,0,583.6,https://pleiades.stoa.org/places/658450,
pl-570207,Eileoi,settlement,pin,37.44207,23.26405,-750,300,0,583.7,https://pleiades.stoa.org/places/570207,
pl-589886,Kydonia,settlement,pin,35.51577,24.01869,-1600,2100,0,583.7,https://pleiades.stoa.org/places/589886,
pl-570051,Aigosthena,"settlement, port, fort",pin,38.14743,23.22796,-550,640,0,583.8,https://pleiades.stoa.org/places/570051,
pl-541078,Sanctuary of Ptoan Apollo,"sanctuary, temple-2",pin,38.45934,23.25097,-750,1999,0,583.8,https://pleiades.stoa.org/places/541078,
pl-658381,Antiochia/Theoupolis,"urban, settlement, amphitheatre",pin,36.22255,36.18321,-1750,2100,0,583.9,https://pleiades.stoa.org/places/658381,
pl-768102284,Cave of Saint Peter,"church-2, cave",pin,36.20938,36.17824,2000,2099,0,584.0,https://pleiades.stoa.org/places/768102284,
pl-501599,Sane/Ouranopolis,settlement,pin,40.36357,23.93481,-550,-30,0,584.0,https://pleiades.stoa.org/places/501599,
pl-589661,Ag. Eustratios,settlement,pin,35.19110,24.25155,-30,300,0,584.2,https://pleiades.stoa.org/places/589661,
pl-403301547,Psatha tower (Megarid),tower-defensive,pin,38.11037,23.22181,,,0,584.3,https://pleiades.stoa.org/places/403301547,
pl-570557,Panormos (Megarid),"harbor, settlement, settlement-modern",pin,38.11258,23.21988,-750,2099,0,584.4,https://pleiades.stoa.org/places/570557,
pl-629076,Sebastopolis/Herakleopolis/Karana?,"settlement, archaeological-site",pin,39.99739,36.08337,-330,2100,0,584.5,https://pleiades.stoa.org/places/629076,
pl-991402,Cappadocia,province-2,wash,39.99739,36.08334,,,0,584.5,https://pleiades.stoa.org/places/991402,
pl-570752,Trikrana (island),island,pin,37.26786,23.28109,-30,2100,0,584.6,https://pleiades.stoa.org/places/570752,
pl-216833,Haskovo,settlement,pin,41.93338,25.45462,-30,640,0,584.7,https://pleiades.stoa.org/places/216833,
pl-501618,Sithonia (peninsula),"peninsula, label",pin,40.15155,23.79847,2000,2099,0,584.7,https://pleiades.stoa.org/places/501618,
pl-570165,Bouporthmos (mountain),"mountain, label",pin,37.35604,23.26403,,,0,584.8,https://pleiades.stoa.org/places/570165,
pl-570470,Megaris,"region, label",pin,38.03472,23.21145,-30,300,0,585.1,https://pleiades.stoa.org/places/570470,
pl-573571,Tripodiskos,unlocated,wash,38.02908,23.20828,-750,300,0,585.3,https://pleiades.stoa.org/places/573571,
pl-501566,Territory of the Pieres,"label, people",pin,40.84006,24.26202,-750,-550,0,585.3,https://pleiades.stoa.org/places/501566,
pl-503587,Canal of Xerxes,canal,pin,40.37287,23.92283,-550,-330,0,585.4,https://pleiades.stoa.org/places/503587,
pl-501417,Fons Co(...),station,pin,40.95762,24.35664,300,640,0,585.6,https://pleiades.stoa.org/places/501417,
pl-857300,Sagylion,fort,pin,41.07797,35.33913,-330,300,0,585.7,https://pleiades.stoa.org/places/857300,
pl-501641,Thrambos Pr.,cape,pin,39.96018,23.68357,1700,2100,0,585.7,https://pleiades.stoa.org/places/501641,
pl-501451,Kalpapouritai,"label, people",pin,40.97898,24.37196,-30,300,0,585.8,https://pleiades.stoa.org/places/501451,
pl-963101029,Tower in R. Nestos Valley,fort,pin,41.21982,24.59401,-330,300,0,585.8,https://pleiades.stoa.org/places/963101029,
pl-857294,Eğrikale,settlement,pin,41.32153,35.10877,-550,1999,0,586.1,https://pleiades.stoa.org/places/857294,
pl-570292,Hermion(e),"settlement, port",pin,37.38522,23.24359,-750,300,0,586.2,https://pleiades.stoa.org/places/570292,
pl-668282,Kassiotis,"labeled feature, label",pin,35.94673,36.07424,-330,300,0,586.2,https://pleiades.stoa.org/places/668282,
pl-658380,Antigonia,settlement,pin,36.26335,36.23008,-330,-30,0,586.3,https://pleiades.stoa.org/places/658380,
pl-963101033,Tower in R. Nestos Valley,fort,pin,41.26518,24.63050,-330,300,0,586.3,https://pleiades.stoa.org/places/963101033,
pl-540787,Eutresis (Boeotia),settlement,pin,38.26825,23.20466,-1600,640,0,586.4,https://pleiades.stoa.org/places/540787,
pl-570543,Pagai,"settlement, port, church",pin,38.08492,23.19712,-750,640,0,586.4,https://pleiades.stoa.org/places/570543,
pl-540617,Akraiphiai,"settlement, acropolis",pin,38.45134,23.21895,-750,640,0,586.5,https://pleiades.stoa.org/places/540617,
pl-501637,Th(e)rambos,settlement,pin,39.95000,23.66667,-550,2100,0,586.6,https://pleiades.stoa.org/places/501637,
pl-501452,Kalyva,fort,pin,41.26262,24.62277,-330,300,0,586.7,https://pleiades.stoa.org/places/501452,
pl-216859,Kabyle,settlement,pin,42.55015,26.48333,-2000,2099,0,586.9,https://pleiades.stoa.org/places/216859,
pl-844943,Hambarkaya,tomb,pin,41.41121,35.03422,-330,-30,0,587.4,https://pleiades.stoa.org/places/844943,
pl-216806,Erite/Ereta,settlement,pin,43.05460,27.91324,-30,640,0,587.4,https://pleiades.stoa.org/places/216806,
pl-658604,Stauris Oros,"mountain, label",pin,36.22892,36.22977,300,640,0,587.5,https://pleiades.stoa.org/places/658604,
pl-658493,Kanč',fort,pin,37.84626,36.61383,300,640,0,587.5,https://pleiades.stoa.org/places/658493,
pl-570160,Boukephala? Pr.,cape,wash,37.25000,23.25000,,,0,587.6,https://pleiades.stoa.org/places/570160,
pl-540696,Boumeliteia,unknown,wash,38.75000,23.25000,-750,300,0,587.6,https://pleiades.stoa.org/places/540696,
pl-267762471,Sarakenos Cave,cave,pin,38.45382,23.20613,-10000,2099,0,587.7,https://pleiades.stoa.org/places/267762471,
pl-501335,Aige,settlement,pin,39.97863,23.66606,-550,-330,0,587.8,https://pleiades.stoa.org/places/501335,
pl-540913,Leuktra,"settlement, settlement-modern",pin,38.25441,23.18211,-550,2100,0,588.3,https://pleiades.stoa.org/places/540913,
pl-658559,Orokassias Oros,"mountain, label",pin,36.19489,36.22413,300,2100,0,588.3,https://pleiades.stoa.org/places/658559,
pl-629672,Unnamed bridge,bridge,wash,39.75000,36.25000,-30,640,0,588.4,https://pleiades.stoa.org/places/629672,
pl-541135,Thaumakia?,settlement,pin,39.17316,23.33960,-750,300,0,588.4,https://pleiades.stoa.org/places/541135,
pl-658567,Parmenios (river),river,wash,36.25000,36.25000,-330,640,0,588.4,https://pleiades.stoa.org/places/658567,
pl-658598,Silpion Oros,hill,wash,36.25000,36.25000,-30,640,0,588.4,https://pleiades.stoa.org/places/658598,
pl-659124,Untitled,aqueduct,wash,36.25000,36.25000,-30,640,0,588.4,https://pleiades.stoa.org/places/659124,
pl-659876,Untitled,bridge,wash,36.25000,36.25000,300,640,0,588.4,https://pleiades.stoa.org/places/659876,
pl-659877,Untitled,bridge,wash,36.25000,36.25000,-30,640,0,588.4,https://pleiades.stoa.org/places/659877,
pl-659878,Untitled,bridge,wash,36.25000,36.25000,-30,300,0,588.4,https://pleiades.stoa.org/places/659878,
pl-658390,Arkeuthos/Iaphtha (river),river,wash,36.25000,36.25000,-30,640,0,588.4,https://pleiades.stoa.org/places/658390,
pl-658435,Charandama,settlement,pin,36.10248,36.18141,300,640,0,588.4,https://pleiades.stoa.org/places/658435,
pl-658530,Melas (river),river,wash,36.25000,36.25000,300,640,0,588.4,https://pleiades.stoa.org/places/658530,
pl-658531,Melas (river),river,wash,36.25000,36.25000,300,640,0,588.4,https://pleiades.stoa.org/places/658531,
pl-963101026,Tower in R. Nestos Valley,fort,pin,41.25049,24.58672,-330,300,0,588.4,https://pleiades.stoa.org/places/963101026,
pl-32079425,Bouri cult site (Megara),"sanctuary, archaeological-site",pin,38.07474,23.17165,-750,2099,0,588.6,https://pleiades.stoa.org/places/32079425,
pl-658628,Trapezon,settlement,pin,36.52979,36.36556,-330,300,0,588.6,https://pleiades.stoa.org/places/658628,
pl-570688,Spiraion (promuntory),cape,pin,37.80030,23.17600,1900,2099,0,588.6,https://pleiades.stoa.org/places/570688,
pl-963101031,Tower in R. Nestos Valley,fort,pin,41.20724,24.54116,-330,300,0,588.6,https://pleiades.stoa.org/places/963101031,
pl-589848,Kastellos,settlement,pin,35.45869,23.99243,-550,640,0,588.7,https://pleiades.stoa.org/places/589848,
pl-629031,Malandara,station,pin,39.35028,36.41011,-30,640,0,588.8,https://pleiades.stoa.org/places/629031,
pl-501355,Apollonia,settlement,pin,40.74417,24.13768,-550,2100,0,588.9,https://pleiades.stoa.org/places/501355,
pl-680601466,Leuctra tropaion,monument,pin,38.26468,23.17432,-550,-330,0,589.0,https://pleiades.stoa.org/places/680601466,
pl-589873,Koite/Akytos (island),island,pin,35.53973,23.93205,1700,2100,0,589.1,https://pleiades.stoa.org/places/589873,
pl-501624,Spahievo,settlement,pin,41.89750,25.32896,-30,2100,0,589.1,https://pleiades.stoa.org/places/501624,
pl-216862,Kasnakovo,temple,pin,42.01281,25.49028,-30,300,0,589.2,https://pleiades.stoa.org/places/216862,
pl-658374,Amanikai Pylai,pass,pin,37.18389,36.55639,-550,2100,0,589.2,https://pleiades.stoa.org/places/658374,
pl-501644,Tonzos (river),river,pin,42.37949,26.09296,-330,2100,0,589.2,https://pleiades.stoa.org/places/501644,
pl-501339,Akanthos,"settlement, archaeological-site",pin,40.39336,23.88668,-750,2099,0,589.3,https://pleiades.stoa.org/places/501339,
pl-505097,Tower in R. Nestos Valley,fort,pin,41.30301,24.62581,-330,300,0,589.3,https://pleiades.stoa.org/places/505097,
pl-658533,Meroe,settlement,pin,36.24960,36.26183,-1000,640,0,589.4,https://pleiades.stoa.org/places/658533,
pl-589753,Debla,settlement,pin,35.45270,23.98620,-30,300,0,589.5,https://pleiades.stoa.org/places/589753,
pl-540940,Medeon?,settlement,pin,38.39108,23.17781,-750,-30,0,589.6,https://pleiades.stoa.org/places/540940,
pl-35638987,Thespian Polyandrion (Boeotia),tomb,pin,38.29255,23.16621,-550,-330,0,589.9,https://pleiades.stoa.org/places/35638987,
pl-491682,Pallene/Phlegra,peninsula,pin,39.98326,23.64372,1700,2100,0,589.9,https://pleiades.stoa.org/places/491682,
pl-540967,Oeroe (river),river,pin,38.22099,23.16058,-30,2099,0,590.0,https://pleiades.stoa.org/places/540967,
pl-540645,Aphetai?,settlement,pin,39.14629,23.31240,-750,300,0,590.1,https://pleiades.stoa.org/places/540645,
pl-540789,Gla,"settlement, fort",pin,38.48405,23.18191,-1600,-30,0,590.1,https://pleiades.stoa.org/places/540789,
pl-464482221,L-Shaped Palace at Gla,architecturalcomplex,pin,38.48558,23.18210,-1600,2100,0,590.1,https://pleiades.stoa.org/places/464482221,
pl-501552,Panormos (Chalkidiki),"settlement, settlement-modern",pin,40.39791,23.87762,-550,2099,0,590.2,https://pleiades.stoa.org/places/501552,
pl-540695,Boumelit(ei)a,settlement,pin,38.58892,23.19241,300,640,0,590.3,https://pleiades.stoa.org/places/540695,
pl-501631,Symbolon (mountain),"mountain, label",pin,40.83788,24.19154,,,0,590.4,https://pleiades.stoa.org/places/501631,
pl-216864,Koralloi,"label, people",pin,43.00648,27.61546,-30,300,0,590.6,https://pleiades.stoa.org/places/216864,
pl-541002,Palaiokhori,settlement,pin,38.82790,23.23068,-750,640,0,590.6,https://pleiades.stoa.org/places/541002,
pl-658532,Meleagrum,settlement,pin,36.51997,36.38564,-30,640,0,590.6,https://pleiades.stoa.org/places/658532,
pl-458012868,Kalamianos,settlement,pin,37.75814,23.15317,-1600,-1200,0,590.7,https://pleiades.stoa.org/places/458012868,
pl-570228,Epidauros,settlement,pin,37.63346,23.16016,-750,300,0,590.9,https://pleiades.stoa.org/places/570228,
pl-898047097,Dolia Roman Villa,"villa, archaeological-site",pin,37.64031,23.15926,-30,300,0,591.0,https://pleiades.stoa.org/places/898047097,
pl-540800,Halai,settlement,pin,38.65376,23.19375,-750,640,0,591.1,https://pleiades.stoa.org/places/540800,
pl-541141,Thespiai,"settlement, archaeological-site",pin,38.29453,23.15236,-750,640,0,591.1,https://pleiades.stoa.org/places/541141,
pl-570369,Kolyergia (promuntory),cape,pin,37.29120,23.19977,-30,2099,0,591.3,https://pleiades.stoa.org/places/570369,
pl-570132,Aspis (island),island,pin,37.85900,23.14124,-30,2100,0,591.4,https://pleiades.stoa.org/places/570132,
pl-501564,Philippoi,settlement,pin,41.02518,24.33451,-30,300,0,591.4,https://pleiades.stoa.org/places/501564,
pl-963101030,Tower in R. Nestos Valley,fort,pin,41.22544,24.51513,-330,300,0,591.6,https://pleiades.stoa.org/places/963101030,
pl-540984,Onchestos,settlement,pin,38.37327,23.15027,-750,640,0,591.8,https://pleiades.stoa.org/places/540984,
pl-845103545,Temple of Artemis Orthosia,temple-2,pin,37.63644,23.15032,-750,-330,0,591.8,https://pleiades.stoa.org/places/845103545,
pl-540878,Kopai,settlement,pin,38.50153,23.16328,-750,640,0,591.9,https://pleiades.stoa.org/places/540878,
pl-540989,Orobiai,settlement,pin,38.82251,23.21431,-750,300,0,591.9,https://pleiades.stoa.org/places/540989,
pl-628938,Aşağı Kızıl Çevrek,cemetery,pin,38.83787,36.58566,300,640,0,592.1,https://pleiades.stoa.org/places/628938,
pl-857761,Untitled,bridge,pin,41.25494,35.26272,-30,300,0,592.1,https://pleiades.stoa.org/places/857761,
pl-319398180,Sfakia,region,pin,35.25661,24.09298,2000,2099,0,592.2,https://pleiades.stoa.org/places/319398180,
pl-162490152,Sanctuary of Poseidon (Onchestos),"sanctuary, archaeological-site",pin,38.36248,23.14507,-30,300,0,592.2,https://pleiades.stoa.org/places/162490152,
pl-997707343,Dikili Tash,settlement,pin,41.01042,24.30877,1700,2100,0,592.3,https://pleiades.stoa.org/places/997707343,
pl-235166067,Bouleuterion of Onchestos,"architecturalcomplex, temple-2",pin,38.36239,23.14404,-550,-30,0,592.3,https://pleiades.stoa.org/places/235166067,
pl-658402,*Basileia,settlement,pin,36.15210,36.25213,300,640,0,592.3,https://pleiades.stoa.org/places/658402,
pl-952959148,Stele of Caius Vibius Quartus,monument,pin,41.01214,24.31119,-30,300,0,592.3,https://pleiades.stoa.org/places/952959148,
pl-963101032,Tower in R. Nestos Valley,fort,pin,41.25297,24.53261,-330,300,0,592.3,https://pleiades.stoa.org/places/963101032,
pl-501363,Ass(er)a?,settlement,pin,40.36929,23.83052,-550,300,0,592.5,https://pleiades.stoa.org/places/501363,
pl-501464,Kepia,sanctuary,pin,40.90744,24.21892,-330,300,0,592.5,https://pleiades.stoa.org/places/501464,
pl-501368,Aulon,"settlement, settlement-modern",pin,40.88759,24.20167,-330,2100,0,592.6,https://pleiades.stoa.org/places/501368,
pl-501499,Loutra Eleutheron,fort,pin,40.73741,24.08277,-30,300,0,592.6,https://pleiades.stoa.org/places/501499,
pl-570161,Boukephalos,"settlement, port",pin,37.82931,23.12757,-750,300,0,592.7,https://pleiades.stoa.org/places/570161,
pl-570196,Didymoi,sanctuary,pin,37.50005,23.15419,-750,300,0,592.7,https://pleiades.stoa.org/places/570196,
pl-629068,Sargarausene (region),"region, label",pin,38.68752,36.62104,-330,300,0,592.8,https://pleiades.stoa.org/places/629068,
pl-540689,Boeotia,region,wash,38.31690,23.13492,-550,300,0,592.8,https://pleiades.stoa.org/places/540689,
pl-499970655,Agora of Onchestos,"plaza, architecturalcomplex",pin,38.36631,23.13853,-550,-30,0,592.8,https://pleiades.stoa.org/places/499970655,
pl-838574332,Monastery of Agnountos,monastery,pin,37.71059,23.13176,850,2100,0,592.9,https://pleiades.stoa.org/places/838574332,
pl-589947,Myrtilos? Sinus,water-open,wash,35.75000,23.75000,,,0,593.1,https://pleiades.stoa.org/places/589947,
pl-570386,Krommyon,settlement,pin,37.95001,23.11666,-750,1999,0,593.4,https://pleiades.stoa.org/places/570386,
pl-775947099,Monachou/Palio Chorio,"fortified-settlement, ruin",pin,38.55743,23.15316,1900,1999,0,593.4,https://pleiades.stoa.org/places/775947099,
pl-570601,Philanorion,settlement,pin,37.53713,23.14158,-550,300,0,593.4,https://pleiades.stoa.org/places/570601,
pl-501620,Skione,settlement,pin,39.93906,23.57478,-750,-330,0,593.7,https://pleiades.stoa.org/places/501620,
pl-589863,Keraia?,settlement,pin,35.40465,23.96301,-330,300,0,593.9,https://pleiades.stoa.org/places/589863,
pl-762595495,Theater at Philippi,theatre,pin,41.01305,24.28670,-550,300,0,594.1,https://pleiades.stoa.org/places/762595495,
pl-540888,Kreusis,settlement,pin,38.20828,23.11210,-750,640,0,594.2,https://pleiades.stoa.org/places/540888,
pl-501482,Krenides/Philippi/Col. Augusta Iulia Philippensis,"settlement, archaeological-site",pin,41.01265,24.28464,-550,2099,0,594.2,https://pleiades.stoa.org/places/501482,
pl-570108,Aristera Ins.,island,pin,37.21497,23.17824,-30,2100,0,594.4,https://pleiades.stoa.org/places/570108,
pl-222103,Larisa,settlement,wash,42.89891,27.15328,-330,300,0,594.5,https://pleiades.stoa.org/places/222103,
pl-570463,Mases,settlement,pin,37.41787,23.14219,-750,-330,0,594.6,https://pleiades.stoa.org/places/570463,
pl-589694,Anopolis,settlement,pin,35.21658,24.09107,-750,300,0,594.7,https://pleiades.stoa.org/places/589694,
pl-590000,Polichna?,settlement,pin,35.48714,23.89557,-750,-30,0,594.7,https://pleiades.stoa.org/places/590000,
pl-541130,Telethrion (mountain),mountain,pin,38.86667,23.18972,1700,2100,0,594.8,https://pleiades.stoa.org/places/541130,
pl-540667,Artemision,"sanctuary, temple-2",pin,39.01405,23.22138,-750,640,0,594.9,https://pleiades.stoa.org/places/540667,
pl-501571,Platania,settlement,pin,41.17154,24.41741,-30,300,0,594.9,https://pleiades.stoa.org/places/501571,
pl-570274,Halieis,"settlement, port",pin,37.31509,23.15263,-750,-30,0,595.1,https://pleiades.stoa.org/places/570274,
pl-570050,Aigiplanktos/Geran(e)ia (mountain),"mountain, label",pin,38.01684,23.09471,-550,2100,0,595.3,https://pleiades.stoa.org/places/570050,
pl-855023565,Tower of Chrysokamaro,tower-defensive,pin,40.25246,23.72313,640,1453,0,595.3,https://pleiades.stoa.org/places/855023565,
pl-540738,Donakon?,settlement,pin,38.27239,23.10147,-550,640,0,595.4,https://pleiades.stoa.org/places/540738,
pl-501461,Kato Khortokopi,settlement,pin,40.93727,24.20411,300,640,0,595.4,https://pleiades.stoa.org/places/501461,
pl-501613,Singos,"settlement, archaeological-site",pin,40.25175,23.72124,-550,-330,0,595.4,https://pleiades.stoa.org/places/501613,
pl-93589647,Franchthi Cave,cave,pin,37.42258,23.13111,-2600000,2099,0,595.5,https://pleiades.stoa.org/places/93589647,
pl-501422,Galepsos,settlement,pin,40.20001,23.68856,-550,-330,0,595.7,https://pleiades.stoa.org/places/501422,
pl-448145858,Sanctuary of Apollo at Halieis,"sanctuary, stadion, temple-2",pin,37.32493,23.14359,1700,2100,0,595.7,https://pleiades.stoa.org/places/448145858,
pl-589760,Diktynnaion,temple-2,pin,35.66366,23.76707,-330,640,0,595.8,https://pleiades.stoa.org/places/589760,
pl-211790934,al-Lāḏiqīya,settlement,wash,35.25000,35.75000,-2000,2000,0,595.8,https://pleiades.stoa.org/places/211790934,
pl-216918,Pannissus,station,pin,43.05356,27.59824,-30,640,0,596.0,https://pleiades.stoa.org/places/216918,
pl-540846,Kallas (river),river,pin,38.95727,23.19386,-30,2099,0,596.1,https://pleiades.stoa.org/places/540846,
pl-570376,Koryphos M.,"mountain, label",pin,37.58615,23.10455,,,0,596.2,https://pleiades.stoa.org/places/570376,
pl-589705,Araden,settlement,pin,35.22746,24.06029,-330,640,0,596.3,https://pleiades.stoa.org/places/589705,
pl-825080162,Pontic rock-cut tombs,"tomb, cemetery",pin,40.65299,35.82914,-330,-30,0,596.4,https://pleiades.stoa.org/places/825080162,
pl-502142298,Amasya castle,"castle, fort",pin,40.65521,35.82745,1500,1599,0,596.4,https://pleiades.stoa.org/places/502142298,
pl-650870018,Kral Kaya Mezarları,tomb,pin,40.65346,35.83061,-330,-30,0,596.5,https://pleiades.stoa.org/places/650870018,
pl-589993,Phoinix,"settlement, port, settlement-modern",pin,35.19919,24.07828,-550,2100,0,596.6,https://pleiades.stoa.org/places/589993,
pl-570671,Sidous,settlement,pin,37.91613,23.07978,-750,1999,0,596.6,https://pleiades.stoa.org/places/570671,
pl-590016,Psakon Pr.,cape,pin,35.69567,23.73714,2000,2099,0,596.7,https://pleiades.stoa.org/places/590016,
pl-645204824,Mitrou,settlement,pin,38.63667,23.12451,-2000,-550,0,596.8,https://pleiades.stoa.org/places/645204824,
pl-380437088,Stroviki Helladic Settlement,"settlement, archaeological-site",pin,38.47715,23.10431,-10000,2099,0,596.8,https://pleiades.stoa.org/places/380437088,
pl-73737781,Ḥaḳala,"settlement, settlement-modern",pin,40.76269,35.75353,1300,2099,0,596.8,https://pleiades.stoa.org/places/73737781,
pl-658472,Gephyra,settlement,pin,36.24965,36.35259,-30,640,0,596.9,https://pleiades.stoa.org/places/658472,
pl-857018,Amaseia,settlement,pin,40.66681,35.82794,-1750,2000,0,597.1,https://pleiades.stoa.org/places/857018,
pl-540801,Haliartos,"settlement, acropolis",pin,38.37832,23.08660,-750,640,0,597.4,https://pleiades.stoa.org/places/540801,
pl-589992,Phoinikous Limen,water-open,pin,35.19910,24.06680,-330,2100,0,597.5,https://pleiades.stoa.org/places/589992,
pl-501548,Paleokhori,settlement,pin,40.93845,24.17613,-30,640,0,597.5,https://pleiades.stoa.org/places/501548,
pl-570276,(H)Alkyonis Sinus,water-open,pin,38.12000,23.07000,1700,2100,0,597.6,https://pleiades.stoa.org/places/570276,
pl-845068,Stephane,settlement,pin,41.95229,34.53963,-550,640,0,597.6,https://pleiades.stoa.org/places/845068,
pl-865194824,Maleme,tomb,pin,35.52347,23.83260,-2000,-1000,0,597.7,https://pleiades.stoa.org/places/865194824,
pl-540823,Hyettos,"ruin, settlement",pin,38.55800,23.10310,-750,640,0,597.7,https://pleiades.stoa.org/places/540823,
pl-570615,Pityoussa (island),island,pin,37.25910,23.13216,-30,2100,0,597.7,https://pleiades.stoa.org/places/570615,
pl-501518,Methone (Thracian),"settlement, settlement-modern",pin,40.86500,24.11290,-30,2099,0,597.8,https://pleiades.stoa.org/places/501518,
pl-502840,Untitled,bridge,wash,40.86761,24.11309,-30,640,0,597.9,https://pleiades.stoa.org/places/502840,
pl-540600,Aianteion Pr.,cape,wash,39.25000,23.25000,,,0,598.0,https://pleiades.stoa.org/places/540600,
pl-540809,Helleniko,unknown,wash,39.25000,23.25000,-750,-330,0,598.0,https://pleiades.stoa.org/places/540809,
pl-540980,Olmones,"ruin, settlement",pin,38.54184,23.09770,-550,2099,0,598.0,https://pleiades.stoa.org/places/540980,
pl-540670,Askra,settlement,pin,38.32822,23.07538,-750,640,0,598.1,https://pleiades.stoa.org/places/540670,
pl-668388,Theodorias,"district, label",pin,35.51665,35.96857,300,640,0,598.1,https://pleiades.stoa.org/places/668388,
pl-525018437,Keressos,"unlocated, tower-defensive",pin,38.32702,23.07407,-330,300,0,598.2,https://pleiades.stoa.org/places/525018437,
pl-540979,Olizon,settlement,pin,39.12808,23.21081,-750,640,0,598.3,https://pleiades.stoa.org/places/540979,
pl-671846980,"Theater at the Sanctuary of Asklepios, Epidauros",theatre,pin,37.59597,23.07927,-550,300,0,598.3,https://pleiades.stoa.org/places/671846980,
pl-541110,Spalauthra,settlement,pin,39.18348,23.22508,-750,-30,0,598.4,https://pleiades.stoa.org/places/541110,
pl-501647,Toronaikos Kolpos,water-open,pin,40.11594,23.60615,-30,2100,0,598.5,https://pleiades.stoa.org/places/501647,
pl-570127,Sanctuary of Asklepios at Epidauros,"settlement, sanctuary",pin,37.59830,23.07426,-750,300,0,598.7,https://pleiades.stoa.org/places/570127,
pl-658547,Nicopolis,settlement,pin,37.02626,36.63252,-330,640,0,598.7,https://pleiades.stoa.org/places/658547,
pl-995644788,"Tholos at the Sanctuary of Asklepios, Epidauros","sanctuary, temple-2",pin,37.59841,23.07405,-550,2100,0,598.7,https://pleiades.stoa.org/places/995644788,
pl-695542935,Stadium at Epidaurus,stadion,pin,37.59745,23.07353,-330,300,0,598.8,https://pleiades.stoa.org/places/695542935,
pl-859271,Untitled,road,wash,40.53543,35.94353,-30,300,0,598.9,https://pleiades.stoa.org/places/859271,
pl-913163220,Kunulua/Tell Tayinat,"findspot, settlement",pin,36.24827,36.37594,-3000,2100,0,598.9,https://pleiades.stoa.org/places/913163220,
pl-216814,Galata,settlement,pin,43.17009,27.93890,-330,300,0,599.0,https://pleiades.stoa.org/places/216814,
pl-501490,Kyria,settlement,pin,41.10547,24.30012,-30,640,0,599.0,https://pleiades.stoa.org/places/501490,
pl-857133,Gazakene,"region, label",pin,40.66588,35.85707,-330,300,0,599.2,https://pleiades.stoa.org/places/857133,
pl-540951,Sanctuary of the Muses,sanctuary,pin,38.31601,23.06004,-750,640,0,599.3,https://pleiades.stoa.org/places/540951,
pl-541102,Siphai/Tipha,"settlement, acropolis",pin,38.18992,23.05282,-750,640,0,599.3,https://pleiades.stoa.org/places/541102,
pl-857028,Andrapa/Neapolis/Neoklaudiopolis,settlement,pin,41.15363,35.46209,-750,640,0,599.4,https://pleiades.stoa.org/places/857028,
pl-501567,Piloros,settlement,pin,40.34222,23.72471,-550,-330,0,599.5,https://pleiades.stoa.org/places/501567,
pl-540715,Copais L.,lake,pin,38.44709,23.06873,-750,1453,0,599.6,https://pleiades.stoa.org/places/540715,
pl-540786,Euthia (island),island,pin,39.16062,23.20403,-30,2100,0,599.7,https://pleiades.stoa.org/places/540786,
pl-629056,Preion (mountain),mountain,wash,38.25000,36.75000,-30,300,0,599.8,https://pleiades.stoa.org/places/629056,
pl-651069708,Theater of the Muses,theatre,pin,38.32051,23.05403,-330,300,0,599.9,https://pleiades.stoa.org/places/651069708,
pl-540675,Atalante (island),island,pin,38.67352,23.09538,1700,2100,0,599.9,https://pleiades.stoa.org/places/540675,
pl-309866128,Alalaḫ,"settlement, archaeological-site",pin,36.23808,36.38383,-2000,2100,0,599.9,https://pleiades.stoa.org/places/309866128,
pl-590081,Tityros Pr.,"cape, label",pin,35.61512,23.74459,,,0,600.0,https://pleiades.stoa.org/places/590081,
pl-540882,Korseia,settlement,pin,38.59375,23.08241,-550,300,0,600.0,https://pleiades.stoa.org/places/540882,
pl-501421,Galepsos (Thrace),settlement,pin,40.74043,23.98602,-550,300,0,600.1,https://pleiades.stoa.org/places/501421,
pl-540811,(H)Ellopia (Euboea),settlement,pin,38.91177,23.13601,-550,300,0,600.2,https://pleiades.stoa.org/places/540811,
pl-570529,Olmiai Pr.,cape,pin,38.06100,23.03900,-30,2100,0,600.2,https://pleiades.stoa.org/places/570529,
pl-507469,Stratoni (Stratonikeia/Stratonike?),"settlement, settlement-modern",pin,40.51377,23.82538,43,2099,0,600.2,https://pleiades.stoa.org/places/507469,
pl-540633,Anastasis,settlement,pin,38.62183,23.08285,-750,640,0,600.3,https://pleiades.stoa.org/places/540633,
pl-585841736,Chalcidean League,"league, state",wash,40.24149,23.65271,2000,2099,0,600.4,https://pleiades.stoa.org/places/585841736,
pl-216935,Pizus,station,pin,42.18931,25.55378,-30,640,0,600.6,https://pleiades.stoa.org/places/216935,
pl-540978,Okaleia?,settlement,pin,38.35054,23.04810,-550,640,0,600.6,https://pleiades.stoa.org/places/540978,
pl-785959742,Nerik,"settlement, archaeological-site, settlement-modern",pin,41.20766,35.42925,-1750,2100,0,600.6,https://pleiades.stoa.org/places/785959742,
pl-501522,Neapolis,settlement,pin,40.01732,23.52923,-750,-330,0,600.6,https://pleiades.stoa.org/places/501522,
pl-501527,Nikesiane,settlement,pin,40.93948,24.13195,-550,300,0,600.8,https://pleiades.stoa.org/places/501527,
pl-540938,Mavrovouni,sanctuary,pin,38.22821,23.03668,-750,640,0,600.9,https://pleiades.stoa.org/places/540938,
pl-397378357,Qal’at Salah El-Din/Fortress of Saladin,"castle, fort",pin,35.59502,36.05524,850,2099,0,600.9,https://pleiades.stoa.org/places/397378357,
pl-629003,Karnalis,settlement,pin,39.00193,36.65513,-330,300,0,601.2,https://pleiades.stoa.org/places/629003,
pl-589803,Hermaia? Pr.,cape,pin,35.21337,24.00573,1700,2100,0,601.2,https://pleiades.stoa.org/places/589803,
pl-857134,Gazioura,settlement,pin,40.40405,36.05911,-330,300,0,601.2,https://pleiades.stoa.org/places/857134,
pl-192555966,Sam'al,"findspot, settlement, archaeological-site",pin,37.10319,36.67833,-2000,2100,0,601.2,https://pleiades.stoa.org/places/192555966,
pl-595443937,Kyrtones tower (Phthiotis),tower-defensive,pin,38.60742,23.06916,-330,-30,0,601.3,https://pleiades.stoa.org/places/595443937,
pl-501328,Ag. Athanasios,settlement,pin,41.08161,24.24294,-30,640,0,601.5,https://pleiades.stoa.org/places/501328,
pl-629088,Symposion/In Medio?,settlement,pin,38.93836,36.67452,-30,640,0,601.6,https://pleiades.stoa.org/places/629088,
pl-589984,Pergamos?,settlement,pin,35.53110,23.77425,-750,300,0,601.8,https://pleiades.stoa.org/places/589984,
pl-541126,Tegyra,settlement,pin,38.51298,23.05054,-750,300,0,601.8,https://pleiades.stoa.org/places/541126,
pl-668250,Gabala,settlement,pin,35.37806,35.92233,-550,640,0,601.8,https://pleiades.stoa.org/places/668250,
pl-216948,Pyrogeri,"label, people",pin,42.25863,25.63236,-30,300,0,602.3,https://pleiades.stoa.org/places/216948,
pl-590072,Tarra,settlement,pin,35.23622,23.97002,-750,640,0,602.6,https://pleiades.stoa.org/places/590072,
pl-540847,Kalliaros,settlement,pin,38.67335,23.06339,-550,-30,0,602.6,https://pleiades.stoa.org/places/540847,
pl-540896,Kynos,settlement,pin,38.71837,23.07017,-750,640,0,602.7,https://pleiades.stoa.org/places/540896,
pl-292442603,Roman Thermae (Varna),bath,pin,43.20019,27.91821,,,0,602.7,https://pleiades.stoa.org/places/292442603,
pl-158138406,Roman Theater of Jableh,theatre,pin,35.36169,35.92443,-30,300,0,602.9,https://pleiades.stoa.org/places/158138406,
pl-570656,Schoino(u)s,settlement,pin,37.91918,23.00641,-750,300,0,603.0,https://pleiades.stoa.org/places/570656,
pl-540654,"Apollo Tegyraios, T.",temple-2,pin,38.52059,23.03644,-750,-30,0,603.1,https://pleiades.stoa.org/places/540654,
pl-501551,Pangaion (mountain),mountain,pin,40.91694,24.08278,1700,2100,0,603.1,https://pleiades.stoa.org/places/501551,
pl-857351,Thermai Phazemoniton,settlement,pin,40.98621,35.66095,-330,640,0,603.2,https://pleiades.stoa.org/places/857351,
pl-540977,Oion?,settlement,pin,38.62896,23.05006,-550,300,0,603.2,https://pleiades.stoa.org/places/540977,
pl-349388313,Tell Tweini,"settlement, archaeological-site",pin,35.37167,35.93639,-3000,-550,0,603.2,https://pleiades.stoa.org/places/349388313,
pl-216904,Odessus,settlement,pin,43.20616,27.91347,-550,2100,0,603.4,https://pleiades.stoa.org/places/216904,
pl-540986,Opous,settlement,pin,38.63064,23.04788,-750,640,0,603.4,https://pleiades.stoa.org/places/540986,
pl-540619,Alalkomenai,settlement,pin,38.39252,23.01870,-550,1999,0,603.5,https://pleiades.stoa.org/places/540619,
pl-672707,Untitled,pass,pin,35.82779,36.22476,-330,640,0,603.5,https://pleiades.stoa.org/places/672707,
pl-658373,Aliaria,station,pin,37.16319,36.72228,-30,640,0,603.9,https://pleiades.stoa.org/places/658373,
pl-206736898,Isthmia Fortress,fort,pin,37.91744,22.99588,300,1923,0,604.0,https://pleiades.stoa.org/places/206736898,
pl-857072,Büyük Çelebi,temple,pin,40.65933,35.92456,-330,300,0,604.0,https://pleiades.stoa.org/places/857072,
pl-570440,Loutra Helenes,well,pin,37.86558,22.99701,-550,640,0,604.0,https://pleiades.stoa.org/places/570440,
pl-589907,Leuka (mountain),mountain,pin,35.29374,23.90813,1700,2100,0,604.1,https://pleiades.stoa.org/places/589907,
pl-540988,Oreos,settlement,pin,38.94978,23.09917,-750,300,0,604.1,https://pleiades.stoa.org/places/540988,
pl-513030903,Graeco-Roman theater at Isthmia,theatre,pin,37.91649,22.99433,-550,300,0,604.1,https://pleiades.stoa.org/places/513030903,
pl-501573,Podokhori,settlement,pin,40.84313,24.01112,-30,640,0,604.1,https://pleiades.stoa.org/places/501573,
pl-668371,Sigon?,station,pin,35.60354,36.10136,-330,-30,0,604.1,https://pleiades.stoa.org/places/668371,
pl-570316,Isthmia,"settlement, sanctuary",pin,37.91580,22.99313,-750,300,0,604.2,https://pleiades.stoa.org/places/570316,
pl-107524051,Temple of Poseidon at Isthmia,temple-2,pin,37.91573,22.99301,-750,300,0,604.2,https://pleiades.stoa.org/places/107524051,
pl-501427,Hadrianopolis,settlement,pin,41.14048,24.25764,-30,1999,0,604.2,https://pleiades.stoa.org/places/501427,
pl-343393024,Sanctuary of Palaimon (Palaimonium),sanctuary,pin,37.91533,22.99331,-30,300,0,604.2,https://pleiades.stoa.org/places/343393024,
pl-570347,Kenchreai,"settlement, port",pin,37.88239,22.99253,-750,300,0,604.3,https://pleiades.stoa.org/places/570347,
pl-853088047,Hasancıklı,findspot,pin,37.61270,36.79170,1700,2100,0,604.3,https://pleiades.stoa.org/places/853088047,
pl-570317,Isthmos,isthmus,pin,37.94139,22.98778,1700,2100,0,604.6,https://pleiades.stoa.org/places/570317,
pl-501559,Phagres,settlement,pin,40.76067,23.94047,-750,-30,0,604.7,https://pleiades.stoa.org/places/501559,
pl-242329712,Withdrawn: Tilmen Höyük,settlement,pin,37.03027,36.70385,-1750,2100,0,604.8,https://pleiades.stoa.org/places/242329712,
pl-540817,Histiaia/Hestiaia,settlement,pin,38.94660,23.09053,-750,2100,0,604.8,https://pleiades.stoa.org/places/540817,
pl-447680269,Tilmen Höyük,"findspot, archaeological-site, tell",pin,37.03029,36.70383,,,0,604.8,https://pleiades.stoa.org/places/447680269,
pl-501669,Zygaktes? (river),river,pin,41.09187,24.20636,2000,2099,0,604.8,https://pleiades.stoa.org/places/501669,
pl-629015,Korax (river),river,wash,38.75000,36.75000,-30,300,0,604.9,https://pleiades.stoa.org/places/629015,
pl-131418574,Corinth Canal,canal,pin,37.93412,22.98469,1700,2100,0,604.9,https://pleiades.stoa.org/places/131418574,
pl-540678,"Athena Itonia?, T.",sanctuary,pin,38.39999,22.99875,-550,300,0,605.3,https://pleiades.stoa.org/places/540678,
pl-501446,Kalambaki,settlement,pin,41.05745,24.17047,-30,300,0,605.3,https://pleiades.stoa.org/places/501446,
pl-541148,Tilphosaion?,fort,pin,38.37106,22.99454,-550,-30,0,605.4,https://pleiades.stoa.org/places/541148,
pl-629033,Maroga/Sarromaena,settlement,pin,38.49412,36.79385,-30,300,0,605.5,https://pleiades.stoa.org/places/629033,
pl-501627,Stolos,settlement,pin,40.36915,23.66484,-550,-330,0,605.5,https://pleiades.stoa.org/places/501627,
pl-434181559,Tell Sukas,"findspot, settlement, archaeological-site",pin,35.30611,35.92255,-10000,2100,0,605.7,https://pleiades.stoa.org/places/434181559,
pl-570725,Therme,settlement,pin,37.97530,22.97340,-550,-330,0,605.9,https://pleiades.stoa.org/places/570725,
pl-242076354,Hexamilion wall,wall-2,pin,37.92611,22.97250,300,640,0,606.0,https://pleiades.stoa.org/places/242076354,
pl-570098,Arachnaion (mountain),"mountain, church",pin,37.66895,22.98384,-550,2100,0,606.1,https://pleiades.stoa.org/places/570098,
pl-629000,Karakuyu,settlement,pin,38.92487,36.72880,300,640,0,606.1,https://pleiades.stoa.org/places/629000,
pl-570694,Strouthos? (promontory),cape,pin,37.46008,23.00314,1700,2100,0,606.2,https://pleiades.stoa.org/places/570694,
pl-668300,Lysias?,settlement,pin,35.64599,36.15542,-330,-30,0,606.3,https://pleiades.stoa.org/places/668300,
pl-589938,Modaioi,"label, people",pin,35.48124,23.74872,-330,-30,0,606.4,https://pleiades.stoa.org/places/589938,
pl-668383,Tell Soukas/Pelleta?,settlement,pin,35.29888,35.92591,-750,640,0,606.4,https://pleiades.stoa.org/places/668383,
pl-501625,Stageira,"settlement, archaeological-site",pin,40.59179,23.79533,-550,-30,0,606.5,https://pleiades.stoa.org/places/501625,
pl-570682,Solygeia,settlement,pin,37.84371,22.96660,-550,-30,0,606.7,https://pleiades.stoa.org/places/570682,
pl-570198,Diolkos,road,pin,37.94999,22.96128,-750,300,0,606.9,https://pleiades.stoa.org/places/570198,
pl-570387,Kromna,"settlement, archaeological-site",pin,37.90336,22.96184,-750,2099,0,607.0,https://pleiades.stoa.org/places/570387,
pl-819123409,Šamuḫa,archaeological-site,pin,39.62035,36.52796,1700,2100,0,607.0,https://pleiades.stoa.org/places/819123409,
pl-541146,Thisbe,"settlement, church",pin,38.26089,22.96779,-750,640,0,607.0,https://pleiades.stoa.org/places/541146,
pl-541337,Untitled,unknown,wash,38.26089,22.96779,-330,300,0,607.0,https://pleiades.stoa.org/places/541337,
pl-501456,Kapros (island),island,pin,40.61592,23.80541,-30,2100,0,607.0,https://pleiades.stoa.org/places/501456,
pl-540602,Aidepsos (spa),"settlement, bath",pin,38.85919,23.04553,-550,640,0,607.1,https://pleiades.stoa.org/places/540602,
pl-501515,Mende,settlement,pin,39.96378,23.42228,-750,-30,0,607.1,https://pleiades.stoa.org/places/501515,
pl-540673,Aspledon/Eudeielos,settlement,pin,38.54100,22.99272,-550,300,0,607.2,https://pleiades.stoa.org/places/540673,
pl-589990,Phaleliana,settlement,pin,35.49105,23.72849,-30,300,0,607.4,https://pleiades.stoa.org/places/589990,
pl-802858342,Provadii͡a-Solnit͡sata,settlement,pin,43.12835,27.47255,-10000,2100,0,607.6,https://pleiades.stoa.org/places/802858342,
pl-540601,Aidepsos? (polis),settlement-modern,pin,38.87982,23.04420,-750,300,0,607.6,https://pleiades.stoa.org/places/540601,
pl-501467,Khoristi,settlement,pin,41.13883,24.20945,-30,300,0,607.6,https://pleiades.stoa.org/places/501467,
pl-501630,Strymonikos Kolpos,water-open,pin,40.66667,23.83333,1700,2100,0,607.6,https://pleiades.stoa.org/places/501630,
pl-216760,Celaletae Minores,"label, people",pin,41.97881,25.12696,-30,300,0,607.7,https://pleiades.stoa.org/places/216760,
pl-501455,Kapros,settlement,pin,40.59221,23.78010,-330,300,0,607.7,https://pleiades.stoa.org/places/501455,
pl-99995226,Mahalibeh Castle,castle,pin,35.50806,36.08729,,,0,607.8,https://pleiades.stoa.org/places/99995226,
pl-590034,Rokka,settlement,pin,35.47529,23.73263,-550,300,0,607.9,https://pleiades.stoa.org/places/590034,
pl-668332,Paltos,settlement,pin,35.27267,35.92741,-330,640,0,607.9,https://pleiades.stoa.org/places/668332,
pl-570571,Peiraion,"cape, settlement-modern",pin,38.03019,22.94899,-750,2100,0,608.0,https://pleiades.stoa.org/places/570571,
pl-217014,Tirizis Pr.,cape,pin,43.36037,28.46522,-330,2100,0,608.1,https://pleiades.stoa.org/places/217014,
pl-589935,Nopigeia,"settlement, bath",pin,35.50114,23.71236,-330,2099,0,608.2,https://pleiades.stoa.org/places/589935,
pl-297166731,Theater of Orchomenus,theatre,pin,38.49344,22.97526,-330,300,0,608.2,https://pleiades.stoa.org/places/297166731,
pl-540987,Orchomenos/Orchomenus (Boeotia),"tomb, settlement",pin,38.49332,22.97470,-1600,640,0,608.2,https://pleiades.stoa.org/places/540987,
pl-688532642,Tower of Koronia,tower-defensive,pin,38.39326,22.96129,640,1453,0,608.5,https://pleiades.stoa.org/places/688532642,
pl-629084,Sobagena,settlement,pin,38.48111,36.83251,-30,300,0,608.7,https://pleiades.stoa.org/places/629084,
pl-217013,Tirizis,settlement,pin,43.36581,28.46625,-330,640,0,608.7,https://pleiades.stoa.org/places/217013,
pl-664789878,Tall Siānū,"findspot, archaeological-site",pin,35.36530,36.00290,1700,2100,0,608.7,https://pleiades.stoa.org/places/664789878,
pl-669687,Untitled,bridge,pin,35.27354,35.93772,-30,300,0,608.7,https://pleiades.stoa.org/places/669687,
pl-540717,Coronea,settlement,pin,38.39120,22.95711,-750,640,0,608.8,https://pleiades.stoa.org/places/540717,
pl-589962,Oreioi,"label, people",pin,35.26103,23.86681,-330,-30,0,609.0,https://pleiades.stoa.org/places/589962,
pl-668194,Apameitis Limne,unknown,wash,35.75000,36.25000,-330,640,0,609.0,https://pleiades.stoa.org/places/668194,
pl-669688,Untitled,bridge,wash,35.75000,36.25000,-30,300,0,609.0,https://pleiades.stoa.org/places/669688,
pl-669689,Untitled,bridge,wash,35.75000,36.25000,-30,300,0,609.0,https://pleiades.stoa.org/places/669689,
pl-589999,Poikilasion,settlement,pin,35.24218,23.87908,-550,640,0,609.1,https://pleiades.stoa.org/places/589999,
pl-857140,Gozalena,settlement,pin,40.58291,36.04413,-30,300,0,609.1,https://pleiades.stoa.org/places/857140,
pl-857214,Lithros (mountain),mountain,pin,40.81534,35.87678,-330,2099,0,609.1,https://pleiades.stoa.org/places/857214,
pl-491726,Solenas,settlement,pin,40.06256,23.44669,-550,-30,0,609.1,https://pleiades.stoa.org/places/491726,
pl-540879,Koralios (river),river,pin,38.39647,22.95311,2000,2099,0,609.2,https://pleiades.stoa.org/places/540879,
pl-658632,Ulnia,settlement,pin,37.87346,36.86384,300,640,0,609.3,https://pleiades.stoa.org/places/658632,
pl-501619,*Skabla,settlement,pin,40.33259,23.59055,-550,-330,0,609.6,https://pleiades.stoa.org/places/501619,
pl-658592,Seleukis,"district, label",pin,36.50601,36.60767,-330,300,0,609.7,https://pleiades.stoa.org/places/658592,
pl-570532,Oneon (mountain),mountain,pin,37.86912,22.92895,-550,2100,0,609.9,https://pleiades.stoa.org/places/570532,
pl-540918,Locris Opuntia,"region, label",pin,38.68432,22.97753,,,0,610.2,https://pleiades.stoa.org/places/540918,
pl-540649,"Apollo, T.",temple-2,pin,39.30349,23.12214,-750,300,0,610.3,https://pleiades.stoa.org/places/540649,
pl-540735,"Dionysos, T.",temple-2,pin,38.52368,22.95317,-550,-330,0,610.4,https://pleiades.stoa.org/places/540735,
pl-570426,Lessa,settlement,pin,37.59117,22.94132,-550,300,0,610.4,https://pleiades.stoa.org/places/570426,
pl-540713,Cicynethus (island),island,pin,39.16080,23.07718,1700,2100,0,610.5,https://pleiades.stoa.org/places/540713,
pl-770053487,Arkadiko Bridge,bridge,pin,37.59556,22.93917,-2000,-1000,0,610.5,https://pleiades.stoa.org/places/770053487,
pl-668238,Derkoush,settlement,pin,36.01356,36.40895,-330,300,0,610.5,https://pleiades.stoa.org/places/668238,
pl-570455,Malea Pr.,cape,pin,36.45036,23.20166,-750,2100,0,610.6,https://pleiades.stoa.org/places/570455,
pl-584982269,Tell Karanovo,tell,pin,42.51351,25.90947,-6000,2099,0,610.6,https://pleiades.stoa.org/places/584982269,
pl-857100,Dadasa,fort,pin,40.43226,36.16270,-330,-30,0,610.7,https://pleiades.stoa.org/places/857100,
pl-208942265,Untitled,bridge,pin,41.03007,24.07046,-30,640,0,610.8,https://pleiades.stoa.org/places/208942265,
pl-589866,Kimaros Pr.,cape,pin,35.62840,23.59620,1700,2100,0,611.0,https://pleiades.stoa.org/places/589866,
pl-129809446,Yesemek,"production, quarry",pin,36.90395,36.74703,-1450,2099,0,611.1,https://pleiades.stoa.org/places/129809446,
pl-590082,Tretos? (island),island,pin,35.64162,23.58590,-30,2100,0,611.2,https://pleiades.stoa.org/places/590082,
pl-570761,Zarax,settlement,pin,36.78670,23.08432,-550,1999,0,611.2,https://pleiades.stoa.org/places/570761,
pl-572486151,Chatal Höyük (Amuq),"settlement, archaeological-site",pin,36.29771,36.54560,-4000,2100,0,611.2,https://pleiades.stoa.org/places/572486151,
pl-570103,Argolicus Sinus,water-open,pin,37.38004,22.95611,-30,2100,0,611.3,https://pleiades.stoa.org/places/570103,
pl-570104,Argolis,"region, label",pin,37.62633,22.92569,-750,300,0,611.4,https://pleiades.stoa.org/places/570104,
pl-501410,Eion,settlement,pin,40.78932,23.87285,-550,-330,0,611.4,https://pleiades.stoa.org/places/501410,
pl-668364,Seleukobelos?,settlement,pin,35.83691,36.32801,-30,640,0,611.4,https://pleiades.stoa.org/places/668364,
pl-491525,Aphytis,settlement,pin,40.09937,23.43661,-750,300,0,611.5,https://pleiades.stoa.org/places/491525,
pl-540663,Arne,settlement,pin,38.48288,22.93328,-550,640,0,611.7,https://pleiades.stoa.org/places/540663,
pl-540881,Korope,settlement,pin,39.30966,23.10728,-750,300,0,611.7,https://pleiades.stoa.org/places/540881,
pl-501326,Ad Duodecimum,station,wash,41.25000,24.25000,-30,640,0,611.9,https://pleiades.stoa.org/places/501326,
pl-501394,Daton,label,pin,40.99701,24.02908,-550,-30,0,611.9,https://pleiades.stoa.org/places/501394,
pl-502077,Untitled,aqueduct,wash,41.25000,24.25000,-30,640,0,611.9,https://pleiades.stoa.org/places/502077,
pl-502078,Untitled,aqueduct,wash,41.25000,24.25000,-30,640,0,611.9,https://pleiades.stoa.org/places/502078,
pl-504345,Untitled,mine,wash,41.25000,24.25000,-550,300,0,611.9,https://pleiades.stoa.org/places/504345,
pl-501575,Poseidonion Pr.,cape,pin,39.95224,23.35707,1700,2100,0,612.0,https://pleiades.stoa.org/places/501575,
pl-501605,Sermylia,settlement,pin,40.29822,23.53963,-550,-330,0,612.0,https://pleiades.stoa.org/places/501605,
pl-312809379,Korakou,"settlement, hill",pin,37.93217,22.90356,1700,2100,0,612.0,https://pleiades.stoa.org/places/312809379,
pl-570230,(Epi)Delion,"settlement, cape",pin,36.53568,23.15249,-550,2100,0,612.2,https://pleiades.stoa.org/places/570230,
pl-589673,Agneion Sinus,"water-open, bay",pin,35.59195,23.60283,-30,2100,0,612.2,https://pleiades.stoa.org/places/589673,
pl-589879,Korykiai (islands),archipelago,wash,35.62601,23.58284,,,0,612.2,https://pleiades.stoa.org/places/589879,
pl-540681,Athenai Diades,settlement,pin,38.84228,22.98290,-750,300,0,612.2,https://pleiades.stoa.org/places/540681,
pl-501651,Tripolis,settlement,pin,41.14468,24.14890,-30,300,0,612.3,https://pleiades.stoa.org/places/501651,
pl-587486980,Kafr Aqareb,"ruin, settlement, church",pin,36.03459,36.44201,,,0,612.4,https://pleiades.stoa.org/places/587486980,
pl-589701,"Apollo, T.",sanctuary,pin,35.59123,23.60041,-30,300,0,612.5,https://pleiades.stoa.org/places/589701,
pl-589870,Kisamos,settlement,pin,35.49531,23.66073,-330,640,0,612.5,https://pleiades.stoa.org/places/589870,
pl-502836,Untitled,bridge,pin,41.01855,24.03725,-30,640,0,612.6,https://pleiades.stoa.org/places/502836,
pl-570380,Kraneion,"grove, settlement",pin,37.90460,22.89470,-550,2099,0,612.8,https://pleiades.stoa.org/places/570380,
pl-540816,Hippotai?,settlement,pin,38.31339,22.90499,-550,300,0,612.8,https://pleiades.stoa.org/places/540816,
pl-102813531,Kraneion Early Christian Basilica,church-2,pin,37.90463,22.89470,500,599,0,612.8,https://pleiades.stoa.org/places/102813531,
pl-54081048,Roman amphitheater at Corinth,amphitheatre,pin,37.90963,22.89223,-30,2099,0,613.0,https://pleiades.stoa.org/places/54081048,
pl-233061794,Erroneous Duplicate: Corinth Roman Amphitheater,amphitheatre,pin,37.90967,22.89218,-30,300,0,613.1,https://pleiades.stoa.org/places/233061794,
pl-589775,Elyros,"settlement, archaeological-site",pin,35.28752,23.79456,-330,2099,0,613.1,https://pleiades.stoa.org/places/589775,
pl-589927,Mese (island),island,pin,35.61065,23.57948,1700,2100,0,613.2,https://pleiades.stoa.org/places/589927,
pl-540838,Ipnoi,people,wash,39.75000,23.25000,-550,-30,0,613.2,https://pleiades.stoa.org/places/540838,
pl-873325866,Glyfa,cemetery,pin,38.97258,22.99891,-2000,-1000,0,613.2,https://pleiades.stoa.org/places/873325866,
pl-501519,Mikro Souli,settlement,pin,40.90161,23.93350,-30,1999,0,613.3,https://pleiades.stoa.org/places/501519,
pl-524604228,Akontion (Boeotian mountain),mountain,pin,38.50660,22.91740,-30,2099,0,613.3,https://pleiades.stoa.org/places/524604228,
pl-364712046,Harbor at Lechaion,"harbor, port",pin,37.93366,22.88739,-750,300,0,613.4,https://pleiades.stoa.org/places/364712046,
pl-658625,Tourin,settlement,pin,36.07500,36.47359,-30,640,0,613.4,https://pleiades.stoa.org/places/658625,
pl-590064,Syia,settlement,pin,35.25205,23.81394,-330,640,0,613.5,https://pleiades.stoa.org/places/590064,
pl-216960,Rousalka,settlement,pin,43.41876,28.51370,300,640,0,613.6,https://pleiades.stoa.org/places/216960,
pl-540928,Mali,"settlement, acropolis, wall-2",pin,38.24822,22.89172,-1000,2099,0,613.6,https://pleiades.stoa.org/places/540928,
pl-660349527,Basilica of Lechaion,church,pin,37.93400,22.88418,300,640,0,613.7,https://pleiades.stoa.org/places/660349527,
pl-589941,Mykenai,settlement,pin,35.51120,23.63436,-750,-30,0,613.7,https://pleiades.stoa.org/places/589941,
pl-540864,Khironisi,settlement,pin,38.89764,22.97733,-750,-330,0,613.7,https://pleiades.stoa.org/places/540864,
pl-658482,el-Hosn,temple,pin,36.09469,36.48585,-30,640,0,613.7,https://pleiades.stoa.org/places/658482,
pl-570240,Eschatiotis? L.,lake,pin,38.02866,22.88278,2000,2099,0,613.8,https://pleiades.stoa.org/places/570240,
pl-628925,Arabissos/Tripotamos,settlement,pin,38.24601,36.91167,-550,640,0,613.9,https://pleiades.stoa.org/places/628925,
pl-755162814,Phaneromeni Burials (Chiliomodi),cemetery,pin,37.80396,22.88514,-750,2100,0,614.0,https://pleiades.stoa.org/places/755162814,
pl-589821,Iousagoura (island),"island, cape",pin,35.58489,23.58438,1900,2099,0,614.0,https://pleiades.stoa.org/places/589821,
pl-540711,Chorsiai,settlement,wash,38.25119,22.88736,-750,2099,0,614.0,https://pleiades.stoa.org/places/540711,
pl-958275306,Agora of Corinth,agora,pin,37.90539,22.88006,-750,300,0,614.1,https://pleiades.stoa.org/places/958275306,
pl-589880,Korykos (promontory),"peninsula, cape",pin,35.56844,23.59320,1700,2100,0,614.1,https://pleiades.stoa.org/places/589880,
pl-766723266,Forum of Roman Corinth,"plaza, forum",pin,37.90444,22.87999,-30,640,0,614.1,https://pleiades.stoa.org/places/766723266,
pl-570182,Corinthus/Korinthos,"settlement, archaeological-site",pin,37.90564,22.87861,-750,2100,0,614.2,https://pleiades.stoa.org/places/570182,
pl-570500582,Temple of Apollo at Corinth,"sanctuary, temple-2",pin,37.90603,22.87919,-750,640,0,614.2,https://pleiades.stoa.org/places/570500582,
pl-540582,Abai,"settlement, archaeological-site",pin,38.58020,22.91706,-750,300,0,614.2,https://pleiades.stoa.org/places/540582,
pl-659879,Untitled,bridge,pin,37.52682,36.89594,-30,300,0,614.2,https://pleiades.stoa.org/places/659879,
pl-570420,Lechaion,"settlement, port",pin,37.93095,22.87882,-750,300,0,614.2,https://pleiades.stoa.org/places/570420,
pl-216878,Marcianopolis,settlement,pin,43.22504,27.58503,-30,640,0,614.3,https://pleiades.stoa.org/places/216878,
pl-322517289,Asklepieion and Lerna,"sanctuary, temple-2",pin,37.91063,22.87729,-750,2100,0,614.4,https://pleiades.stoa.org/places/322517289,
pl-45246736,Roman Odeion at Corinth,theatre,pin,37.90599,22.87732,-550,300,0,614.4,https://pleiades.stoa.org/places/45246736,
pl-100913712,Gymnasium at Corinth,gymnasium,pin,37.90982,22.87711,-30,300,0,614.4,https://pleiades.stoa.org/places/100913712,
pl-309736112,Corinth Theater,theatre,pin,37.90693,22.87699,-550,300,0,614.4,https://pleiades.stoa.org/places/309736112,
pl-995667313,Kástron Khóstion,"sanctuary, settlement, temple-2",pin,38.25415,22.88301,-3000,2099,0,614.4,https://pleiades.stoa.org/places/995667313,
pl-501495,Lion of Amphipolis (monument),monument,pin,40.80301,23.84256,-550,2100,0,614.4,https://pleiades.stoa.org/places/501495,
pl-216750,Carassura,station,pin,42.24056,25.38427,-30,640,0,614.5,https://pleiades.stoa.org/places/216750,
pl-516817907,Temple of Aphrodite on the Acrocorinth,temple-2,pin,37.89174,22.87548,,,0,614.5,https://pleiades.stoa.org/places/516817907,
pl-857191,Kizari,"fort-group, fort",pin,40.91650,35.87334,-330,300,0,614.6,https://pleiades.stoa.org/places/857191,
pl-570669,Side,"settlement, settlement-modern",pin,36.47801,23.14474,-750,-30,0,614.6,https://pleiades.stoa.org/places/570669,
pl-668206,Balanea/Leukas,"settlement, port",pin,35.17469,35.94331,-30,1599,0,614.6,https://pleiades.stoa.org/places/668206,
pl-570059,Akrokorinthos,"fortified-settlement, sanctuary, acropolis, settlement",pin,37.89123,22.87351,-750,2100,0,614.7,https://pleiades.stoa.org/places/570059,
pl-216815,Gerania,settlement,pin,43.34348,28.05425,-30,640,0,614.7,https://pleiades.stoa.org/places/216815,
pl-216919,Panysos (river),river,pin,43.07730,27.09311,-30,2099,0,614.7,https://pleiades.stoa.org/places/216919,
pl-590003,Polyrrenia,"settlement, archaeological-site",pin,35.45863,23.65641,-750,640,0,614.7,https://pleiades.stoa.org/places/590003,
pl-501484,Krinida,settlement,pin,41.00187,23.99121,-30,300,0,614.9,https://pleiades.stoa.org/places/501484,
pl-864330772,Kasta tomb,tumulus,pin,40.83943,23.86271,-330,2100,0,615.0,https://pleiades.stoa.org/places/864330772,
pl-570398,Kyphanta,"defensive-wall, settlement",pin,36.96782,22.99205,-750,300,0,615.0,https://pleiades.stoa.org/places/570398,
pl-589838,Kantanos,settlement,pin,35.33034,23.73835,-330,2100,0,615.0,https://pleiades.stoa.org/places/589838,
pl-541098,"Serapis, T.",temple-2,pin,38.58807,22.90915,-330,300,0,615.0,https://pleiades.stoa.org/places/541098,
pl-659880,Untitled,bridge-group,wash,36.75000,36.75000,-30,300,0,615.0,https://pleiades.stoa.org/places/659880,
pl-409810773,Copper and Gold Mine at Kantanos,mine,wash,35.33034,23.73835,-330,640,0,615.0,https://pleiades.stoa.org/places/409810773,
pl-501409,Edones,"label, people",pin,40.94151,23.93965,-750,-330,0,615.1,https://pleiades.stoa.org/places/501409,
pl-658486,Imma,settlement,pin,36.24124,36.56926,-30,640,0,615.2,https://pleiades.stoa.org/places/658486,
pl-501592,Rhodope (mountain),"mountain, label",pin,41.58360,24.53427,-30,300,0,615.2,https://pleiades.stoa.org/places/501592,
pl-502837,Untitled,bridge,pin,41.05310,24.03009,-30,640,0,615.2,https://pleiades.stoa.org/places/502837,
pl-755162815,Roman Mausoleum at Palio Scholeio (Chiliomedio),tomb,pin,37.79894,22.87016,-30,300,0,615.3,https://pleiades.stoa.org/places/755162815,
pl-629091,Tanadaris,settlement,pin,38.42217,36.91359,-30,300,0,615.3,https://pleiades.stoa.org/places/629091,
pl-540700,Cephisus (river),river,pin,38.51122,22.89421,2000,2099,0,615.4,https://pleiades.stoa.org/places/540700,
pl-540820,Hyampolis,settlement,pin,38.59607,22.90558,-550,300,0,615.4,https://pleiades.stoa.org/places/540820,
pl-540644,Antron(es),settlement,pin,38.95098,22.96748,-750,300,0,615.5,https://pleiades.stoa.org/places/540644,
pl-658518,Larmanaza,settlement,pin,36.08394,36.50357,-30,640,0,615.5,https://pleiades.stoa.org/places/658518,
pl-570711,Tenea,"settlement, settlement-modern",pin,37.80794,22.86789,-750,2100,0,615.5,https://pleiades.stoa.org/places/570711,
pl-501358,Argilos,settlement,pin,40.78197,23.81238,-550,-330,0,615.5,https://pleiades.stoa.org/places/501358,
pl-668210,Bargylus/Emblonos (mountain),"mountain, label",pin,35.43527,36.13882,-330,300,0,615.5,https://pleiades.stoa.org/places/668210,
pl-501412,Ennea Hodoi,"settlement, archaeological-site",pin,40.84030,23.85560,-750,-30,0,615.6,https://pleiades.stoa.org/places/501412,
pl-995604669,Tell Qarqur,settlement,pin,35.74205,36.33080,-9000,2100,0,615.8,https://pleiades.stoa.org/places/995604669,
pl-501347,Amphipolis,"city-wall, settlement, fort",pin,40.82581,23.84158,-550,2100,0,615.8,https://pleiades.stoa.org/places/501347,
pl-540997,Pagasaeus/Demetriacus Sinus,water-open,pin,39.19994,23.02369,-30,2100,0,616.0,https://pleiades.stoa.org/places/540997,
pl-570511,Nymphaion,"settlement, settlement-modern",pin,36.44017,23.14013,-30,2099,0,616.1,https://pleiades.stoa.org/places/570511,
pl-842094502,Penteskouphia,"hill, fort",pin,37.88383,22.85717,640,1453,0,616.2,https://pleiades.stoa.org/places/842094502,
pl-589914,Lissos,settlement,pin,35.24064,23.78658,-330,640,0,616.2,https://pleiades.stoa.org/places/589914,
pl-681778040,Temple of Asclepios,sanctuary,pin,35.24377,23.78552,,,0,616.2,https://pleiades.stoa.org/places/681778040,
pl-570465,Mausos,settlement,pin,37.84603,22.85759,-550,300,0,616.2,https://pleiades.stoa.org/places/570465,
pl-690059595,Fifth century baths at Lebadeia,"building, archaeological-site, bath",pin,38.43899,22.87682,400,499,0,616.2,https://pleiades.stoa.org/places/690059595,
pl-373984234,Trophonius oracle (Boeotia),"shrine, cave",pin,38.43156,22.87489,-30,300,0,616.3,https://pleiades.stoa.org/places/373984234,
pl-658474,Germanikeia,"settlement, archaeological-site",pin,37.58414,36.92640,-1750,2100,0,616.3,https://pleiades.stoa.org/places/658474,
pl-648980581,Gurgum (kingdom),region,pin,37.58127,36.92751,-1200,-500,0,616.4,https://pleiades.stoa.org/places/648980581,
pl-357078915,Marqasi (province),province-2,pin,37.58127,36.92751,-720,-540,0,616.4,https://pleiades.stoa.org/places/357078915,
pl-570288,Heraion,sanctuary,pin,38.02811,22.85282,-750,300,0,616.4,https://pleiades.stoa.org/places/570288,
pl-629099,Tonosa,settlement,pin,39.28370,36.75576,-30,300,0,616.4,https://pleiades.stoa.org/places/629099,
pl-109466300,Monemvasia,"defensive-wall, settlement, archaeological-site",pin,36.68841,23.05233,300,1453,0,616.4,https://pleiades.stoa.org/places/109466300,
pl-502838,Unnamed bridge (Amphipolis),bridge,pin,40.82857,23.83504,-550,640,0,616.4,https://pleiades.stoa.org/places/502838,
pl-570487,Minoa (promontory),"peninsula, cape, island",pin,36.68791,23.04974,-330,2099,0,616.6,https://pleiades.stoa.org/places/570487,
pl-540665,"Artemis Elaphebolia, T.","sanctuary, temple-2",pin,38.63670,22.89554,-750,300,0,616.7,https://pleiades.stoa.org/places/540665,
pl-540907,Lebadeia,settlement,wash,38.43363,22.87073,-750,2099,0,616.7,https://pleiades.stoa.org/places/540907,
pl-955675680,Temple of Artemis and Apollo,sanctuary,pin,38.63651,22.89542,2000,2099,0,616.7,https://pleiades.stoa.org/places/955675680,
pl-540946,Methone (Magnesian),"settlement, acropolis",pin,39.33160,23.05270,-750,1999,0,616.9,https://pleiades.stoa.org/places/540946,
pl-501401,Domeros,station,pin,40.99045,23.95558,-30,640,0,616.9,https://pleiades.stoa.org/places/501401,
pl-589859,Kaudos?,settlement,pin,34.86733,24.07137,-550,-30,0,617.1,https://pleiades.stoa.org/places/589859,
pl-540955,Myonessos (island),island,pin,38.92593,22.94366,1700,2100,0,617.1,https://pleiades.stoa.org/places/540955,
pl-570124,Asine,settlement,pin,37.53589,22.86892,-750,300,0,617.2,https://pleiades.stoa.org/places/570124,
pl-217063,Yaila,settlement,pin,43.45837,28.55161,300,640,0,617.3,https://pleiades.stoa.org/places/217063,
pl-216731,Beroe/Augusta Traiana,settlement,pin,42.42540,25.62486,-330,2099,0,617.4,https://pleiades.stoa.org/places/216731,
pl-589858,Kaudos (island),island,pin,34.84166,24.09010,1700,2100,0,617.4,https://pleiades.stoa.org/places/589858,
pl-541077,Pteleon,"fort-2, tower-defensive, settlement",pin,39.02762,22.96275,-10000,2099,0,617.4,https://pleiades.stoa.org/places/541077,
pl-803280733,Ancient forum of Beroe/Augusta Traiana,forum,pin,42.42713,25.62645,-30,300,0,617.4,https://pleiades.stoa.org/places/803280733,
pl-570229,Epidauros Limera,settlement,pin,36.73130,23.02637,-750,2099,0,617.5,https://pleiades.stoa.org/places/570229,
pl-313020255,Siannu,settlement,pin,35.19963,35.99987,-2000,2100,0,617.5,https://pleiades.stoa.org/places/313020255,
pl-474652024,Temple of Zeus at Lebadea,temple-2,pin,38.43034,22.86047,-30,2100,0,617.6,https://pleiades.stoa.org/places/474652024,
pl-629019,Kouloupene (region),region,wash,39.87320,36.54997,-330,300,0,617.7,https://pleiades.stoa.org/places/629019,
pl-590087,Vatsiana,settlement,pin,34.82138,24.10299,-30,640,0,617.7,https://pleiades.stoa.org/places/590087,
pl-501361,Arnai/Turris Calarnea,settlement,pin,40.49636,23.58912,-550,300,0,617.7,https://pleiades.stoa.org/places/501361,
pl-541021,Pelion (mountain),mountain,pin,39.40822,23.06653,1700,2100,0,617.8,https://pleiades.stoa.org/places/541021,
pl-541097,Sepias (promuntory),cape,pin,39.49927,23.09627,2000,2099,0,617.9,https://pleiades.stoa.org/places/541097,
pl-303882989,Sam'alla (kingdom),region,wash,37.18659,36.89118,-1000,-720,0,618.1,https://pleiades.stoa.org/places/303882989,
pl-258957385,Lutibu,settlement,pin,37.18657,36.89120,-1000,-720,0,618.1,https://pleiades.stoa.org/places/258957385,
pl-589813,Hyrtakina,settlement,pin,35.27418,23.73635,-550,300,0,618.2,https://pleiades.stoa.org/places/589813,
pl-541096,Sepias,fort,pin,39.47510,23.08526,-750,-30,0,618.2,https://pleiades.stoa.org/places/541096,
pl-589944,Mylai (islands),"archipelago, label, cape, island",pin,35.58694,23.52884,1700,2100,0,618.3,https://pleiades.stoa.org/places/589944,
pl-216734,Bizone,settlement,pin,43.43389,28.33814,-550,300,0,618.4,https://pleiades.stoa.org/places/216734,
pl-658578,Qalbloze,church,pin,36.21657,36.59773,300,640,0,618.4,https://pleiades.stoa.org/places/658578,
pl-589662,Ag. Georgios,unknown,wash,35.25000,23.75000,-550,640,0,618.5,https://pleiades.stoa.org/places/589662,
pl-501591,Rhodolivos,settlement,pin,40.96817,23.91530,-30,640,0,618.5,https://pleiades.stoa.org/places/501591,
pl-504343,Untitled,quarry,wash,40.75000,23.75000,-550,300,0,618.5,https://pleiades.stoa.org/places/504343,
pl-504344,Untitled,mine,wash,40.75000,23.75000,-550,300,0,618.5,https://pleiades.stoa.org/places/504344,
pl-570485,Midea,"defensive-wall, settlement",pin,37.64981,22.84144,-2000,2100,0,618.6,https://pleiades.stoa.org/places/570485,
pl-658407,Behyo,settlement,pin,36.20694,36.59795,-30,640,0,618.7,https://pleiades.stoa.org/places/658407,
pl-587486978,Qalb Lozé,church,pin,36.16903,36.58076,300,640,0,618.7,https://pleiades.stoa.org/places/587486978,
pl-589989,Phalasarna,"settlement, port, acropolis",pin,35.51096,23.57007,-750,-30,0,618.8,https://pleiades.stoa.org/places/589989,
pl-58683083,Sitagroi,"settlement, settlement-modern",pin,41.11139,24.02861,1700,2100,0,618.9,https://pleiades.stoa.org/places/58683083,
pl-540655,"Apollo Thourios, T.",temple-2,pin,38.48689,22.84988,-330,300,0,619.0,https://pleiades.stoa.org/places/540655,
pl-668305,Maraccas,station,pin,35.04130,35.89871,300,640,0,619.0,https://pleiades.stoa.org/places/668305,
pl-501465,Kerdylion,settlement,pin,40.82522,23.79751,-550,-330,0,619.1,https://pleiades.stoa.org/places/501465,
pl-541178,"Zeus Akraios, T.","sanctuary, temple-2",pin,39.40883,23.05082,-550,300,0,619.2,https://pleiades.stoa.org/places/541178,
pl-501403,Drabeskos,settlement,pin,40.91325,23.86362,-330,1999,0,619.2,https://pleiades.stoa.org/places/501403,
pl-658473,Gerbedisso,station,pin,37.17167,36.90319,-30,640,0,619.4,https://pleiades.stoa.org/places/658473,
pl-501350,Angites (river),river,pin,40.98353,23.91572,2000,2099,0,619.4,https://pleiades.stoa.org/places/501350,
pl-540722,Daphnous,settlement,pin,38.74867,22.87886,-750,640,0,619.7,https://pleiades.stoa.org/places/540722,
pl-410857095,Pyrgouthi,settlement,pin,37.71236,22.82509,-900,-30,0,619.7,https://pleiades.stoa.org/places/410857095,
pl-540701,Chaeronea,"settlement, acropolis",pin,38.49397,22.84143,-750,2100,0,619.8,https://pleiades.stoa.org/places/540701,
pl-388668362,Ancient Theater of Chaeronea,theatre,pin,38.49427,22.84187,-750,-330,0,619.8,https://pleiades.stoa.org/places/388668362,
pl-857262,Palalce,station,pin,40.71637,36.09180,300,640,0,619.9,https://pleiades.stoa.org/places/857262,
pl-411520116,Dendra,cemetery,pin,37.65689,22.82550,-1600,-1200,0,620.0,https://pleiades.stoa.org/places/411520116,
pl-589856,Katre?,settlement,pin,35.28075,23.70722,-550,300,0,620.1,https://pleiades.stoa.org/places/589856,
pl-570624,Polichna,settlement,pin,37.11022,22.90058,-330,-30,0,620.1,https://pleiades.stoa.org/places/570624,
pl-501380,Bormiskos,settlement,pin,40.67688,23.67807,-550,-330,0,620.1,https://pleiades.stoa.org/places/501380,
pl-570180,Corinthia,"region, label",pin,37.90844,22.81066,-750,300,0,620.2,https://pleiades.stoa.org/places/570180,
pl-220489,Unnamed road sequence: Deultum to Argamum,road,wash,43.42182,28.18556,-30,640,0,620.2,https://pleiades.stoa.org/places/220489,
pl-658523,*Magzartha,settlement,pin,36.18509,36.60543,300,640,0,620.2,https://pleiades.stoa.org/places/658523,
pl-216793,Dionysopolis/Krounoi,settlement,pin,43.41778,28.16291,-550,640,0,620.3,https://pleiades.stoa.org/places/216793,
pl-540808,Helicon (mountain),mountain,pin,38.35278,22.82250,1700,2100,0,620.3,https://pleiades.stoa.org/places/540808,
pl-570759,Tyros,"settlement, acropolis",pin,37.24323,22.87207,-550,300,0,620.4,https://pleiades.stoa.org/places/570759,
pl-540621,Alope,settlement,pin,38.80837,22.88042,-750,-30,0,620.5,https://pleiades.stoa.org/places/540621,
pl-570629,Prasiai,"ruin, settlement",pin,37.14500,22.88820,-750,300,0,620.6,https://pleiades.stoa.org/places/570629,
pl-570156,Boia(i),"settlement, settlement-modern",pin,36.51370,23.05867,-550,2099,0,620.7,https://pleiades.stoa.org/places/570156,
pl-247348186,Vrasna fort (Thessaloniki),fort-2,pin,40.70508,23.68873,-330,-30,0,620.7,https://pleiades.stoa.org/places/247348186,
pl-196789404,Via Egnatia,road,wash,40.92684,23.85382,-30,1999,0,620.7,https://pleiades.stoa.org/places/196789404,
pl-844869,Leukosyria (region),"region, label",pin,41.86772,35.02674,-550,-30,0,620.8,https://pleiades.stoa.org/places/844869,
pl-216763,Chatalka,villa,pin,42.36201,25.45877,-30,640,0,620.8,https://pleiades.stoa.org/places/216763,
pl-658498,*Kaprokilla,settlement,pin,36.17071,36.60872,300,640,0,620.9,https://pleiades.stoa.org/places/658498,
pl-629054,Phiara,settlement,pin,39.86412,36.59460,-30,300,0,621.1,https://pleiades.stoa.org/places/629054,
pl-573475,Pontinos (mountain),"unlocated, mountain",wash,37.58662,22.81859,-30,300,0,621.1,https://pleiades.stoa.org/places/573475,
pl-216767,Cillis?,station,pin,42.21616,25.22994,-30,640,0,621.2,https://pleiades.stoa.org/places/216767,
pl-857369,Verisa,settlement,pin,40.10278,36.48408,300,640,0,621.4,https://pleiades.stoa.org/places/857369,
pl-658475,Gindaros,settlement,pin,36.38410,36.70211,-330,640,0,621.4,https://pleiades.stoa.org/places/658475,
pl-487031708,Thourion,hill,pin,38.49900,22.82400,-30,300,0,621.4,https://pleiades.stoa.org/places/487031708,
pl-629012,Kızoğlan Kalesi,fort,pin,38.45923,36.98195,300,640,0,621.5,https://pleiades.stoa.org/places/629012,
pl-590091,Vlithias,"settlement, archaeological-site",pin,35.27959,23.69028,-330,1999,0,621.5,https://pleiades.stoa.org/places/590091,
pl-540694,Boulis,settlement,pin,38.27645,22.80291,-750,640,0,621.5,https://pleiades.stoa.org/places/540694,
pl-501555,Pennana,station,pin,40.73317,23.69852,-30,640,0,621.5,https://pleiades.stoa.org/places/501555,
pl-590058,Spaniakos,settlement,pin,35.26697,23.69716,-330,-30,0,621.6,https://pleiades.stoa.org/places/590058,
pl-570133,Asterion (river),river,pin,37.68593,22.80409,-30,2099,0,621.7,https://pleiades.stoa.org/places/570133,
pl-585579564,Bachkovo Monastery,monastery,pin,41.94185,24.84976,1000,2100,0,621.8,https://pleiades.stoa.org/places/585579564,
pl-589849,Kastraki,settlement,pin,35.25183,23.70450,-330,-30,0,621.9,https://pleiades.stoa.org/places/589849,
pl-491715,Sane,settlement,pin,40.09838,23.30612,-550,-330,0,622.0,https://pleiades.stoa.org/places/491715,
pl-333218450,Antikythera shipwreck,findspot,pin,35.88045,23.31738,-100,2099,0,622.0,https://pleiades.stoa.org/places/333218450,
pl-570501,Nauplia,"harbor, settlement",pin,37.56812,22.80871,-750,2099,0,622.1,https://pleiades.stoa.org/places/570501,
pl-501520,Myrkinos,settlement,pin,40.90722,23.81945,-750,300,0,622.1,https://pleiades.stoa.org/places/501520,
pl-540858,Kenaion,sanctuary,pin,38.84043,22.86651,-750,300,0,622.2,https://pleiades.stoa.org/places/540858,
pl-589946,Myle (island),island,pin,35.58638,23.47718,1700,2100,0,622.4,https://pleiades.stoa.org/places/589946,
pl-570245,Euboia (mountain),"mountain, label",pin,37.70695,22.79319,,,0,622.5,https://pleiades.stoa.org/places/570245,
pl-757208100,Zygouries (Corinthia),settlement,pin,37.79766,22.78815,-2000,-901,0,622.5,https://pleiades.stoa.org/places/757208100,
pl-541011,Parapotamioi,settlement,pin,38.55115,22.81786,-750,300,0,622.5,https://pleiades.stoa.org/places/541011,
pl-570740,Tiryns,"settlement, findspot",pin,37.59928,22.79999,-2000,2100,0,622.6,https://pleiades.stoa.org/places/570740,
pl-491660,Mekyberna,settlement,pin,40.27832,23.39610,-750,-330,0,622.6,https://pleiades.stoa.org/places/491660,
pl-589916,Loutra,settlement,pin,35.24662,23.69681,-330,-30,0,622.7,https://pleiades.stoa.org/places/589916,
pl-501357,Arethousa,"settlement, fort",pin,40.65653,23.62358,-550,300,0,623.2,https://pleiades.stoa.org/places/501357,
pl-589832,Kalamyde,settlement,pin,35.24283,23.69251,-30,300,0,623.3,https://pleiades.stoa.org/places/589832,
pl-560670,Palaiokastro,"settlement, archaeological-site",pin,35.88751,23.29577,-550,300,0,623.4,https://pleiades.stoa.org/places/560670,
pl-570361,Kleonai,"settlement, archaeological-site, temple-2, architecturalcomplex",pin,37.81972,22.77624,-750,640,0,623.4,https://pleiades.stoa.org/places/570361,
pl-857132,Garzoubanthon/Orgibate,station,pin,41.73579,35.22221,300,1999,0,623.4,https://pleiades.stoa.org/places/857132,
pl-658557,Oinoparas (river),river,pin,36.54184,36.78219,-1000,2100,0,623.4,https://pleiades.stoa.org/places/658557,
pl-987802100,Antikythera Apollo Sanctuary,"sanctuary, archaeological-site",pin,35.88616,23.29588,,,0,623.5,https://pleiades.stoa.org/places/987802100,
pl-589983,Pelkis?,settlement,pin,35.27320,23.66659,-550,300,0,623.6,https://pleiades.stoa.org/places/589983,
pl-540795,Goritsa,"settlement, archaeological-site",pin,39.35494,22.97973,-550,-30,0,623.7,https://pleiades.stoa.org/places/540795,
pl-540734,Dion?,settlement,pin,38.84958,22.85056,-750,300,0,623.8,https://pleiades.stoa.org/places/540734,
pl-587486979,Deirouné,church,pin,36.21118,36.66023,640,1453,0,623.8,https://pleiades.stoa.org/places/587486979,
pl-560230,Antikythera (island),island,pin,35.86665,23.30052,-30,2100,0,623.9,https://pleiades.stoa.org/places/560230,
pl-658401,Baqirha,"church-2, basilica, settlement",pin,36.20606,36.65945,-30,640,0,623.9,https://pleiades.stoa.org/places/658401,
pl-541008,Panopeos/Phanotis,"settlement, archaeological-site",pin,38.49529,22.79432,-750,2099,0,624.0,https://pleiades.stoa.org/places/541008,
pl-541156,Trachin?,settlement,pin,38.36606,22.78134,-550,300,0,624.0,https://pleiades.stoa.org/places/541156,
pl-541035,Phalassia (promontory),cape,pin,38.87070,22.85069,-30,2100,0,624.1,https://pleiades.stoa.org/places/541035,
pl-658452,Darqita,settlement,pin,36.21512,36.66592,-30,1999,0,624.1,https://pleiades.stoa.org/places/658452,
pl-668223,Carne/Karnos,settlement,pin,34.93884,35.88437,-330,300,0,624.1,https://pleiades.stoa.org/places/668223,
pl-570289,Heraion (Argolis),sanctuary,pin,37.69209,22.77477,-750,2100,0,624.2,https://pleiades.stoa.org/places/570289,
pl-540870,Knemis,fort,pin,38.78414,22.83251,-550,300,0,624.3,https://pleiades.stoa.org/places/540870,
pl-658513,Kynegike,"labeled feature, label",pin,36.10501,36.61975,-330,640,0,624.3,https://pleiades.stoa.org/places/658513,
pl-491701,Poteidaia/Kassandreia,settlement,pin,40.19370,23.32781,-750,2099,0,624.3,https://pleiades.stoa.org/places/491701,
pl-540679,Athena Kranaia (temple),"sanctuary, archaeological-site, temple-2",pin,38.65783,22.81066,-550,300,0,624.4,https://pleiades.stoa.org/places/540679,
pl-570505,Nemea (river),river,pin,37.89748,22.76167,-30,2099,0,624.5,https://pleiades.stoa.org/places/570505,
pl-751681995,Prosymna tholos,tomb,pin,37.69597,22.76987,-2000,-1000,0,624.6,https://pleiades.stoa.org/places/751681995,
pl-857335,Stiphane Limne,lake,pin,40.90652,36.01548,-330,2100,0,624.7,https://pleiades.stoa.org/places/857335,
pl-658454,Déhès,settlement,pin,36.19263,36.66379,-30,640,0,624.7,https://pleiades.stoa.org/places/658454,
pl-540837,Iolkos,settlement,pin,39.36630,22.96886,-750,640,0,624.9,https://pleiades.stoa.org/places/540837,
pl-857181,Karousa/Polichnion,settlement,pin,41.81014,35.15894,-550,640,0,624.9,https://pleiades.stoa.org/places/857181,
pl-413309735,Al-Ghab,"plain, findspot, archaeological-site",pin,35.58719,36.35625,1700,2100,0,625.0,https://pleiades.stoa.org/places/413309735,
pl-540612,Aiolidai?,settlement,pin,38.45452,22.77736,-550,-30,0,625.1,https://pleiades.stoa.org/places/540612,
pl-845025,Ocherainos/Ochosbanes/Ochthomanes (river),river,wash,41.50000,35.50000,-550,640,0,625.2,https://pleiades.stoa.org/places/845025,
pl-857205,Kyptasia,unknown,wash,41.50000,35.50000,-30,640,0,625.2,https://pleiades.stoa.org/places/857205,
pl-216860,Karon Limen?,settlement,pin,43.53959,28.58906,-330,-30,0,625.5,https://pleiades.stoa.org/places/216860,
pl-540998,Pagasai,settlement,pin,39.31084,22.94440,-750,640,0,625.6,https://pleiades.stoa.org/places/540998,
pl-780715578,Grave Circle A at Mycenae,"tomb, cemetery",pin,37.73046,22.75617,-2000,2100,0,625.6,https://pleiades.stoa.org/places/780715578,
pl-448885234,Lion Gate at Mycenae,city-gate,pin,37.73083,22.75617,-1600,2100,0,625.6,https://pleiades.stoa.org/places/448885234,
pl-593460162,Grave Circle B,cemetery,pin,37.73075,22.75484,-2000,2100,0,625.7,https://pleiades.stoa.org/places/593460162,
pl-573101,Aphrodisias/Aphrodisia,"unlocated, ruin, settlement",pin,36.54700,22.98800,-550,640,0,625.7,https://pleiades.stoa.org/places/573101,
pl-190863456,Treasury of Atreus,tomb,pin,37.72688,22.75374,-1600,2100,0,625.8,https://pleiades.stoa.org/places/190863456,
pl-570491,Mycenae,settlement,wash,37.72754,22.75383,-750,2100,0,625.8,https://pleiades.stoa.org/places/570491,
pl-501648,Tragilos,"settlement, archaeological-site",pin,40.83731,23.71594,-750,-30,0,625.9,https://pleiades.stoa.org/places/501648,
pl-867848906,Agamemnoneion of Mycenae,shrine,pin,37.72139,22.75347,-2000,1999,0,625.9,https://pleiades.stoa.org/places/867848906,
pl-682104977,Cyclopean Bridge of Agios Ioannis ,bridge,pin,37.72120,22.75301,-2000,2099,0,625.9,https://pleiades.stoa.org/places/682104977,
pl-570131,Asopos (river),river,wash,37.75000,22.75000,,,0,626.0,https://pleiades.stoa.org/places/570131,
pl-540959,Naulochos?,unknown,wash,38.25000,22.75000,-550,300,0,626.0,https://pleiades.stoa.org/places/540959,
pl-116805959,Argive Plain,plain,wash,37.58731,22.76185,,,0,626.0,https://pleiades.stoa.org/places/116805959,
pl-570518,Oinoa,unknown,wash,37.75000,22.75000,,,0,626.0,https://pleiades.stoa.org/places/570518,
pl-571537,Untitled,wall-2,wash,37.75000,22.75000,-550,-30,0,626.0,https://pleiades.stoa.org/places/571537,
pl-571538,Untitled,wall-2,wash,37.75000,22.75000,-750,-30,0,626.0,https://pleiades.stoa.org/places/571538,
pl-571539,Untitled,wall-2,wash,37.75000,22.75000,-30,640,0,626.0,https://pleiades.stoa.org/places/571539,
pl-589818,Ina Chorion?,settlement,pin,35.34320,23.58580,-550,300,0,626.1,https://pleiades.stoa.org/places/589818,
pl-573313209,Lichades Islands,"archipelago, island",pin,38.82055,22.81777,-30,300,0,626.1,https://pleiades.stoa.org/places/573313209,
pl-170572803,House of Many Colors,villa,pin,40.29334,23.35939,-550,2099,0,626.2,https://pleiades.stoa.org/places/170572803,
pl-661894078,Kato Phournos Tomb,"tomb, tumulus",pin,37.73132,22.74960,-1600,2100,0,626.2,https://pleiades.stoa.org/places/661894078,
pl-541113,Stiris/Steiris,"settlement, acropolis",pin,38.38432,22.75535,-550,1453,0,626.4,https://pleiades.stoa.org/places/541113,
pl-570481,Methana/Anthana?,"settlement, settlement-modern",pin,37.37078,22.78352,-550,2099,0,626.4,https://pleiades.stoa.org/places/570481,
pl-590051,Sklavopoula,mine-2,pin,35.29403,23.61421,-30,300,0,626.5,https://pleiades.stoa.org/places/590051,
pl-668190,Antarados/Constantia,settlement,pin,34.89743,35.88368,-30,640,0,626.5,https://pleiades.stoa.org/places/668190,
pl-270123726,Pavlopetri,settlement,pin,36.51745,22.98923,-3000,2099,0,626.5,https://pleiades.stoa.org/places/270123726,
pl-764913388,"Olynthus, House A 11",architecturalcomplex,wash,40.29384,23.35424,1900,2099,0,626.6,https://pleiades.stoa.org/places/764913388,
pl-658438,*Chorion tou Hormisdou,villa,pin,36.23414,36.70409,300,640,0,626.6,https://pleiades.stoa.org/places/658438,
pl-37482810,Villa of Good Fortune,villa,wash,40.29384,23.35424,1900,2099,0,626.6,https://pleiades.stoa.org/places/37482810,
pl-658414,Bizika,settlement,pin,36.21496,36.69692,-30,640,0,626.7,https://pleiades.stoa.org/places/658414,
pl-658537,Mogiza,settlement,pin,36.18075,36.68280,-30,640,0,626.7,https://pleiades.stoa.org/places/658537,
pl-491678,Olynthos,settlement,pin,40.29524,23.35426,-750,1999,0,626.7,https://pleiades.stoa.org/places/491678,
pl-540627,Amphanai?,settlement,pin,39.31311,22.93033,-750,-30,0,626.8,https://pleiades.stoa.org/places/540627,
pl-541051,Phokikon,temple,pin,38.48510,22.76057,-750,300,0,626.8,https://pleiades.stoa.org/places/541051,
pl-554875758,House A VII 4,townhouse,pin,40.29612,23.35372,-550,-330,0,626.8,https://pleiades.stoa.org/places/554875758,
pl-9832296,Ṭarṭūs,findspot,pin,34.89471,35.88588,1700,2100,0,626.9,https://pleiades.stoa.org/places/9832296,
pl-540755,Elateia,"settlement, archaeological-site, settlement-modern",pin,38.64563,22.77999,-750,2100,0,626.9,https://pleiades.stoa.org/places/540755,
pl-540904,Larisa Kremaste/Pelasgia,"settlement, fort",pin,38.96433,22.83863,-550,640,0,626.9,https://pleiades.stoa.org/places/540904,
pl-570090,Apesas (mountain),mountain,pin,37.86667,22.73333,-750,2100,0,627.0,https://pleiades.stoa.org/places/570090,
pl-540917,Locris Epiknemidia,"region, label",pin,38.74571,22.79282,,,0,627.1,https://pleiades.stoa.org/places/540917,
pl-523291015,Citadel of Arwad,castle,pin,34.85643,35.85744,1099,1291,0,627.1,https://pleiades.stoa.org/places/523291015,
pl-772945364,Castle of Paralio Astros,"castle, ruin",pin,37.41836,22.76703,1600,2099,0,627.2,https://pleiades.stoa.org/places/772945364,
pl-809327743,Hosios Loukas,"monastery, church",pin,38.39472,22.74667,640,1453,0,627.2,https://pleiades.stoa.org/places/809327743,
pl-430736171,Viglafia tower,tower-single,pin,36.52966,22.97658,,,0,627.2,https://pleiades.stoa.org/places/430736171,
pl-668197,Arados,"settlement, island",pin,34.85759,35.85943,-2000,2100,0,627.2,https://pleiades.stoa.org/places/668197,
pl-570429,Leuke,"plain, label",pin,36.78762,22.89397,-330,300,0,627.4,https://pleiades.stoa.org/places/570429,
pl-570134,Astron,"settlement, settlement-modern",pin,37.41635,22.76443,-550,2099,0,627.5,https://pleiades.stoa.org/places/570134,
pl-501582,Prossotsani,settlement,pin,41.17786,23.96661,-30,2099,0,627.5,https://pleiades.stoa.org/places/501582,
pl-570283,Helisson (river in modern Sikyona municipality),river,pin,37.99751,22.72439,-30,2099,0,627.6,https://pleiades.stoa.org/places/570283,
pl-658593,Sergible,settlement,pin,36.24162,36.71873,-30,640,0,627.6,https://pleiades.stoa.org/places/658593,
pl-909179853,"Mycenaean necropolis, Elateia",cemetery,pin,38.64749,22.77217,-2000,-1,0,627.6,https://pleiades.stoa.org/places/909179853,
pl-501621,Skopia,fort,pin,41.09859,23.89551,-30,300,0,627.8,https://pleiades.stoa.org/places/501621,
pl-570302,Hyperteleaton,"sanctuary, temple-2",pin,36.73298,22.90420,-750,2099,0,627.9,https://pleiades.stoa.org/places/570302,
pl-570664,Selleis? (river),river,pin,38.03545,22.72211,-30,300,0,627.9,https://pleiades.stoa.org/places/570664,
pl-629050,Osmandede,fort,pin,38.74334,37.01703,300,640,0,628.0,https://pleiades.stoa.org/places/629050,
pl-501585,Pyrgoi,"fort-2, settlement-modern",pin,41.25238,24.02465,-30,2099,0,628.0,https://pleiades.stoa.org/places/501585,
pl-844996,Kyptasia,settlement,pin,41.92842,35.06871,-30,640,0,628.1,https://pleiades.stoa.org/places/844996,
pl-540730,Demetrias (Magnesian),settlement,pin,39.34348,22.92403,-750,2099,0,628.1,https://pleiades.stoa.org/places/540730,
pl-570498,Mysia (settlement),"sanctuary, settlement",pin,37.72396,22.72625,-750,2099,0,628.2,https://pleiades.stoa.org/places/570498,
pl-570710,Temenion,settlement,pin,37.58169,22.73780,-750,300,0,628.2,https://pleiades.stoa.org/places/570710,
pl-589745,Chersonesos,settlement,pin,35.37875,23.53369,-30,300,0,628.3,https://pleiades.stoa.org/places/589745,
pl-541047,Phlygonion?,settlement,pin,38.47478,22.74069,-550,300,0,628.4,https://pleiades.stoa.org/places/541047,
pl-570461,Marios,settlement,pin,37.04258,22.81937,,,0,628.4,https://pleiades.stoa.org/places/570461,
pl-573567,Tretos,"mountain, settlement-modern, pass",pin,37.78261,22.72055,2000,2099,0,628.4,https://pleiades.stoa.org/places/573567,
pl-668245,Enydra,settlement,pin,34.87199,35.88797,-30,300,0,628.4,https://pleiades.stoa.org/places/668245,
pl-328243339,Nemea Early Christian basilica,"church-2, basilica",pin,37.80322,22.71842,300,640,0,628.5,https://pleiades.stoa.org/places/328243339,
pl-540657,"Archegetes, T.",temple-2,pin,38.49929,22.74127,-750,300,0,628.6,https://pleiades.stoa.org/places/540657,
pl-500721867,Limiko blockhouse (Argolid),fort-2,pin,37.74425,22.72066,-550,-330,0,628.6,https://pleiades.stoa.org/places/500721867,
pl-570673,Skandeia,"settlement, port",pin,36.22990,23.07378,-550,300,0,628.6,https://pleiades.stoa.org/places/570673,
pl-271533805,Sanctuary of Dionysus (Sicyon),temple-2,wash,37.98343,22.71342,-30,300,0,628.6,https://pleiades.stoa.org/places/271533805,
pl-857091,C(h)oloe,station,pin,40.72727,36.19928,-30,640,0,628.7,https://pleiades.stoa.org/places/857091,
pl-570668,Sicyon/Demetrias,settlement,pin,37.98382,22.71219,-750,1999,0,628.7,https://pleiades.stoa.org/places/570668,
pl-542568395,Theater of ancient Sicyon,theatre,pin,37.98398,22.71116,-330,300,0,628.8,https://pleiades.stoa.org/places/542568395,
pl-628944,[Bathys Rhyax]/[Krya Pege]?,settlement,pin,39.83674,36.70113,300,640,0,628.9,https://pleiades.stoa.org/places/628944,
pl-301013826,Stadium at Nemea,stadion,pin,37.80676,22.71471,-750,300,0,628.9,https://pleiades.stoa.org/places/301013826,
pl-629028,[Lykandos]/[Lapara],settlement,pin,38.18982,37.08655,300,640,0,629.0,https://pleiades.stoa.org/places/629028,
pl-807215246,Ancient Stadium of Sikyon,stadion,pin,37.98449,22.70941,,,0,629.0,https://pleiades.stoa.org/places/807215246,
pl-540731,Demetrion?,settlement,pin,39.28865,22.89643,-550,300,0,629.1,https://pleiades.stoa.org/places/540731,
pl-570257,Genesion/Apobathmoi,settlement,pin,37.51399,22.73283,-750,300,0,629.2,https://pleiades.stoa.org/places/570257,
pl-84693646,Ancient Agora of Argos,agora,pin,37.63041,22.72167,,,0,629.2,https://pleiades.stoa.org/places/84693646,
pl-109791198,Temple of Zeus at Nemea,temple-2,pin,37.80956,22.71048,-550,640,0,629.2,https://pleiades.stoa.org/places/109791198,
pl-570504,Nemea,"sanctuary, archaeological-site, temple-2",pin,37.80906,22.71068,-750,300,0,629.2,https://pleiades.stoa.org/places/570504,
pl-570704,Tan(a)os (river),river,pin,37.42411,22.74351,-30,2100,0,629.2,https://pleiades.stoa.org/places/570704,
pl-573141,Bembina,"unlocated, settlement",wash,37.80890,22.71082,-30,300,0,629.2,https://pleiades.stoa.org/places/573141,
pl-939076786,Sanctuaries of Apollo Deiradiotes and Athena Oxyderkes,sanctuary,pin,37.64190,22.72059,-30,300,0,629.2,https://pleiades.stoa.org/places/939076786,
pl-570106,Argos,"settlement, archaeological-site",pin,37.63105,22.72038,-750,300,0,629.3,https://pleiades.stoa.org/places/570106,
pl-491561,Chalcidice,"cape, region, label",pin,40.44300,23.40811,-550,640,0,629.3,https://pleiades.stoa.org/places/491561,
pl-501524,Nestos (river),river,pin,41.43257,24.17366,-550,2100,0,629.3,https://pleiades.stoa.org/places/501524,
pl-567146275,Ancient Theater of Argos,theatre,pin,37.63171,22.71929,-330,2100,0,629.4,https://pleiades.stoa.org/places/567146275,
pl-570083,Anigraia,label,pin,37.46957,22.73480,,,0,629.5,https://pleiades.stoa.org/places/570083,
pl-643508013,Tsoungiza (Archaia Nemea),archaeological-site,pin,37.80965,22.70569,1900,2099,0,629.6,https://pleiades.stoa.org/places/643508013,
pl-570197,Dine,whirlpool,pin,37.50086,22.72865,-750,2099,0,629.7,https://pleiades.stoa.org/places/570197,
pl-328243338,Tzoungiza,"settlement, archaeological-site",pin,37.81010,22.70490,-2000,-1000,0,629.7,https://pleiades.stoa.org/places/328243338,
pl-327455663,Larisa Castle,castle,pin,37.63823,22.71537,1300,2099,0,629.7,https://pleiades.stoa.org/places/327455663,
pl-492759697,Larisa Fortress (Argolid),"fort-2, castle, acropolis, citadel",pin,37.63800,22.71500,-330,300,0,629.7,https://pleiades.stoa.org/places/492759697,
pl-540723,Daulis,"settlement, acropolis",pin,38.50750,22.72886,-750,2100,0,629.8,https://pleiades.stoa.org/places/540723,
pl-570233,Erasinos (river),river,pin,37.59323,22.71756,2000,2099,0,629.9,https://pleiades.stoa.org/places/570233,
pl-629673,Unnamed bridge,bridge,wash,39.75000,36.75000,300,640,0,629.9,https://pleiades.stoa.org/places/629673,
pl-660627,Untitled,centuriation,wash,36.25000,36.75000,-30,640,0,629.9,https://pleiades.stoa.org/places/660627,
pl-117143016,Sarissa,"settlement, architecturalcomplex, archaeological-site",pin,39.30839,36.90958,-2000,2100,0,630.1,https://pleiades.stoa.org/places/117143016,
pl-570424,Lerna,"settlement, archaeological-site",pin,37.55109,22.71843,-2000,2100,0,630.1,https://pleiades.stoa.org/places/570424,
pl-573086,Amymone,"unlocated, spring, river",wash,37.55124,22.71833,-30,300,0,630.1,https://pleiades.stoa.org/places/573086,
pl-573461,Phrixos (river),"unlocated, river",wash,37.55124,22.71833,-30,300,0,630.1,https://pleiades.stoa.org/places/573461,
pl-573474,Pontinos (river),"unlocated, river",wash,37.55124,22.71833,,,0,630.1,https://pleiades.stoa.org/places/573474,
pl-230446791,House of the Tiles,archaeological-site,pin,37.55117,22.71832,-3000,-2000,0,630.1,https://pleiades.stoa.org/places/230446791,
pl-216920,Parambole,station,pin,42.19626,25.04570,-30,640,0,630.3,https://pleiades.stoa.org/places/216920,
pl-668185,Amykes Pedion,"plain, label",pin,35.51194,36.37797,-330,-30,0,630.3,https://pleiades.stoa.org/places/668185,
pl-921892403,Panagitsa,"settlement, cemetery, settlement-modern",pin,38.63931,22.73916,1900,2099,0,630.4,https://pleiades.stoa.org/places/921892403,
pl-590025,Rhamnous Limen,bay,pin,35.32493,23.54232,-30,2099,0,630.4,https://pleiades.stoa.org/places/590025,
pl-628998,Kantariz Kalesi,fort,pin,39.35428,36.89987,300,640,0,630.5,https://pleiades.stoa.org/places/628998,
pl-216888,Mogilets,villa,pin,43.02200,26.52368,-30,300,0,630.8,https://pleiades.stoa.org/places/216888,
pl-540623,Alope?,unknown,wash,38.75000,22.75000,-750,640,0,630.9,https://pleiades.stoa.org/places/540623,
pl-540936,Marmara,unknown,wash,38.75000,22.75000,-550,300,0,630.9,https://pleiades.stoa.org/places/540936,
pl-661383,Untitled,road,wash,37.00000,37.00000,-330,640,0,630.9,https://pleiades.stoa.org/places/661383,
pl-661384,Untitled,road,wash,37.00000,37.00000,-330,640,0,630.9,https://pleiades.stoa.org/places/661384,
pl-661385,Untitled,road,wash,37.00000,37.00000,-30,640,0,630.9,https://pleiades.stoa.org/places/661385,
pl-661386,Untitled,road,wash,37.00000,37.00000,-30,640,0,630.9,https://pleiades.stoa.org/places/661386,
pl-661387,Untitled,road,wash,37.00000,37.00000,-30,640,0,630.9,https://pleiades.stoa.org/places/661387,
pl-661389,Untitled,road,wash,37.00000,37.00000,-30,640,0,630.9,https://pleiades.stoa.org/places/661389,
pl-661390,Untitled,road,wash,37.00000,37.00000,-330,640,0,630.9,https://pleiades.stoa.org/places/661390,
pl-661391,Untitled,road,wash,37.00000,37.00000,-330,640,0,630.9,https://pleiades.stoa.org/places/661391,
pl-661392,Untitled,road,wash,37.00000,37.00000,-330,640,0,630.9,https://pleiades.stoa.org/places/661392,
pl-661393,Untitled,road,wash,37.00000,37.00000,-30,640,0,630.9,https://pleiades.stoa.org/places/661393,
pl-661394,Untitled,road,wash,37.00000,37.00000,-30,640,0,630.9,https://pleiades.stoa.org/places/661394,
pl-661395,Untitled,road,wash,37.00000,37.00000,-30,640,0,630.9,https://pleiades.stoa.org/places/661395,
pl-661396,Untitled,road,wash,37.00000,37.00000,-30,640,0,630.9,https://pleiades.stoa.org/places/661396,
pl-661397,Untitled,road,wash,37.00000,37.00000,-30,640,0,630.9,https://pleiades.stoa.org/places/661397,
pl-661398,Untitled,road,wash,37.00000,37.00000,-30,640,0,630.9,https://pleiades.stoa.org/places/661398,
pl-661399,Untitled,road,wash,37.00000,37.00000,-30,640,0,630.9,https://pleiades.stoa.org/places/661399,
pl-661400,Untitled,road,wash,37.00000,37.00000,-330,640,0,630.9,https://pleiades.stoa.org/places/661400,
pl-661401,Untitled,road,wash,37.00000,37.00000,-330,640,0,630.9,https://pleiades.stoa.org/places/661401,
pl-661403,Untitled,road,wash,37.00000,37.00000,-30,640,0,630.9,https://pleiades.stoa.org/places/661403,
pl-661404,Untitled,road,wash,37.00000,37.00000,-30,640,0,630.9,https://pleiades.stoa.org/places/661404,
pl-661405,Untitled,road,wash,37.00000,37.00000,-30,640,0,630.9,https://pleiades.stoa.org/places/661405,
pl-661409,Untitled,road,wash,37.00000,37.00000,-30,640,0,630.9,https://pleiades.stoa.org/places/661409,
pl-661411,Untitled,road,wash,37.00000,37.00000,-30,640,0,630.9,https://pleiades.stoa.org/places/661411,
pl-661412,Untitled,road,wash,37.00000,37.00000,-30,640,0,630.9,https://pleiades.stoa.org/places/661412,
pl-661413,Untitled,road,wash,37.00000,37.00000,-330,640,0,630.9,https://pleiades.stoa.org/places/661413,
pl-661415,Untitled,road,wash,37.00000,37.00000,-30,640,0,630.9,https://pleiades.stoa.org/places/661415,
pl-661416,Untitled,road,wash,37.00000,37.00000,-30,640,0,630.9,https://pleiades.stoa.org/places/661416,
pl-661417,Untitled,road,wash,37.00000,37.00000,-30,640,0,630.9,https://pleiades.stoa.org/places/661417,
pl-570736,Thyrea(tis),"region, settlement",wash,37.25000,22.75000,-750,300,0,630.9,https://pleiades.stoa.org/places/570736,
pl-570749,Trikaranon (mountain),"mountain, label",pin,37.83046,22.69016,-330,-30,0,630.9,https://pleiades.stoa.org/places/570749,
pl-949635163,"Barnavos, Chamber Tomb C1749",tomb,pin,37.80703,22.69188,-1600,-1200,0,630.9,https://pleiades.stoa.org/places/949635163,
pl-570378,Kotyrta,settlement,pin,36.65270,22.88891,-750,-30,0,631.2,https://pleiades.stoa.org/places/570378,
pl-540613,Dimini,settlement,pin,39.36144,22.89380,-4000,-30,0,631.2,https://pleiades.stoa.org/places/540613,
pl-540804,Halos,settlement,pin,39.15518,22.83437,-900,640,0,631.2,https://pleiades.stoa.org/places/540804,
pl-857259,Ophlimos (mountain),"mountain, label",pin,40.61485,36.30960,-330,300,0,631.3,https://pleiades.stoa.org/places/857259,
pl-789002570,"Lamiospito Tholos Tomb, Dimini",tumulus,pin,39.36231,22.89303,-1600,-1200,0,631.3,https://pleiades.stoa.org/places/789002570,
pl-589731,Biennos?,settlement,pin,35.23947,23.58614,-30,300,0,631.6,https://pleiades.stoa.org/places/589731,
pl-507480,Zereia/Zeira,"unlocated, fort",wash,40.44985,23.38293,-330,-30,0,631.6,https://pleiades.stoa.org/places/507480,
pl-857379,Zagora,settlement,pin,41.67775,35.41110,-30,1999,0,631.7,https://pleiades.stoa.org/places/857379,
pl-818918654,Ain Dara temple,temple-2,pin,36.45963,36.85257,-1400,2100,0,631.7,https://pleiades.stoa.org/places/818918654,
pl-589884,Kriou Metopon,cape,pin,35.23190,23.58960,1700,2100,0,631.7,https://pleiades.stoa.org/places/589884,
pl-726944833,Lusanda,"unlocated, settlement",pin,38.26163,37.11396,-1000,-720,0,631.7,https://pleiades.stoa.org/places/726944833,
pl-731893155,Veliki Preslav,"fortified-settlement, archaeological-site",pin,43.14593,26.81345,800,2099,0,631.8,https://pleiades.stoa.org/places/731893155,
pl-570443,Lykone (mountain),"mountain, label",pin,37.63022,22.69186,-30,300,0,631.8,https://pleiades.stoa.org/places/570443,
pl-501423,Gazoros,"settlement, acropolis",pin,41.03920,23.79250,-330,300,0,631.8,https://pleiades.stoa.org/places/501423,
pl-668306,Marathos,"settlement, temple-2",pin,34.83878,35.90699,-330,300,0,631.8,https://pleiades.stoa.org/places/668306,
pl-570395,Kynouria (Eastern Peloponnese),region,pin,37.40224,22.71600,-750,640,0,631.9,https://pleiades.stoa.org/places/570395,
pl-658369,Ain Dara,settlement,pin,36.45981,36.85539,-2000,2100,0,631.9,https://pleiades.stoa.org/places/658369,
pl-570400,Kythera (settlement),"settlement, acropolis",pin,36.22950,23.02910,-750,300,0,632.3,https://pleiades.stoa.org/places/570400,
pl-540958,Naryka/Tarphe?,settlement,pin,38.71705,22.72822,-750,640,0,632.3,https://pleiades.stoa.org/places/540958,
pl-372660434,Public building (?) area at Halos,architecturalcomplex,pin,39.14512,22.81803,-330,-30,0,632.4,https://pleiades.stoa.org/places/372660434,
pl-252533527,Ampouria Parnassou,"sanctuary, cave, settlement-modern",pin,38.56822,22.70592,2000,2099,0,632.4,https://pleiades.stoa.org/places/252533527,
pl-650138313,Strongylo Aqueduct bridge,aqueduct,pin,37.77390,22.67543,100,199,0,632.4,https://pleiades.stoa.org/places/650138313,
pl-540939,Medeon,"defensive-wall, settlement, archaeological-site, acropolis",pin,38.36659,22.68388,-750,640,0,632.5,https://pleiades.stoa.org/places/540939,
pl-357674130,Hexagonal mausoleum,tomb,pin,36.73530,36.95341,-30,640,0,632.7,https://pleiades.stoa.org/places/357674130,
pl-400626652,Acropolis of Halos,acropolis,pin,39.14407,22.81399,-330,-30,0,632.7,https://pleiades.stoa.org/places/400626652,
pl-858843277,Dāna,"settlement, settlement-modern",pin,36.21357,36.77043,-1000,2100,0,632.8,https://pleiades.stoa.org/places/858843277,
pl-570533,Onougnathos (promontory),cape,pin,36.46425,22.93348,-30,2100,0,632.8,https://pleiades.stoa.org/places/570533,
pl-541015,Psilo Kastro (Ag. Marina),settlement,pin,38.56041,22.69891,-550,2099,0,632.9,https://pleiades.stoa.org/places/541015,
pl-400626651,Byzantine fort at Halos,fort-2,pin,39.14319,22.81098,650,850,0,632.9,https://pleiades.stoa.org/places/400626651,
pl-540790,Glaphyrai,settlement,pin,39.45935,22.90452,-750,640,0,633.0,https://pleiades.stoa.org/places/540790,
pl-540923,Magnesia (region),region,wash,39.50668,22.92052,-550,-30,0,633.0,https://pleiades.stoa.org/places/540923,
pl-658446,Cyrrus/Hagioupolis,"settlement, archaeological-site",pin,36.74507,36.95971,-330,640,0,633.0,https://pleiades.stoa.org/places/658446,
pl-491601,Gigonis Pr.,cape,wash,40.25000,23.25000,,,0,633.0,https://pleiades.stoa.org/places/491601,
pl-668266,Huarte,settlement,pin,35.58832,36.45811,300,640,0,633.0,https://pleiades.stoa.org/places/668266,
pl-48167299,Theater at Cyrrus/Hagioupolis,theatre,pin,36.74422,36.95902,-330,300,0,633.0,https://pleiades.stoa.org/places/48167299,
pl-570545,Palaia/Pleiai,settlement,pin,36.87563,22.80255,-750,300,0,633.2,https://pleiades.stoa.org/places/570545,
pl-501329,Ag. Khristophoros,settlement,pin,41.04463,23.77730,-330,1999,0,633.3,https://pleiades.stoa.org/places/501329,
pl-541147,Thronion,fort,pin,38.77584,22.72573,-750,-30,0,633.4,https://pleiades.stoa.org/places/541147,
pl-491526,Apollonia,"settlement, station",pin,40.62370,23.46968,-550,850,0,633.4,https://pleiades.stoa.org/places/491526,
pl-570563,Parparos (mountain),"mountain, label",pin,37.45567,22.69088,1700,2100,0,633.5,https://pleiades.stoa.org/places/570563,
pl-570211,Elaious?,settlement,pin,37.51062,22.68332,-750,300,0,633.6,https://pleiades.stoa.org/places/570211,
pl-845004,Lepte/Syrias Pr.,cape,pin,42.09683,34.94515,-30,2100,0,633.7,https://pleiades.stoa.org/places/845004,
pl-570618,Platanistos Pr.,cape,pin,36.38572,22.95025,1700,2100,0,633.7,https://pleiades.stoa.org/places/570618,
pl-668230,Chrysorroas (river),river,wash,35.25000,36.25000,-30,300,0,633.8,https://pleiades.stoa.org/places/668230,
pl-668310,Marsyas? (river),river,wash,35.25000,36.25000,-30,300,0,633.8,https://pleiades.stoa.org/places/668310,
pl-668404,Zophea,settlement,pin,35.62988,36.49208,300,640,0,633.8,https://pleiades.stoa.org/places/668404,
pl-603015909,Karacaören,findspot,pin,39.85350,36.75530,1700,2100,0,633.9,https://pleiades.stoa.org/places/603015909,
pl-361695308,Kastri,findspot,pin,36.25840,22.99790,1700,2100,0,633.9,https://pleiades.stoa.org/places/361695308,
pl-37452547,Pyramid of Hellinikon,"fort-2, tomb",pin,37.58731,22.67143,-550,2099,0,633.9,https://pleiades.stoa.org/places/37452547,
pl-739125041,Withdrawn: al-Bara,settlement,pin,35.68282,36.52456,1700,2100,0,634.0,https://pleiades.stoa.org/places/739125041,
pl-541048,Phocis,region,wash,38.55571,22.68658,,,0,634.0,https://pleiades.stoa.org/places/541048,
pl-572292,Untitled,quarry,wash,36.25000,23.00000,-30,640,0,634.0,https://pleiades.stoa.org/places/572292,
pl-668280,Kapernagatha,settlement,pin,35.83760,36.60875,300,640,0,634.0,https://pleiades.stoa.org/places/668280,
pl-570173,Charadros (river),river,pin,37.63224,22.66556,-30,2099,0,634.1,https://pleiades.stoa.org/places/570173,
pl-570313,Inachos (river),river,pin,37.67423,22.66279,2000,2099,0,634.1,https://pleiades.stoa.org/places/570313,
pl-56494917,Aštamaku,settlement,pin,35.87802,36.63091,-720,2100,0,634.1,https://pleiades.stoa.org/places/56494917,
pl-637058243,al-Husn Church,church-2,pin,35.69156,36.53108,,,0,634.1,https://pleiades.stoa.org/places/637058243,
pl-891521703,Afrin bridge,bridge,pin,36.73950,36.97185,-30,640,0,634.2,https://pleiades.stoa.org/places/891521703,
pl-668207,el-Bara,"ruin, settlement",pin,35.68891,36.53076,300,640,0,634.2,https://pleiades.stoa.org/places/668207,
pl-570129,Asopos,"ruin, settlement",pin,36.68450,22.84260,-550,640,0,634.3,https://pleiades.stoa.org/places/570129,
pl-540626,Ambrossos,settlement,pin,38.42919,22.66722,-750,2100,0,634.4,https://pleiades.stoa.org/places/540626,
pl-658613,Telanissos,settlement,pin,36.32349,36.83399,300,640,0,634.4,https://pleiades.stoa.org/places/658613,
pl-217030,Tylis,settlement,pin,42.57401,25.54687,-330,-30,0,634.6,https://pleiades.stoa.org/places/217030,
pl-901991632,Roman aqueduct bridge at Loukou,aqueduct,pin,37.41209,22.68313,-30,300,0,634.6,https://pleiades.stoa.org/places/901991632,
pl-570602,Phleious,settlement,pin,37.84460,22.64658,-750,300,0,634.7,https://pleiades.stoa.org/places/570602,
pl-191828977,Maltepe Tumulus,tumulus,pin,42.17436,24.93861,-30,300,0,634.8,https://pleiades.stoa.org/places/191828977,
pl-336554371,Qal’at Sem’an/Church of Saint Simeon Stylites,"church-2, ruin, church",pin,36.33299,36.84369,300,640,0,634.9,https://pleiades.stoa.org/places/336554371,
pl-658606,Monastery of Saint Simeon Stylites,"church-2, church",pin,36.33417,36.84389,300,640,0,634.9,https://pleiades.stoa.org/places/658606,
pl-570561,Parnon (mountain),mountain,pin,37.11000,22.73000,1700,2100,0,634.9,https://pleiades.stoa.org/places/570561,
pl-501405,Drosike?,label,pin,41.44590,24.10705,-30,300,0,634.9,https://pleiades.stoa.org/places/501405,
pl-658512,Koryphe Oros,mountain,pin,36.27570,36.82192,-30,2100,0,635.0,https://pleiades.stoa.org/places/658512,
pl-491550,Bolbe (lake),lake,pin,40.66949,23.47915,-550,2100,0,635.0,https://pleiades.stoa.org/places/491550,
pl-570437,Loukou,"settlement, villa",pin,37.41066,22.67760,-330,2100,0,635.1,https://pleiades.stoa.org/places/570437,
pl-541081,Pyrasos,settlement,pin,39.27880,22.82130,-750,2099,0,635.2,https://pleiades.stoa.org/places/541081,
pl-573455,Phoinikous,settlement,wash,36.24831,22.98651,-550,-330,0,635.2,https://pleiades.stoa.org/places/573455,
pl-540664,"Artemis Diktynnaia, T.",temple-2,pin,38.41557,22.65553,-550,300,0,635.3,https://pleiades.stoa.org/places/540664,
pl-437726118,Palaiophiva,fortified-settlement,pin,38.62377,22.68062,-550,2099,0,635.3,https://pleiades.stoa.org/places/437726118,
pl-570085,A(n)thene,settlement,pin,37.45039,22.66950,-550,300,0,635.4,https://pleiades.stoa.org/places/570085,
pl-570109,Aristonautai,settlement,pin,38.07681,22.63574,-750,300,0,635.5,https://pleiades.stoa.org/places/570109,
pl-216874,Madara,villa,pin,43.28305,27.09991,-30,1999,0,635.5,https://pleiades.stoa.org/places/216874,
pl-937883502,Sesklo,settlement,pin,39.35538,22.84162,-10000,-3300,0,635.5,https://pleiades.stoa.org/places/937883502,
pl-540749,Echinos,settlement,pin,38.89341,22.72392,-550,640,0,635.5,https://pleiades.stoa.org/places/540749,
pl-226445170,Paliopyrgos tower,tower-single,pin,37.79356,22.63983,-330,-30,0,635.5,https://pleiades.stoa.org/places/226445170,
pl-540856,Kasthaneia,settlement,pin,39.57280,22.91140,-750,-30,0,635.7,https://pleiades.stoa.org/places/540856,
pl-570428,Leukai (Laconia),settlement,pin,36.71136,22.81846,-330,-30,0,635.7,https://pleiades.stoa.org/places/570428,
pl-570446,Lyrkeia,settlement,pin,37.68664,22.64309,,,0,635.7,https://pleiades.stoa.org/places/570446,
pl-570186,Cythera (island),island,pin,36.24011,22.98287,-30,2100,0,635.8,https://pleiades.stoa.org/places/570186,
pl-844865,Armene,settlement,pin,42.04923,35.04188,-550,640,0,635.8,https://pleiades.stoa.org/places/844865,
pl-541152,Tithorea/Neon,settlement,pin,38.58550,22.66860,-550,2099,0,635.9,https://pleiades.stoa.org/places/541152,
pl-658558,Omeros?,settlement,pin,36.65440,36.96679,300,640,0,635.9,https://pleiades.stoa.org/places/658558,
pl-668239,Diokleion (mountain),"mountain, label",pin,35.51700,36.45148,-330,300,0,635.9,https://pleiades.stoa.org/places/668239,
pl-668349,Rabona?,settlement,pin,35.68790,36.55160,300,640,0,635.9,https://pleiades.stoa.org/places/668349,
pl-305879596,Qalaat al-Madiq,settlement,pin,35.42123,36.39222,640,2100,0,635.9,https://pleiades.stoa.org/places/305879596,
pl-658603,Srir,sanctuary,pin,36.17716,36.79352,-30,640,0,636.0,https://pleiades.stoa.org/places/658603,
pl-570506,Neris?,settlement,pin,37.43244,22.66514,-550,300,0,636.0,https://pleiades.stoa.org/places/570506,
pl-570154,Bia(n)dyna,settlement,pin,36.75281,22.80159,-550,300,0,636.1,https://pleiades.stoa.org/places/570154,
pl-540908,Ledon,settlement,pin,38.65839,22.67608,-550,2100,0,636.1,https://pleiades.stoa.org/places/540908,
pl-570097,"Apollo Maleatas, T.",sanctuary,pin,37.12702,22.71097,-750,-330,0,636.2,https://pleiades.stoa.org/places/570097,
pl-658626,Tourmanin,"ruin, settlement",pin,36.24188,36.82371,-30,640,0,636.3,https://pleiades.stoa.org/places/658626,
pl-501392,Daphnoudion,settlement,pin,41.05997,23.74824,-30,1999,0,636.3,https://pleiades.stoa.org/places/501392,
pl-857105,Dazimon,fort,pin,40.32337,36.55205,-330,1599,0,636.4,https://pleiades.stoa.org/places/857105,
pl-570741,Titane,"settlement, acropolis",pin,37.92040,22.62489,-750,2099,0,636.4,https://pleiades.stoa.org/places/570741,
pl-570058,Akriai,"building, settlement",pin,36.79164,22.78701,-330,2099,0,636.5,https://pleiades.stoa.org/places/570058,
pl-570396,Kyparissia,settlement,pin,36.68689,22.81707,-550,640,0,636.5,https://pleiades.stoa.org/places/570396,
pl-570700,Sythas (river),river,pin,38.08036,22.62377,1700,2100,0,636.5,https://pleiades.stoa.org/places/570700,
pl-501579,Prasias (lake),lake,pin,40.95408,23.66313,-550,1999,0,636.5,https://pleiades.stoa.org/places/501579,
pl-658509,Kimar,settlement,pin,36.42168,36.89722,-30,640,0,636.6,https://pleiades.stoa.org/places/658509,
pl-810734825,Cardo Maximus (Apamea),road,pin,35.42181,36.40178,-30,300,0,636.7,https://pleiades.stoa.org/places/810734825,
pl-975410331,Casiana,"unlocated, settlement, fort",wash,35.42063,36.40219,-140,640,0,636.7,https://pleiades.stoa.org/places/975410331,
pl-668335,Pella/Apamea,"settlement, archaeological-site",pin,35.42138,36.40241,-550,640,0,636.7,https://pleiades.stoa.org/places/668335,
pl-658624,*Tilokbarina,settlement,pin,36.18829,36.80779,-30,640,0,636.8,https://pleiades.stoa.org/places/658624,
pl-501466,Kharitomeni,settlement,pin,41.16888,23.83136,-330,1999,0,636.8,https://pleiades.stoa.org/places/501466,
pl-491718,Sinos,settlement,pin,40.29128,23.22396,-550,-330,0,636.9,https://pleiades.stoa.org/places/491718,
pl-570345,Kelossa (mountain),"mountain, label",pin,37.77696,22.62338,-30,2099,0,637.0,https://pleiades.stoa.org/places/570345,
pl-668279,Kaperlatinou,settlement,pin,35.81093,36.63187,300,640,0,637.0,https://pleiades.stoa.org/places/668279,
pl-495041917,Tell Deinit,unknown,pin,35.89420,36.67398,-3000,2099,0,637.0,https://pleiades.stoa.org/places/495041917,
pl-570171,Chaon (mountain),"mountain, label",pin,37.60177,22.63390,-30,2100,0,637.1,https://pleiades.stoa.org/places/570171,
pl-570241,Eua?,settlement,pin,37.37792,22.65685,-550,300,0,637.3,https://pleiades.stoa.org/places/570241,
pl-540854,Karatsadagli,settlement,pin,39.12242,22.75431,-550,-30,0,637.3,https://pleiades.stoa.org/places/540854,
pl-658637,"Zeus Madbachos, T.",sanctuary,pin,36.27888,36.85092,-30,300,0,637.3,https://pleiades.stoa.org/places/658637,
pl-540642,Antikyra,"settlement, port",pin,38.37544,22.62606,-750,1999,0,637.6,https://pleiades.stoa.org/places/540642,
pl-664676167,Plakomenos,archaeological-site,pin,37.83200,22.61370,-750,-550,0,637.6,https://pleiades.stoa.org/places/664676167,
pl-540890,Krokion Pedion,"plain, label",pin,39.21432,22.77410,-550,2100,0,637.7,https://pleiades.stoa.org/places/540890,
pl-658497,Kaprokeram(a),settlement,pin,36.17179,36.81202,300,640,0,637.7,https://pleiades.stoa.org/places/658497,
pl-216983,Shoumen,settlement,pin,43.28223,27.02680,300,2099,0,637.9,https://pleiades.stoa.org/places/216983,
pl-658614,Teleda,settlement,pin,36.25535,36.84885,300,640,0,637.9,https://pleiades.stoa.org/places/658614,
pl-491521,Anthemous,settlement,pin,40.41772,23.28433,-550,300,0,637.9,https://pleiades.stoa.org/places/491521,
pl-628992,In Medio,station,pin,39.45450,36.95709,-30,300,0,638.0,https://pleiades.stoa.org/places/628992,
pl-628917,Ablastha,settlement,pin,38.20160,37.19033,-30,2099,0,638.1,https://pleiades.stoa.org/places/628917,
pl-56567731,Hatti (region),region,pin,37.03000,37.09000,-1000,-540,0,638.1,https://pleiades.stoa.org/places/56567731,
pl-488293484,Ba’uda,settlement,pin,35.66972,36.56861,300,640,0,638.1,https://pleiades.stoa.org/places/488293484,
pl-491627,Kalindoia,"settlement, archaeological-site",pin,40.55015,23.36124,-550,-30,0,638.2,https://pleiades.stoa.org/places/491627,
pl-216980,Sernota,station,pin,42.18340,24.88974,-30,640,0,638.5,https://pleiades.stoa.org/places/216980,
pl-570265,Glyppia,settlement,pin,37.17075,22.67437,-330,300,0,638.7,https://pleiades.stoa.org/places/570265,
pl-491700,Pleume,settlement,pin,40.29514,23.20344,-550,-330,0,638.7,https://pleiades.stoa.org/places/491700,
pl-570263,Geronthrai,settlement,pin,36.99219,22.70691,-750,2099,0,639.0,https://pleiades.stoa.org/places/570263,
pl-540994,Othrys (mountain),mountain,pin,39.01694,22.70972,1700,2100,0,639.0,https://pleiades.stoa.org/places/540994,
pl-541103,Skarpheia,settlement,pin,38.80909,22.66381,-750,640,0,639.3,https://pleiades.stoa.org/places/541103,
pl-668367,Sergilla,settlement,pin,35.67152,36.58450,-30,640,0,639.3,https://pleiades.stoa.org/places/668367,
pl-541012,Parnassus (mountain),mountain,pin,38.53516,22.62206,1700,2100,0,639.4,https://pleiades.stoa.org/places/541012,
pl-501330,Ag. Pneuma,settlement,pin,41.05873,23.70594,-30,1999,0,639.4,https://pleiades.stoa.org/places/501330,
pl-857381,Zaliches/Leontopolis,settlement,pin,41.61532,35.59306,-30,640,0,639.5,https://pleiades.stoa.org/places/857381,
pl-494628,Trapezous,unlocated,wash,40.36915,23.23501,-550,-30,0,639.5,https://pleiades.stoa.org/places/494628,
pl-658496,*Kaprokera,settlement,pin,36.34166,36.90324,300,640,0,639.6,https://pleiades.stoa.org/places/658496,
pl-857380,Zalekos (river),river,pin,41.61521,35.59698,-30,2099,0,639.8,https://pleiades.stoa.org/places/857380,
pl-172755092,Kastro Kourounas Tower,tower-single,pin,37.75064,22.59157,-330,-30,0,639.9,https://pleiades.stoa.org/places/172755092,
pl-570346,Kenchreai,settlement,pin,37.54236,22.60419,-750,300,0,640.2,https://pleiades.stoa.org/places/570346,
pl-541137,Thebai Phthiotides,"theatre, city-wall, wall-2, settlement, fort",pin,39.27339,22.76177,-750,640,0,640.2,https://pleiades.stoa.org/places/541137,
pl-720628459,Mycenaean cemetery at Aidonia,cemetery,pin,37.84022,22.58318,-1600,2099,0,640.2,https://pleiades.stoa.org/places/720628459,
pl-857321,Sinope,"settlement, port",pin,42.02578,35.14304,-1750,2000,0,640.3,https://pleiades.stoa.org/places/857321,
pl-610659128,Ntourmiza Corinth Aqueduct arches,aqueduct,pin,37.76190,22.58590,-30,300,0,640.3,https://pleiades.stoa.org/places/610659128,
pl-1001924,Helenopontos,province,wash,42.02578,35.14304,,,0,640.3,https://pleiades.stoa.org/places/1001924,
pl-668363,Sekla,settlement,pin,35.63672,36.57905,300,640,0,640.4,https://pleiades.stoa.org/places/668363,
pl-540842,Iton?,temple,pin,39.15477,22.72593,-750,640,0,640.5,https://pleiades.stoa.org/places/540842,
pl-541053,Phylake,settlement,pin,39.28935,22.76237,-750,640,0,640.5,https://pleiades.stoa.org/places/541053,
pl-857763,Untitled,bridge,wash,40.50000,36.50000,-30,300,0,640.5,https://pleiades.stoa.org/places/857763,
pl-857764,Untitled,bridge,wash,40.50000,36.50000,-30,300,0,640.5,https://pleiades.stoa.org/places/857764,
pl-857765,Untitled,bridge,wash,40.50000,36.50000,-30,300,0,640.5,https://pleiades.stoa.org/places/857765,
pl-857766,Untitled,bridge,wash,40.50000,36.50000,-30,300,0,640.5,https://pleiades.stoa.org/places/857766,
pl-857767,Untitled,bridge,wash,40.50000,36.50000,-30,300,0,640.5,https://pleiades.stoa.org/places/857767,
pl-857768,Untitled,bridge,wash,40.50000,36.50000,-30,300,0,640.5,https://pleiades.stoa.org/places/857768,
pl-857122,Eupatoria/Magnopolis,"unlocated, settlement",wash,40.50000,36.50000,-330,300,0,640.5,https://pleiades.stoa.org/places/857122,
pl-570660,Selinous,settlement,pin,37.02510,22.68300,-550,300,0,640.5,https://pleiades.stoa.org/places/570660,
pl-540634,Anauros (river),river,wash,39.25000,22.75000,,,0,640.6,https://pleiades.stoa.org/places/540634,
pl-540719,Cynoscephalae,hill,wash,39.25000,22.75000,-550,300,0,640.6,https://pleiades.stoa.org/places/540719,
pl-572299,Untitled,quarry,wash,36.75000,22.75000,-330,300,0,640.6,https://pleiades.stoa.org/places/572299,
pl-491554,Bottike,"region, label",pin,40.36902,23.22044,-550,-330,0,640.7,https://pleiades.stoa.org/places/491554,
pl-661402,Untitled,road,wash,37.22109,37.15903,-30,640,0,640.8,https://pleiades.stoa.org/places/661402,
pl-491515,Aioleion,settlement,pin,40.30246,23.18162,-550,-330,0,640.8,https://pleiades.stoa.org/places/491515,
pl-791239360,Mushabbak Basilica,"church-2, basilica, church",pin,36.25459,36.88353,300,640,0,640.8,https://pleiades.stoa.org/places/791239360,
pl-668366,Seremyn,settlement,pin,35.92282,36.73599,300,1599,0,640.9,https://pleiades.stoa.org/places/668366,
pl-629051,Ouarsapa,settlement,pin,38.34955,37.21522,-30,640,0,641.0,https://pleiades.stoa.org/places/629051,
pl-668227,*Chasa,settlement,pin,35.66153,36.60052,300,640,0,641.0,https://pleiades.stoa.org/places/668227,
pl-540942,Mendenitsa,settlement,pin,38.75391,22.63352,-550,300,0,641.1,https://pleiades.stoa.org/places/540942,
pl-668278,Kaperkoraon,settlement,pin,35.76778,36.65956,300,640,0,641.1,https://pleiades.stoa.org/places/668278,
pl-540690,Boibe (lake),lake,pin,39.49338,22.81816,2000,2099,0,641.2,https://pleiades.stoa.org/places/540690,
pl-658494,Kapernabou/Kafr Nabo,"settlement, church",pin,36.35523,36.92968,-30,640,0,641.4,https://pleiades.stoa.org/places/658494,
pl-858016654,Sinkhar,settlement,pin,36.29750,36.90806,300,640,0,641.5,https://pleiades.stoa.org/places/858016654,
pl-668269,Iammura,station,pin,34.82849,36.03114,300,640,0,641.5,https://pleiades.stoa.org/places/668269,
pl-668342,Qadboun,temple,pin,35.09990,36.24415,-30,300,0,641.5,https://pleiades.stoa.org/places/668342,
pl-570181,Corinthiacus Sinus,water-open,pin,38.23090,22.57081,-30,2099,0,641.6,https://pleiades.stoa.org/places/570181,
pl-658495,Kaprobarada,settlement,pin,36.37077,36.93832,-30,640,0,641.6,https://pleiades.stoa.org/places/658495,
pl-668370,Sigata,settlement,pin,35.73511,36.64958,300,640,0,641.7,https://pleiades.stoa.org/places/668370,
pl-570306,Hysiai,settlement,pin,37.52000,22.58624,-750,300,0,641.9,https://pleiades.stoa.org/places/570306,
pl-658492,Kalota,sanctuary,pin,36.35263,36.93602,-30,640,0,642.0,https://pleiades.stoa.org/places/658492,
pl-570406,Lacedaemon/Laconia,"region, label",pin,37.04573,22.66035,-750,300,0,642.0,https://pleiades.stoa.org/places/570406,
pl-668316,Nazerini?,"label, people",pin,35.07442,36.23483,-30,300,0,642.2,https://pleiades.stoa.org/places/668316,
pl-668302,*Magarataricha,settlement,pin,35.59399,36.57811,300,640,0,642.3,https://pleiades.stoa.org/places/668302,
pl-998821004,Paqarhubuni (settlement),"unlocated, settlement",wash,37.34588,37.19730,-1000,-720,0,642.4,https://pleiades.stoa.org/places/998821004,
pl-658635,Zaerous,settlement,pin,36.32554,36.93189,-30,640,0,642.5,https://pleiades.stoa.org/places/658635,
pl-658521,Litarba/Litargon,settlement,pin,36.14553,36.85874,-1000,640,0,642.5,https://pleiades.stoa.org/places/658521,
pl-491661,Mellissurgin,station,pin,40.61268,23.34579,-30,640,0,642.5,https://pleiades.stoa.org/places/491661,
pl-540629,Amphikleia,settlement,pin,38.64232,22.59821,-750,640,0,642.6,https://pleiades.stoa.org/places/540629,
pl-540929,Maliacus Sinus,water-open,pin,38.86789,22.63377,1700,2100,0,642.8,https://pleiades.stoa.org/places/540929,
pl-658507,Kharab Shems,settlement,pin,36.34046,36.94294,-30,640,0,643.0,https://pleiades.stoa.org/places/658507,
pl-570576,Pellene,settlement,pin,38.04321,22.54834,-750,300,0,643.1,https://pleiades.stoa.org/places/570576,
pl-570384,Krios (river),river,pin,38.06928,22.54723,1900,2099,0,643.2,https://pleiades.stoa.org/places/570384,
pl-491729,Spartolos,settlement,pin,40.31635,23.15984,-550,-330,0,643.2,https://pleiades.stoa.org/places/491729,
pl-350566436,Tall al-A‘shārnah,"findspot, archaeological-site, settlement-modern",pin,35.28487,36.39792,1700,2100,0,643.3,https://pleiades.stoa.org/places/350566436,
pl-540963,Nikaia,settlement,pin,38.81197,22.61732,-550,640,0,643.4,https://pleiades.stoa.org/places/540963,
pl-629679,Unnamed bridge,bridge,wash,38.25000,37.25000,-30,300,0,643.5,https://pleiades.stoa.org/places/629679,
pl-541044,Pherai,settlement,pin,39.37904,22.75385,-750,640,0,643.5,https://pleiades.stoa.org/places/541044,
pl-658499,Kaproliaba,settlement,pin,36.32880,36.94514,-30,640,0,643.5,https://pleiades.stoa.org/places/658499,
pl-769548550,Gücük,settlement,wash,38.25000,37.25000,1918,2000,0,643.5,https://pleiades.stoa.org/places/769548550,
pl-668200,Asharne,settlement,pin,35.28333,36.40000,-2000,2099,0,643.6,https://pleiades.stoa.org/places/668200,
pl-229782807,Odeon of Philippopolis,odeon,pin,42.14350,24.75030,-30,300,0,643.8,https://pleiades.stoa.org/places/229782807,
pl-668179,*Adana,settlement,pin,35.72784,36.67253,300,640,0,643.8,https://pleiades.stoa.org/places/668179,
pl-570537,Orneai,settlement,pin,37.71785,22.54728,-550,-30,0,643.9,https://pleiades.stoa.org/places/570537,
pl-216927,Philippopolis/Trimontium,settlement,pin,42.14559,24.74947,-330,2099,0,644.0,https://pleiades.stoa.org/places/216927,
pl-229714163,Roman theater of Philippopolis,theatre,pin,42.14694,24.75122,-30,2099,0,644.0,https://pleiades.stoa.org/places/229714163,
pl-669690,Untitled,bridge,pin,35.29433,36.41240,-30,640,0,644.0,https://pleiades.stoa.org/places/669690,
pl-282029780,Tower of Amfikleia,tower-single,pin,38.64241,22.58134,640,1453,0,644.1,https://pleiades.stoa.org/places/282029780,
pl-925968978,Stadium of Philippopolis,stadion,pin,42.14772,24.74808,2000,2099,0,644.2,https://pleiades.stoa.org/places/925968978,
pl-491556,Brea,settlement,pin,40.28804,23.12941,-550,300,0,644.4,https://pleiades.stoa.org/places/491556,
pl-845065,Skopelos (mountain),"mountain, label, cape",pin,42.03333,35.20000,-30,2100,0,644.5,https://pleiades.stoa.org/places/845065,
pl-688460609,Ḫazāzu,"settlement, settlement-modern",pin,36.58646,37.04643,1700,2100,0,644.5,https://pleiades.stoa.org/places/688460609,
pl-570407,Laconicus Sinus,water-open,pin,36.56128,22.76135,-30,2100,0,644.5,https://pleiades.stoa.org/places/570407,
pl-541034,Phalara,settlement,pin,38.91379,22.62257,-550,640,0,644.6,https://pleiades.stoa.org/places/541034,
pl-541153,Tithronion,settlement,pin,38.67533,22.58107,-550,300,0,644.6,https://pleiades.stoa.org/places/541153,
pl-543727,Hypereia (spring),"unlocated, spring, archaeological-site, monument",pin,39.38432,22.74254,-30,2099,0,644.6,https://pleiades.stoa.org/places/543727,
pl-786277755,Temple of Enodia,"sanctuary, temple-2",pin,39.38930,22.74237,-550,2099,0,644.8,https://pleiades.stoa.org/places/786277755,
pl-658560,Orontes (river),river,pin,35.37838,36.47813,-1000,2100,0,644.8,https://pleiades.stoa.org/places/658560,
pl-857304,Sarakene,"region, label",pin,41.37704,35.89901,-330,300,0,644.9,https://pleiades.stoa.org/places/857304,
pl-857095,Comana Pontica/Hierocaesarea,"settlement, archaeological-site",pin,40.35761,36.63869,-330,640,0,644.9,https://pleiades.stoa.org/places/857095,
pl-763750643,Paleoskala,"settlement, archaeological-site",pin,39.53670,22.78792,-10000,-3300,0,645.0,https://pleiades.stoa.org/places/763750643,
pl-501532,Odomantes,"region, label, people",pin,41.01570,23.59671,,,0,645.0,https://pleiades.stoa.org/places/501532,
pl-661388,Untitled,road,wash,36.76624,37.10977,-30,640,0,645.3,https://pleiades.stoa.org/places/661388,
pl-668355,Ruweiha,"tomb, settlement, church",pin,35.74085,36.69929,300,2099,0,645.4,https://pleiades.stoa.org/places/668355,
pl-570566,Parthenion (mountain),mountain,pin,37.46667,22.55000,1700,2100,0,645.6,https://pleiades.stoa.org/places/570566,
pl-991387,Aegyptus Iovia,province,wash,32.50000,27.50000,,,0,645.6,https://pleiades.stoa.org/places/991387,
pl-991388,Libya Inferior,province,wash,32.50000,27.50000,,,0,645.6,https://pleiades.stoa.org/places/991388,
pl-1001950,Libye he Kato,province,wash,32.50000,27.50000,,,0,645.6,https://pleiades.stoa.org/places/1001950,
pl-501374,Berge,settlement,pin,40.91098,23.50825,-750,300,0,645.7,https://pleiades.stoa.org/places/501374,
pl-668372,Simyra?,"settlement, archaeological-site",pin,34.70848,35.98622,-2000,640,0,645.7,https://pleiades.stoa.org/places/668372,
pl-540848,Kallidromon,fort,pin,38.78215,22.58373,-550,-30,0,645.8,https://pleiades.stoa.org/places/540848,
pl-540624,Alpenos,settlement,pin,38.80185,22.58608,-750,640,0,645.9,https://pleiades.stoa.org/places/540624,
pl-501534,Oldenoi,settlement,pin,41.02925,23.59547,-30,300,0,645.9,https://pleiades.stoa.org/places/501534,
pl-216863,Kazanluk,tumulus,pin,42.61872,25.39446,-330,-30,0,646.6,https://pleiades.stoa.org/places/216863,
pl-540728,"Demeter, T.",temple-2,pin,38.63555,22.55235,-750,2099,0,646.6,https://pleiades.stoa.org/places/540728,
pl-725486993,Tell Afis,"settlement, archaeological-site",pin,35.90397,36.79853,-1200,2100,0,646.7,https://pleiades.stoa.org/places/725486993,
pl-857281,Pida,station,pin,40.71986,36.44012,-30,640,0,646.8,https://pleiades.stoa.org/places/857281,
pl-668273,Jerade,settlement,pin,35.73172,36.71183,300,640,0,646.8,https://pleiades.stoa.org/places/668273,
pl-540871,Knemis (mountain),"mountain, label",pin,38.74127,22.56456,,,0,646.9,https://pleiades.stoa.org/places/540871,
pl-658442,Ciliza/Urmagiganti,settlement,pin,36.71635,37.11413,-30,2000,0,646.9,https://pleiades.stoa.org/places/658442,
pl-405244946,Thracian Tomb of Kazanlak,tomb,pin,42.62590,25.39915,-330,-30,0,647.0,https://pleiades.stoa.org/places/405244946,
pl-570121,Artemision (mountain),mountain,pin,37.61978,22.51488,-30,2100,0,647.3,https://pleiades.stoa.org/places/570121,
pl-540770,Erochos,settlement,pin,38.62369,22.54090,-750,640,0,647.4,https://pleiades.stoa.org/places/540770,
pl-628983,Gökkaya,cemetery,pin,40.03765,36.83608,-30,640,0,647.5,https://pleiades.stoa.org/places/628983,
pl-519794781,Tserli,"farm, archaeological-site",pin,39.54967,22.76140,-330,-30,0,647.7,https://pleiades.stoa.org/places/519794781,
pl-501614,Siriopaiones,"label, people",pin,41.08754,23.61679,,,0,647.7,https://pleiades.stoa.org/places/501614,
pl-502832,Untitled,bridge,wash,41.25000,23.75000,-30,640,0,647.7,https://pleiades.stoa.org/places/502832,
pl-502833,Untitled,bridge,wash,41.25000,23.75000,-30,640,0,647.7,https://pleiades.stoa.org/places/502833,
pl-502834,Untitled,bridge,wash,41.25000,23.75000,-30,640,0,647.7,https://pleiades.stoa.org/places/502834,
pl-502835,Untitled,bridge,wash,41.25000,23.75000,-30,640,0,647.7,https://pleiades.stoa.org/places/502835,
pl-216981,Seuthopolis,settlement,pin,42.61227,25.36293,-330,-30,0,647.8,https://pleiades.stoa.org/places/216981,
pl-570291,Hermai,temple,pin,37.32399,22.54309,-750,300,0,647.9,https://pleiades.stoa.org/places/570291,
pl-540883,Korykion Antron (Parnassos),"sanctuary, cave",pin,38.51592,22.52153,-750,2100,0,647.9,https://pleiades.stoa.org/places/540883,
pl-629053,Pagrum,station,pin,38.23886,37.30156,-30,640,0,648.0,https://pleiades.stoa.org/places/629053,
pl-491669,Mygdonia,"region, label",pin,40.59512,23.26227,-550,300,0,648.1,https://pleiades.stoa.org/places/491669,
pl-501656,Vălkosel,settlement,pin,41.51552,23.98377,-330,640,0,648.1,https://pleiades.stoa.org/places/501656,
pl-629108,Zoana,settlement,pin,39.40827,37.09181,-30,300,0,648.2,https://pleiades.stoa.org/places/629108,
pl-491615,‘Heracleustibus’,station,pin,40.64954,23.29550,-30,640,0,648.2,https://pleiades.stoa.org/places/491615,
pl-629038,Melas (river),river,wash,38.75000,37.25000,-30,640,0,648.3,https://pleiades.stoa.org/places/629038,
pl-362814927,Uršu/Waršuwa,"unlocated, settlement",wash,37.25000,37.25000,-2950,-330,0,648.3,https://pleiades.stoa.org/places/362814927,
pl-540743,Drymaia,settlement,pin,38.70616,22.54099,-750,640,0,648.4,https://pleiades.stoa.org/places/540743,
pl-570678,Skotitas,"region, label",pin,37.31696,22.53784,,,0,648.4,https://pleiades.stoa.org/places/570678,
pl-628982,Gauraina,settlement,pin,38.72293,37.25749,-1000,640,0,648.5,https://pleiades.stoa.org/places/628982,
pl-549905270,Usi,"unlocated, settlement, fort",wash,38.72293,37.25749,-720,-540,0,648.5,https://pleiades.stoa.org/places/549905270,
pl-988674926,Ellibir,"unlocated, settlement, fort",wash,38.72293,37.25749,-720,-540,0,648.5,https://pleiades.stoa.org/places/988674926,
pl-359593043,Usian,"unlocated, settlement, fort",wash,38.72293,37.25749,-720,-540,0,648.5,https://pleiades.stoa.org/places/359593043,
pl-570088,Apelauron,pass,pin,37.84869,22.48757,-330,-30,0,648.6,https://pleiades.stoa.org/places/570088,
pl-930907033,Levant (region),region,wash,34.31154,35.65166,,,0,648.6,https://pleiades.stoa.org/places/930907033,
pl-570630,Prinos,pass,pin,37.60579,22.50122,,,0,648.6,https://pleiades.stoa.org/places/570630,
pl-541086,Rhodountia,fort,pin,38.77184,22.54912,-550,-30,0,648.7,https://pleiades.stoa.org/places/541086,
pl-513711610,Temple of Athena Pronaia,temple-2,pin,38.48013,22.50837,-750,2100,0,648.7,https://pleiades.stoa.org/places/513711610,
pl-579842268,Treasury of the Massaliots,treasure-house,pin,38.48013,22.50806,-600,2099,0,648.8,https://pleiades.stoa.org/places/579842268,
pl-274083926,Tholos of Athena Pronaia,temple-2,pin,38.48015,22.50787,-400,2099,0,648.8,https://pleiades.stoa.org/places/274083926,
pl-164931929,Gymnasium at Delphi,gymnasium,pin,38.48150,22.50590,,,0,649.0,https://pleiades.stoa.org/places/164931929,
pl-203037083,Castalian spring,spring,pin,38.48305,22.50542,-550,2100,0,649.0,https://pleiades.stoa.org/places/203037083,
pl-216865,Krobyzoi,"label, people",pin,43.70039,28.24436,-30,300,0,649.1,https://pleiades.stoa.org/places/216865,
pl-857171,Iris (river),river,pin,40.58387,36.55682,-550,2100,0,649.1,https://pleiades.stoa.org/places/857171,
pl-671198,Untitled,centuriation,wash,35.75000,36.75000,-30,300,0,649.1,https://pleiades.stoa.org/places/671198,
pl-857270,Phanaroia,"plain, label",pin,40.72872,36.46537,-330,1599,0,649.2,https://pleiades.stoa.org/places/857270,
pl-658536,Minnica,station,pin,36.52087,37.08161,-30,300,0,649.3,https://pleiades.stoa.org/places/658536,
pl-333036425,The Siphnian Treasury,treasury,pin,38.48162,22.50157,-550,2100,0,649.3,https://pleiades.stoa.org/places/333036425,
pl-540726,Delphi,"sanctuary, settlement",pin,38.48229,22.50117,-750,2100,0,649.4,https://pleiades.stoa.org/places/540726,
pl-661181030,Lesche of the Cnidians (Delphi),lesche,pin,38.48304,22.50110,-30,300,0,649.4,https://pleiades.stoa.org/places/661181030,
pl-333036424,Theater at Delphi,theatre,pin,38.48255,22.50050,-550,300,0,649.4,https://pleiades.stoa.org/places/333036424,
pl-630032554,Kirphis (Mountain),mountain,pin,38.46200,22.49900,-330,2099,0,649.4,https://pleiades.stoa.org/places/630032554,
pl-464482219,Temple of Apollo at Delphi,temple-2,pin,38.48232,22.50122,-750,2100,0,649.4,https://pleiades.stoa.org/places/464482219,
pl-193878353,Kizkapanli,"findspot, archaeological-site, settlement-modern",pin,37.39518,37.28509,1700,2100,0,649.4,https://pleiades.stoa.org/places/193878353,
pl-707804475,Athenian Treasury at Delphi,treasury,pin,38.48182,22.50127,-550,2100,0,649.4,https://pleiades.stoa.org/places/707804475,
pl-541140,Thermopylae,"fort, pass",pin,38.79600,22.54364,-550,2100,0,649.5,https://pleiades.stoa.org/places/541140,
pl-857065,Boinasa,station,pin,40.80059,36.41980,-30,2099,0,649.5,https://pleiades.stoa.org/places/857065,
pl-216926,Peroushtitsa,church,pin,42.05725,24.54720,300,640,0,649.6,https://pleiades.stoa.org/places/216926,
pl-991372,"Achaia (province, late)",province-2,wash,37.50000,22.50000,,,0,649.6,https://pleiades.stoa.org/places/991372,
pl-1001895,Thessalia,province,wash,37.50000,22.50000,,,0,649.6,https://pleiades.stoa.org/places/1001895,
pl-991373,Creta,diocese-roman,wash,37.50000,22.50000,,,0,649.6,https://pleiades.stoa.org/places/991373,
pl-991374,Thessalia (late Roman province),province-2,wash,37.50000,22.50000,,,0,649.6,https://pleiades.stoa.org/places/991374,
pl-1001896,Hellas (Late Roman province),province-2,wash,37.50000,22.50000,-550,2100,0,649.6,https://pleiades.stoa.org/places/1001896,
pl-1001897,Krete,province-2,wash,37.50000,22.50000,,,0,649.6,https://pleiades.stoa.org/places/1001897,
pl-1001898,Palaia Epeiros,province-2,wash,37.50000,22.50000,,,0,649.6,https://pleiades.stoa.org/places/1001898,
pl-333036426,Stadium of Delphi,stadion,pin,38.48201,22.49711,-30,300,0,649.7,https://pleiades.stoa.org/places/333036426,
pl-491645,Krousis,"region, label",pin,40.34094,23.09242,,,0,649.7,https://pleiades.stoa.org/places/491645,
pl-216759,Celaletae Maiores,"label, people",pin,42.69740,25.46294,-30,300,0,650.0,https://pleiades.stoa.org/places/216759,
pl-114689183,Terpni/Paliokastro,"settlement, archaeological-site",pin,40.90530,23.44595,-30,2099,0,650.1,https://pleiades.stoa.org/places/114689183,
pl-529934476,Phocian Wall,defensive-wall,pin,38.79424,22.53676,,,0,650.1,https://pleiades.stoa.org/places/529934476,
pl-668394,Tripolis,"urban, theatre, fort-group, pass, cemetery, bath, church, settlement, temple, road",pin,34.44900,35.81200,-1344,2000,0,650.2,https://pleiades.stoa.org/places/668394,
pl-629049,Osdara,settlement,pin,38.24064,37.32838,-30,300,0,650.3,https://pleiades.stoa.org/places/629049,
pl-791881840,Acropolis of Lilaia,acropolis,pin,38.62576,22.50629,,,0,650.4,https://pleiades.stoa.org/places/791881840,
pl-668309,Marsya?,settlement,pin,35.07020,36.33956,-30,640,0,650.4,https://pleiades.stoa.org/places/668309,
pl-501414,Euporia,settlement,pin,41.06677,23.56234,-330,640,0,650.5,https://pleiades.stoa.org/places/501414,
pl-324369908,Lake Stymphalia,lake,pin,37.85534,22.46492,1700,2100,0,650.5,https://pleiades.stoa.org/places/324369908,
pl-570362,Klimax,pass,pin,37.66786,22.47417,,,0,650.6,https://pleiades.stoa.org/places/570362,
pl-570286,Helos?,settlement,pin,36.84325,22.60754,-750,300,0,650.7,https://pleiades.stoa.org/places/570286,
pl-570334,Karyai?,settlement,pin,37.28873,22.51597,-750,300,0,650.7,https://pleiades.stoa.org/places/570334,
pl-540862,Kerkineion,settlement,pin,39.60735,22.74549,-750,640,0,650.7,https://pleiades.stoa.org/places/540862,
pl-541085,Rhizous,settlement,pin,39.80726,22.82364,-550,300,0,650.7,https://pleiades.stoa.org/places/541085,
pl-958299306,Theater at Stymphalos,theatre,pin,37.86069,22.46287,-550,300,0,650.7,https://pleiades.stoa.org/places/958299306,
pl-629094,Tavra,cemetery,pin,39.78470,36.98739,-30,640,0,650.8,https://pleiades.stoa.org/places/629094,
pl-491516,Aisa,settlement,pin,40.30927,23.06037,-550,-330,0,650.9,https://pleiades.stoa.org/places/491516,
pl-708431251,Manṣuāte,"settlement, settlement-modern",pin,35.06624,36.34331,-1000,2100,0,650.9,https://pleiades.stoa.org/places/708431251,
pl-540915,Lilaia,settlement,pin,38.63198,22.50127,-550,300,0,651.0,https://pleiades.stoa.org/places/540915,
pl-541128,Teichious,settlement,pin,38.78451,22.52388,-550,-30,0,651.0,https://pleiades.stoa.org/places/541128,
pl-570696,Stymphalos,settlement,pin,37.85935,22.45950,-750,300,0,651.0,https://pleiades.stoa.org/places/570696,
pl-586301784,Palace G at Ebla,"findspot, archaeological-site, palace",pin,35.79794,36.79801,-2950,-2350,0,651.0,https://pleiades.stoa.org/places/586301784,
pl-869702586,Ebla,"settlement, archaeological-site",pin,35.79902,36.79833,-4000,2100,0,651.0,https://pleiades.stoa.org/places/869702586,
pl-290225048,Zaraka Monastery,monastery,pin,37.86693,22.45790,1100,1199,0,651.1,https://pleiades.stoa.org/places/290225048,
pl-570753,Trinasos,fort,pin,36.79918,22.61299,-550,-30,0,651.2,https://pleiades.stoa.org/places/570753,
pl-668205,Baitokaike,sanctuary,pin,34.93078,36.24534,-30,300,0,651.2,https://pleiades.stoa.org/places/668205,
pl-570105,Argon Pedion,"plain, label",pin,37.64918,22.46595,-30,300,0,651.4,https://pleiades.stoa.org/places/570105,
pl-540899,Kytinion,settlement,pin,38.71539,22.50877,-550,300,0,651.4,https://pleiades.stoa.org/places/540899,
pl-668319,Nikertai,settlement,pin,35.63811,36.71724,300,640,0,651.4,https://pleiades.stoa.org/places/668319,
pl-570447,Lyrkeion (mountain),"mountain, label",pin,37.70488,22.46107,2000,2099,0,651.5,https://pleiades.stoa.org/places/570447,
pl-991396,Palaestina (province),province-2,wash,32.50000,32.50000,,,0,651.5,https://pleiades.stoa.org/places/991396,
pl-1001136,Anatolike,province,wash,32.50000,32.50000,,,0,651.5,https://pleiades.stoa.org/places/1001136,
pl-1001943,Aigyptos,province,wash,32.50000,32.50000,,,0,651.5,https://pleiades.stoa.org/places/1001943,
pl-1001944,Augoustamnike I,province-2,wash,32.50000,32.50000,,,0,651.5,https://pleiades.stoa.org/places/1001944,
pl-1001945,Augoustamnike II,province,wash,32.50000,32.50000,,,0,651.5,https://pleiades.stoa.org/places/1001945,
pl-668390,Theou Prosopon/Lithoprosopon Pr.,cape,pin,34.27839,35.66049,-330,2100,0,651.6,https://pleiades.stoa.org/places/668390,
pl-122919705,Arpadda,settlement,pin,36.47258,37.09474,-1000,2100,0,651.8,https://pleiades.stoa.org/places/122919705,
pl-491547,Bisaltia,"region, label",pin,40.95531,23.46035,,,0,651.8,https://pleiades.stoa.org/places/491547,
pl-658630,Tyba/Deba?,settlement,pin,37.32600,37.30415,-330,300,0,651.9,https://pleiades.stoa.org/places/658630,
pl-570062,Alea,settlement,pin,37.79467,22.45078,-550,300,0,652.0,https://pleiades.stoa.org/places/570062,
pl-217061,Voivoda,settlement,pin,43.45082,27.12358,300,640,0,652.0,https://pleiades.stoa.org/places/217061,
pl-570507,Nestane,"settlement, archaeological-site",pin,37.61620,22.46202,-550,-30,0,652.0,https://pleiades.stoa.org/places/570507,
pl-668253,Goba,settlement,pin,35.61553,36.71281,300,640,0,652.0,https://pleiades.stoa.org/places/668253,
pl-629075,Sebasteia/Megalopolis?/Talaura?,settlement,pin,39.74902,37.01661,-1750,2000,0,652.1,https://pleiades.stoa.org/places/629075,
pl-540709,Charadra,settlement,pin,38.64094,22.48957,-550,640,0,652.1,https://pleiades.stoa.org/places/540709,
pl-668384,*Telmenissos/Maratomyrton?,station,pin,35.66399,36.74130,-30,640,0,652.2,https://pleiades.stoa.org/places/668384,
pl-630427,Untitled,road,wash,39.00000,37.25000,,,0,652.4,https://pleiades.stoa.org/places/630427,
pl-630428,Untitled,road,wash,39.00000,37.25000,,,0,652.4,https://pleiades.stoa.org/places/630428,
pl-630429,Untitled,road,wash,39.00000,37.25000,,,0,652.4,https://pleiades.stoa.org/places/630429,
pl-630431,Untitled,road,wash,39.00000,37.25000,,,0,652.4,https://pleiades.stoa.org/places/630431,
pl-630432,Untitled,road,wash,39.00000,37.25000,,,0,652.4,https://pleiades.stoa.org/places/630432,
pl-630433,Untitled,road,wash,39.00000,37.25000,,,0,652.4,https://pleiades.stoa.org/places/630433,
pl-630434,Untitled,road,wash,39.00000,37.25000,,,0,652.4,https://pleiades.stoa.org/places/630434,
pl-630435,Untitled,road,wash,39.00000,37.25000,,,0,652.4,https://pleiades.stoa.org/places/630435,
pl-630436,Untitled,road,wash,39.00000,37.25000,,,0,652.4,https://pleiades.stoa.org/places/630436,
pl-630438,Untitled,road,wash,39.00000,37.25000,,,0,652.4,https://pleiades.stoa.org/places/630438,
pl-630439,Untitled,road,wash,39.00000,37.25000,,,0,652.4,https://pleiades.stoa.org/places/630439,
pl-630440,Untitled,road,wash,39.00000,37.25000,,,0,652.4,https://pleiades.stoa.org/places/630440,
pl-630441,Roads: Melitene → Kerar Kale →,road,wash,39.00000,37.25000,,,0,652.4,https://pleiades.stoa.org/places/630441,
pl-630442,Untitled,road,wash,39.00000,37.25000,,,0,652.4,https://pleiades.stoa.org/places/630442,
pl-630443,Untitled,road,wash,39.00000,37.25000,,,0,652.4,https://pleiades.stoa.org/places/630443,
pl-630444,Untitled,road,wash,39.00000,37.25000,,,0,652.4,https://pleiades.stoa.org/places/630444,
pl-630445,Untitled,road,wash,39.00000,37.25000,,,0,652.4,https://pleiades.stoa.org/places/630445,
pl-540640,Anthela,"shrine, archaeological-site",pin,38.79790,22.51040,-550,300,0,652.4,https://pleiades.stoa.org/places/540640,
pl-668361,Saisaniye,settlement,pin,34.79703,36.15318,300,640,0,652.4,https://pleiades.stoa.org/places/668361,
pl-491732,Strepsa,settlement,pin,40.48320,23.13851,-550,-30,0,652.5,https://pleiades.stoa.org/places/491732,
pl-668277,Kalamos,settlement,pin,34.38574,35.78651,-330,300,0,652.7,https://pleiades.stoa.org/places/668277,
pl-540889,Krisa,"settlement, archaeological-site, acropolis",pin,38.46540,22.45957,-750,300,0,652.9,https://pleiades.stoa.org/places/540889,
pl-275382665,Oylum,"settlement, archaeological-site",pin,36.69818,37.17877,-5500,2100,0,652.9,https://pleiades.stoa.org/places/275382665,
pl-658597,Sicos Basilisses,station,pin,37.41153,37.33086,-30,640,0,653.2,https://pleiades.stoa.org/places/658597,
pl-501616,Sirra,settlement,pin,41.08798,23.54245,-550,2099,0,653.2,https://pleiades.stoa.org/places/501616,
pl-541118,Sykyrion,settlement,pin,39.71000,22.75353,-750,640,0,653.3,https://pleiades.stoa.org/places/541118,
pl-491522,Anthemous (river),river,pin,40.48052,23.12705,2000,2099,0,653.3,https://pleiades.stoa.org/places/491522,
pl-668214,Botrys,settlement,pin,34.25356,35.65973,-330,640,0,653.3,https://pleiades.stoa.org/places/668214,
pl-668392,Trieres,settlement,pin,34.30402,35.71452,-330,640,0,653.4,https://pleiades.stoa.org/places/668392,
pl-857266,Pedachthoe/Herakleioupolis,settlement,pin,40.10867,36.87502,-30,640,0,653.5,https://pleiades.stoa.org/places/857266,
pl-857023,Amisene/Saramene,"district, label",pin,41.21465,36.15867,-330,300,0,653.5,https://pleiades.stoa.org/places/857023,
pl-658428,Catabana,settlement,pin,37.46741,37.34102,-30,640,0,653.5,https://pleiades.stoa.org/places/658428,
pl-491673,Nikoklei,settlement,pin,40.93498,23.42397,-30,300,0,653.5,https://pleiades.stoa.org/places/491673,
pl-857169,Ibora,"settlement, settlement-modern",pin,40.61689,36.59330,300,2099,0,653.6,https://pleiades.stoa.org/places/857169,
pl-540868,Kirra,"settlement, archaeological-site",pin,38.42958,22.44555,-750,1999,0,653.8,https://pleiades.stoa.org/places/540868,
pl-668265,Houad,settlement,pin,35.29674,36.54053,300,640,0,653.8,https://pleiades.stoa.org/places/668265,
pl-540767,Eretria (Thessaly),"defensive-wall, settlement",pin,39.29195,22.60593,-750,300,0,653.9,https://pleiades.stoa.org/places/540767,
pl-668252,Gigarta,settlement,pin,34.27700,35.69391,-330,640,0,653.9,https://pleiades.stoa.org/places/668252,
pl-570253,Garates (river),river,pin,37.45186,22.45421,1900,2099,0,654.1,https://pleiades.stoa.org/places/570253,
pl-540718,Crisaeus Sinus,"water-open, bay",pin,38.39966,22.43906,1900,2099,0,654.1,https://pleiades.stoa.org/places/540718,
pl-540784,Eurymenai,"settlement, settlement-modern",pin,39.83321,22.79224,-330,2099,0,654.2,https://pleiades.stoa.org/places/540784,
pl-541075,Prophitis Elias,quarry,pin,38.50464,22.44829,-550,300,0,654.2,https://pleiades.stoa.org/places/541075,
pl-570064,Alesion (mountain),"mountain, label",pin,37.64224,22.43369,,,0,654.3,https://pleiades.stoa.org/places/570064,
pl-857216,Lykastos (river),river,pin,41.16657,36.21080,-550,2099,0,654.4,https://pleiades.stoa.org/places/857216,
pl-491523,Antigoneia,settlement,pin,40.37994,23.05341,-330,300,0,654.5,https://pleiades.stoa.org/places/491523,
pl-491602,Gigonos,settlement,pin,40.32628,23.02276,-550,-330,0,654.6,https://pleiades.stoa.org/places/491602,
pl-540853,Karandai,fort,pin,39.11234,22.54949,-330,-30,0,654.7,https://pleiades.stoa.org/places/540853,
pl-570385,Krokeai,settlement,pin,36.88486,22.54845,-750,300,0,654.8,https://pleiades.stoa.org/places/570385,
pl-541025,Pereia,settlement,pin,39.14113,22.55517,-750,640,0,654.8,https://pleiades.stoa.org/places/541025,
pl-658445,Cyrrestice,"region, label",pin,36.83559,37.23867,-330,640,0,654.8,https://pleiades.stoa.org/places/658445,
pl-852535992,Horoztepe Bronze Age Settlement and Necropolis,"settlement, cemetery",pin,40.66761,36.57876,-4000,2099,0,654.9,https://pleiades.stoa.org/places/852535992,
pl-540585,Achaea Phthiotis,"region, label",pin,39.05279,22.53241,,,0,654.9,https://pleiades.stoa.org/places/540585,
pl-570594,Phelloe,settlement,pin,38.07755,22.41394,,,0,654.9,https://pleiades.stoa.org/places/570594,
pl-443243858,Horoztepe,tumulus,pin,40.66751,36.57822,-4000,-2000,0,654.9,https://pleiades.stoa.org/places/443243858,
pl-190803325,Ašḫāni,"settlement, settlement-modern",pin,35.44007,36.64711,-1200,2100,0,655.0,https://pleiades.stoa.org/places/190803325,
pl-540957,Narthakion,settlement,pin,38.95064,22.50883,-550,300,0,655.1,https://pleiades.stoa.org/places/540957,
pl-491637,Kithas,settlement,pin,40.39671,23.05591,-550,-330,0,655.1,https://pleiades.stoa.org/places/491637,
pl-368753598,Ostrusha mound,tumulus,pin,42.68983,25.35098,1900,2099,0,655.2,https://pleiades.stoa.org/places/368753598,
pl-543756,Koroneia,settlement,wash,39.05835,22.53113,-750,300,0,655.2,https://pleiades.stoa.org/places/543756,
pl-570379,Kranae (island),island,pin,36.75411,22.57397,-30,2100,0,655.6,https://pleiades.stoa.org/places/570379,
pl-540840,Itea,church,pin,38.43440,22.42517,300,640,0,655.6,https://pleiades.stoa.org/places/540840,
pl-920972287,Tomb of Epaminondas,tomb,pin,37.58610,22.42157,-550,2100,0,655.7,https://pleiades.stoa.org/places/920972287,
pl-572298,Krokeai (quarry),quarry,pin,36.88000,22.54000,-30,300,0,655.7,https://pleiades.stoa.org/places/572298,
pl-491629,Kapatsi,settlement,pin,40.94824,23.40369,-30,300,0,655.7,https://pleiades.stoa.org/places/491629,
pl-570473,Melangeia,settlement,pin,37.64261,22.41663,-30,2099,0,655.8,https://pleiades.stoa.org/places/570473,
pl-570610,Phylake,settlement,pin,37.33132,22.45072,,,0,655.8,https://pleiades.stoa.org/places/570610,
pl-216744,Callatis,"settlement, port",pin,43.81715,28.58275,-550,2099,0,655.9,https://pleiades.stoa.org/places/216744,
pl-540691,Boion,settlement,pin,38.65814,22.44741,-550,640,0,656.0,https://pleiades.stoa.org/places/540691,
pl-501540,Oreini,fort-2,pin,41.19685,23.59154,-30,1999,0,656.0,https://pleiades.stoa.org/places/501540,
pl-540662,Armenion,settlement,pin,39.48345,22.63912,-750,640,0,656.1,https://pleiades.stoa.org/places/540662,
pl-668325,Orthosia,settlement,pin,34.51088,35.95477,-330,640,0,656.1,https://pleiades.stoa.org/places/668325,
pl-953624202,Theater of Tegea,theatre,pin,37.46405,22.42939,-330,300,0,656.2,https://pleiades.stoa.org/places/953624202,
pl-570268,Gyth(e)ion,"settlement, port, theatre, bath",pin,36.76366,22.56234,-750,640,0,656.3,https://pleiades.stoa.org/places/570268,
pl-570391,Kyllene (mountain),mountain,pin,37.93972,22.39693,-30,2100,0,656.3,https://pleiades.stoa.org/places/570391,
pl-573169,Chelydorea (mountain),"unlocated, mountain",wash,37.93972,22.39693,-30,300,0,656.3,https://pleiades.stoa.org/places/573169,
pl-288803012,Basilica of Thyrsos,church,pin,37.46378,22.42662,300,640,0,656.4,https://pleiades.stoa.org/places/288803012,
pl-658433,Chaonia/Channunia,station,pin,36.87964,37.26825,-30,640,0,656.4,https://pleiades.stoa.org/places/658433,
pl-570416,Larysion (mountain),mountain,pin,36.75400,22.56400,-30,2099,0,656.4,https://pleiades.stoa.org/places/570416,
pl-729173008,Documaci tumulus,"cemetery, tumulus",pin,43.81552,28.53577,-330,2099,0,656.5,https://pleiades.stoa.org/places/729173008,
pl-540631,Amyros,settlement,pin,39.66033,22.69343,-750,2099,0,656.7,https://pleiades.stoa.org/places/540631,
pl-219059935,Tomb of Orestes (Sparta),"tomb, temple-2",pin,37.00100,22.50000,2000,2099,0,656.7,https://pleiades.stoa.org/places/219059935,
pl-252314017,Sanctuary of Poseidon Hippios (Mantineia),temple-2,pin,37.60256,22.40816,,,0,656.8,https://pleiades.stoa.org/places/252314017,
pl-540653,"Apollo Nasiotas, T.","temple-2, island",pin,38.37693,22.40435,-550,2099,0,657.0,https://pleiades.stoa.org/places/540653,
pl-372843530,Temple of Athena Alea at Tegea,"sanctuary, temple-2",pin,37.45548,22.42040,-750,2099,0,657.0,https://pleiades.stoa.org/places/372843530,
pl-570707,Tegea,settlement,pin,37.45530,22.42067,-750,640,0,657.0,https://pleiades.stoa.org/places/570707,
pl-658546,Niara,settlement,pin,36.43264,37.14439,-1000,640,0,657.1,https://pleiades.stoa.org/places/658546,
pl-585148249,Tomb of Seuthes III,tumulus,pin,42.70007,25.33344,-330,-30,0,657.1,https://pleiades.stoa.org/places/585148249,
pl-857128,Gadilon/Helega?,settlement,pin,41.57133,35.89402,-330,2099,0,657.3,https://pleiades.stoa.org/places/857128,
pl-668292,Larissa/Sizara,"settlement, settlement-modern",pin,35.26634,36.56645,-1344,2100,0,657.3,https://pleiades.stoa.org/places/668292,
pl-491743,Tinde,settlement,pin,40.39522,23.02639,-550,-330,0,657.4,https://pleiades.stoa.org/places/491743,
pl-570530,Olygyrtos (mountain),mountain,pin,37.80656,22.38676,1700,2100,0,657.5,https://pleiades.stoa.org/places/570530,
pl-570248,Eurotas (river),river,pin,37.05773,22.47818,-30,2100,0,657.6,https://pleiades.stoa.org/places/570248,
pl-668215,Bruttus,station,pin,34.51620,35.98054,300,640,0,657.6,https://pleiades.stoa.org/places/668215,
pl-857313,Seramisa,station,pin,40.46169,36.74030,300,640,0,657.8,https://pleiades.stoa.org/places/857313,
pl-541157,Trachis/Herakleia,settlement,pin,38.79204,22.44758,-750,640,0,657.8,https://pleiades.stoa.org/places/541157,
pl-570744,Trachy (mountain),"mountain, label",pin,37.74199,22.38720,,,0,657.8,https://pleiades.stoa.org/places/570744,
pl-570459,Mantineia/Antigoneia,settlement,pin,37.61738,22.39258,-750,300,0,658.0,https://pleiades.stoa.org/places/570459,
pl-570043,Aigeira,settlement,pin,38.12855,22.37820,-750,640,0,658.1,https://pleiades.stoa.org/places/570043,
pl-686869856,Theater of Aigeira,theatre,pin,38.12850,22.37766,-330,-30,0,658.1,https://pleiades.stoa.org/places/686869856,
pl-541030,Peuma(ta),settlement,pin,39.20101,22.53210,-750,300,0,658.1,https://pleiades.stoa.org/places/541030,
pl-668353,Rayan,settlement,pin,35.80665,36.89111,300,640,0,658.2,https://pleiades.stoa.org/places/668353,
pl-647277379,Dülük Baba Tepesi,mountain,pin,37.12814,37.34396,2000,2099,0,658.3,https://pleiades.stoa.org/places/647277379,
pl-629588005,Amphissa Tholos,tomb,pin,38.51302,22.40174,-2000,2099,0,658.3,https://pleiades.stoa.org/places/629588005,
pl-221263554,Salandona,unknown,wash,37.96558,37.42734,300,640,0,658.4,https://pleiades.stoa.org/places/221263554,
pl-658439,Cilca Novum,station,pin,37.96558,37.42734,300,640,0,658.4,https://pleiades.stoa.org/places/658439,
pl-658455,Doliche,"settlement, archaeological-site",pin,37.12779,37.34523,-30,2100,0,658.4,https://pleiades.stoa.org/places/658455,
pl-132051959,Zitānu,"settlement, settlement-modern",pin,36.05827,37.01257,1700,2100,0,658.4,https://pleiades.stoa.org/places/132051959,
pl-540704,Chaleion,settlement,pin,38.37800,22.38728,-750,2100,0,658.5,https://pleiades.stoa.org/places/540704,
pl-570335,Karyai?/Iasos?,settlement,pin,37.33213,22.41676,-750,-330,0,658.7,https://pleiades.stoa.org/places/570335,
pl-540740,Doris,"region, label",pin,38.72285,22.42477,-750,300,0,658.8,https://pleiades.stoa.org/places/540740,
pl-541055,Phyliadon,fort,pin,39.11470,22.50110,-550,-30,0,658.9,https://pleiades.stoa.org/places/541055,
pl-491636,Kissos (mountain),mountain,pin,40.58352,23.11838,1700,2100,0,658.9,https://pleiades.stoa.org/places/491636,
pl-403621799,"Agios Vasileios, Laconia","palace-complex, archaeological-site",pin,36.97924,22.47829,-1600,-1200,0,659.0,https://pleiades.stoa.org/places/403621799,
pl-570662,Sellasia,"ruin, settlement",pin,37.16927,22.44060,-330,300,0,659.0,https://pleiades.stoa.org/places/570662,
pl-172198383,Vapheio Tholos Tomb,"tomb, tumulus",pin,37.02031,22.46781,-2000,2100,0,659.1,https://pleiades.stoa.org/places/172198383,
pl-658366,Adatha,settlement,pin,37.70510,37.42580,-30,640,0,659.1,https://pleiades.stoa.org/places/658366,
pl-248247811,"Pagania Sanctuary (Aigies, Laconia)","sanctuary, archaeological-site",pin,36.79934,22.52031,-550,1999,0,659.1,https://pleiades.stoa.org/places/248247811,
pl-540769,Erineos,settlement,pin,38.69436,22.41574,-750,640,0,659.2,https://pleiades.stoa.org/places/540769,
pl-541004,Palaipharsalos,settlement,pin,39.28748,22.54271,-750,300,0,659.2,https://pleiades.stoa.org/places/541004,
pl-570078,Anchisia (mountain),"mountain, label",pin,37.69871,22.37256,-30,1999,0,659.3,https://pleiades.stoa.org/places/570078,
pl-570262,Geronteon (mountain),"mountain, label",pin,37.91399,22.36376,-30,300,0,659.3,https://pleiades.stoa.org/places/570262,
pl-501371,Batak,settlement,pin,41.90162,24.21745,-750,640,0,659.3,https://pleiades.stoa.org/places/501371,
pl-857019,Amazonius (mountain),"mountain, label",pin,40.88093,36.49328,-30,300,0,659.4,https://pleiades.stoa.org/places/857019,
pl-570458,Manthouria,settlement,pin,37.40959,22.39740,-750,-30,0,659.5,https://pleiades.stoa.org/places/570458,
pl-570477,Menelaion,"sanctuary, temple-2",pin,37.06574,22.45348,-750,-30,0,659.5,https://pleiades.stoa.org/places/570477,
pl-629025,Laouiansene,"region, label",pin,39.36020,37.24048,-330,300,0,659.6,https://pleiades.stoa.org/places/629025,
pl-570523,Oinous (river),river,pin,37.11021,22.44395,-330,2099,0,659.6,https://pleiades.stoa.org/places/570523,
pl-570723,Therapne,settlement,pin,37.05392,22.45570,-750,300,0,659.6,https://pleiades.stoa.org/places/570723,
pl-668270,Imperatoris Hadriani Augusti Definitio Silvarum,monument,wash,34.25000,35.75000,-30,300,0,659.6,https://pleiades.stoa.org/places/668270,
pl-668337,Phaidros? (river),river,wash,34.25000,35.75000,-330,300,0,659.6,https://pleiades.stoa.org/places/668337,
pl-678254,Klimax (mountain),mountain,wash,34.25000,35.75000,,,0,659.6,https://pleiades.stoa.org/places/678254,
pl-570591,Pharis,"settlement, settlement-modern",pin,37.02280,22.46114,-750,2099,0,659.7,https://pleiades.stoa.org/places/570591,
pl-570044,Aigiai,"settlement, archaeological-site, settlement-modern",pin,36.78751,22.51595,-750,2099,0,659.8,https://pleiades.stoa.org/places/570044,
pl-540902,Lamia,settlement,pin,38.90300,22.44259,-550,640,0,659.9,https://pleiades.stoa.org/places/540902,
pl-540818,Homilai,settlement,pin,38.76247,22.41667,-750,640,0,660.0,https://pleiades.stoa.org/places/540818,
pl-716756355,Marmara sanctuary,"sanctuary, archaeological-site",pin,38.14350,22.35666,,,0,660.0,https://pleiades.stoa.org/places/716756355,
pl-668226,Chalcis ad Belum,settlement,pin,36.00796,37.00972,-330,2100,0,660.0,https://pleiades.stoa.org/places/668226,
pl-216732,Bessapara,settlement,pin,42.10181,24.43630,-30,640,0,660.1,https://pleiades.stoa.org/places/216732,
pl-540641,Antikyra?,settlement,pin,38.85278,22.43053,-750,300,0,660.2,https://pleiades.stoa.org/places/540641,
pl-570525,Oion,settlement,pin,37.36549,22.39517,-750,300,0,660.2,https://pleiades.stoa.org/places/570525,
pl-570074,Amyklai,settlement,wash,37.03632,22.45026,-750,2099,0,660.3,https://pleiades.stoa.org/places/570074,
pl-541109,Sosthenis?,settlement,pin,38.81972,22.42273,-550,640,0,660.3,https://pleiades.stoa.org/places/541109,
pl-668350,Raphaneai,settlement,pin,34.96635,36.39298,-30,640,0,660.3,https://pleiades.stoa.org/places/668350,
pl-73644851,Sanctuary of Apollo,sanctuary,pin,37.03631,22.45027,-550,640,0,660.3,https://pleiades.stoa.org/places/73644851,
pl-201144661,Turlu Höyük,"findspot, settlement",pin,37.41331,37.41361,-10000,2099,0,660.4,https://pleiades.stoa.org/places/201144661,
pl-668186,Amyun,sanctuary,pin,34.29974,35.81588,-30,300,0,660.7,https://pleiades.stoa.org/places/668186,
pl-540630,Amphissa,settlement,pin,38.51840,22.37417,-750,640,0,660.8,https://pleiades.stoa.org/places/540630,
pl-540828,Hypnia?,settlement,pin,38.46440,22.36790,-550,2099,0,660.8,https://pleiades.stoa.org/places/540828,
pl-139216315,Temple of Artemis Orthia,temple-2,pin,37.08287,22.43511,-850,300,0,660.8,https://pleiades.stoa.org/places/139216315,
pl-104777482,Achaean League (Second),state,wash,38.01712,22.34545,2000,2099,0,660.8,https://pleiades.stoa.org/places/104777482,
pl-570738,Tiasa (river),river,pin,37.04956,22.44183,-30,2099,0,660.8,https://pleiades.stoa.org/places/570738,
pl-668198,Arca/Herakleia en Phoinike/Caesarea ad Libanum,settlement,pin,34.53309,36.04280,-330,1599,0,660.9,https://pleiades.stoa.org/places/668198,
pl-540741,Dotion Pedion,"plain, label",pin,39.58917,22.61729,-330,640,0,661.0,https://pleiades.stoa.org/places/540741,
pl-540941,Meliteia,settlement,pin,39.03840,22.45671,-750,640,0,661.2,https://pleiades.stoa.org/places/540941,
pl-570099,Arainon,"harbor, ruin, settlement, settlement-modern",pin,36.69619,22.52294,-750,2099,0,661.3,https://pleiades.stoa.org/places/570099,
pl-658581,Regia,station,pin,36.69632,37.27810,300,640,0,661.4,https://pleiades.stoa.org/places/658581,
pl-668271,Itouraioi,"label, people",pin,34.24606,35.77233,-330,640,0,661.4,https://pleiades.stoa.org/places/668271,
pl-540593,Ag. Demetrios,temple,pin,38.76873,22.39963,-550,640,0,661.6,https://pleiades.stoa.org/places/540593,
pl-628973,Eudoixata,settlement,pin,39.51808,37.21706,-30,300,0,661.8,https://pleiades.stoa.org/places/628973,
pl-757663383,Roman theater at Sparta,theatre,pin,37.08216,22.42355,-550,-330,0,661.8,https://pleiades.stoa.org/places/757663383,
pl-540930,Malis,"region, label",pin,38.85937,22.41302,,,0,661.8,https://pleiades.stoa.org/places/540930,
pl-540952,Myania,settlement,pin,38.47804,22.35774,-750,300,0,661.8,https://pleiades.stoa.org/places/540952,
pl-540993,Ossa (mountain),mountain,pin,39.79578,22.68520,-550,2100,0,661.8,https://pleiades.stoa.org/places/540993,
pl-541172,Vounous,settlement,pin,38.80952,22.40368,-550,640,0,661.8,https://pleiades.stoa.org/places/541172,
pl-543766,Larissa,"unlocated, settlement",wash,39.79578,22.68520,,,0,661.8,https://pleiades.stoa.org/places/543766,
pl-570685,Sparta,"settlement, temple, temple-2, archaeological-site",pin,37.08178,22.42467,-850,2099,0,661.8,https://pleiades.stoa.org/places/570685,
pl-668216,Byblos,"settlement, port, archaeological-site",pin,34.11925,35.64612,-6000,2100,0,661.9,https://pleiades.stoa.org/places/668216,
pl-894656845,Sanctuary of Athena Chalkioikos,"sanctuary, temple-2",pin,37.08269,22.42340,-750,-330,0,661.9,https://pleiades.stoa.org/places/894656845,
pl-541107,Skotoussa (Thessaly),settlement,pin,39.37943,22.53729,-750,-30,0,662.0,https://pleiades.stoa.org/places/541107,
pl-501492,Lâki,mine,pin,41.44592,23.72164,-30,640,0,662.1,https://pleiades.stoa.org/places/501492,
pl-540618,Akyphas/Pindos,settlement,pin,38.68549,22.37987,-750,640,0,662.2,https://pleiades.stoa.org/places/540618,
pl-570675,Skiritis,"region, label",pin,37.31343,22.37990,-550,300,0,662.2,https://pleiades.stoa.org/places/570675,
pl-668358,Sabbatikon (river),river,wash,34.75000,36.25000,-30,300,0,662.3,https://pleiades.stoa.org/places/668358,
pl-629086,Söğütlü Dere,fort,pin,38.31062,37.46215,-30,300,0,662.4,https://pleiades.stoa.org/places/629086,
pl-540745,Dyras (river),river,pin,38.84102,22.40285,1700,2100,0,662.4,https://pleiades.stoa.org/places/540745,
pl-534964140,Gaziantep,"settlement, settlement-modern",pin,37.06118,37.37931,-6200,2099,0,662.5,https://pleiades.stoa.org/places/534964140,
pl-875552307,Kouphovouno,settlement,pin,37.05680,22.42070,-10000,-2000,0,662.5,https://pleiades.stoa.org/places/875552307,
pl-570417,La(s),settlement,pin,36.72554,22.49825,-750,300,0,662.7,https://pleiades.stoa.org/places/570417,
pl-570413,Lapithaion,settlement,pin,36.98958,22.43012,-30,300,0,662.9,https://pleiades.stoa.org/places/570413,
pl-540925,Makkarai?,fort,pin,39.20338,22.47255,-550,-30,0,663.3,https://pleiades.stoa.org/places/540925,
pl-570216,Sanctuary of Eleusinian Demeter in Laconia,sanctuary,pin,37.01380,22.41980,-550,2100,0,663.4,https://pleiades.stoa.org/places/570216,
pl-668217,Bziza,temple,pin,34.27429,35.83003,-30,300,0,663.4,https://pleiades.stoa.org/places/668217,
pl-501395,Debren,settlement,pin,41.60614,23.85092,300,640,0,663.5,https://pleiades.stoa.org/places/501395,
pl-216796,Douvanli,tumulus,pin,42.36981,24.72299,-550,-330,0,663.6,https://pleiades.stoa.org/places/216796,
pl-570040,Aigai,settlement,pin,38.15488,22.31464,-750,300,0,663.7,https://pleiades.stoa.org/places/570040,
pl-570063,Alesiai,"settlement, settlement-modern",pin,37.05047,22.40707,-30,2099,0,663.8,https://pleiades.stoa.org/places/570063,
pl-541144,Thetideion,"sanctuary, settlement, settlement-modern",pin,39.35111,22.50767,-550,2099,0,663.8,https://pleiades.stoa.org/places/541144,
pl-668346,Qasr Naous,temple,pin,34.28403,35.84549,-30,300,0,663.8,https://pleiades.stoa.org/places/668346,
pl-570126,Asine,settlement-modern,pin,36.66850,22.49994,-750,2099,0,663.9,https://pleiades.stoa.org/places/570126,
pl-540773,Erythrai?,settlement,pin,38.84625,22.38459,-550,-30,0,664.0,https://pleiades.stoa.org/places/540773,
pl-491581,Duodea,station,pin,40.65670,23.09866,-30,640,0,664.0,https://pleiades.stoa.org/places/491581,
pl-668357,*Saarna,settlement,pin,34.16225,35.72336,-30,300,0,664.0,https://pleiades.stoa.org/places/668357,
pl-570535,Orchomenos (Arcadia),settlement,pin,37.72472,22.31536,-750,300,0,664.1,https://pleiades.stoa.org/places/570535,
pl-501420,Gajtaninovo,fort,pin,41.44920,23.69581,-30,300,0,664.1,https://pleiades.stoa.org/places/501420,
pl-627870063,Asklepieion of Pheneos,sanctuary,pin,37.90904,22.30752,,,0,664.2,https://pleiades.stoa.org/places/627870063,
pl-570595,Pheneos,settlement,pin,37.91048,22.30710,-750,300,0,664.2,https://pleiades.stoa.org/places/570595,
pl-540680,"Athena, T.",sanctuary,pin,38.78727,22.37189,-750,300,0,664.3,https://pleiades.stoa.org/places/540680,
pl-541166,Triteia,settlement,pin,38.40323,22.32251,-550,300,0,664.3,https://pleiades.stoa.org/places/541166,
pl-679504,Untitled,bridge,wash,33.75000,35.25000,-30,640,0,664.5,https://pleiades.stoa.org/places/679504,
pl-679505,Untitled,bridge,wash,33.75000,35.25000,-30,640,0,664.5,https://pleiades.stoa.org/places/679505,
pl-678074,Bostrenos/‘Asclepeus’ (river),river,wash,33.75000,35.25000,-30,640,0,664.5,https://pleiades.stoa.org/places/678074,
pl-678108,Damouras/Tamyras (river),river,wash,33.75000,35.25000,-330,300,0,664.5,https://pleiades.stoa.org/places/678108,
pl-727743778,Dabigu,settlement,pin,36.54007,37.26867,-1000,2100,0,664.6,https://pleiades.stoa.org/places/727743778,
pl-570548,Pallantion,"settlement, archaeological-site",pin,37.45364,22.33144,-750,1999,0,664.8,https://pleiades.stoa.org/places/570548,
pl-491528,Ar(r)olos,settlement,pin,41.01174,23.32632,-30,640,0,665.1,https://pleiades.stoa.org/places/491528,
pl-587486981,Crac des Chevaliers,fort,pin,34.75693,36.29474,850,2100,0,665.2,https://pleiades.stoa.org/places/587486981,
pl-964860496,Great Mosque of Aleppo,"plaza, mosque",pin,36.19933,37.15686,-900,2100,0,665.5,https://pleiades.stoa.org/places/964860496,
pl-673950517,Asea Vigla,temple-2,pin,37.43386,22.32487,-600,2099,0,665.6,https://pleiades.stoa.org/places/673950517,
pl-541100,Sigditsa,fort-2,pin,38.59935,22.32861,-750,300,0,665.6,https://pleiades.stoa.org/places/541100,
pl-570442,Lykoa,settlement,pin,37.52995,22.31392,-750,-30,0,665.6,https://pleiades.stoa.org/places/570442,
pl-668222,‘Carion’,station,pin,34.77698,36.31626,300,640,0,665.6,https://pleiades.stoa.org/places/668222,
pl-668382,Tell Sarin,settlement,pin,34.66921,36.23219,300,640,0,665.9,https://pleiades.stoa.org/places/668382,
pl-658409,Beroia,"settlement, mosque, plaza",pin,36.19941,37.16290,-2000,2000,0,666.0,https://pleiades.stoa.org/places/658409,
pl-767632326,Temple of the Storm God at Aleppo,temple-2,pin,36.19936,37.16258,-3300,300,0,666.0,https://pleiades.stoa.org/places/767632326,
pl-570714,Teuthrone,settlement,pin,36.62114,22.48906,-550,2099,0,666.1,https://pleiades.stoa.org/places/570714,
pl-570223,Elymia,settlement,pin,37.68288,22.29411,-550,-330,0,666.2,https://pleiades.stoa.org/places/570223,
pl-589838168,Zar Trypa Cave Sanctuary,"sanctuary, cave",pin,39.82000,22.64200,-550,2099,0,666.2,https://pleiades.stoa.org/places/589838168,
pl-501340,Akhladokhorion,settlement,pin,41.32116,23.55584,-30,300,0,666.2,https://pleiades.stoa.org/places/501340,
pl-541154,Tol(o)phon,"city-wall, settlement",pin,38.37548,22.29651,-550,640,0,666.4,https://pleiades.stoa.org/places/541154,
pl-501324,Ablanica Rodopi,settlement,pin,41.57523,23.77816,-330,640,0,666.5,https://pleiades.stoa.org/places/501324,
pl-570102,Arcadia,region,wash,37.56502,22.29917,-750,300,0,666.6,https://pleiades.stoa.org/places/570102,
pl-217040,Viamata,station,pin,42.49286,24.84301,300,640,0,666.6,https://pleiades.stoa.org/places/217040,
pl-570382,Krathis (mountain),"mountain, label",pin,37.99696,22.27815,,,0,666.7,https://pleiades.stoa.org/places/570382,
pl-491570,Dikaia,settlement,pin,40.46049,22.94712,-750,-330,0,666.7,https://pleiades.stoa.org/places/491570,
pl-501525,Nicopolis ad Nestum/Ulpia Nicopolis,settlement,pin,41.59620,23.79580,-30,1453,0,666.7,https://pleiades.stoa.org/places/501525,
pl-857374,Yağmurlu,settlement,pin,40.53690,36.81061,-30,640,0,666.8,https://pleiades.stoa.org/places/857374,
pl-410249370,Mystras,"settlement, archaeological-site",pin,37.07258,22.36810,1200,2100,0,666.8,https://pleiades.stoa.org/places/410249370,
pl-501539,Orbelos (mountain),mountain,pin,41.37700,23.59500,-30,2100,0,666.8,https://pleiades.stoa.org/places/501539,
pl-570381,Krathis (river),river,pin,38.12697,22.27741,-30,2100,0,666.9,https://pleiades.stoa.org/places/570381,
pl-541165,Tripolis Larisaia,settlement,pin,39.61513,22.55487,-750,300,0,667.0,https://pleiades.stoa.org/places/541165,
pl-991400,Armenia Minor,province,wash,37.50000,37.50000,,,0,667.1,https://pleiades.stoa.org/places/991400,
pl-991403,Cilicia,province,wash,37.50000,37.50000,,,0,667.1,https://pleiades.stoa.org/places/991403,
pl-991404,Isauria,province,wash,37.50000,37.50000,,,0,667.1,https://pleiades.stoa.org/places/991404,
pl-1001936,Mesopotamia,province,wash,37.50000,37.50000,,,0,667.1,https://pleiades.stoa.org/places/1001936,
pl-991405,Mesopotamia,province,wash,37.50000,37.50000,,,0,667.1,https://pleiades.stoa.org/places/991405,
pl-981534,Mesopotamia,province,wash,37.50000,37.50000,,,0,667.1,https://pleiades.stoa.org/places/981534,
pl-981550,Syria (Roman imperial province),province-2,wash,37.50000,37.50000,,,0,667.1,https://pleiades.stoa.org/places/981550,
pl-991401,Augusta Euphratensis,province,wash,37.50000,37.50000,,,0,667.1,https://pleiades.stoa.org/places/991401,
pl-991406,Osrhoene,province,wash,37.50000,37.50000,,,0,667.1,https://pleiades.stoa.org/places/991406,
pl-991407,Syria Coele,province,wash,37.50000,37.50000,1700,2100,0,667.1,https://pleiades.stoa.org/places/991407,
pl-1306,Syria,unknown,wash,37.50000,37.50000,,,0,667.1,https://pleiades.stoa.org/places/1306,
pl-1001926,Armenia I,province,wash,37.50000,37.50000,,,0,667.1,https://pleiades.stoa.org/places/1001926,
pl-1001929,Kilikia II,province,wash,37.50000,37.50000,,,0,667.1,https://pleiades.stoa.org/places/1001929,
pl-1001932,Syria I,province,wash,37.50000,37.50000,,,0,667.1,https://pleiades.stoa.org/places/1001932,
pl-1001933,Syria II,province,wash,37.50000,37.50000,,,0,667.1,https://pleiades.stoa.org/places/1001933,
pl-1001934,Euphratesia,province-2,wash,37.50000,37.50000,,,0,667.1,https://pleiades.stoa.org/places/1001934,
pl-1001935,Osroene,province,wash,37.50000,37.50000,,,0,667.1,https://pleiades.stoa.org/places/1001935,
pl-629092,Taranta,settlement,pin,38.55174,37.49509,300,1599,0,667.2,https://pleiades.stoa.org/places/629092,
pl-216872,‘Locidae Regi’,"region, label",pin,43.78927,27.84723,-30,640,0,667.2,https://pleiades.stoa.org/places/216872,
pl-570450,Mainalion Pedion,"plain, label",pin,37.50189,22.29699,,,0,667.3,https://pleiades.stoa.org/places/570450,
pl-857129,Gagonda,station,pin,40.38564,36.90502,300,640,0,667.5,https://pleiades.stoa.org/places/857129,
pl-216944,Prisovo,villa,pin,43.01327,25.68371,-30,300,0,667.6,https://pleiades.stoa.org/places/216944,
pl-668343,Qalaa,sanctuary,pin,34.44483,36.05606,-30,300,0,667.6,https://pleiades.stoa.org/places/668343,
pl-540819,Homolion,settlement,pin,39.89205,22.65400,-750,640,0,667.7,https://pleiades.stoa.org/places/540819,
pl-658420,Callicome,station,pin,36.21779,37.19342,-30,300,0,667.9,https://pleiades.stoa.org/places/658420,
pl-540901,Lakereia,settlement,pin,39.62389,22.54623,-750,-550,0,668.0,https://pleiades.stoa.org/places/540901,
pl-857242,Naustathmos,station,pin,41.49763,36.11660,-30,640,0,668.1,https://pleiades.stoa.org/places/857242,
pl-628962,Dalanda,settlement,pin,38.53807,37.50948,-30,640,0,668.3,https://pleiades.stoa.org/places/628962,
pl-570575,Pellana,"settlement, acropolis",pin,37.20778,22.32518,-750,1999,0,668.4,https://pleiades.stoa.org/places/570575,
pl-857124,Eusene,station,pin,41.37304,36.23131,-30,640,0,668.5,https://pleiades.stoa.org/places/857124,
pl-584742245,Pellana (Mycenaean cemetery),"tomb, cemetery",pin,37.21237,22.32181,-2000,2099,0,668.6,https://pleiades.stoa.org/places/584742245,
pl-570321,Kaiadas Spelaion,cave,pin,37.09551,22.34054,-750,300,0,668.8,https://pleiades.stoa.org/places/570321,
pl-573421,Ostrakina (mountain),"unlocated, mountain",pin,37.64897,22.26633,-30,2099,0,668.8,https://pleiades.stoa.org/places/573421,
pl-339099444,Beirut Souks,settlement,pin,33.89902,35.50397,-330,1450,0,668.9,https://pleiades.stoa.org/places/339099444,
pl-628977,Euspena,settlement,pin,39.23563,37.38597,-30,640,0,669.0,https://pleiades.stoa.org/places/628977,
pl-570329,Kaphyai,"settlement, archaeological-site",pin,37.76440,22.25790,-10000,1999,0,669.0,https://pleiades.stoa.org/places/570329,
pl-570540,Oryx(is) (mountain),mountain,pin,37.83972,22.25222,1700,2100,0,669.2,https://pleiades.stoa.org/places/570540,
pl-570577,Peloponnesus/Peloponnesos/Peloponnese,"peninsula, region",wash,37.09278,22.33596,-550,2100,0,669.2,https://pleiades.stoa.org/places/570577,
pl-668241,Eleutheros (river),river,pin,34.62024,36.23475,-330,2100,0,669.2,https://pleiades.stoa.org/places/668241,
pl-668381,Taroutia Emporon,settlement,pin,35.67811,36.96074,300,640,0,669.2,https://pleiades.stoa.org/places/668381,
pl-658443,Commagene,"region, label",pin,37.62361,37.53712,-330,640,0,669.3,https://pleiades.stoa.org/places/658443,
pl-678060,Beirut,settlement,pin,33.89859,35.51124,-2000,2100,0,669.4,https://pleiades.stoa.org/places/678060,
pl-570122,Asea,"settlement, archaeological-site",pin,37.40533,22.28297,-750,300,0,669.5,https://pleiades.stoa.org/places/570122,
pl-679508,Maalmetein Roman Bridge,bridge,pin,34.01290,35.64274,-140,640,0,669.5,https://pleiades.stoa.org/places/679508,
pl-668180,Adonis (river),river,pin,34.07174,35.70805,-30,2100,0,669.5,https://pleiades.stoa.org/places/668180,
pl-570045,Aigila,settlement,pin,36.55908,22.46618,-330,300,0,669.6,https://pleiades.stoa.org/places/570045,
pl-570451,Mainalos,settlement,pin,37.54949,22.26589,-750,-30,0,669.6,https://pleiades.stoa.org/places/570451,
pl-570167,Bouraikos (river),river,wash,38.25000,22.25000,,,0,669.7,https://pleiades.stoa.org/places/570167,
pl-570249,Eutaia,settlement,pin,37.37170,22.28526,-550,300,0,669.7,https://pleiades.stoa.org/places/570249,
pl-540702,Chalai(on),settlement,pin,39.18854,22.39320,-750,-30,0,669.7,https://pleiades.stoa.org/places/540702,
pl-570492,Mylaon? (river),river,wash,37.75000,22.25000,,,0,669.7,https://pleiades.stoa.org/places/570492,
pl-570534,Ophis (river),river,wash,37.75000,22.25000,-30,300,0,669.7,https://pleiades.stoa.org/places/570534,
pl-570698,Styx (river),river,wash,38.25000,22.25000,,,0,669.7,https://pleiades.stoa.org/places/570698,
pl-570745,Tragos (river),river,wash,37.75000,22.25000,,,0,669.7,https://pleiades.stoa.org/places/570745,
pl-668204,Bahluniye,settlement,pin,34.65316,36.27096,300,640,0,669.7,https://pleiades.stoa.org/places/668204,
pl-570363,Knakalos (mountain),"mountain, label",pin,37.77793,22.24741,-30,300,0,669.8,https://pleiades.stoa.org/places/570363,
pl-945731146,Tell Qaramel,"tell, archaeological-site",pin,36.37751,37.27532,-10000,2099,0,669.8,https://pleiades.stoa.org/places/945731146,
pl-570510,Nonakris,settlement,pin,38.01442,22.24120,-750,-30,0,669.9,https://pleiades.stoa.org/places/570510,
pl-541032,Phaistinos,settlement,pin,38.37263,22.25376,-550,300,0,670.1,https://pleiades.stoa.org/places/541032,
pl-541080,Pyra,"sanctuary, temple-2",pin,38.75196,22.29911,-750,640,0,670.1,https://pleiades.stoa.org/places/541080,
pl-540706,Chalkai,settlement,pin,39.55687,22.49695,-550,300,0,670.2,https://pleiades.stoa.org/places/540706,
pl-570642,Pyrrichos,"settlement, archaeological-site",pin,36.65483,22.43088,-750,300,0,670.2,https://pleiades.stoa.org/places/570642,
pl-541018,Pelasgiotis,"region, label",pin,39.53068,22.48672,,,0,670.3,https://pleiades.stoa.org/places/541018,
pl-570449,Mainalion (mountain),mountain,pin,37.65508,22.24830,-30,2100,0,670.4,https://pleiades.stoa.org/places/570449,
pl-573551,Thaumasion (mountain),"unlocated, mountain",wash,37.65508,22.24830,-30,300,0,670.4,https://pleiades.stoa.org/places/573551,
pl-570706,Taygetos (mountain),mountain,pin,36.95354,22.34996,-30,2100,0,670.5,https://pleiades.stoa.org/places/570706,
pl-573222,Euoras,unlocated,wash,36.95354,22.34996,-30,300,0,670.5,https://pleiades.stoa.org/places/573222,
pl-573541,Taleton Akra,"unlocated, mountain",wash,36.95354,22.34996,-30,300,0,670.5,https://pleiades.stoa.org/places/573541,
pl-570199,Dipaia,settlement,pin,37.54116,22.25491,-750,300,0,670.6,https://pleiades.stoa.org/places/570199,
pl-658362,Abarara,station,pin,36.80785,37.41602,-30,640,0,670.6,https://pleiades.stoa.org/places/658362,
pl-2970016,Nahr al-Kalb monuments,monument,pin,33.95542,35.59707,-720,2100,0,670.7,https://pleiades.stoa.org/places/2970016,
pl-857024,Amisus/Peiraieus,settlement,pin,41.29272,36.33130,-1750,2000,0,670.8,https://pleiades.stoa.org/places/857024,
pl-678322,Palaibyblos,settlement,pin,33.98233,35.63103,-30,1999,0,670.9,https://pleiades.stoa.org/places/678322,
pl-570445,Lykouria?,"settlement, settlement-modern, label",pin,37.90495,22.23090,-750,2099,0,670.9,https://pleiades.stoa.org/places/570445,
pl-628984,Gundusa,settlement,pin,39.57137,37.30830,-30,300,0,671.1,https://pleiades.stoa.org/places/628984,
pl-668308,Mariamme,settlement,pin,34.90691,36.49433,-330,640,0,671.2,https://pleiades.stoa.org/places/668308,
pl-541057,Physkeis,"ruin, settlement",pin,38.44890,22.24674,-750,640,0,671.3,https://pleiades.stoa.org/places/541057,
pl-491722,Skotoussa,settlement,pin,41.18367,23.37496,-550,1999,0,671.3,https://pleiades.stoa.org/places/491722,
pl-668267,Husn Sfiri,temple,pin,34.40281,36.06942,-30,300,0,671.3,https://pleiades.stoa.org/places/668267,
pl-540798,Gyrton(e),settlement,pin,39.79815,22.56985,-750,640,0,671.5,https://pleiades.stoa.org/places/540798,
pl-668304,Maqam er-Rab,temple-2,pin,34.60258,36.25150,-30,300,0,671.5,https://pleiades.stoa.org/places/668304,
pl-541045,Phila,settlement,pin,39.91992,22.61920,-550,300,0,671.6,https://pleiades.stoa.org/places/541045,
pl-660628,Untitled,centuriation,wash,36.25000,37.25000,-30,640,0,671.6,https://pleiades.stoa.org/places/660628,
pl-658408,Belus/Chalos? (river),river,wash,36.25000,37.25000,-550,640,0,671.6,https://pleiades.stoa.org/places/658408,
pl-570635,(Ps)Amathous,settlement,pin,36.43718,22.48239,-30,300,0,671.6,https://pleiades.stoa.org/places/570635,
pl-668537581,Macedonia (Archaic and Classical kingdom),state,wash,40.17324,22.73286,,,0,671.7,https://pleiades.stoa.org/places/668537581,
pl-570080,Anemosa,settlement,pin,37.57179,22.23857,-750,300,0,671.8,https://pleiades.stoa.org/places/570080,
pl-540765,Erateini,settlement,pin,38.36293,22.23337,-550,640,0,671.8,https://pleiades.stoa.org/places/540765,
pl-857121,Eupatoria,settlement,pin,41.32426,36.31968,-330,300,0,671.9,https://pleiades.stoa.org/places/857121,
pl-570500,Nasoi,label,pin,37.77063,22.22436,,,0,671.9,https://pleiades.stoa.org/places/570500,
pl-629018,Kötükale,fort,pin,38.50383,37.55642,300,640,0,672.0,https://pleiades.stoa.org/places/629018,
pl-668303,Makra(s) Pedion?,"plain, label",pin,34.70180,36.34226,-330,300,0,672.0,https://pleiades.stoa.org/places/668303,
pl-570158,Boreion (mountain),mountain,pin,37.42096,22.25133,-30,2099,0,672.1,https://pleiades.stoa.org/places/570158,
pl-633912597,Nirabu,"settlement, settlement-modern",pin,36.17616,37.22730,-1000,2100,0,672.1,https://pleiades.stoa.org/places/633912597,
pl-570151,Belmina,"settlement, settlement-modern",pin,37.28208,22.26904,-550,2099,0,672.2,https://pleiades.stoa.org/places/570151,
pl-177523747,Agios Elias Doric temple,temple-2,pin,37.42171,22.25030,-750,300,0,672.2,https://pleiades.stoa.org/places/177523747,
pl-469183604,Sanctuary of Poseidon at Tainaron,"church-2, building, sanctuary, ruin, cave, temple-2, road",pin,36.40200,22.48739,-550,1453,0,672.2,https://pleiades.stoa.org/places/469183604,
pl-570702,Tainaron (settlement),"settlement, port",pin,36.40136,22.48650,-750,300,0,672.3,https://pleiades.stoa.org/places/570702,
pl-668311,Mashnaqa,sanctuary,pin,34.09016,35.77045,-30,300,0,672.3,https://pleiades.stoa.org/places/668311,
pl-678269,Lykos (river),river,pin,33.94878,35.61377,-330,2100,0,672.3,https://pleiades.stoa.org/places/678269,
pl-541042,Pharsalus,"settlement, acropolis",pin,39.28850,22.38785,-750,640,0,672.5,https://pleiades.stoa.org/places/541042,
pl-491740,Therme,settlement,pin,40.58155,22.94402,-750,-330,0,672.5,https://pleiades.stoa.org/places/491740,
pl-570152,Belminatis,"region, label",pin,37.30259,22.25986,-550,300,0,672.7,https://pleiades.stoa.org/places/570152,
pl-658386,Aquae (...),settlement,pin,37.33165,37.54406,300,640,0,672.7,https://pleiades.stoa.org/places/658386,
pl-540880,Korax (mountain),mountain,pin,38.64722,22.25194,-30,2100,0,672.8,https://pleiades.stoa.org/places/540880,
pl-570112,Aroania (mountain),mountain,pin,37.97400,22.20700,-30,2100,0,672.9,https://pleiades.stoa.org/places/570112,
pl-570527,Oitylos,settlement,pin,36.70506,22.38480,-750,300,0,672.9,https://pleiades.stoa.org/places/570527,
pl-438136808,Roman Temple at Maarab,"shrine, temple-2",pin,34.00052,35.68098,-30,300,0,672.9,https://pleiades.stoa.org/places/438136808,
pl-570137,Athenaion (settlement),settlement,pin,37.39300,22.24400,-550,2099,0,673.0,https://pleiades.stoa.org/places/570137,
pl-570703,Tainaron (promontory),cape,pin,36.38549,22.48314,-30,2100,0,673.0,https://pleiades.stoa.org/places/570703,
pl-668373,Sin?,settlement,pin,34.79276,36.43104,-30,640,0,673.1,https://pleiades.stoa.org/places/668373,
pl-570166,Kastro ano Diakopto,"church-2, settlement, settlement-modern",pin,38.14274,22.20542,-750,2100,0,673.2,https://pleiades.stoa.org/places/570166,
pl-21258154,Chelmos Castle,"castle, ruin",pin,37.27923,22.25830,1200,2099,0,673.2,https://pleiades.stoa.org/places/21258154,
pl-570138,Athenaion (fortification),"fort-2, ruin",pin,37.27913,22.25739,-550,300,0,673.3,https://pleiades.stoa.org/places/570138,
pl-570282,Helisson,settlement,pin,37.61288,22.21775,-750,1999,0,673.3,https://pleiades.stoa.org/places/570282,
pl-570583,Peraithea,settlement,pin,37.43807,22.23583,-750,-30,0,673.3,https://pleiades.stoa.org/places/570583,
pl-540968,Oeta (mountain),mountain,pin,38.80438,22.26921,-550,2100,0,673.4,https://pleiades.stoa.org/places/540968,
pl-501387,Ciropolis,fort,pin,41.62887,23.73020,-30,640,0,673.4,https://pleiades.stoa.org/places/501387,
pl-769421955,Castle of Oria,"tower-defensive, castle",pin,39.87410,22.57675,-30,1453,0,673.5,https://pleiades.stoa.org/places/769421955,
pl-491617,Herakleion,settlement,pin,39.98655,22.62333,-550,2099,0,673.6,https://pleiades.stoa.org/places/491617,
pl-66861929,Blatades Monastery,"monastery, church",pin,40.65172,22.97106,1200,1450,0,673.8,https://pleiades.stoa.org/places/66861929,
pl-217028,Tsaravets,settlement,pin,43.05806,25.63399,300,640,0,674.1,https://pleiades.stoa.org/places/217028,
pl-541037,Phalika?,settlement,pin,38.49163,22.21900,-550,300,0,674.1,https://pleiades.stoa.org/places/541037,
pl-541052,Phthiotis,"district, label",pin,39.32171,22.37825,,,0,674.1,https://pleiades.stoa.org/places/541052,
pl-430178769,Archaic tholos tomb at Pharsalos,tomb,pin,39.29502,22.37113,-550,2100,0,674.1,https://pleiades.stoa.org/places/430178769,
pl-491741,Thessalonica,settlement,pin,40.62834,22.95288,-750,2100,0,674.1,https://pleiades.stoa.org/places/491741,
pl-570070,Aminios (river),river,wash,37.25000,22.25000,-30,300,0,674.3,https://pleiades.stoa.org/places/570070,
pl-570214,Elaphos (river),river,wash,37.25000,22.25000,-30,300,0,674.3,https://pleiades.stoa.org/places/570214,
pl-570322,Kainepolis,settlement,pin,36.46043,22.44271,-30,300,0,674.3,https://pleiades.stoa.org/places/570322,
pl-74062405,Church of St. Nicholas Orphanos,"church-2, church",pin,40.63767,22.95621,1200,2100,0,674.3,https://pleiades.stoa.org/places/74062405,
pl-570332,Karnion (river),river,wash,37.25000,22.25000,,,0,674.3,https://pleiades.stoa.org/places/570332,
pl-540587,Acheloos (river),river,wash,38.75000,22.25000,,,0,674.3,https://pleiades.stoa.org/places/540587,
pl-540721,Daphnos (river),river,wash,38.75000,22.25000,1700,2100,0,674.3,https://pleiades.stoa.org/places/540721,
pl-541036,Phalika?,unknown,wash,38.75000,22.25000,-550,300,0,674.3,https://pleiades.stoa.org/places/541036,
pl-541049,Phoinix? (river),river,wash,38.75000,22.25000,,,0,674.3,https://pleiades.stoa.org/places/541049,
pl-541099,Side,unknown,wash,38.75000,22.25000,-550,300,0,674.3,https://pleiades.stoa.org/places/541099,
pl-264924632,Rotunda of Galerius,"tomb, temple-2",pin,40.63333,22.95292,300,1453,0,674.3,https://pleiades.stoa.org/places/264924632,
pl-570503,Nedon (river),river,wash,37.25000,22.25000,,,0,674.3,https://pleiades.stoa.org/places/570503,
pl-570564,Parrasia,region,wash,37.25000,22.25000,-550,300,0,674.3,https://pleiades.stoa.org/places/570564,
pl-570719,Theious (river),river,wash,37.25000,22.25000,,,0,674.3,https://pleiades.stoa.org/places/570719,
pl-572293,Untitled,quarry,wash,37.25000,22.25000,-550,-30,0,674.3,https://pleiades.stoa.org/places/572293,
pl-361097849,Arch of Galerius,arch,pin,40.63220,22.95180,284,640,0,674.3,https://pleiades.stoa.org/places/361097849,
pl-628342669,"Church of the Saviour, Thessaloniki",church-2,pin,40.63210,22.95088,1300,2099,0,674.4,https://pleiades.stoa.org/places/628342669,
pl-664535672,Church of Saint Panteleimon,church,pin,40.63310,22.95120,1200,1450,0,674.4,https://pleiades.stoa.org/places/664535672,
pl-857339,Syderos,settlement,pin,40.41449,36.97566,-30,640,0,674.4,https://pleiades.stoa.org/places/857339,
pl-540648,Temple of Apollo at Tempe,sanctuary,pin,39.85509,22.55811,-550,300,0,674.4,https://pleiades.stoa.org/places/540648,
pl-541131,Tempe,valley,pin,39.87597,22.56653,2000,2099,0,674.4,https://pleiades.stoa.org/places/541131,
pl-570588,Phalanthon M.,"mountain, label",pin,37.62725,22.20414,-30,2099,0,674.4,https://pleiades.stoa.org/places/570588,
pl-857234,Mirones,station,pin,40.63890,36.84609,300,640,0,674.5,https://pleiades.stoa.org/places/857234,
pl-541136,Thaumakoi,settlement,pin,39.12655,22.32200,-750,640,0,674.5,https://pleiades.stoa.org/places/541136,
pl-193679552,Byzantine Bath,bath,pin,40.64003,22.95346,850,2100,0,674.6,https://pleiades.stoa.org/places/193679552,
pl-491712,Rhaikelos,settlement,pin,40.47104,22.85409,-750,-330,0,674.6,https://pleiades.stoa.org/places/491712,
pl-332324146,"Hagia Sophia, Thessaloniki","church-2, church",pin,40.63284,22.94709,-30,1453,0,674.7,https://pleiades.stoa.org/places/332324146,
pl-385804799,Alepotrypa,cave,pin,36.63853,22.38237,-10000,2100,0,674.7,https://pleiades.stoa.org/places/385804799,
pl-697499491,Alepotrypa cave ,cave,pin,36.63855,22.38234,1700,2100,0,674.7,https://pleiades.stoa.org/places/697499491,
pl-55417173,Church of the Acheiropoietos,"church-2, church",pin,40.63500,22.94809,300,1453,0,674.8,https://pleiades.stoa.org/places/55417173,
pl-540920,Loutra Hypatis Early Christian basilica and bath,"church-2, basilica, bath",pin,38.88603,22.26790,-30,1999,0,674.8,https://pleiades.stoa.org/places/540920,
pl-361097850,Latomos Monastery,church,pin,40.64179,22.95230,-30,1453,0,674.8,https://pleiades.stoa.org/places/361097850,
pl-115782359,Church of Saint Demetrius,"church-2, church",pin,40.63882,22.94786,300,1453,0,675.0,https://pleiades.stoa.org/places/115782359,
pl-501480,Kovačevica,station,pin,41.70875,23.78502,-30,640,0,675.0,https://pleiades.stoa.org/places/501480,
pl-361097851,Church of Prophet Elijah,"church-2, church",pin,40.64095,22.94856,1200,1450,0,675.0,https://pleiades.stoa.org/places/361097851,
pl-570355,Kerynitis (river),river,pin,38.17652,22.18539,-30,2099,0,675.1,https://pleiades.stoa.org/places/570355,
pl-688857980,Roman forum at Thessalonica,"archaeological-site, forum",pin,40.63770,22.94589,-30,300,0,675.1,https://pleiades.stoa.org/places/688857980,
pl-657612457,Holy Valley,"settlement, forest",pin,34.25814,35.98414,300,2100,0,675.1,https://pleiades.stoa.org/places/657612457,
pl-540857,Kastriotissa,settlement,pin,38.72251,22.23487,-550,-30,0,675.2,https://pleiades.stoa.org/places/540857,
pl-834862589,Church of Panagia Chalkeon,"church-2, church",pin,40.63683,22.94367,850,1450,0,675.2,https://pleiades.stoa.org/places/834862589,
pl-501424,Gospodinci,settlement,pin,41.65078,23.72597,-30,640,0,675.2,https://pleiades.stoa.org/places/501424,
pl-678177,Heldua,station,pin,33.80718,35.49188,-720,640,0,675.2,https://pleiades.stoa.org/places/678177,
pl-570093,Aphrodision,settlement,pin,37.38737,22.21822,-750,300,0,675.4,https://pleiades.stoa.org/places/570093,
pl-216792,Diocletianopolis,settlement,pin,42.50155,24.70458,-30,640,0,675.4,https://pleiades.stoa.org/places/216792,
pl-540969,Oiantheia/Euantheia?,settlement,pin,38.34214,22.19100,-750,1999,0,675.4,https://pleiades.stoa.org/places/540969,
pl-170580013,"Church of Saint Catherine, Thessaloniki","church-2, church",pin,40.64318,22.94432,1200,1450,0,675.5,https://pleiades.stoa.org/places/170580013,
pl-630598189,Temple of Aphrodite (Thessalonica),temple-2,pin,40.64032,22.94067,-30,300,0,675.6,https://pleiades.stoa.org/places/630598189,
pl-540763,Enipeus (river),river,pin,39.31949,22.35850,2000,2099,0,675.7,https://pleiades.stoa.org/places/540763,
pl-792912222,Apidima Cave,"cave, archaeological-site",pin,36.66259,22.36244,2000,2099,0,675.8,https://pleiades.stoa.org/places/792912222,
pl-113317585,Chani Kokkonas,archaeological-site,pin,39.86883,22.54724,2000,2099,0,675.8,https://pleiades.stoa.org/places/113317585,
pl-540827,Hypata,settlement,pin,38.87140,22.25209,-550,640,0,675.9,https://pleiades.stoa.org/places/540827,
pl-570715,Thalamai,"settlement, settlement-modern",pin,36.78451,22.32854,-750,2099,0,675.9,https://pleiades.stoa.org/places/570715,
pl-563800136,Church of the Holy Apostles,"church-2, church",pin,40.64279,22.93749,1200,2100,0,676.0,https://pleiades.stoa.org/places/563800136,
pl-540914,Lidorikion,settlement,pin,38.53059,22.20123,-750,2100,0,676.0,https://pleiades.stoa.org/places/540914,
pl-570457,Maloitas (river),river,pin,37.65622,22.18120,-30,2099,0,676.2,https://pleiades.stoa.org/places/570457,
pl-491513,Aineia,settlement,pin,40.47540,22.83467,-750,1999,0,676.3,https://pleiades.stoa.org/places/491513,
pl-491739,Thermaicus Sinus,water-open,pin,40.38333,22.78333,1700,2100,0,676.4,https://pleiades.stoa.org/places/491739,
pl-570536,Oresthasion,settlement,pin,37.34599,22.20651,-550,300,0,676.8,https://pleiades.stoa.org/places/570536,
pl-570484,Methydrion,"ruin, settlement, archaeological-site",pin,37.63590,22.17510,-750,2099,0,676.9,https://pleiades.stoa.org/places/570484,
pl-540877,Koniakos,settlement,pin,38.62507,22.19891,-550,640,0,677.2,https://pleiades.stoa.org/places/540877,
pl-541000,Palaiokastro Koniakou,settlement,pin,38.66372,22.20401,-550,640,0,677.2,https://pleiades.stoa.org/places/541000,
pl-501558,Petrovo,"fort-2, settlement-modern",pin,41.43792,23.50463,-30,2099,0,677.2,https://pleiades.stoa.org/places/501558,
pl-96151228,Gremoulias ancient sanctuary,"sanctuary, archaeological-site",pin,38.02367,22.15659,-750,2099,0,677.3,https://pleiades.stoa.org/places/96151228,
pl-216916,Palmatis,"station, archaeological-site",pin,43.82456,27.59374,-30,640,0,677.3,https://pleiades.stoa.org/places/216916,
pl-526055597,Derveni tombs,"findspot, cemetery",pin,40.71770,22.96589,-330,-30,0,677.4,https://pleiades.stoa.org/places/526055597,
pl-58291143,Shir as-Sanam Inscription,"findspot, archaeological-site, monument",pin,34.52795,36.26839,-720,2100,0,677.4,https://pleiades.stoa.org/places/58291143,
pl-491626,Kalimanci,settlement,pin,41.42973,23.49415,-30,640,0,677.4,https://pleiades.stoa.org/places/491626,
pl-541174,Xyniai,settlement,pin,39.03837,22.26768,-750,640,0,677.5,https://pleiades.stoa.org/places/541174,
pl-541175,Xynias L.,lake,wash,39.03837,22.26768,,,0,677.5,https://pleiades.stoa.org/places/541175,
pl-499782907,Archaic Temple at Ai Lia,"church-2, temple-2",pin,38.16409,22.15683,,,0,677.5,https://pleiades.stoa.org/places/499782907,
pl-330217806,Ai Lia temples,"sanctuary, archaeological-site",pin,38.16419,22.15607,-750,-30,0,677.6,https://pleiades.stoa.org/places/330217806,
pl-830424823,Classical Temple at Ai Lia,temple-2,pin,38.16415,22.15614,-400,199,0,677.6,https://pleiades.stoa.org/places/830424823,
pl-570478,Messa,settlement,pin,36.53184,22.38113,-750,300,0,677.6,https://pleiades.stoa.org/places/570478,
pl-678047,"Balmarcodes, T.",temple-2,pin,33.85708,35.59002,-30,300,0,677.6,https://pleiades.stoa.org/places/678047,
pl-570250,Eutresia?,"region, label",pin,37.53955,22.17419,-550,-330,0,677.7,https://pleiades.stoa.org/places/570250,
pl-491651,Lete,settlement,pin,40.74493,22.97808,-750,300,0,677.8,https://pleiades.stoa.org/places/491651,
pl-570354,Keryneia,"settlement, archaeological-site",pin,38.16384,22.15123,-750,2099,0,678.0,https://pleiades.stoa.org/places/570354,
pl-570581,Pephnos,settlement,pin,36.81238,22.29679,-750,300,0,678.0,https://pleiades.stoa.org/places/570581,
pl-570061,Alagonia?,settlement,pin,36.95557,22.26121,-550,300,0,678.1,https://pleiades.stoa.org/places/570061,
pl-222244,Zaldapa,"fortified-settlement, archaeological-site",pin,43.88297,27.80950,300,640,0,678.1,https://pleiades.stoa.org/places/222244,
pl-857220,Magabula,station,pin,40.38395,37.03909,300,640,0,678.2,https://pleiades.stoa.org/places/857220,
pl-570742,Torthyneion,settlement,pin,37.70667,22.15481,-750,-30,0,678.2,https://pleiades.stoa.org/places/570742,
pl-491514,Aineion Pr.,cape,pin,40.47923,22.81379,2000,2099,0,678.2,https://pleiades.stoa.org/places/491514,
pl-678070,Borrama,settlement,pin,33.88540,35.63244,-30,300,0,678.2,https://pleiades.stoa.org/places/678070,
pl-668182,Amathe/Epiphaneia,"settlement, settlement-modern",pin,35.13297,36.74880,-2000,2100,0,678.3,https://pleiades.stoa.org/places/668182,
pl-540608,Aigition,settlement,pin,38.49039,22.16893,-550,2100,0,678.4,https://pleiades.stoa.org/places/540608,
pl-910479808,Tigani basilica,church-2,pin,36.54565,22.36621,400,599,0,678.5,https://pleiades.stoa.org/places/910479808,
pl-216687,Abrit,settlement,pin,43.88765,27.80873,300,640,0,678.6,https://pleiades.stoa.org/places/216687,
pl-570114,Aroanios (Arcadia: river above Kleitor),river,pin,37.88803,22.14225,1900,2099,0,678.7,https://pleiades.stoa.org/places/570114,
pl-570120,Sanctuary of Artemis Limnatis in the Taygetos,sanctuary,pin,36.96028,22.25348,-750,2100,0,678.7,https://pleiades.stoa.org/places/570120,
pl-491529,Asseros,settlement,pin,40.81222,23.00952,-30,640,0,678.7,https://pleiades.stoa.org/places/491529,
pl-83772052,Cave of the Lakes,cave,pin,37.95970,22.13982,2000,2099,0,678.8,https://pleiades.stoa.org/places/83772052,
pl-540903,Laphron?,settlement,pin,38.44284,22.16047,-550,-30,0,678.8,https://pleiades.stoa.org/places/540903,
pl-814820460,Hellenistic Funerary Monument (Keryneia),"tomb, archaeological-site",pin,38.15862,22.14202,,,0,678.8,https://pleiades.stoa.org/places/814820460,
pl-540905,Larissa,settlement,pin,39.63485,22.42097,-750,2099,0,678.9,https://pleiades.stoa.org/places/540905,
pl-570750,Trikolonoi,settlement,pin,37.48005,22.16517,-750,300,0,679.0,https://pleiades.stoa.org/places/570750,
pl-668400,Yanuh,"sanctuary, temple",pin,34.10340,35.88469,-30,300,0,679.0,https://pleiades.stoa.org/places/668400,
pl-570194,Denthaliates (Ager),label,pin,37.09029,22.22205,-30,300,0,679.1,https://pleiades.stoa.org/places/570194,
pl-541073,Proerna,settlement,pin,39.24124,22.29725,-750,-30,0,679.1,https://pleiades.stoa.org/places/541073,
pl-540849,Kallipolis,"fort-2, settlement, fort",pin,38.55033,22.16577,-750,2100,0,679.3,https://pleiades.stoa.org/places/540849,
pl-491698,Piperica,fort,pin,41.41851,23.45779,-30,300,0,679.3,https://pleiades.stoa.org/places/491698,
pl-216688,Abrittus,"settlement, archaeological-site",pin,43.52205,26.55209,-330,2099,0,679.3,https://pleiades.stoa.org/places/216688,
pl-216717,Athrys/Iatros/Ieterus (river),river,pin,43.08002,25.56975,-550,2100,0,679.3,https://pleiades.stoa.org/places/216717,
pl-570737,Thyrides,cape,pin,36.50000,22.37000,-30,2100,0,679.4,https://pleiades.stoa.org/places/570737,
pl-540793,Gonnoi,settlement,pin,39.85893,22.49814,-750,640,0,679.5,https://pleiades.stoa.org/places/540793,
pl-658387,Arianodum,station,pin,38.01935,37.66823,300,640,0,679.5,https://pleiades.stoa.org/places/658387,
pl-898976062,Basilica of St. Achillios,basilica,pin,39.64110,22.41571,650,850,0,679.5,https://pleiades.stoa.org/places/898976062,
pl-942647940,The Theater of Larissa,"building, theatre",pin,39.64029,22.41526,-330,2100,0,679.5,https://pleiades.stoa.org/places/942647940,
pl-678274,Magoras (river),river,pin,33.87239,35.63914,-30,2100,0,679.6,https://pleiades.stoa.org/places/678274,
pl-540850,Kallithea (Phokis),settlement,pin,38.36585,22.14376,-550,1999,0,679.6,https://pleiades.stoa.org/places/540850,
pl-540982,Olympias/Gonnocondylus,settlement,pin,39.85514,22.49614,-550,-30,0,679.6,https://pleiades.stoa.org/places/540982,
pl-542465599,"Second ancient theater, Larisa",theatre,pin,39.64028,22.41204,,,0,679.8,https://pleiades.stoa.org/places/542465599,
pl-570271,(H)Aimoniai,settlement,pin,37.39061,22.16574,-750,-30,0,679.9,https://pleiades.stoa.org/places/570271,
pl-570281,Helike,"settlement, archaeological-site",pin,38.22203,22.13181,-750,300,0,679.9,https://pleiades.stoa.org/places/570281,
pl-570294,Hippola,settlement,pin,36.50396,22.36229,-750,-30,0,679.9,https://pleiades.stoa.org/places/570294,
pl-540622,Alope?,settlement,pin,38.42320,22.14579,-550,300,0,679.9,https://pleiades.stoa.org/places/540622,
pl-540742,Driskole,settlement,pin,39.37820,22.32479,300,640,0,680.0,https://pleiades.stoa.org/places/540742,
pl-570431,Leuktron,"settlement, archaeological-site",pin,36.84275,22.26523,-750,300,0,680.0,https://pleiades.stoa.org/places/570431,
pl-570284,Helisson (river in modern Megalopoli),river,pin,37.42119,22.15903,-30,2099,0,680.1,https://pleiades.stoa.org/places/570284,
pl-678336,Platanos?/Platane?,settlement,pin,33.76316,35.51874,-330,300,0,680.2,https://pleiades.stoa.org/places/678336,
pl-540739,Dorikon,fort,pin,38.52589,22.15184,-750,300,0,680.2,https://pleiades.stoa.org/places/540739,
pl-541112,Spercheios,river,pin,38.90399,22.20913,-750,2100,0,680.2,https://pleiades.stoa.org/places/541112,
pl-501529,Novo Ljaski,unknown,wash,41.75000,23.75000,-30,300,0,680.2,https://pleiades.stoa.org/places/501529,
pl-570562,Paroria,"settlement, settlement-modern",pin,37.48369,22.15029,2000,2099,0,680.3,https://pleiades.stoa.org/places/570562,
pl-570454,Malea,settlement,pin,37.32756,22.16878,-750,-330,0,680.4,https://pleiades.stoa.org/places/570454,
pl-570587,Phalaisiai,settlement,pin,37.28900,22.17143,-550,300,0,680.6,https://pleiades.stoa.org/places/570587,
pl-491623,Janovo,settlement,pin,41.45462,23.47065,-30,640,0,680.7,https://pleiades.stoa.org/places/491623,
pl-491643,Krestonia,"region, label",pin,40.84452,23.00601,,,0,680.7,https://pleiades.stoa.org/places/491643,
pl-200503614,Achilleion,settlement,pin,39.15000,22.25000,-10000,-3300,0,681.2,https://pleiades.stoa.org/places/200503614,
pl-570435,Limnai,settlement,pin,37.12169,22.19179,-750,-30,0,681.2,https://pleiades.stoa.org/places/570435,
pl-570438,Lousoi,"sanctuary, spring, temple-2, archaeological-site, settlement",pin,37.97183,22.11202,-750,300,0,681.2,https://pleiades.stoa.org/places/570438,
pl-491632,Katunci,fort,pin,41.46608,23.47291,-30,640,0,681.2,https://pleiades.stoa.org/places/491632,
pl-216830,Haemus (mountain range),mountain,pin,42.71750,24.91667,-550,2100,0,681.3,https://pleiades.stoa.org/places/216830,
pl-570392,Kynaitha(i),"settlement, settlement-modern",pin,38.03339,22.11039,-750,2099,0,681.4,https://pleiades.stoa.org/places/570392,
pl-481923,Nestos (river),river,wash,41.50000,23.50000,,,0,681.4,https://pleiades.stoa.org/places/481923,
pl-678267,Libanus M.,mountain,pin,34.30000,36.11667,-720,2100,0,681.4,https://pleiades.stoa.org/places/678267,
pl-678039,Qalaat Faqra,"sanctuary, temple-2",pin,33.99798,35.80806,-30,2099,0,681.5,https://pleiades.stoa.org/places/678039,
pl-404687440,Til-Bašerê,settlement,pin,36.87422,37.55896,-3000,2100,0,681.5,https://pleiades.stoa.org/places/404687440,
pl-570330,Kardamyle (Messenia),settlement,pin,36.88478,22.23765,-750,2099,0,681.6,https://pleiades.stoa.org/places/570330,
pl-570052,Aigys,settlement,pin,37.24629,22.16546,-330,300,0,681.7,https://pleiades.stoa.org/places/570052,
pl-491562,Charakoma,settlement,pin,40.79396,22.95999,-30,640,0,681.7,https://pleiades.stoa.org/places/491562,
pl-668257,Harbaara,settlement,pin,34.62384,36.41037,300,640,0,681.7,https://pleiades.stoa.org/places/668257,
pl-570143,Azania,"region, label",pin,37.79723,22.11007,-750,300,0,681.8,https://pleiades.stoa.org/places/570143,
pl-528477899,Wadi es-Saba Monuments,monument,pin,34.54132,36.34195,-720,-540,0,681.8,https://pleiades.stoa.org/places/528477899,
pl-668195,Aphaka (Temple of Aphrodite Aphakitis),sanctuary,pin,34.06616,35.88854,-720,640,0,681.9,https://pleiades.stoa.org/places/668195,
pl-857179,Kainon Chorion,fort-2,pin,40.78206,36.85199,-330,300,0,682.0,https://pleiades.stoa.org/places/857179,
pl-491628,Kalokhori,cemetery,pin,40.64167,22.85876,-30,300,0,682.1,https://pleiades.stoa.org/places/491628,
pl-570735,Thyraion,"settlement, settlement-modern",pin,37.50143,22.12468,-750,2099,0,682.3,https://pleiades.stoa.org/places/570735,
pl-491650,Leibethra,"settlement, archaeological-site",pin,40.02542,22.53502,-330,2099,0,682.3,https://pleiades.stoa.org/places/491650,
pl-678338,Porphyreon Polis,settlement,pin,33.66308,35.42873,-330,2100,0,682.4,https://pleiades.stoa.org/places/678338,
pl-540611,Ainis,"region, label, people",pin,38.86985,22.17632,-750,300,0,682.4,https://pleiades.stoa.org/places/540611,
pl-540876,Kondylos,settlement,pin,39.87895,22.47207,-550,640,0,682.4,https://pleiades.stoa.org/places/540876,
pl-668298,Liftaya,settlement,pin,34.67097,36.46021,300,640,0,682.5,https://pleiades.stoa.org/places/668298,
pl-570359,Kleitor (settlement),"city-gate, settlement, theatre",pin,37.89081,22.09723,-750,300,0,682.6,https://pleiades.stoa.org/places/570359,
pl-208636044,Dede Harabeleri,settlement,pin,36.86045,37.56926,300,640,0,682.6,https://pleiades.stoa.org/places/208636044,
pl-629039,Melitene,"region, label",pin,38.44170,37.68468,-330,640,0,682.7,https://pleiades.stoa.org/places/629039,
pl-570360,Kleitor (river),river,pin,37.88994,22.09522,-30,2099,0,682.8,https://pleiades.stoa.org/places/570360,
pl-570765,Zoitia,"settlement, settlement-modern",pin,37.47578,22.12086,-750,2099,0,682.9,https://pleiades.stoa.org/places/570765,
pl-540752,*Ekarra,settlement,pin,39.08032,22.21147,-550,300,0,683.1,https://pleiades.stoa.org/places/540752,
pl-540781,Euhydrion,"settlement, archaeological-site",pin,39.36381,22.28449,-550,640,0,683.1,https://pleiades.stoa.org/places/540781,
pl-570433,Leuktron,settlement,pin,37.32132,22.13826,-750,300,0,683.1,https://pleiades.stoa.org/places/570433,
pl-570467,Megalopolis,"settlement, archaeological-site",pin,37.41427,22.12640,-550,300,0,683.1,https://pleiades.stoa.org/places/570467,
pl-570261,Geren(i)a,settlement,pin,36.92719,22.20866,-550,300,0,683.2,https://pleiades.stoa.org/places/570261,
pl-491735,Sys (river),river,pin,40.02057,22.52204,2000,2099,0,683.2,https://pleiades.stoa.org/places/491735,
pl-570053,Aigytis,"district, label",pin,37.27889,22.14234,,,0,683.3,https://pleiades.stoa.org/places/570053,
pl-570177,Choireios (river),river,wash,36.75000,22.25000,,,0,683.4,https://pleiades.stoa.org/places/570177,
pl-540757,Elipeus (river),river,wash,39.25000,22.25000,,,0,683.4,https://pleiades.stoa.org/places/540757,
pl-540872,Ko(u)ralios (river),river,wash,39.25000,22.25000,2000,2099,0,683.4,https://pleiades.stoa.org/places/540872,
pl-543684,Dion/Orchomenos,settlement,wash,39.25000,22.25000,,,0,683.4,https://pleiades.stoa.org/places/543684,
pl-570550,Pamisos (river),river,wash,36.75000,22.25000,-30,300,0,683.4,https://pleiades.stoa.org/places/570550,
pl-570680,Smenos (river),river,wash,36.75000,22.25000,,,0,683.4,https://pleiades.stoa.org/places/570680,
pl-572294,Untitled,quarry,wash,36.75000,22.25000,-330,300,0,683.4,https://pleiades.stoa.org/places/572294,
pl-572295,Untitled,quarry,wash,36.75000,22.25000,-330,300,0,683.4,https://pleiades.stoa.org/places/572295,
pl-570323,Kalamai,settlement,pin,37.04521,22.17861,-330,300,0,683.6,https://pleiades.stoa.org/places/570323,
pl-540950,Mopsion,settlement,pin,39.78742,22.42056,-750,300,0,683.6,https://pleiades.stoa.org/places/540950,
pl-220487,Road: Sexaginta Prista → Abritus → Shoumen,road,wash,43.55026,26.50809,-30,640,0,683.8,https://pleiades.stoa.org/places/220487,
pl-658389,Ariseria/Ad Serta,station,pin,36.87420,37.58698,-30,640,0,683.9,https://pleiades.stoa.org/places/658389,
pl-491754,Vranja,fort,pin,41.45659,23.42697,-30,300,0,683.9,https://pleiades.stoa.org/places/491754,
pl-104777481,Aetolian League,"league, state",wash,38.90028,22.16393,,,0,684.0,https://pleiades.stoa.org/places/104777481,
pl-570721,Th(e)isoa,settlement,pin,37.62913,22.09398,-330,300,0,684.0,https://pleiades.stoa.org/places/570721,
pl-216803,Emporium Discoduraterae,settlement,pin,43.02356,25.36833,-30,640,0,684.1,https://pleiades.stoa.org/places/216803,
pl-1332,Thessalia,region,wash,39.44387,22.29543,-30,2100,0,684.2,https://pleiades.stoa.org/places/1332,
pl-570049,Aigion,settlement,pin,38.25271,22.08195,-750,2099,0,684.4,https://pleiades.stoa.org/places/570049,
pl-628921,Alacahan,station,pin,39.11163,37.59676,-30,640,0,684.4,https://pleiades.stoa.org/places/628921,
pl-573434,Pellene,settlement,wash,38.25271,22.08195,-30,300,0,684.4,https://pleiades.stoa.org/places/573434,
pl-658582,Rhabaine,settlement,pin,37.42705,37.69233,-30,640,0,684.5,https://pleiades.stoa.org/places/658582,
pl-491574,Doberos (river),river,wash,41.25000,23.25000,,,0,684.5,https://pleiades.stoa.org/places/491574,
pl-857022,Ameria (Pontos),"settlement, sanctuary",pin,40.63351,36.97686,-330,2099,0,684.6,https://pleiades.stoa.org/places/857022,
pl-570324,Kalathion (mountain),"mountain, label",pin,36.92660,22.19201,,,0,684.7,https://pleiades.stoa.org/places/570324,
pl-570304,Hypsous (mountain),"mountain, label",pin,37.56992,22.08914,-30,300,0,684.9,https://pleiades.stoa.org/places/570304,
pl-540886,Krannon/Ephyra,settlement,pin,39.49911,22.30413,-750,300,0,684.9,https://pleiades.stoa.org/places/540886,
pl-540659,Argoura,settlement,pin,39.65463,22.35056,-750,300,0,685.4,https://pleiades.stoa.org/places/540659,
pl-570303,Hypsous (settlement),"settlement, settlement-modern",pin,37.55609,22.08312,-750,2099,0,685.5,https://pleiades.stoa.org/places/570303,
pl-655392792,Starosel Monumental Tomb,"tomb, tumulus",pin,42.51212,24.54704,-400,2099,0,685.6,https://pleiades.stoa.org/places/655392792,
pl-538278634,Megalopolis Lignite Mines,archaeological-site,pin,37.40049,22.09663,2000,2099,0,685.8,https://pleiades.stoa.org/places/538278634,
pl-857177,Kabeira/Neocaesarea/Diospolis/Sebaste/Hadriane,settlement,pin,40.58921,37.02012,-330,2099,0,685.9,https://pleiades.stoa.org/places/857177,
pl-216733,Bessi,"label, people",pin,42.42940,24.43016,-550,300,0,686.0,https://pleiades.stoa.org/places/216733,
pl-540875,Kondaia,fort,pin,39.79854,22.39661,-330,-30,0,686.0,https://pleiades.stoa.org/places/540875,
pl-573322,Kynouria (Arcadia),region,wash,37.55640,22.07719,,,0,686.0,https://pleiades.stoa.org/places/573322,
pl-541065,Polis,settlement,pin,38.38529,22.07186,-550,300,0,686.1,https://pleiades.stoa.org/places/541065,
pl-857080,Chadisia (river),river,pin,41.24472,36.57702,-30,2100,0,686.2,https://pleiades.stoa.org/places/857080,
pl-668399,Yammune,sanctuary,pin,34.14800,36.03676,-30,300,0,686.3,https://pleiades.stoa.org/places/668399,
pl-658543,Nastae,station,pin,37.83776,37.74439,300,1999,0,686.4,https://pleiades.stoa.org/places/658543,
pl-668199,Areth(o)usa,settlement,pin,34.96017,36.73511,-330,640,0,686.5,https://pleiades.stoa.org/places/668199,
pl-678014,Alsos Asklepiou,"settlement, temple-2",pin,33.58576,35.39785,-750,300,0,686.5,https://pleiades.stoa.org/places/678014,
pl-809004346,Nebuchadnezzar II Inscriptions near Brissa,monument,pin,34.43096,36.31158,-720,2100,0,686.6,https://pleiades.stoa.org/places/809004346,
pl-540668,Ascuris Palus,lake,pin,39.95000,22.45000,-330,2099,0,686.7,https://pleiades.stoa.org/places/540668,
pl-857345,Taulara,"fortified-settlement, settlement-modern, fort",pin,40.17028,37.25375,-330,2099,0,686.9,https://pleiades.stoa.org/places/857345,
pl-678283,Merjiyat,sanctuary,pin,33.64632,35.48124,-30,300,0,686.9,https://pleiades.stoa.org/places/678283,
pl-678393,Sidon/Col. Aurelia Pia,"settlement, archaeological-site, settlement-modern, findspot",pin,33.56195,35.37279,-2000,2100,0,686.9,https://pleiades.stoa.org/places/678393,
pl-570388,Kromnos,settlement,pin,37.33251,22.09317,-750,-30,0,686.9,https://pleiades.stoa.org/places/570388,
pl-540924,Magoula Kastri,temple,pin,39.74012,22.36339,-550,300,0,686.9,https://pleiades.stoa.org/places/540924,
pl-570730,Thoknia,"settlement, settlement-modern",pin,37.42031,22.07956,-750,2099,0,687.1,https://pleiades.stoa.org/places/570730,
pl-629680,Unnamed bridge,bridge,wash,38.25000,37.75000,300,640,0,687.2,https://pleiades.stoa.org/places/629680,
pl-629681,Unnamed bridge,bridge,wash,38.25000,37.75000,-30,300,0,687.2,https://pleiades.stoa.org/places/629681,
pl-658422,Capadox (river),river,wash,37.75000,37.75000,300,640,0,687.2,https://pleiades.stoa.org/places/658422,
pl-570471,Meiganitas (river),river,pin,38.24873,22.04977,-30,2099,0,687.2,https://pleiades.stoa.org/places/570471,
pl-570149,Bathos,settlement,pin,37.45457,22.07125,-750,300,0,687.4,https://pleiades.stoa.org/places/570149,
pl-628997,Kamisa/Comassa,settlement,pin,39.84577,37.40116,-330,640,0,687.4,https://pleiades.stoa.org/places/628997,
pl-216887,Moesia Inferior,"region, label",wash,42.50000,24.50000,-30,640,0,687.5,https://pleiades.stoa.org/places/216887,
pl-217442,Untitled,aqueduct-group,wash,42.50000,24.50000,-30,640,0,687.5,https://pleiades.stoa.org/places/217442,
pl-222127,Oboulensioi,"unlocated, people",wash,42.50000,24.50000,-30,300,0,687.5,https://pleiades.stoa.org/places/222127,
pl-19821556,Chhim,settlement,pin,33.63831,35.47986,-1200,640,0,687.5,https://pleiades.stoa.org/places/19821556,
pl-570452,Makareia,settlement,pin,37.40502,22.07621,-750,-30,0,687.5,https://pleiades.stoa.org/places/570452,
pl-570147,Basilis,settlement,pin,37.44488,22.06813,-750,-30,0,687.8,https://pleiades.stoa.org/places/570147,
pl-668365,Semaqiyat,station,pin,34.58238,36.45887,-30,300,0,687.8,https://pleiades.stoa.org/places/668365,
pl-570188,Dasea(i),settlement,pin,37.39350,22.07302,-750,2099,0,687.9,https://pleiades.stoa.org/places/570188,
pl-668286,Khirbet et-Tin,settlement,pin,34.71603,36.56961,300,640,0,687.9,https://pleiades.stoa.org/places/668286,
pl-541145,Thetonion,settlement,pin,39.29320,22.20606,-550,300,0,688.1,https://pleiades.stoa.org/places/541145,
pl-570027,Abia,"castle, settlement, settlement-modern",pin,36.96519,22.14232,-330,2099,0,688.2,https://pleiades.stoa.org/places/570027,
pl-540647,Apidanos (river),river,pin,39.35210,22.22102,2000,2099,0,688.2,https://pleiades.stoa.org/places/540647,
pl-570123,Asinaeus/Coronaeus Sinus,water-open,pin,36.71315,22.20219,-30,2100,0,688.3,https://pleiades.stoa.org/places/570123,
pl-570746,Trapezous,settlement,pin,37.45628,22.06068,-750,300,0,688.3,https://pleiades.stoa.org/places/570746,
pl-540926,Makra Kome,"settlement, fort",pin,38.95733,22.12355,-550,2100,0,688.5,https://pleiades.stoa.org/places/540926,
pl-857079,Chadisia,station,pin,41.28808,36.57554,-550,640,0,688.6,https://pleiades.stoa.org/places/857079,
pl-491635,Kerkinitis L.,lake,pin,41.19824,23.15316,1700,2100,0,688.7,https://pleiades.stoa.org/places/491635,
pl-540779,(Eu)Dieron?,settlement,pin,39.92970,22.41559,-330,-30,0,688.8,https://pleiades.stoa.org/places/540779,
pl-741077609,Trapeza/Koumari temple (Achaia),temple-2,pin,38.21971,22.02994,,,0,688.8,https://pleiades.stoa.org/places/741077609,
pl-570713,Teuthis,settlement,pin,37.59744,22.04128,-750,300,0,688.8,https://pleiades.stoa.org/places/570713,
pl-570071,Ampheia,settlement,pin,37.26419,22.07514,-750,300,0,689.3,https://pleiades.stoa.org/places/570071,
pl-570661,Selinous (river),river,pin,38.15519,22.02161,-30,2099,0,689.3,https://pleiades.stoa.org/places/570661,
pl-564394244,Acropolis?,acropolis,pin,38.95822,22.11285,-330,-30,0,689.4,https://pleiades.stoa.org/places/564394244,
pl-570168,Brenthe,settlement,pin,37.48369,22.04289,-550,-30,0,689.6,https://pleiades.stoa.org/places/570168,
pl-570596,Pherai,"settlement, settlement-modern",pin,37.03776,22.11094,-750,2099,0,689.6,https://pleiades.stoa.org/places/570596,
pl-570266,Gortynios/Lousios (river),river,pin,37.51467,22.03737,-30,2100,0,689.8,https://pleiades.stoa.org/places/570266,
pl-570267,Gortys,settlement,pin,37.53668,22.03544,-750,300,0,689.8,https://pleiades.stoa.org/places/570267,
pl-661414,Untitled,road,wash,36.66703,37.60207,-30,640,0,689.8,https://pleiades.stoa.org/places/661414,
pl-570647,Rhypes,"settlement, acropolis, archaeological-site",pin,38.21393,22.01894,-750,-30,0,689.8,https://pleiades.stoa.org/places/570647,
pl-216895,Nicopolis ad Istrum,settlement,pin,43.21760,25.61199,-30,640,0,690.0,https://pleiades.stoa.org/places/216895,
pl-641916311,Sārabtā,findspot,pin,33.46430,35.29500,,,0,690.0,https://pleiades.stoa.org/places/641916311,
pl-570255,Gatheai,settlement,pin,37.29867,22.06102,-330,300,0,690.1,https://pleiades.stoa.org/places/570255,
pl-570256,Gatheatas? (river),river,wash,37.29867,22.06102,-30,300,0,690.1,https://pleiades.stoa.org/places/570256,
pl-678374,Sarepta/Makra Kome,"settlement, archaeological-site",pin,33.46306,35.29495,-720,640,0,690.1,https://pleiades.stoa.org/places/678374,
pl-491717,Sindos,"settlement, archaeological-site",pin,40.70028,22.79306,-750,300,0,690.1,https://pleiades.stoa.org/places/491717,
pl-491697,Pimpleia,settlement,pin,40.14341,22.49315,-330,300,0,690.2,https://pleiades.stoa.org/places/491697,
pl-570277,Halous/Oryx,settlement,pin,37.75834,22.01357,-550,300,0,690.3,https://pleiades.stoa.org/places/570277,
pl-491509,Ad Decimum,station,pin,40.69080,22.78539,-30,640,0,690.3,https://pleiades.stoa.org/places/491509,
pl-540637,Ano Ktimeni,settlement,pin,39.10840,22.13127,-550,-30,0,690.6,https://pleiades.stoa.org/places/540637,
pl-491703,Pydna,"settlement, archaeological-site",pin,40.39757,22.61499,-750,-30,0,690.6,https://pleiades.stoa.org/places/491703,
pl-911555695,Tall Abu Danné,settlement,pin,36.17902,37.45139,-720,2099,0,690.7,https://pleiades.stoa.org/places/911555695,
pl-668328,Oumm Harteine,settlement,pin,35.27041,36.99714,-30,640,0,690.8,https://pleiades.stoa.org/places/668328,
pl-376566547,Sanctuary of Isis at Dion,sanctuary,pin,40.17619,22.49522,-330,-30,0,691.3,https://pleiades.stoa.org/places/376566547,
pl-491560,Chalastra,settlement,pin,40.70422,22.78117,-750,300,0,691.3,https://pleiades.stoa.org/places/491560,
pl-832363479,Hellenistic theater at Dion,theatre,pin,40.17242,22.49194,-330,-30,0,691.4,https://pleiades.stoa.org/places/832363479,
pl-491584,Echeidoros (river),river,pin,40.89268,22.89902,1900,2099,0,691.4,https://pleiades.stoa.org/places/491584,
pl-541069,Poteidania,settlement,pin,38.43725,22.01355,-550,300,0,691.5,https://pleiades.stoa.org/places/541069,
pl-491572,Dion,"settlement, archaeological-site",pin,40.17639,22.49144,-750,640,0,691.6,https://pleiades.stoa.org/places/491572,
pl-29727643,Sanctuary of Despoina at Lykosoura,temple-2,pin,37.38957,22.03143,1700,2100,0,691.6,https://pleiades.stoa.org/places/29727643,
pl-659881,Untitled,bridge,wash,37.25000,37.75000,-30,300,0,691.7,https://pleiades.stoa.org/places/659881,
pl-659882,Untitled,bridge,wash,37.25000,37.75000,-30,300,0,691.7,https://pleiades.stoa.org/places/659882,
pl-659883,Untitled,bridge,wash,37.25000,37.75000,-30,300,0,691.7,https://pleiades.stoa.org/places/659883,
pl-658529,Marsyas (river),river,wash,37.25000,37.75000,-30,300,0,691.7,https://pleiades.stoa.org/places/658529,
pl-570444,Lykosoura,"sanctuary, settlement",pin,37.38927,22.02997,-750,300,0,691.7,https://pleiades.stoa.org/places/570444,
pl-573061,Akakesion,"unlocated, settlement",wash,37.38927,22.02997,-30,300,0,691.7,https://pleiades.stoa.org/places/573061,
pl-658406,Batnai,settlement,pin,36.38353,37.53822,-30,640,0,691.8,https://pleiades.stoa.org/places/658406,
pl-491597,Gallicum,station,pin,40.79406,22.83031,-30,640,0,691.8,https://pleiades.stoa.org/places/491597,
pl-540897,Kypaira,fortified-settlement,pin,39.05466,22.10084,-750,-30,0,692.2,https://pleiades.stoa.org/places/540897,
pl-570236,Erineos,settlement,pin,38.30976,21.99333,-750,300,0,692.4,https://pleiades.stoa.org/places/570236,
pl-570558,Paos,"ruin, settlement",pin,37.84091,21.98489,-750,2099,0,692.6,https://pleiades.stoa.org/places/570558,
pl-491704,Pydna/Kitron,"settlement, settlement-modern",pin,40.37441,22.57768,-30,2099,0,692.6,https://pleiades.stoa.org/places/491704,
pl-678129,Elaia?,"settlement, settlement-modern",pin,33.50478,35.39278,-30,2100,0,692.7,https://pleiades.stoa.org/places/678129,
pl-541056,Phyllos,"ruin, settlement",pin,39.41189,22.18449,-750,1999,0,692.8,https://pleiades.stoa.org/places/541056,
pl-570164,Bouphagion?,settlement,pin,37.54908,21.99749,-30,300,0,693.0,https://pleiades.stoa.org/places/570164,
pl-540972,Oineon,settlement,pin,38.40029,21.99357,-550,640,0,693.0,https://pleiades.stoa.org/places/540972,
pl-540638,Ano Phteri,settlement,pin,38.88707,22.05633,-550,300,0,693.1,https://pleiades.stoa.org/places/540638,
pl-857762,Untitled,bridge,wash,41.18026,36.71908,-30,640,0,693.1,https://pleiades.stoa.org/places/857762,
pl-540760,Elone/Leimone,settlement,pin,39.82679,22.31844,-750,-30,0,693.5,https://pleiades.stoa.org/places/540760,
pl-731893156,Sykeon Roman bath (Thessaly),"archaeological-site, bath",pin,39.48180,22.19620,100,199,0,693.6,https://pleiades.stoa.org/places/731893156,
pl-570733,Thouria,"settlement, acropolis",pin,37.11004,22.05069,-750,300,0,693.6,https://pleiades.stoa.org/places/570733,
pl-678000,‘Ad Nonum’/Ornithon Polis?,station,pin,33.40472,35.27417,-330,2100,0,693.6,https://pleiades.stoa.org/places/678000,
pl-534537108,Sboryanovo Historical and Archaeological Reserve,"region, architecturalcomplex, archaeological-site",pin,43.73820,26.76075,2000,2099,0,693.6,https://pleiades.stoa.org/places/534537108,
pl-541127,Teichion?,fort,pin,38.48770,21.99355,-550,-30,0,693.7,https://pleiades.stoa.org/places/541127,
pl-668291,Laodicea ad Libanum,"settlement, archaeological-site",pin,34.55707,36.51938,-1344,2100,0,693.7,https://pleiades.stoa.org/places/668291,
pl-658411,*Beselatha,settlement,pin,36.41640,37.57356,300,640,0,693.8,https://pleiades.stoa.org/places/658411,
pl-217016,Tomis,settlement,pin,44.17286,28.64974,-550,2100,0,693.9,https://pleiades.stoa.org/places/217016,
pl-491631,Katerini,"production, cemetery, settlement-modern",pin,40.27136,22.50876,-30,2099,0,693.9,https://pleiades.stoa.org/places/491631,
pl-671952,Untitled,dam,pin,34.68386,36.62682,-330,-30,0,694.0,https://pleiades.stoa.org/places/671952,
pl-112399918,Withdrawn duplicate: Thracian Tomb of Sveshtari,tomb,pin,43.74496,26.76630,-330,-30,0,694.1,https://pleiades.stoa.org/places/112399918,
pl-678765,Untitled,aqueduct,wash,34.25000,36.25000,-30,300,0,694.1,https://pleiades.stoa.org/places/678765,
pl-681012,Untitled,quarry,wash,34.25000,36.25000,-30,300,0,694.1,https://pleiades.stoa.org/places/681012,
pl-424010351,Stoa in the sanctuary of Zeus Lykaios,stoa,pin,37.44835,21.99547,-550,300,0,694.1,https://pleiades.stoa.org/places/424010351,
pl-216999,Sveshtari,tumulus,pin,43.75323,26.78609,-330,-30,0,694.3,https://pleiades.stoa.org/places/216999,
pl-570764,Sanctuary of Zeus Lykaios,"sanctuary, cistern, bath",pin,37.44920,21.99229,-550,2099,0,694.4,https://pleiades.stoa.org/places/570764,
pl-570107,Aris (river),river,pin,37.08069,22.04431,2000,2099,0,694.7,https://pleiades.stoa.org/places/570107,
pl-535233377,Ash Altar of Zeus Lykaios,shrine,pin,37.44662,21.98886,-750,300,0,694.7,https://pleiades.stoa.org/places/535233377,
pl-540891,Krokyleion?,settlement,pin,38.45459,21.97450,-550,2100,0,695.1,https://pleiades.stoa.org/places/540891,
pl-573238,Hagno (spring),"unlocated, spring",wash,37.45307,21.98364,,,0,695.1,https://pleiades.stoa.org/places/573238,
pl-491668,Muletarovo,settlement,pin,41.44714,23.26408,-30,300,0,695.2,https://pleiades.stoa.org/places/491668,
pl-217055,Vicus Turris *Mucaporis,settlement,pin,44.18319,28.62726,-30,300,0,695.3,https://pleiades.stoa.org/places/217055,
pl-491616,Herakleia Sintike,settlement,pin,41.45002,23.26551,-550,1999,0,695.3,https://pleiades.stoa.org/places/491616,
pl-491639,Klitai,settlement,pin,40.85720,22.82482,-550,300,0,695.4,https://pleiades.stoa.org/places/491639,
pl-216824,Golyamo Belovo,church,pin,42.19145,23.98708,300,640,0,695.7,https://pleiades.stoa.org/places/216824,
pl-541111,Spercheiai,"defensive-wall, fort",pin,38.92295,22.03326,-550,-30,0,695.7,https://pleiades.stoa.org/places/541111,
pl-857195,Konopeion Limne?,lagoon,wash,41.50000,36.50000,-30,640,0,695.8,https://pleiades.stoa.org/places/857195,
pl-570441,Lykaion (mountain),mountain,pin,37.45694,21.97500,1700,2100,0,695.8,https://pleiades.stoa.org/places/570441,
pl-573309,Kretea,unlocated,wash,37.45694,21.97500,,,0,695.8,https://pleiades.stoa.org/places/573309,
pl-678024,"Apollo, T.",temple-2,pin,34.00389,36.02913,-30,300,0,695.8,https://pleiades.stoa.org/places/678024,
pl-491688,Pella,unknown,wash,40.75000,22.75000,-330,-30,0,695.9,https://pleiades.stoa.org/places/491688,
pl-678757,Untitled,aqueduct,wash,33.75000,35.75000,-30,640,0,696.0,https://pleiades.stoa.org/places/678757,
pl-679509,Untitled,bridge,wash,33.75000,35.75000,-30,640,0,696.0,https://pleiades.stoa.org/places/679509,
pl-679510,Untitled,bridge,wash,33.75000,35.75000,-30,640,0,696.0,https://pleiades.stoa.org/places/679510,
pl-570716,Thaliades,settlement,pin,37.78236,21.94745,-750,300,0,696.0,https://pleiades.stoa.org/places/570716,
pl-668344,Qasr el-Banat,temple-2,pin,34.08741,36.11801,-30,300,0,696.0,https://pleiades.stoa.org/places/668344,
pl-678217,So-called Kalamon Limne,lake,wash,33.75000,35.75000,-330,1999,0,696.0,https://pleiades.stoa.org/places/678217,
pl-216786,Deleni,quarry,pin,44.09181,28.00611,-30,640,0,696.2,https://pleiades.stoa.org/places/216786,
pl-491582,Dysoron (mountain),"mountain, label",pin,41.16922,23.03081,,,0,696.2,https://pleiades.stoa.org/places/491582,
pl-491663,Methone (Pieria),"settlement, agora",pin,40.46747,22.58275,-4000,300,0,696.2,https://pleiades.stoa.org/places/491663,
pl-540636,Angeia,"fortified-settlement, archaeological-site",pin,39.10772,22.06456,-550,300,0,696.3,https://pleiades.stoa.org/places/540636,
pl-540682,Atrax,"settlement, acropolis",pin,39.57160,22.19210,-750,640,0,696.4,https://pleiades.stoa.org/places/540682,
pl-570720,Theisoa,"castle, ruin, settlement, acropolis",pin,37.50643,21.96251,-750,2099,0,696.4,https://pleiades.stoa.org/places/570720,
pl-491719,Sintia,settlement,pin,41.39764,23.20740,,,0,696.4,https://pleiades.stoa.org/places/491719,
pl-570690,Stenykleros (plain),"plain, label",pin,37.22070,21.99717,,,0,696.6,https://pleiades.stoa.org/places/570690,
pl-678076,Brochoi,fort,pin,33.79745,35.81512,-330,-30,0,696.6,https://pleiades.stoa.org/places/678076,
pl-570031,Achilleios Limen,harbor,wash,36.25000,22.25000,,,0,696.8,https://pleiades.stoa.org/places/570031,
pl-572296,Untitled,quarry,wash,36.25000,22.25000,-330,300,0,696.8,https://pleiades.stoa.org/places/572296,
pl-572297,Untitled,quarry,wash,36.25000,22.25000,-330,300,0,696.8,https://pleiades.stoa.org/places/572297,
pl-540671,Askyris,settlement,pin,40.00014,22.34718,-550,300,0,696.9,https://pleiades.stoa.org/places/540671,
pl-570509,Nomia (mountain),"mountain, label",pin,37.41587,21.96582,,,0,697.0,https://pleiades.stoa.org/places/570509,
pl-658551,Nisus/Cesum,settlement,pin,37.69129,37.86010,-30,640,0,697.1,https://pleiades.stoa.org/places/658551,
pl-570476,Melpeia,sanctuary,pin,37.43148,21.96314,-750,300,0,697.1,https://pleiades.stoa.org/places/570476,
pl-335229933,Methone (Macedonian),settlement,pin,40.47455,22.57385,-330,300,0,697.2,https://pleiades.stoa.org/places/335229933,
pl-658555,‘Octacuscum’,settlement,pin,37.69339,37.86186,300,2100,0,697.2,https://pleiades.stoa.org/places/658555,
pl-522605291,Luhsu,"unlocated, fort",wash,38.70377,37.82226,-720,-540,0,697.3,https://pleiades.stoa.org/places/522605291,
pl-762647722,Anmurru,"unlocated, fort",wash,38.70377,37.82226,-720,-540,0,697.3,https://pleiades.stoa.org/places/762647722,
pl-570551,Pamisos (river of Messenia),river,pin,37.11058,22.00813,-30,2100,0,697.3,https://pleiades.stoa.org/places/570551,
pl-100544804,Purṭir,"unlocated, fort",wash,38.70377,37.82226,-720,-540,0,697.3,https://pleiades.stoa.org/places/100544804,
pl-217027,Tropaeum Traiani (settlement),settlement,pin,44.09207,27.94399,-30,2100,0,697.5,https://pleiades.stoa.org/places/217027,
pl-540772,Erythrai?,settlement,pin,38.40645,21.94206,-550,300,0,697.5,https://pleiades.stoa.org/places/540772,
pl-679506,Untitled,bridge,pin,33.33952,35.25078,-30,640,0,697.6,https://pleiades.stoa.org/places/679506,
pl-541150,Titanos (mountain),"mountain, label",pin,39.55000,22.16966,2000,2099,0,697.7,https://pleiades.stoa.org/places/541150,
pl-492262,Kleidi Roman bridge (Emathia),bridge,pin,40.57402,22.62252,-30,2099,0,697.7,https://pleiades.stoa.org/places/492262,
pl-540674,Asterion/Peirasia,fort,pin,39.49852,22.15211,-750,300,0,697.8,https://pleiades.stoa.org/places/540674,
pl-857029,Ankon,station,pin,41.37398,36.63161,-330,640,0,697.8,https://pleiades.stoa.org/places/857029,
pl-668261,(H)Emesa,settlement,pin,34.73766,36.71932,-1200,2000,0,697.8,https://pleiades.stoa.org/places/668261,
pl-668264,Hermel,temple,pin,34.37990,36.42219,-30,300,0,697.8,https://pleiades.stoa.org/places/668264,
pl-570502,Neda (river),river,pin,37.41175,21.95619,1700,2100,0,697.9,https://pleiades.stoa.org/places/570502,
pl-217051,Vicus *Scaptia,settlement,pin,44.20403,28.59752,-30,300,0,698.0,https://pleiades.stoa.org/places/217051,
pl-491590,Enipeios (river),river,pin,40.24008,22.44322,2000,2099,0,698.0,https://pleiades.stoa.org/places/491590,
pl-491756,Zeus Olympios (temple),temple-2,pin,40.04675,22.35171,-330,1999,0,698.2,https://pleiades.stoa.org/places/491756,
pl-539725068,Kamouh el Hermel,monument,pin,34.36434,36.41584,-330,-30,0,698.3,https://pleiades.stoa.org/places/539725068,
pl-406510719,Tropaeum Traiani (monument),monument,pin,44.10232,27.95538,-30,300,0,698.4,https://pleiades.stoa.org/places/406510719,
pl-491567,Debrene,settlement,pin,41.58832,23.34051,-30,300,0,698.5,https://pleiades.stoa.org/places/491567,
pl-629107,Zizoatra,settlement,pin,38.09483,37.88593,-30,640,0,698.6,https://pleiades.stoa.org/places/629107,
pl-570422,Leontion,"settlement, archaeological-site",pin,38.03044,21.91311,-750,300,0,698.6,https://pleiades.stoa.org/places/570422,
pl-658550,Nisibyn/Ad Zociandem?,settlement,pin,37.00979,37.78828,-30,640,0,698.7,https://pleiades.stoa.org/places/658550,
pl-678192,Husn Niha,"sanctuary, temple-2",pin,33.90028,35.96097,-30,640,0,698.7,https://pleiades.stoa.org/places/678192,
pl-491665,Moryllos,settlement,pin,40.90058,22.80819,-330,300,0,698.9,https://pleiades.stoa.org/places/491665,
pl-69255711,Mahalliba,settlement,pin,33.31780,35.24337,-1000,2100,0,699.0,https://pleiades.stoa.org/places/69255711,
pl-491677,Olympos (mountain in Greece),mountain,pin,40.08556,22.35861,-750,2100,0,699.1,https://pleiades.stoa.org/places/491677,
pl-678308,Nihata,"settlement, temple-2",pin,33.89511,35.96289,-30,300,0,699.2,https://pleiades.stoa.org/places/678308,
pl-658470,*Gabboula,settlement,pin,36.08574,37.51613,300,640,0,699.2,https://pleiades.stoa.org/places/658470,
pl-491696,Pieria,"region, label, people",pin,40.36007,22.48718,-550,300,0,699.3,https://pleiades.stoa.org/places/491696,
pl-491552,Borboros?,"region, label",pin,40.69180,22.67014,,,0,699.4,https://pleiades.stoa.org/places/491552,
pl-671199,Untitled,centuriation,wash,34.75000,36.75000,-30,300,0,699.4,https://pleiades.stoa.org/places/671199,
pl-678135,Furzol,temple,pin,33.87013,35.93921,-30,640,0,699.4,https://pleiades.stoa.org/places/678135,
pl-658423,Capersana,settlement,pin,37.22180,37.83618,300,640,0,699.5,https://pleiades.stoa.org/places/658423,
pl-540782,Eupalion,"settlement, acropolis",pin,38.41558,21.91881,-550,2099,0,699.6,https://pleiades.stoa.org/places/540782,
pl-570094,Aphrodision (mountain),"mountain, label",pin,37.83192,21.90313,-30,300,0,699.7,https://pleiades.stoa.org/places/570094,
pl-570146,Balyra (river),river,pin,37.17298,21.96941,-30,2099,0,699.7,https://pleiades.stoa.org/places/570146,
pl-678348,Qasr Neba,temple-2,pin,33.91337,35.99051,-30,640,0,699.7,https://pleiades.stoa.org/places/678348,
pl-668398,Yaat,monument,pin,34.07066,36.15634,-30,300,0,699.8,https://pleiades.stoa.org/places/668398,
pl-540991,Ortha,settlement,pin,39.20800,22.04589,-550,300,0,700.0,https://pleiades.stoa.org/places/540991,
pl-216995,Sub Radices,station,pin,42.72735,24.59970,-30,640,0,700.2,https://pleiades.stoa.org/places/216995,
pl-570331,Karnasion,sanctuary,pin,37.26635,21.94881,-750,300,0,700.2,https://pleiades.stoa.org/places/570331,
pl-842949950,Kenk Boğazı,monument,pin,37.24613,37.84897,-720,2100,0,700.3,https://pleiades.stoa.org/places/842949950,
pl-540992,Orthe/Phalanna,settlement,pin,39.70851,22.19311,-750,640,0,700.3,https://pleiades.stoa.org/places/540992,
pl-491519,Aloros,settlement,pin,40.58861,22.59735,-550,300,0,700.4,https://pleiades.stoa.org/places/491519,
pl-570209,Eira,settlement,pin,37.39827,21.92799,-750,-330,0,700.5,https://pleiades.stoa.org/places/570209,
pl-629674,Unnamed bridge,bridge,wash,39.25000,37.75000,-30,300,0,700.5,https://pleiades.stoa.org/places/629674,
pl-678437,Tyrus/Col. Septimia Severa,"settlement, settlement-modern, findspot",pin,33.26934,35.20183,-10000,2100,0,700.6,https://pleiades.stoa.org/places/678437,
pl-540677,Sanctuary of Athena Itonia,"sanctuary, temple-2",pin,39.26673,22.05329,-2000,2099,0,700.6,https://pleiades.stoa.org/places/540677,
pl-668377,Stabl Antar,settlement,pin,35.54041,37.27694,-30,640,0,700.6,https://pleiades.stoa.org/places/668377,
pl-216889,‘Monte Haemo’,station,pin,42.77658,24.66024,-30,640,0,700.8,https://pleiades.stoa.org/places/216889,
pl-491555,Bragylai,settlement,pin,41.00115,22.85102,-30,640,0,700.8,https://pleiades.stoa.org/places/491555,
pl-491600,Gephyra,station,pin,40.72473,22.67187,-30,640,0,700.9,https://pleiades.stoa.org/places/491600,
pl-541022,Peneios (river),river,pin,39.66935,22.17046,1700,2100,0,701.0,https://pleiades.stoa.org/places/541022,
pl-610184253,Tyre Hippodrome,circus,pin,33.26838,35.20975,-30,300,0,701.1,https://pleiades.stoa.org/places/610184253,
pl-562815440,Phoenician cemetery at al-Bass,"cemetery, archaeological-site",pin,33.27108,35.21359,-800,2099,0,701.1,https://pleiades.stoa.org/places/562815440,
pl-562815441,Roman necropolis at al-Bass,"cemetery, archaeological-site",pin,33.27026,35.21240,-30,2099,0,701.1,https://pleiades.stoa.org/places/562815441,
pl-570079,Andania,settlement,pin,37.26217,21.93810,-750,300,0,701.2,https://pleiades.stoa.org/places/570079,
pl-678421,*Thamaneita,settlement,pin,33.88144,35.97893,-30,300,0,701.2,https://pleiades.stoa.org/places/678421,
pl-668288,Koile Syria/Massyas,"region, label",pin,34.21326,36.31641,-330,300,0,701.2,https://pleiades.stoa.org/places/668288,
pl-491683,Paroikopolis/Parthikopolis,settlement,pin,41.56112,23.27785,-330,640,0,701.3,https://pleiades.stoa.org/places/491683,
pl-491720,Sintike,"region, label",pin,41.46868,23.19913,-550,300,0,701.3,https://pleiades.stoa.org/places/491720,
pl-668360,Sachama,settlement,pin,34.74595,36.77472,-30,300,0,701.5,https://pleiades.stoa.org/places/668360,
pl-540867,Kierion,"settlement, acropolis, archaeological-site",pin,39.36686,22.06646,-750,640,0,701.8,https://pleiades.stoa.org/places/540867,
pl-628926,Arane,fort-2,pin,39.15557,37.79078,-750,640,0,702.0,https://pleiades.stoa.org/places/628926,
pl-216689,Abrud,mine,pin,44.12825,27.91494,-30,640,0,702.0,https://pleiades.stoa.org/places/216689,
pl-570297,Hyameia,label,pin,37.08354,21.95792,-750,300,0,702.1,https://pleiades.stoa.org/places/570297,
pl-658424,Caphrena,settlement,pin,37.24480,37.87015,-30,300,0,702.2,https://pleiades.stoa.org/places/658424,
pl-570242,Eua (mountain),"mountain, label",pin,37.16798,21.93879,,,0,702.5,https://pleiades.stoa.org/places/570242,
pl-570148,Bassai,temple-2,pin,37.42964,21.90032,-750,2100,0,702.6,https://pleiades.stoa.org/places/570148,
pl-570377,Kotilion (mountain),"mountain, label",pin,37.44144,21.89874,,,0,702.6,https://pleiades.stoa.org/places/570377,
pl-541043,Phayttos,"settlement, acropolis, settlement-modern",pin,39.60751,22.12787,-750,2100,0,702.8,https://pleiades.stoa.org/places/541043,
pl-216913,Ovidiu,fort-2,pin,44.24642,28.57769,-30,640,0,702.9,https://pleiades.stoa.org/places/216913,
pl-540894,Ktimene,settlement,pin,39.06424,21.97851,-750,300,0,702.9,https://pleiades.stoa.org/places/540894,
pl-287975074,Sanctuary of Artemis Limnatis at Messene,sanctuary,pin,37.17871,21.93027,-750,2100,0,703.0,https://pleiades.stoa.org/places/287975074,
pl-650320273,Royal Palace of Qatna,architecturalcomplex,pin,34.83554,36.86386,-1600,-1000,0,703.1,https://pleiades.stoa.org/places/650320273,
pl-650320274,Royal Hypogeum at Qatna,cemetery,pin,34.83584,36.86390,-2335,-1600,0,703.1,https://pleiades.stoa.org/places/650320274,
pl-570318,Ithome (mountain),mountain,pin,37.18573,21.92490,-750,2100,0,703.4,https://pleiades.stoa.org/places/570318,
pl-412342122,Qatna,"settlement, archaeological-site",pin,34.83467,36.86631,-4000,2100,0,703.4,https://pleiades.stoa.org/places/412342122,
pl-540916,Limnaion,"settlement, archaeological-site",pin,39.50806,22.08775,-1000,2099,0,703.5,https://pleiades.stoa.org/places/540916,
pl-491537,Bansko,settlement,pin,41.83642,23.49874,-30,640,0,703.5,https://pleiades.stoa.org/places/491537,
pl-216693,Ad Radices,station,pin,42.83115,24.69390,-30,640,0,703.5,https://pleiades.stoa.org/places/216693,
pl-216804,Emporium Piretensium,settlement,pin,43.12771,25.17043,-30,300,0,703.6,https://pleiades.stoa.org/places/216804,
pl-431124909,Rablê,settlement,pin,34.43215,36.54914,-1000,2100,0,703.6,https://pleiades.stoa.org/places/431124909,
pl-727209,Pseudostoma,unknown,wash,31.75000,31.25000,-550,300,0,703.7,https://pleiades.stoa.org/places/727209,
pl-658562,Ourima/Antiochia ad Euphratem/Arulis,settlement,pin,37.11037,37.86555,-330,640,0,703.7,https://pleiades.stoa.org/places/658562,
pl-135544311,Til-Tūri,"settlement, settlement-modern",pin,36.44751,37.69974,-720,2100,0,703.7,https://pleiades.stoa.org/places/135544311,
pl-52154983,Asklepieion of Messene,"sanctuary, archaeological-site",pin,37.17544,21.92042,-330,2099,0,703.9,https://pleiades.stoa.org/places/52154983,
pl-457626875,Agora of Messene,agora,pin,37.17699,21.92072,2000,2099,0,703.9,https://pleiades.stoa.org/places/457626875,
pl-983069784,Ecclesiasterion (Odeion) at Messene,odeon,pin,37.17562,21.92114,-330,2100,0,703.9,https://pleiades.stoa.org/places/983069784,
pl-570479,Messene,settlement,pin,37.17530,21.92005,-550,2099,0,704.0,https://pleiades.stoa.org/places/570479,
pl-596063692,Theatre of Messene,theatre,pin,37.17784,21.91891,-330,300,0,704.0,https://pleiades.stoa.org/places/596063692,
pl-278785543,Stadium-Gymnasium Complex at Messene,"stadion, gymnasium",pin,37.17288,21.91916,-330,300,0,704.1,https://pleiades.stoa.org/places/278785543,
pl-570215,Elektra (river of Messenia),river,pin,37.25181,21.90520,-30,2099,0,704.2,https://pleiades.stoa.org/places/570215,
pl-540981,Olooson,settlement,pin,39.89278,22.21571,-750,1999,0,704.2,https://pleiades.stoa.org/places/540981,
pl-678323,Ras el-'Ain,settlement,pin,33.23657,35.21999,-720,2100,0,704.3,https://pleiades.stoa.org/places/678323,
pl-731565554,Platia Magoula Zarkou,"settlement, cemetery",pin,39.58986,22.10360,-6000,-5000,0,704.4,https://pleiades.stoa.org/places/731565554,
pl-435916987,Arcadian Gate,"city-gate, city-wall",pin,37.18670,21.91331,-550,2100,0,704.4,https://pleiades.stoa.org/places/435916987,
pl-629096,Tödürge,cemetery,pin,39.86676,37.59782,-30,640,0,704.5,https://pleiades.stoa.org/places/629096,
pl-491681,Palatianon,"settlement, archaeological-site",pin,41.14602,22.90344,-330,640,0,704.6,https://pleiades.stoa.org/places/491681,
pl-668231,Conna,settlement,pin,34.27437,36.42245,-30,300,0,704.6,https://pleiades.stoa.org/places/668231,
pl-553659135,Tilbes Höyük,findspot,pin,37.08860,37.87360,,,0,704.7,https://pleiades.stoa.org/places/553659135,
pl-668297,Libo,settlement,pin,34.20291,36.35742,-1000,640,0,704.7,https://pleiades.stoa.org/places/668297,
pl-678334,Phoenice (region),region,wash,33.25000,35.25000,-750,640,0,705.0,https://pleiades.stoa.org/places/678334,
pl-678749,Untitled,aqueduct,wash,33.25000,35.25000,-30,300,0,705.0,https://pleiades.stoa.org/places/678749,
pl-680257,Untitled,earthwork,wash,33.25000,35.25000,-330,640,0,705.0,https://pleiades.stoa.org/places/680257,
pl-658636,Zeugma,"settlement, archaeological-site",pin,37.05773,37.87022,-720,640,0,705.0,https://pleiades.stoa.org/places/658636,
pl-658460,Epiphaneia ad Euphratem,settlement,pin,37.09817,37.87796,-330,640,0,705.0,https://pleiades.stoa.org/places/658460,
pl-619096573,Naḥal Yardinon,settlement,wash,33.25000,35.25000,1918,2000,0,705.0,https://pleiades.stoa.org/places/619096573,
pl-678151,Geato (river),river,wash,33.25000,35.25000,-30,640,0,705.0,https://pleiades.stoa.org/places/678151,
pl-1224,Pontus Euxinus,water-open,pin,43.07869,34.74255,-750,2100,0,705.1,https://pleiades.stoa.org/places/1224,
pl-668345,Qasr Ibn Wardan,settlement,pin,35.41086,37.26490,300,640,0,705.4,https://pleiades.stoa.org/places/668345,
pl-540737,Dolopia,"region, label",pin,39.09070,21.95355,-330,300,0,705.5,https://pleiades.stoa.org/places/540737,
pl-668387,Theleda,settlement,pin,35.13748,37.10318,-30,300,0,705.6,https://pleiades.stoa.org/places/668387,
pl-794026198,Theater of Zeugma,theatre,pin,37.04848,37.87709,-30,300,0,705.7,https://pleiades.stoa.org/places/794026198,
pl-658385,Apamea,"settlement, settlement-modern",pin,37.07802,37.88700,-330,2099,0,706.1,https://pleiades.stoa.org/places/658385,
pl-573142,Bias (river),"unlocated, river",wash,37.11035,21.90598,-30,300,0,706.2,https://pleiades.stoa.org/places/573142,
pl-573568,Trikka,settlement,wash,37.11035,21.90598,-750,300,0,706.2,https://pleiades.stoa.org/places/573568,
pl-668393,(Tri)Paradeisos,settlement,pin,34.44357,36.59498,-330,300,0,706.2,https://pleiades.stoa.org/places/668393,
pl-668362,Salamias,settlement,pin,35.05081,37.05715,300,640,0,706.5,https://pleiades.stoa.org/places/668362,
pl-540712,Chyretiai,settlement,pin,39.80014,22.15202,-550,640,0,706.6,https://pleiades.stoa.org/places/540712,
pl-678030,*Aremtha,settlement,pin,33.47139,35.57827,-30,300,0,706.7,https://pleiades.stoa.org/places/678030,
pl-216917,Panagyurishte,settlement,pin,42.50486,24.18858,-330,-30,0,706.8,https://pleiades.stoa.org/places/216917,
pl-570371,Korone,settlement,pin,36.95417,21.92794,-750,2099,0,706.9,https://pleiades.stoa.org/places/570371,
pl-570125,Asine,"castle, settlement",pin,36.79451,21.96327,-750,2099,0,707.0,https://pleiades.stoa.org/places/570125,
pl-491517,Allante,settlement,pin,40.73482,22.59896,-550,300,0,707.1,https://pleiades.stoa.org/places/491517,
pl-384326689,Unit IV-1 at Nichoria ,"settlement, architecturalcomplex",pin,37.00223,21.91530,-2000,2100,0,707.1,https://pleiades.stoa.org/places/384326689,
pl-678341,Qabr Hiram,settlement,pin,33.24219,35.27689,300,640,0,707.2,https://pleiades.stoa.org/places/678341,
pl-423679103,Nichoria,settlement,pin,37.00222,21.91417,-2000,2099,0,707.2,https://pleiades.stoa.org/places/423679103,
pl-541151,Titaresios (river),river,pin,39.84914,22.16181,1700,2100,0,707.3,https://pleiades.stoa.org/places/541151,
pl-455250148,Kastanas,settlement,pin,40.81791,22.64689,-3000,-30,0,707.3,https://pleiades.stoa.org/places/455250148,
pl-758001563,Temple of Jupiter Heliopolitanus,temple-2,pin,34.00675,36.20341,-30,2099,0,707.4,https://pleiades.stoa.org/places/758001563,
pl-678012,Album Pr.,cape,pin,33.16472,35.16833,-30,2100,0,707.4,https://pleiades.stoa.org/places/678012,
pl-524305133,Temple of Bacchus,temple-2,pin,34.00609,36.20396,-330,2099,0,707.5,https://pleiades.stoa.org/places/524305133,
pl-678179,Heliopolis/Col. Iulia Augusta Felix,"settlement, archaeological-site, temple-2, architecturalcomplex",pin,34.00638,36.20385,-1200,2100,0,707.5,https://pleiades.stoa.org/places/678179,
pl-633455581,Stone of the Pregnant Woman,"quarry, monument",pin,33.99917,36.20012,-30,2099,0,707.7,https://pleiades.stoa.org/places/633455581,
pl-155598151,Palaiokastro,"settlement, fort",pin,38.97639,21.90337,-330,2100,0,707.8,https://pleiades.stoa.org/places/155598151,
pl-668189,Androna/Andarna,settlement,pin,35.53397,37.36192,300,2100,0,707.8,https://pleiades.stoa.org/places/668189,
pl-678268,Litas (river),river,pin,33.47271,35.59952,1700,2100,0,707.9,https://pleiades.stoa.org/places/678268,
pl-491672,*Neine,settlement,pin,41.61317,23.22858,-30,300,0,708.1,https://pleiades.stoa.org/places/491672,
pl-540851,Kallithera,"settlement, settlement-modern",pin,39.27901,21.96756,-550,2099,0,708.2,https://pleiades.stoa.org/places/540851,
pl-678294,Nakle,settlement,pin,34.05329,36.26250,-30,640,0,708.3,https://pleiades.stoa.org/places/678294,
pl-678057,Berothe,settlement,pin,33.94527,36.15321,-330,300,0,708.3,https://pleiades.stoa.org/places/678057,
pl-678013,Alexandroschene,settlement,pin,33.15566,35.17199,300,640,0,708.4,https://pleiades.stoa.org/places/678013,
pl-678395,Sinde,settlement,pin,33.17030,35.19616,300,640,0,708.5,https://pleiades.stoa.org/places/678395,
pl-481996,Soneio,station,pin,42.31802,23.93457,-30,640,0,708.5,https://pleiades.stoa.org/places/481996,
pl-678455,Zekweh,temple-2,pin,33.71221,35.90185,-30,300,0,708.6,https://pleiades.stoa.org/places/678455,
pl-857109,Doiantos? Pedion,"plain, label",pin,41.29228,36.84127,-330,640,0,708.6,https://pleiades.stoa.org/places/857109,
pl-678204,Itouraioi,"label, people",pin,33.71312,35.90207,-330,640,0,708.6,https://pleiades.stoa.org/places/678204,
pl-491684,Parorbelia,"district, label",pin,41.26108,22.93315,-330,640,0,708.8,https://pleiades.stoa.org/places/491684,
pl-570368,Kolonides,settlement,pin,36.83608,21.92879,-550,300,0,709.1,https://pleiades.stoa.org/places/570368,
pl-491619,Ichnai,settlement,pin,40.76401,22.59126,-750,300,0,709.1,https://pleiades.stoa.org/places/491619,
pl-570096,Apollo Korythos Sanctuary,"sanctuary, temple-2",pin,36.86404,21.91863,-750,2099,0,709.4,https://pleiades.stoa.org/places/570096,
pl-668187,Anasartha/Theodoroupolis,settlement,pin,35.80986,37.51896,-30,640,0,709.4,https://pleiades.stoa.org/places/668187,
pl-678343,Qafr Zebad,temple-2,pin,33.78483,35.99733,-30,300,0,709.5,https://pleiades.stoa.org/places/678343,
pl-540954,Mylai?,fort,pin,39.75384,22.09873,-550,300,0,709.6,https://pleiades.stoa.org/places/540954,
pl-491705,Pythion,"settlement, fort",pin,40.05418,22.21806,-550,300,0,709.6,https://pleiades.stoa.org/places/491705,
pl-668351,Rasm er-Rbeit,settlement,pin,35.74860,37.49274,-30,640,0,709.6,https://pleiades.stoa.org/places/668351,
pl-678160,Gerra,"settlement, fort",pin,33.73111,35.93833,-330,750,0,709.6,https://pleiades.stoa.org/places/678160,
pl-491737,Tauriana,settlement,pin,40.99806,22.73400,-330,300,0,709.7,https://pleiades.stoa.org/places/491737,
pl-678173,Hammon,settlement,pin,33.12783,35.15413,-330,-30,0,709.7,https://pleiades.stoa.org/places/678173,
pl-678255,Klimax Tyrion,cape,pin,33.09442,35.10387,-30,2099,0,709.7,https://pleiades.stoa.org/places/678255,
pl-543789,Methylion,"unlocated, settlement",pin,39.37525,21.97557,1700,2100,0,709.8,https://pleiades.stoa.org/places/543789,
pl-857083,Chalybes,"label, people",pin,40.99306,37.07205,-550,640,0,709.9,https://pleiades.stoa.org/places/857083,
pl-10481849,Kumidi,archaeological-site,pin,33.62373,35.82105,1700,2100,0,710.1,https://pleiades.stoa.org/places/10481849,
pl-216922,Pavlikeni,"production, villa, estate",pin,43.25009,25.25529,-30,300,0,710.4,https://pleiades.stoa.org/places/216922,
pl-216740,Bugeac,fort,pin,44.09807,27.43124,-30,640,0,710.5,https://pleiades.stoa.org/places/216740,
pl-216747,Canlia,fort,pin,44.12412,27.52991,-30,640,0,710.7,https://pleiades.stoa.org/places/216747,
pl-217060,Vlahii,fort,pin,44.22409,27.97445,-30,640,0,711.1,https://pleiades.stoa.org/places/217060,
pl-857102,Danae,station,pin,40.38562,37.44473,300,640,0,711.1,https://pleiades.stoa.org/places/857102,
pl-491520,Amphax(it)is,"region, label",pin,40.92205,22.66444,-550,300,0,711.2,https://pleiades.stoa.org/places/491520,
pl-678219,Kana,settlement,pin,33.20889,35.29944,-30,2100,0,711.3,https://pleiades.stoa.org/places/678219,
pl-491691,Petra,bridge,pin,40.15690,22.23855,-330,640,0,711.6,https://pleiades.stoa.org/places/491691,
pl-543837,Phakion,unlocated,wash,39.53104,21.99787,,,0,711.8,https://pleiades.stoa.org/places/543837,
pl-541041,Pharkadon,"settlement, settlement-modern",pin,39.56799,22.00854,-550,2100,0,711.9,https://pleiades.stoa.org/places/541041,
pl-540985,Onochonos (river),river,pin,39.40854,21.95844,1700,2100,0,712.0,https://pleiades.stoa.org/places/540985,
pl-494582,Kissynioi,"unlocated, people",wash,40.92983,22.65863,-30,300,0,712.0,https://pleiades.stoa.org/places/494582,
pl-668359,Sabboura,fort,pin,35.19428,37.22129,-30,640,0,712.1,https://pleiades.stoa.org/places/668359,
pl-678203,Itouraia,"region, label",pin,33.70082,35.94313,-30,300,0,712.1,https://pleiades.stoa.org/places/678203,
pl-655074659,Umm el-Marra,"findspot, settlement, archaeological-site",pin,36.13401,37.69365,-2950,2099,0,712.5,https://pleiades.stoa.org/places/655074659,
pl-678171,Hammara,settlement,pin,33.67346,35.92102,-30,640,0,712.7,https://pleiades.stoa.org/places/678171,
pl-216965,Sacidava,"settlement-modern, fort",pin,44.20463,27.79058,-30,2100,0,713.0,https://pleiades.stoa.org/places/216965,
pl-216912,Ostrov,fort,pin,44.10653,27.36922,-30,640,0,713.1,https://pleiades.stoa.org/places/216912,
pl-216700,Altinum,"fort-2, fort",pin,44.18733,27.69290,-30,640,0,713.4,https://pleiades.stoa.org/places/216700,
pl-678086,Chalcis sub Libano,settlement,pin,33.95773,36.24164,-330,300,0,713.5,https://pleiades.stoa.org/places/678086,
pl-216799,Dunăreni,fort,pin,44.21036,27.78986,-30,640,0,713.6,https://pleiades.stoa.org/places/216799,
pl-658451,Dardas (river),river,wash,36.25000,37.75000,-550,-330,0,713.6,https://pleiades.stoa.org/places/658451,
pl-216787,Dervent,fort,pin,44.13325,27.44976,-30,640,0,713.7,https://pleiades.stoa.org/places/216787,
pl-857350,Themiskyra,settlement,pin,41.21518,36.96774,-550,640,0,713.8,https://pleiades.stoa.org/places/857350,
pl-857352,Thermodon (river),river,pin,41.20518,36.97559,-550,2100,0,713.9,https://pleiades.stoa.org/places/857352,
pl-678128,Ekdippa,station,pin,33.04781,35.10840,-720,640,0,713.9,https://pleiades.stoa.org/places/678128,
pl-540931,Malloia,fort,pin,39.87619,22.09155,-550,300,0,714.0,https://pleiades.stoa.org/places/540931,
pl-491709,Razlog,fort,pin,41.87967,23.38818,-30,640,0,714.1,https://pleiades.stoa.org/places/491709,
pl-216811,Flaviana,fort,pin,44.24818,27.94832,-30,640,0,714.2,https://pleiades.stoa.org/places/216811,
pl-491507,Acerdos,station,pin,40.52073,22.38747,-30,640,0,714.2,https://pleiades.stoa.org/places/491507,
pl-437137448,Public Bath of Pella,bath,pin,40.75221,22.51836,-330,2100,0,714.3,https://pleiades.stoa.org/places/437137448,
pl-491687,Pella/Diokletianoupolis,"settlement, archaeological-site",pin,40.75436,22.51822,-750,640,0,714.4,https://pleiades.stoa.org/places/491687,
pl-991253193,Macedonia (Hellenistic kingdom),state,wash,40.75411,22.51790,,,0,714.4,https://pleiades.stoa.org/places/991253193,
pl-216997,Sucidava,"fort-2, fort",pin,44.16552,27.54128,-30,640,0,714.8,https://pleiades.stoa.org/places/216997,
pl-409986437,Macedonian palace at Pella,architecturalcomplex,pin,40.76520,22.51772,-330,-30,0,715.0,https://pleiades.stoa.org/places/409986437,
pl-678302,Nebi Safa,"temple, temple-2",pin,33.49657,35.74716,-30,300,0,715.2,https://pleiades.stoa.org/places/678302,
pl-491694,Phakos,settlement,pin,40.75521,22.50467,-330,300,0,715.5,https://pleiades.stoa.org/places/491694,
pl-812828781,"Beaufort Castle, Lebanon",castle,pin,33.32440,35.53214,1081,2099,0,715.6,https://pleiades.stoa.org/places/812828781,
pl-541142,Thessaliotis,"district, label",pin,39.35050,21.89732,,,0,715.9,https://pleiades.stoa.org/places/541142,
pl-491575,Doiran,settlement,pin,41.17583,22.77645,-30,300,0,715.9,https://pleiades.stoa.org/places/491575,
pl-678045,Baithmare,settlement,pin,33.55242,35.83371,-30,300,0,716.3,https://pleiades.stoa.org/places/678045,
pl-216773,Cochirleni,fort,pin,44.27889,27.99902,-30,640,0,716.5,https://pleiades.stoa.org/places/216773,
pl-857057,Bartae,station,pin,40.68581,37.34810,300,640,0,716.5,https://pleiades.stoa.org/places/857057,
pl-944582489,Mdoukha,"sanctuary, temple-2",pin,33.59396,35.88801,-30,2100,0,716.6,https://pleiades.stoa.org/places/944582489,
pl-491689,Perraibia,"region, label, people",pin,39.94659,22.08753,,,0,716.7,https://pleiades.stoa.org/places/491689,
pl-540766,Ereikinion,settlement,pin,39.70237,21.99417,-330,300,0,716.9,https://pleiades.stoa.org/places/540766,
pl-658432,Chalybonitis,"district, label",pin,36.28679,37.80262,-330,300,0,716.9,https://pleiades.stoa.org/places/658432,
pl-988674927,Šindarara,"unlocated, settlement, fort",pin,39.47038,37.88074,-720,2099,0,716.9,https://pleiades.stoa.org/places/988674927,
pl-678088,Chamon,settlement,pin,33.88361,36.21626,-30,300,0,716.9,https://pleiades.stoa.org/places/678088,
pl-678300,Nea Come?,settlement,pin,33.00357,35.09519,-30,640,0,717.0,https://pleiades.stoa.org/places/678300,
pl-491657,Maidoi,"label, people",pin,41.88049,23.34628,-550,300,0,717.0,https://pleiades.stoa.org/places/491657,
pl-678186,Horvat 'Erav,church,pin,33.08332,35.21923,300,640,0,717.2,https://pleiades.stoa.org/places/678186,
pl-216800,Durostorum,settlement,pin,44.11911,27.26010,-30,2099,0,717.4,https://pleiades.stoa.org/places/216800,
pl-678209,Iyyon,"settlement, archaeological-site",pin,33.34538,35.59010,-330,640,0,717.4,https://pleiades.stoa.org/places/678209,
pl-897490752,Kastri Livadiou ancient settlement,"fortified-settlement, basilica, sanctuary, archaeological-site",pin,40.05329,22.12127,500,2099,0,717.6,https://pleiades.stoa.org/places/897490752,
pl-481823,*Egerica,station,pin,42.38742,23.87301,-30,640,0,717.7,https://pleiades.stoa.org/places/481823,
pl-491512,Aigeai,settlement,pin,40.48009,22.32187,-750,2100,0,717.7,https://pleiades.stoa.org/places/491512,
pl-216989,Sostra,"station, fort",pin,42.98498,24.67353,-30,640,0,717.8,https://pleiades.stoa.org/places/216989,
pl-531279448,Royal Tombs of Vergina,"tomb, cemetery",pin,40.48835,22.32403,-330,-30,0,717.9,https://pleiades.stoa.org/places/531279448,
pl-491595,Europos,"settlement, cemetery, acropolis, archaeological-site",pin,40.88665,22.55520,-750,640,0,717.9,https://pleiades.stoa.org/places/491595,
pl-678026,Aqaba,"sanctuary, ruin, temple-2, shrine, archaeological-site, monument",pin,33.51046,35.80910,-30,2100,0,718.0,https://pleiades.stoa.org/places/678026,
pl-678247,Khirbet Karkara,settlement,pin,33.06749,35.21266,300,640,0,718.1,https://pleiades.stoa.org/places/678247,
pl-540687,Azoros,"fort-2, settlement",pin,39.98493,22.08381,-330,2099,0,718.3,https://pleiades.stoa.org/places/540687,
pl-678133,'Evron,church,pin,32.98707,35.09679,300,640,0,718.5,https://pleiades.stoa.org/places/678133,
pl-629105,Zara,settlement,pin,39.89671,37.75544,-30,640,0,718.6,https://pleiades.stoa.org/places/629105,
pl-678454,Zabadeoi,"label, people",pin,33.76208,36.11502,-330,-30,0,718.9,https://pleiades.stoa.org/places/678454,
pl-541020,Pelinna(ion)?,settlement,pin,39.57337,21.92645,-750,640,0,719.0,https://pleiades.stoa.org/places/541020,
pl-845754667,Tel Kabri,settlement,pin,33.00914,35.14073,-10000,2100,0,719.1,https://pleiades.stoa.org/places/845754667,
pl-678242,Khirbet el-Knese,temple,pin,33.58408,35.92023,-30,300,0,719.4,https://pleiades.stoa.org/places/678242,
pl-857207,Lamyron/Herakleion,station,pin,41.24564,37.02582,-30,640,0,719.9,https://pleiades.stoa.org/places/857207,
pl-491576,Doliche,settlement,wash,40.05935,22.09614,-30,640,0,719.9,https://pleiades.stoa.org/places/491576,
pl-409986438,Necropolis at Archontiko,cemetery,pin,40.78631,22.46695,-850,-30,0,720.0,https://pleiades.stoa.org/places/409986438,
pl-491744,Titarion (mountain),mountain,pin,40.15528,22.13472,1700,2100,0,720.1,https://pleiades.stoa.org/places/491744,
pl-668237,Deleda,settlement,pin,34.41789,36.76392,300,640,0,720.1,https://pleiades.stoa.org/places/668237,
pl-857277,Phigamous (river),river,wash,40.50000,37.50000,-30,300,0,720.4,https://pleiades.stoa.org/places/857277,
pl-678747,Untitled,aqueduct,wash,32.75000,34.75000,-330,640,0,720.8,https://pleiades.stoa.org/places/678747,
pl-678748,Untitled,aqueduct,wash,32.75000,34.75000,-330,640,0,720.8,https://pleiades.stoa.org/places/678748,
pl-678092,Chorseos (river),river,wash,32.75000,34.75000,,,0,720.8,https://pleiades.stoa.org/places/678092,
pl-678199,Ioqereth,settlement,pin,33.07463,35.27381,-30,640,0,721.0,https://pleiades.stoa.org/places/678199,
pl-678007,Ain Hersha Roman Temple,temple-2,pin,33.45348,35.79053,-30,1999,0,721.2,https://pleiades.stoa.org/places/678007,
pl-857062,Beris (river),river,pin,41.15000,37.11667,-30,2100,0,721.6,https://pleiades.stoa.org/places/857062,
pl-491654,Loudias L.,lake,pin,40.68806,22.38889,1900,2099,0,721.6,https://pleiades.stoa.org/places/491654,
pl-678153,Gelil,settlement,pin,33.05329,35.25359,-330,640,0,721.6,https://pleiades.stoa.org/places/678153,
pl-217036,Valea Totişii,labeled feature,wash,43.50000,25.50000,-30,300,0,721.7,https://pleiades.stoa.org/places/217036,
pl-217443,Untitled,aqueduct,wash,43.50000,25.50000,-30,640,0,721.7,https://pleiades.stoa.org/places/217443,
pl-218953,Brazda lui Novac de Sud,earthwork,wash,43.50000,25.50000,300,640,0,721.7,https://pleiades.stoa.org/places/218953,
pl-481813,Dounax (mountain),"mountain, label",pin,42.13852,23.53161,,,0,722.0,https://pleiades.stoa.org/places/481813,
pl-913287176,Ain Aata,"tomb, sanctuary, temple-2",pin,33.43488,35.78377,-30,300,0,722.2,https://pleiades.stoa.org/places/913287176,
pl-99004197,Sarantaporo ancient settlement,"settlement, archaeological-site",pin,40.06541,22.07099,-550,2099,0,722.2,https://pleiades.stoa.org/places/99004197,
pl-678182,Hibbariye,temple,pin,33.36867,35.70276,-30,300,0,722.4,https://pleiades.stoa.org/places/678182,
pl-217004,Tegulitium,fort,pin,44.10879,27.04812,-30,640,0,722.5,https://pleiades.stoa.org/places/217004,
pl-534036732,Re-Buried Hellenistic Temple and Workshops,temple-2,pin,32.92736,35.07789,-330,-30,0,722.6,https://pleiades.stoa.org/places/534036732,
pl-216931,Pirdop,church,pin,42.69973,24.18149,300,640,0,722.7,https://pleiades.stoa.org/places/216931,
pl-678010,Ake/Ptolemais,settlement,pin,32.92129,35.07984,-2600000,2000,0,723.2,https://pleiades.stoa.org/places/678010,
pl-678228,Kefar Amiqo,settlement,pin,32.97432,35.16134,-30,640,0,723.2,https://pleiades.stoa.org/places/678228,
pl-216896,Nigrinianis/Candidiana,fort,pin,44.06343,26.84830,-30,640,0,724.0,https://pleiades.stoa.org/places/216896,
pl-491674,Novi Dojran,settlement,pin,41.23246,22.70709,-30,640,0,724.3,https://pleiades.stoa.org/places/491674,
pl-494631,Tritonos,"unlocated, settlement",wash,40.92905,22.49780,300,640,0,724.5,https://pleiades.stoa.org/places/494631,
pl-491753,Volustana,pass,pin,40.09816,22.05291,-30,2100,0,724.8,https://pleiades.stoa.org/places/491753,
pl-678404,Tel Shiqmona,"settlement, station, tell",pin,32.82464,34.95547,-18000,2000,0,724.9,https://pleiades.stoa.org/places/678404,
pl-677994,Abilene,"region, label",pin,33.60460,36.02960,-30,300,0,724.9,https://pleiades.stoa.org/places/677994,
pl-668183,Ammattha,fort,pin,35.68465,37.65125,-30,640,0,725.1,https://pleiades.stoa.org/places/668183,
pl-481860,Helice,station,pin,42.43832,23.81611,-30,640,0,725.2,https://pleiades.stoa.org/places/481860,
pl-78619237,Asomata,"cemetery, archaeological-site",pin,40.49029,22.23456,-4000,-30,0,725.2,https://pleiades.stoa.org/places/78619237,
pl-668403,Zebed,settlement,pin,35.85723,37.73275,300,640,0,725.2,https://pleiades.stoa.org/places/668403,
pl-491734,Sušica,villa,pin,41.43871,22.84955,-30,300,0,725.3,https://pleiades.stoa.org/places/491734,
pl-501629,Strymon (river),river,pin,41.80945,23.16119,300,2100,0,725.4,https://pleiades.stoa.org/places/501629,
pl-678271,Mafsheta,settlement,pin,33.04636,35.31172,-30,640,0,725.5,https://pleiades.stoa.org/places/678271,
pl-491559,Cambunii,mountain,pin,40.03082,22.00610,1700,2100,0,726.3,https://pleiades.stoa.org/places/491559,
pl-681772,Roads: Tyrus → Paneas → Damascus,road,wash,33.34282,35.73480,-750,-550,0,726.4,https://pleiades.stoa.org/places/681772,
pl-217023,Trimammium,fort-2,pin,43.70805,25.83108,-30,640,0,726.7,https://pleiades.stoa.org/places/217023,
pl-678349,Qasr Nemrud,temple-2,pin,33.83931,36.31446,-30,300,0,726.7,https://pleiades.stoa.org/places/678349,
pl-491656,Macedonia (region),"region, label",pin,40.96912,22.49208,-550,640,0,727.0,https://pleiades.stoa.org/places/491656,
pl-718809993,Tel Jatt,"settlement, settlement-modern",pin,32.97396,35.23055,-3300,2100,0,727.1,https://pleiades.stoa.org/places/718809993,
pl-678253,Kiboreia,"sanctuary, temple-2, shrine, archaeological-site, monument, settlement",pin,33.55726,36.01122,-30,2100,0,727.3,https://pleiades.stoa.org/places/678253,
pl-491621,Ilovica,mine,pin,41.45427,22.83027,-30,640,0,727.6,https://pleiades.stoa.org/places/491621,
pl-678055,Belus (river),river,pin,32.88256,35.10018,-30,2100,0,727.7,https://pleiades.stoa.org/places/678055,
pl-573380586,Ḥorbat 'Uẓa,settlement,pin,32.91418,35.15153,-10000,1291,0,727.8,https://pleiades.stoa.org/places/573380586,
pl-493772,Untitled,road,wash,41.00000,22.50000,,,0,727.9,https://pleiades.stoa.org/places/493772,
pl-678354,Rachle/Zenopolis?,settlement,pin,33.51449,35.97160,-30,640,0,728.0,https://pleiades.stoa.org/places/678354,
pl-678130,Elqosh,settlement,pin,33.02384,35.32249,-30,640,0,728.0,https://pleiades.stoa.org/places/678130,
pl-216880,Melta,station,pin,43.13473,24.71724,-30,640,0,728.3,https://pleiades.stoa.org/places/216880,
pl-668192,Antilibanus M.,mountain,pin,34.00000,36.50000,-1000,2100,0,728.3,https://pleiades.stoa.org/places/668192,
pl-678181,Hermon (mountain),mountain,pin,33.41611,35.85750,-720,2100,0,728.3,https://pleiades.stoa.org/places/678181,
pl-678052,Basilikos Aulon,valley,wash,33.75000,36.25000,-330,300,0,728.7,https://pleiades.stoa.org/places/678052,
pl-677993,Abila Lysaniou,settlement,pin,33.62711,36.11595,-30,640,0,728.8,https://pleiades.stoa.org/places/677993,
pl-491553,Botti(ai)a/Emathia,"region, label",pin,40.74034,22.32521,-550,300,0,729.0,https://pleiades.stoa.org/places/491553,
pl-419515104,Nea Nikomedeia,"settlement, settlement-modern",pin,40.52153,22.20368,1700,2100,0,729.1,https://pleiades.stoa.org/places/419515104,
pl-970549390,Canaanite Gate,city-gate,pin,33.24786,35.65478,-2000,-1000,0,729.1,https://pleiades.stoa.org/places/970549390,
pl-678452,Yiron,settlement,pin,33.08303,35.43080,-750,640,0,729.3,https://pleiades.stoa.org/places/678452,
pl-491546,Ber(r)oia,settlement,pin,40.52213,22.20149,-550,2099,0,729.3,https://pleiades.stoa.org/places/491546,
pl-678109,Dan,"cultural-landscape, settlement, archaeological-site",pin,33.24052,35.64737,-750,640,0,729.3,https://pleiades.stoa.org/places/678109,
pl-491573,Doberos,settlement,pin,41.38799,22.75324,-550,640,0,729.5,https://pleiades.stoa.org/places/491573,
pl-540949,Mondaia,settlement,pin,39.95960,21.93845,-550,-30,0,729.6,https://pleiades.stoa.org/places/540949,
pl-678110,Daphne,spring,pin,33.23013,35.63917,-30,300,0,729.6,https://pleiades.stoa.org/places/678110,
pl-216898,Nova Černa,fort,pin,43.99104,26.46597,300,1999,0,729.7,https://pleiades.stoa.org/places/216898,
pl-678251,Khirbet Waziya,settlement,pin,32.92083,35.19948,300,640,0,729.9,https://pleiades.stoa.org/places/678251,
pl-217021,Transmarisca,"fort-2, settlement, fort",pin,44.04825,26.61103,-30,640,0,730.4,https://pleiades.stoa.org/places/217021,
pl-216846,Iatrus,"fort-2, fort",pin,43.62889,25.57407,-30,640,0,730.5,https://pleiades.stoa.org/places/216846,
pl-216716,Asamus (river),river,pin,43.25923,24.87908,-30,2100,0,730.5,https://pleiades.stoa.org/places/216716,
pl-504745937,Tel Kisson,"tell, archaeological-site",pin,32.87303,35.15068,,,0,731.3,https://pleiades.stoa.org/places/504745937,
pl-872106931,Sanctuary of Pan at Paneas,sanctuary,pin,33.24876,35.69469,-330,300,0,731.5,https://pleiades.stoa.org/places/872106931,
pl-678324,Paneas/Caesarea Philippi,settlement,pin,33.24753,35.69346,-30,2100,0,731.5,https://pleiades.stoa.org/places/678324,
pl-678048,Bar'am,settlement,pin,33.04514,35.41481,-30,640,0,731.6,https://pleiades.stoa.org/places/678048,
pl-678221,Kaparasima,settlement,pin,32.96497,35.30305,-30,640,0,731.9,https://pleiades.stoa.org/places/678221,
pl-491676,*Oblostos,settlement,pin,40.17845,22.00081,-30,300,0,732.0,https://pleiades.stoa.org/places/491676,
pl-678375,Sasa,settlement,pin,33.02575,35.39851,-30,640,0,732.2,https://pleiades.stoa.org/places/678375,
pl-668329,Oumm Harteine,settlement,pin,35.20053,37.48144,-30,640,0,732.3,https://pleiades.stoa.org/places/668329,
pl-857332,Speluncis,station,pin,40.29242,37.75263,300,640,0,732.5,https://pleiades.stoa.org/places/857332,
pl-491548,Bogdanci,settlement,pin,41.20292,22.57875,-30,640,0,732.5,https://pleiades.stoa.org/places/491548,
pl-678046,Baka,"labeled feature, settlement",pin,32.97714,35.33252,-30,2099,0,732.6,https://pleiades.stoa.org/places/678046,
pl-980268339,Peqi'in Cave,"cave, cemetery",pin,32.97342,35.32978,-6200,-3750,0,732.7,https://pleiades.stoa.org/places/980268339,
pl-491598,Genderros,settlement,pin,40.81560,22.32349,,,0,732.7,https://pleiades.stoa.org/places/491598,
pl-678050,Barkousa/Iustinianoupolis?,settlement,pin,33.46620,35.98887,-30,640,0,732.7,https://pleiades.stoa.org/places/678050,
pl-668212,Betproclis,station,pin,34.63987,37.11180,300,640,0,732.8,https://pleiades.stoa.org/places/668212,
pl-937106860,"Persian and Hellenistic Administrative Building (PHAB), Tel Kedesh",architecturalcomplex,pin,33.11011,35.53096,-540,2100,0,732.9,https://pleiades.stoa.org/places/937106860,
pl-678215,Kadasa,settlement,pin,33.11071,35.53045,-540,2100,0,732.9,https://pleiades.stoa.org/places/678215,
pl-678319,Oulatha,label,pin,33.17131,35.61616,-330,300,0,733.0,https://pleiades.stoa.org/places/678319,
pl-857254,Oinoe/‘Caena’,"settlement, port",pin,41.12624,37.28536,-30,2100,0,733.3,https://pleiades.stoa.org/places/857254,
pl-506029338,Tel Ḥarasim,tell,pin,32.96680,35.33465,-1400,1453,0,733.6,https://pleiades.stoa.org/places/506029338,
pl-97875559,Atlit Yam,settlement,pin,32.71083,34.93515,-10000,-3300,0,733.9,https://pleiades.stoa.org/places/97875559,
pl-678410,Tel Anafa,settlement,pin,33.17412,35.63643,-330,300,0,734.0,https://pleiades.stoa.org/places/678410,
pl-678152,Gedru,settlement,pin,32.81023,35.10037,-330,300,0,734.0,https://pleiades.stoa.org/places/678152,
pl-857317,Sidenos (river),river,pin,40.85153,37.47253,-330,2100,0,734.1,https://pleiades.stoa.org/places/857317,
pl-678380,Segeira,settlement,pin,33.42193,35.96158,-30,640,0,734.4,https://pleiades.stoa.org/places/678380,
pl-481980,Samokov,settlement,pin,42.33712,23.55764,-30,640,0,734.5,https://pleiades.stoa.org/places/481980,
pl-678758,Untitled,aqueduct,wash,33.25000,35.75000,-30,640,0,734.7,https://pleiades.stoa.org/places/678758,
pl-491605,Gortynia,settlement,pin,41.15138,22.51417,-550,640,0,734.7,https://pleiades.stoa.org/places/491605,
pl-668221,*Cara/‘Cehere’/Chonacara?,settlement,pin,34.16826,36.75343,-30,640,0,735.0,https://pleiades.stoa.org/places/668221,
pl-678087,*Chalybon,settlement,pin,33.67031,36.25766,-330,300,0,735.0,https://pleiades.stoa.org/places/678087,
pl-491580,Drvoš,fort,pin,41.50113,22.76564,-30,640,0,735.2,https://pleiades.stoa.org/places/491580,
pl-678165,Gischala,settlement,pin,33.02472,35.44831,-30,640,0,735.2,https://pleiades.stoa.org/places/678165,
pl-678293,Nahf,settlement,pin,32.93062,35.31051,300,640,0,735.3,https://pleiades.stoa.org/places/678293,
pl-216982,Sexaginta Prista,"fort-2, station, fort",pin,43.84650,25.94536,-30,2099,0,735.4,https://pleiades.stoa.org/places/216982,
pl-491647,Kyrros,"ruin, settlement",pin,40.83178,22.29853,-550,1999,0,735.4,https://pleiades.stoa.org/places/491647,
pl-491716,Scurio,unknown,wash,40.75000,22.25000,-30,640,0,735.5,https://pleiades.stoa.org/places/491716,
pl-807201017,Nahal Oren,cave,pin,32.71459,34.97412,2000,2099,0,735.6,https://pleiades.stoa.org/places/807201017,
pl-678075,Boukolonpolis,settlement,pin,32.69521,34.94060,-550,2100,0,735.6,https://pleiades.stoa.org/places/678075,
pl-491692,Petralinci,settlement,pin,41.47131,22.73382,-30,640,0,735.8,https://pleiades.stoa.org/places/491692,
pl-159924549,Angelochori,settlement,pin,40.68482,22.19776,-1600,-1200,0,736.7,https://pleiades.stoa.org/places/159924549,
pl-678226,Karmiel,settlement,pin,32.90783,35.30183,-330,640,0,736.7,https://pleiades.stoa.org/places/678226,
pl-857307,Sauronisena/Saurania?,settlement,pin,40.69792,37.59982,-30,640,0,737.1,https://pleiades.stoa.org/places/857307,
pl-678330,Phiale Limne,lake,pin,33.23280,35.76614,-30,2100,0,737.1,https://pleiades.stoa.org/places/678330,
pl-216899,Novae,"fort-2, settlement",pin,43.61303,25.39399,-30,1999,0,737.2,https://pleiades.stoa.org/places/216899,
pl-217003,Tegris,fort,pin,43.92074,26.08233,-30,640,0,737.2,https://pleiades.stoa.org/places/217003,
pl-678321,Pacida (river),river,pin,32.75440,35.07211,-30,2100,0,737.4,https://pleiades.stoa.org/places/678321,
pl-481967,Prodanovci,settlement,pin,42.34663,23.52334,-30,640,0,737.5,https://pleiades.stoa.org/places/481967,
pl-491634,Kazandol,settlement,pin,41.28356,22.57000,-30,300,0,737.5,https://pleiades.stoa.org/places/491634,
pl-216707,Appiaria,fort-2,pin,43.98768,26.24562,-30,640,0,737.5,https://pleiades.stoa.org/places/216707,
pl-216795,Doriones,station,pin,43.25358,24.73011,-30,640,0,737.9,https://pleiades.stoa.org/places/216795,
pl-491707,Rabrovo,settlement,pin,41.30545,22.57913,-30,640,0,738.0,https://pleiades.stoa.org/places/491707,
pl-678356,Rama,settlement,pin,32.93400,35.36650,-30,1999,0,738.1,https://pleiades.stoa.org/places/678356,
pl-678385,Semachonitis L.,lake,pin,33.10420,35.60997,1700,2100,0,738.1,https://pleiades.stoa.org/places/678385,
pl-491742,Tiberia,settlement,pin,41.40732,22.65219,-30,640,0,738.2,https://pleiades.stoa.org/places/491742,
pl-678084,Carmel (mountain),mountain,pin,32.73030,35.05005,-30,2100,0,738.3,https://pleiades.stoa.org/places/678084,
pl-518854572,Horvat Shema',"tomb, synagogue",pin,32.97685,35.43964,-330,1291,0,738.7,https://pleiades.stoa.org/places/518854572,
pl-678391,Shephar'am,settlement,pin,32.80585,35.18015,-30,640,0,738.7,https://pleiades.stoa.org/places/678391,
pl-678445,Usha,settlement,pin,32.78765,35.15241,-30,640,0,738.8,https://pleiades.stoa.org/places/678445,
pl-491641,Kosturino,settlement,pin,41.39177,22.63247,-30,640,0,738.8,https://pleiades.stoa.org/places/491641,
pl-491702,Prdejci,temple,pin,41.20982,22.50041,-30,300,0,738.8,https://pleiades.stoa.org/places/491702,
pl-678284,Meron,settlement,pin,32.97955,35.44815,-30,640,0,739.0,https://pleiades.stoa.org/places/678284,
pl-678426,Thekoa,church,pin,32.96772,35.43298,-30,640,0,739.1,https://pleiades.stoa.org/places/678426,
pl-678196,Iabrouda,settlement,pin,33.97223,36.63115,-720,640,0,739.3,https://pleiades.stoa.org/places/678196,
pl-678285,Meroth,church,pin,33.02636,35.52739,-30,640,0,739.6,https://pleiades.stoa.org/places/678285,
pl-677996,‘Ad Ammontem’?,station,pin,33.37192,35.98449,300,640,0,739.7,https://pleiades.stoa.org/places/677996,
pl-668322,Occaraba,fort,pin,35.03566,37.47511,-30,640,0,739.8,https://pleiades.stoa.org/places/668322,
pl-216908,Oescus (river),river,pin,42.40441,23.55095,-30,2100,0,739.9,https://pleiades.stoa.org/places/216908,
pl-678232,Kefar Nevoraia,settlement,pin,33.01331,35.51696,-30,640,0,740.1,https://pleiades.stoa.org/places/678232,
pl-678273,Magloula,settlement,pin,33.84369,36.52082,300,640,0,740.4,https://pleiades.stoa.org/places/678273,
pl-491545,Berovo,settlement,pin,41.70524,22.85948,-30,640,0,740.5,https://pleiades.stoa.org/places/491545,
pl-857020,Ameletos/Camila,settlement,pin,41.10535,37.39487,-30,640,0,740.7,https://pleiades.stoa.org/places/857020,
pl-857229,Matuasco,station,pin,40.47975,37.76231,300,640,0,740.7,https://pleiades.stoa.org/places/857229,
pl-678059,Bersabe,settlement,pin,32.93088,35.40781,-2600000,2000,0,740.7,https://pleiades.stoa.org/places/678059,
pl-481998,Sparata,station,pin,42.55591,23.71068,-30,640,0,740.8,https://pleiades.stoa.org/places/481998,
pl-491653,Loudias (river),river,pin,40.75197,22.18406,1700,2100,0,740.8,https://pleiades.stoa.org/places/491653,
pl-836423101,Tomb of Lison and Kallikles ,tomb,pin,40.65254,22.12767,-300,2099,0,740.9,https://pleiades.stoa.org/places/836423101,
pl-491664,Mieza,"settlement, archaeological-site",pin,40.64480,22.12262,-550,-30,0,740.9,https://pleiades.stoa.org/places/491664,
pl-209287973,Mieza theater,theatre,pin,40.64416,22.12251,-330,-30,0,740.9,https://pleiades.stoa.org/places/209287973,
pl-668283,Khirbet ed-Douse,settlement,pin,35.16491,37.57014,-30,640,0,741.0,https://pleiades.stoa.org/places/668283,
pl-678191,Husifa,settlement,pin,32.71112,35.07320,300,640,0,741.2,https://pleiades.stoa.org/places/678191,
pl-678121,Dor(a),settlement,pin,32.61790,34.91712,-750,2099,0,741.3,https://pleiades.stoa.org/places/678121,
pl-678137,Gaba?,settlement,pin,32.73036,35.10690,-30,640,0,741.3,https://pleiades.stoa.org/places/678137,
pl-857030,Anniaca,settlement,pin,40.31259,37.85252,300,640,0,741.5,https://pleiades.stoa.org/places/857030,
pl-495763997,Untitled,mine-2,pin,41.77918,22.90818,300,640,0,741.6,https://pleiades.stoa.org/places/495763997,
pl-678201,Iotapata,"settlement, archaeological-site, tell",pin,32.83227,35.27762,-720,2100,0,741.8,https://pleiades.stoa.org/places/678201,
pl-678212,Jellemeh/Jalame,settlement,pin,32.71773,35.09433,-330,2099,0,741.8,https://pleiades.stoa.org/places/678212,
pl-491686,Pehčevo,settlement,pin,41.76298,22.88801,300,640,0,742.1,https://pleiades.stoa.org/places/491686,
pl-678230,Kefar Hanania,settlement,pin,32.91954,35.41469,-30,640,0,742.1,https://pleiades.stoa.org/places/678230,
pl-111698661,Mieza Nymphaion,"fountain, architecturalcomplex",pin,40.63069,22.09849,-330,-30,0,742.2,https://pleiades.stoa.org/places/111698661,
pl-779967430,Tel Hazor,"settlement, archaeological-site",pin,33.01918,35.56677,-1344,2100,0,742.5,https://pleiades.stoa.org/places/779967430,
pl-216822,Giridava,station,pin,43.34775,24.79812,-30,640,0,742.6,https://pleiades.stoa.org/places/216822,
pl-491586,(E)Idomene,settlement,pin,41.27747,22.49371,-550,640,0,743.0,https://pleiades.stoa.org/places/491586,
pl-491699,Pirava,settlement,pin,41.33215,22.53298,-30,640,0,743.0,https://pleiades.stoa.org/places/491699,
pl-678085,Casama,station,pin,34.02542,36.73461,300,640,0,743.0,https://pleiades.stoa.org/places/678085,
pl-857356,Tibareni,"label, people",pin,40.91393,37.55389,-550,640,0,743.5,https://pleiades.stoa.org/places/857356,
pl-491723,Skydra,"settlement, settlement-modern",pin,40.70979,22.12308,-330,2099,0,743.8,https://pleiades.stoa.org/places/491723,
pl-648569776,Skydra Hellenistic Temple,temple-2,pin,40.76134,22.14529,-330,-30,0,744.3,https://pleiades.stoa.org/places/648569776,
pl-678249,Khirbet Summaqa,settlement,pin,32.66119,35.05328,-30,640,0,744.6,https://pleiades.stoa.org/places/678249,
pl-678036,Asochis,"settlement, tell",pin,32.78570,35.25639,-720,640,0,744.7,https://pleiades.stoa.org/places/678036,
pl-491671,Negrevo,settlement,pin,41.78050,22.86489,300,640,0,744.8,https://pleiades.stoa.org/places/491671,
pl-677995,‘Ad(a)mana’,station,pin,33.92778,36.66733,-30,640,0,744.8,https://pleiades.stoa.org/places/677995,
pl-929943122,Beit She’arim,cemetery,pin,32.70377,35.12924,-30,2099,0,744.9,https://pleiades.stoa.org/places/929943122,
pl-491551,Bora/Bermion M.,mountain,pin,40.52580,22.01042,-30,2100,0,744.9,https://pleiades.stoa.org/places/491551,
pl-857269,Phabda/Phadisane,settlement,pin,41.03824,37.49647,-30,2100,0,745.1,https://pleiades.stoa.org/places/857269,
pl-857285,Polemonion/Side,"settlement, port, settlement-modern",pin,41.03088,37.50022,-330,2099,0,745.1,https://pleiades.stoa.org/places/857285,
pl-481983,Scaptopara,"settlement, villa",pin,41.99569,23.05249,-330,1999,0,745.3,https://pleiades.stoa.org/places/481983,
pl-604019428,Tel Qashish,settlement,pin,32.68518,35.10962,-10000,2100,0,745.4,https://pleiades.stoa.org/places/604019428,
pl-678009,Akchabare,settlement,pin,32.93026,35.49075,-30,640,0,745.5,https://pleiades.stoa.org/places/678009,
pl-678063,Beth She'arim,settlement,pin,32.70009,35.13540,-30,640,0,745.5,https://pleiades.stoa.org/places/678063,
pl-880264862,Yiftahel,settlement,pin,32.75538,35.22772,-10000,2100,0,745.7,https://pleiades.stoa.org/places/880264862,
pl-481775,Burgaraca,station,pin,42.57858,23.65790,-30,640,0,745.9,https://pleiades.stoa.org/places/481775,
pl-482000,Sportela,settlement,pin,42.12841,23.17222,-30,300,0,745.9,https://pleiades.stoa.org/places/482000,
pl-678105,Dabbura,settlement,pin,33.04899,35.66516,300,640,0,745.9,https://pleiades.stoa.org/places/678105,
pl-491593,Euboia/Dausara,settlement,pin,40.76918,22.12943,300,640,0,746.0,https://pleiades.stoa.org/places/491593,
pl-668347,Qastal,settlement,pin,35.14734,37.62474,-30,300,0,746.2,https://pleiades.stoa.org/places/668347,
pl-626129075,Arumâ,"settlement, monument",pin,32.78872,35.29260,-1200,2100,0,746.4,https://pleiades.stoa.org/places/626129075,
pl-491751,Vodoča,settlement,pin,41.46682,22.58641,-30,640,0,746.5,https://pleiades.stoa.org/places/491751,
pl-678287,Mezze,settlement,pin,33.50611,36.25444,-30,640,0,746.8,https://pleiades.stoa.org/places/678287,
pl-180354033,Tel Yokneam,"settlement, fort",pin,32.66438,35.10894,-3300,2100,0,747.2,https://pleiades.stoa.org/places/180354033,
pl-678103,Crocodilon (river),river,pin,32.54876,34.91380,-30,2100,0,747.3,https://pleiades.stoa.org/places/678103,
pl-678358,Ramat Yishay,settlement,pin,32.70365,35.17568,300,640,0,747.4,https://pleiades.stoa.org/places/678358,
pl-678750,Untitled,aqueduct,wash,32.75000,35.25000,-30,640,0,747.4,https://pleiades.stoa.org/places/678750,
pl-678751,Untitled,aqueduct,wash,32.75000,35.25000,300,640,0,747.4,https://pleiades.stoa.org/places/678751,
pl-678752,Untitled,aqueduct,wash,32.75000,35.25000,-30,640,0,747.4,https://pleiades.stoa.org/places/678752,
pl-678753,Untitled,aqueduct,wash,32.75000,35.25000,-30,640,0,747.4,https://pleiades.stoa.org/places/678753,
pl-678754,Unnamed aqueduct (at Gaba Philippi),aqueduct,wash,32.75000,35.25000,-30,640,0,747.4,https://pleiades.stoa.org/places/678754,
pl-678755,Untitled,aqueduct,wash,32.75000,35.25000,-30,640,0,747.4,https://pleiades.stoa.org/places/678755,
pl-300354626,Nawā,settlement,wash,32.75000,35.25000,-330,2000,0,747.4,https://pleiades.stoa.org/places/300354626,
pl-211425277,Ḥiṭṭīn,settlement,wash,32.75000,35.25000,-140,2000,0,747.4,https://pleiades.stoa.org/places/211425277,
pl-510671523,Arbēla,settlement,wash,32.75000,35.25000,-330,2000,0,747.4,https://pleiades.stoa.org/places/510671523,
pl-678145,Galilaea,"region, label",wash,32.75000,35.25000,-330,640,0,747.4,https://pleiades.stoa.org/places/678145,
pl-678220,Kana?,labeled feature,wash,32.75000,35.25000,-30,640,0,747.4,https://pleiades.stoa.org/places/678220,
pl-500223767,Kȧbul,settlement,wash,32.75000,35.25000,-1200,300,0,747.4,https://pleiades.stoa.org/places/500223767,
pl-482004,Stob,settlement,pin,42.09503,23.10677,-330,640,0,748.1,https://pleiades.stoa.org/places/482004,
pl-678261,Krokodeilonpolis,settlement,pin,32.53493,34.91020,-550,300,0,748.4,https://pleiades.stoa.org/places/678261,
pl-491724,Smojmirovo,settlement,pin,41.74511,22.78390,-30,640,0,748.5,https://pleiades.stoa.org/places/491724,
pl-678357,Ramat ha-Nadiv,settlement,pin,32.54715,34.93610,-30,640,0,748.6,https://pleiades.stoa.org/places/678357,
pl-678387,Sepphoris/Diocaesarea,"settlement, findspot",pin,32.75315,35.27887,-30,2100,0,748.7,https://pleiades.stoa.org/places/678387,
pl-277370050,Roman Theater at Sepphoris,theatre,pin,32.75341,35.27965,-30,300,0,748.7,https://pleiades.stoa.org/places/277370050,
pl-678291,Na'aran,settlement,pin,33.03048,35.68884,-30,640,0,748.8,https://pleiades.stoa.org/places/678291,
pl-693347883,Roman villa at Ramat Hanadiv,"garden-hortus, villa, archaeological-site",pin,32.54374,34.93564,,,0,748.9,https://pleiades.stoa.org/places/693347883,
pl-678095,Chrysoroas/Bardines (river),river,pin,33.51413,36.29450,-330,2100,0,748.9,https://pleiades.stoa.org/places/678095,
pl-678352,Quneitra,settlement,pin,33.12369,35.82477,-30,640,0,749.4,https://pleiades.stoa.org/places/678352,
pl-678417,Tel Mevorakh,settlement,pin,32.53325,34.92711,-330,2100,0,749.4,https://pleiades.stoa.org/places/678417,
pl-668369,Seriane?,settlement,pin,35.38768,37.80006,-30,640,0,749.4,https://pleiades.stoa.org/places/668369,
pl-678216,Kafr Nafakh,settlement,pin,33.05354,35.73205,300,640,0,749.5,https://pleiades.stoa.org/places/678216,
pl-678405,Syna M.,settlement,pin,32.53121,34.93177,300,640,0,749.8,https://pleiades.stoa.org/places/678405,
pl-833129569,Great Mosque of the Umayyads,mosque,pin,33.51159,36.30661,661,750,0,749.8,https://pleiades.stoa.org/places/833129569,
pl-245122016,"Temple of Jupiter, Damascus",temple-2,pin,33.51138,36.30534,-30,640,0,749.8,https://pleiades.stoa.org/places/245122016,
pl-668327,Otthara,settlement,pin,34.42293,37.17307,-30,640,0,749.9,https://pleiades.stoa.org/places/668327,
pl-678392,Shimron/Simonias,settlement,pin,32.70125,35.21991,-30,640,0,750.0,https://pleiades.stoa.org/places/678392,
pl-678106,Damascus,settlement,pin,33.51161,36.30910,-1344,2000,0,750.0,https://pleiades.stoa.org/places/678106,
pl-217000,Succorum Angustiae,labeled feature,wash,42.50000,23.50000,,,0,750.3,https://pleiades.stoa.org/places/217000,
pl-678401,Stratonos Pyrgos/Caesarea,settlement,pin,32.50184,34.89245,-330,2100,0,750.4,https://pleiades.stoa.org/places/678401,
pl-782099679,Beit Farhi,townhouse,pin,33.50774,36.31209,1700,1899,0,750.5,https://pleiades.stoa.org/places/782099679,
pl-481844,Germania,settlement,pin,42.28918,23.26418,-30,640,0,750.7,https://pleiades.stoa.org/places/481844,
pl-678233,Kefar Shuni,settlement,pin,32.53115,34.94904,-30,640,0,750.7,https://pleiades.stoa.org/places/678233,
pl-481712,Alino,settlement,pin,42.40196,23.38310,-30,640,0,750.8,https://pleiades.stoa.org/places/481712,
pl-493019,Untitled,mine,pin,41.78303,22.78388,300,640,0,750.8,https://pleiades.stoa.org/places/493019,
pl-791438655,Caesarea Mithraeum,sanctuary,pin,32.49910,34.89410,-30,2099,0,750.8,https://pleiades.stoa.org/places/791438655,
pl-677999,‘Ad Medera’,station,pin,33.58659,36.41010,300,640,0,751.2,https://pleiades.stoa.org/places/677999,
pl-493018,Untitled,mine,wash,41.75000,22.75000,-30,300,0,751.3,https://pleiades.stoa.org/places/493018,
pl-678091,Chorazin,"settlement, archaeological-site",pin,32.91139,35.56409,-30,850,0,751.3,https://pleiades.stoa.org/places/678091,
pl-217034,Utus (river),river,pin,43.18899,24.38303,-30,2100,0,751.4,https://pleiades.stoa.org/places/217034,
pl-668202,Aueria/Euareia,settlement,pin,34.30770,37.10093,-30,640,0,751.5,https://pleiades.stoa.org/places/668202,
pl-216826,Gorna Malina,fort,pin,42.69390,23.70621,-30,640,0,751.6,https://pleiades.stoa.org/places/216826,
pl-678235,Khan Aiyash,fort,pin,33.63823,36.47193,-30,640,0,751.6,https://pleiades.stoa.org/places/678235,
pl-677997,‘Adarin’,station,pin,33.74193,36.58422,-30,640,0,751.8,https://pleiades.stoa.org/places/677997,
pl-794388243,"Synagogue at Aḥmadiah (Aḥmadiya, Ahmadiyye)",sanctuary,wash,33.00000,35.70000,,,0,751.9,https://pleiades.stoa.org/places/794388243,
pl-668236,‘Danova’,settlement,pin,34.27047,37.07564,300,640,0,751.9,https://pleiades.stoa.org/places/668236,
pl-678006,Ahmadiya,settlement,pin,33.00000,35.70000,-30,2100,0,751.9,https://pleiades.stoa.org/places/678006,
pl-678350,Qazrin,settlement,pin,32.99171,35.68943,-30,640,0,752.0,https://pleiades.stoa.org/places/678350,
pl-161546548,Haurina,"settlement, settlement-modern",pin,34.26918,37.07807,-720,2100,0,752.1,https://pleiades.stoa.org/places/161546548,
pl-49841553,Kinneret,"settlement, archaeological-site",pin,32.86057,35.50752,-1200,-550,0,752.3,https://pleiades.stoa.org/places/49841553,
pl-678139,Gabatha,settlement,pin,32.67254,35.21865,-30,640,0,752.4,https://pleiades.stoa.org/places/678139,
pl-678402,Surman,settlement,pin,33.09210,35.84421,-330,640,0,753.1,https://pleiades.stoa.org/places/678402,
pl-857232,Melanthios (river),river,pin,40.63232,37.83665,-30,2100,0,753.2,https://pleiades.stoa.org/places/857232,
pl-167846411,Goritsa Neromyloi site,"archaeological-site, hill",pin,41.02675,22.19358,,,0,753.2,https://pleiades.stoa.org/places/167846411,
pl-216790,Dimum,"fort-2, archaeological-site",pin,43.65082,25.12941,-30,640,0,753.4,https://pleiades.stoa.org/places/216790,
pl-491585,Edessa (Macedonia),settlement,pin,40.79972,22.05397,-550,1599,0,753.4,https://pleiades.stoa.org/places/491585,
pl-981531,Macedonia (Roman province),province-2,wash,40.74384,22.02066,-330,-30,0,753.5,https://pleiades.stoa.org/places/981531,
pl-678180,Heptapegon,settlement,pin,32.86746,35.53856,-30,640,0,753.5,https://pleiades.stoa.org/places/678180,
pl-678138,Gaba Philippi,settlement,pin,32.61367,35.14459,-30,640,0,753.6,https://pleiades.stoa.org/places/678138,
pl-678240,Khirbet ed Dikke,settlement,pin,32.92675,35.62702,-30,640,0,753.7,https://pleiades.stoa.org/places/678240,
pl-678155,Gennesar,settlement,pin,32.86027,35.53384,-330,640,0,753.9,https://pleiades.stoa.org/places/678155,
pl-678362,Reina,settlement,pin,32.71620,35.32225,-330,300,0,754.3,https://pleiades.stoa.org/places/678362,
pl-678299,Nazareth,settlement,pin,32.70103,35.30015,-330,640,0,754.4,https://pleiades.stoa.org/places/678299,
pl-491565,Davidovo,settlement,pin,41.38879,22.42451,-30,640,0,754.4,https://pleiades.stoa.org/places/491565,
pl-720628460,'Ein-Shadud,settlement,pin,32.65999,35.23835,-3300,2100,0,754.6,https://pleiades.stoa.org/places/720628460,
pl-678231,Kefar Nahum/Kapharnaoum,settlement,pin,32.88089,35.57589,-330,640,0,754.6,https://pleiades.stoa.org/places/678231,
pl-217046,Vicus Longinopara,settlement,pin,43.07271,24.14979,-30,300,0,755.0,https://pleiades.stoa.org/places/217046,
pl-678166,Giv'at Olga,settlement,pin,32.44604,34.88623,-30,640,0,755.2,https://pleiades.stoa.org/places/678166,
pl-491730,Stenas,station,pin,41.36522,22.39278,-550,640,0,755.5,https://pleiades.stoa.org/places/491730,
pl-491594,Europos,"settlement, archaeological-site",pin,40.94615,22.11167,-330,300,0,755.7,https://pleiades.stoa.org/places/491594,
pl-678359,er Ramthaniyye,settlement,pin,33.02904,35.80450,300,640,0,755.8,https://pleiades.stoa.org/places/678359,
pl-678264,Lavi,settlement,pin,32.77302,35.43897,-30,640,0,755.9,https://pleiades.stoa.org/places/678264,
pl-216992,Storgosia,station,pin,43.39567,24.62482,-30,640,0,756.0,https://pleiades.stoa.org/places/216992,
pl-678065,Bethsaida,"settlement, archaeological-site",pin,32.89286,35.61957,-30,640,0,756.1,https://pleiades.stoa.org/places/678065,
pl-216823,Glava Panega,sanctuary,pin,43.09201,24.15062,-30,300,0,756.5,https://pleiades.stoa.org/places/216823,
pl-678159,Geroda/Korada?,station,pin,33.80070,36.71216,300,640,0,756.5,https://pleiades.stoa.org/places/678159,
pl-678029,Arbela,settlement,pin,32.80706,35.50487,-330,300,0,756.7,https://pleiades.stoa.org/places/678029,
pl-678272,Magdala/Taricheai,settlement,pin,32.81449,35.52058,-330,640,0,757.0,https://pleiades.stoa.org/places/678272,
pl-678397,Sogane,settlement,pin,32.92734,35.69124,-30,640,0,757.4,https://pleiades.stoa.org/places/678397,
pl-491569,Demir Kapija,settlement,pin,41.39163,22.38678,-550,640,0,757.4,https://pleiades.stoa.org/places/491569,
pl-678078,Burgatha?,settlement,pin,32.42559,34.89325,-330,640,0,757.4,https://pleiades.stoa.org/places/678078,
pl-668285,Khirbet el-Bilaas,temple,pin,34.96761,37.66058,-30,300,0,757.7,https://pleiades.stoa.org/places/668285,
pl-26356565,Magidû,"settlement, archaeological-site",pin,32.58378,35.18373,-720,2100,0,758.3,https://pleiades.stoa.org/places/26356565,
pl-678237,Khan el-Jennajil,fort,pin,33.94137,36.87525,-30,300,0,758.4,https://pleiades.stoa.org/places/678237,
pl-678288,Mikhmoret,"settlement, archaeological-site",pin,32.39914,34.86995,-550,2100,0,758.6,https://pleiades.stoa.org/places/678288,
pl-678150,Gaulanitis,"region, label",pin,33.00739,35.82238,-330,640,0,758.6,https://pleiades.stoa.org/places/678150,
pl-875060626,Tell Esur,tell,pin,32.48208,35.01942,-2000,1291,0,758.7,https://pleiades.stoa.org/places/875060626,
pl-491649,Laki,settlement,pin,41.78288,22.67521,-30,640,0,758.7,https://pleiades.stoa.org/places/491649,
pl-678266,Legio/Caporcotani/Maximianopolis,settlement,pin,32.57529,35.18638,-30,1599,0,759.2,https://pleiades.stoa.org/places/678266,
pl-678062,Beth Maon,settlement,pin,32.78261,35.51499,-30,640,0,759.3,https://pleiades.stoa.org/places/678062,
pl-679507,Untitled,bridge,pin,32.57027,35.18498,-30,300,0,759.6,https://pleiades.stoa.org/places/679507,
pl-781836776,Toumba Apsalou (Pella),"settlement, archaeological-site",pin,40.90990,22.03930,,,0,759.7,https://pleiades.stoa.org/places/781836776,
pl-660988416,Philistia (region),region,wash,32.42998,34.94959,-1000,-540,0,759.8,https://pleiades.stoa.org/places/660988416,
pl-491710,Razlovci,settlement,pin,41.89863,22.75967,300,640,0,759.8,https://pleiades.stoa.org/places/491710,
pl-491693,Petrovo,fort,wash,41.25000,22.25000,300,640,0,760.2,https://pleiades.stoa.org/places/491693,
pl-678229,Kefar 'Aqabia,settlement,pin,32.86044,35.64637,-30,640,0,760.3,https://pleiades.stoa.org/places/678229,
pl-678419,Thabor (mountain),mountain,pin,32.68711,35.38962,-330,2100,0,760.5,https://pleiades.stoa.org/places/678419,
pl-678431,Tiberias,settlement,pin,32.78769,35.54229,-30,640,0,760.5,https://pleiades.stoa.org/places/678431,
pl-678236,Khan el-Abyad,fort,pin,34.03344,36.98985,-30,300,0,760.5,https://pleiades.stoa.org/places/678236,
pl-493020,Untitled,mine,pin,41.79121,22.65590,-750,300,0,760.6,https://pleiades.stoa.org/places/493020,
pl-678178,Helenoupolis?,settlement,pin,32.71875,35.44040,300,640,0,760.6,https://pleiades.stoa.org/places/678178,
pl-491518,Almopia,"region, label",pin,40.99610,22.07698,-550,-30,0,760.8,https://pleiades.stoa.org/places/491518,
pl-678430,Tiberiadis Mare/Gennesar Lacus,"water-inland, lake",pin,32.81380,35.59056,-30,2100,0,761.0,https://pleiades.stoa.org/places/678430,
pl-678011,Akraba,settlement,pin,33.11068,36.00716,-30,640,0,761.5,https://pleiades.stoa.org/places/678011,
pl-418952041,Ḥorvat Tevet,archaeological-site,pin,32.63889,35.33333,-1000,2099,0,761.6,https://pleiades.stoa.org/places/418952041,
pl-566551788,Deir Qeruh,settlement,pin,32.90615,35.74592,300,640,0,762.3,https://pleiades.stoa.org/places/566551788,
pl-678146,Gamala,settlement,pin,32.90140,35.73789,-30,2100,0,762.3,https://pleiades.stoa.org/places/678146,
pl-216812,Flămînda,fort,pin,43.70127,25.04011,-30,300,0,762.4,https://pleiades.stoa.org/places/216812,
pl-481869,Jarlovo,settlement,pin,42.46856,23.27829,-30,640,0,762.6,https://pleiades.stoa.org/places/481869,
pl-678096,Coele Syria,"region, label",wash,33.75000,36.75000,-550,640,0,762.6,https://pleiades.stoa.org/places/678096,
pl-481943,Pancharevo,settlement,pin,42.59305,23.41050,-30,640,0,763.0,https://pleiades.stoa.org/places/481943,
pl-678172,Hammath/Ammathous,bath,pin,32.76051,35.54765,-30,640,0,763.1,https://pleiades.stoa.org/places/678172,
pl-678304,Nejha,settlement,pin,33.38484,36.36834,-30,300,0,763.2,https://pleiades.stoa.org/places/678304,
pl-678411,Tel Hefer,settlement,pin,32.37051,34.90924,-750,640,0,763.2,https://pleiades.stoa.org/places/678411,
pl-976889442,Tabor,findspot,pin,32.67140,35.41460,1700,2100,0,763.2,https://pleiades.stoa.org/places/976889442,
pl-491532,Astraia?,settlement,pin,41.60405,22.46903,-330,640,0,763.2,https://pleiades.stoa.org/places/491532,
pl-268144623,Khirbet Kusiya,findspot,pin,32.42420,35.00620,1700,2100,0,763.2,https://pleiades.stoa.org/places/268144623,
pl-216966,Sadovets,settlement,pin,43.30768,24.35116,300,640,0,763.3,https://pleiades.stoa.org/places/216966,
pl-726708218,Kursi paleochristian basilica,church-2,pin,32.82580,35.65041,,,0,763.4,https://pleiades.stoa.org/places/726708218,
pl-481848,Gorubljane,settlement,pin,42.61040,23.42181,-30,640,0,763.5,https://pleiades.stoa.org/places/481848,
pl-678093,Chorsia,settlement,pin,32.82402,35.64929,-30,2100,0,763.5,https://pleiades.stoa.org/places/678093,
pl-216941,Popeşti,fort,pin,44.30302,26.39981,-330,-30,0,763.7,https://pleiades.stoa.org/places/216941,
pl-678286,Meser,settlement,pin,32.44020,35.04749,300,640,0,763.9,https://pleiades.stoa.org/places/678286,
pl-678427,Thelseai,settlement,pin,33.64758,36.66499,-30,640,0,763.9,https://pleiades.stoa.org/places/678427,
pl-678280,Mega Pedion,"plain, label",pin,32.60119,35.32172,-330,640,0,764.2,https://pleiades.stoa.org/places/678280,
pl-481843,German,settlement,pin,42.60956,23.41078,-30,640,0,764.2,https://pleiades.stoa.org/places/481843,
pl-857136,Genetos (river),river,pin,41.10992,37.69548,300,2099,0,764.3,https://pleiades.stoa.org/places/857136,
pl-481835,‘Extuomne’,station,pin,42.65923,23.46491,-30,640,0,764.4,https://pleiades.stoa.org/places/481835,
pl-857168,Iasonion (promuntory),cape,pin,41.13640,37.68296,-30,2100,0,764.6,https://pleiades.stoa.org/places/857168,
pl-678298,Natania,settlement,pin,32.32892,34.86417,-30,640,0,764.7,https://pleiades.stoa.org/places/678298,
pl-678053,Batanaia,bath,pin,32.49834,35.16340,-30,640,0,764.8,https://pleiades.stoa.org/places/678053,
pl-587809526,Mar Elian,monastery,pin,34.23632,37.22508,2000,2099,0,764.9,https://pleiades.stoa.org/places/587809526,
pl-678443,Umm Rihan,"settlement, settlement-modern",pin,32.48359,35.14188,-30,2099,0,765.0,https://pleiades.stoa.org/places/678443,
pl-857333,Stamene/Ameneia?,settlement,pin,41.11278,37.70418,-550,640,0,765.1,https://pleiades.stoa.org/places/857333,
pl-678162,el-Ghassule,settlement,pin,33.43403,36.45258,-30,300,0,765.1,https://pleiades.stoa.org/places/678162,
pl-678067,Bir el 'Abd,settlement,pin,32.38487,34.97573,-30,640,0,765.2,https://pleiades.stoa.org/places/678067,
pl-461091974,Rujm el-Hiri,"archaeological-site, monument",pin,32.90865,35.80104,-3000,2099,0,765.4,https://pleiades.stoa.org/places/461091974,
pl-862514286,Tall Saka,"findspot, archaeological-site",pin,33.44020,36.46810,1700,2100,0,765.7,https://pleiades.stoa.org/places/862514286,
pl-481764,Bistritsa,settlement,pin,42.58585,23.35982,-30,300,0,765.7,https://pleiades.stoa.org/places/481764,
pl-678329,Pharphar (river),river,wash,33.25000,36.25000,,,0,765.8,https://pleiades.stoa.org/places/678329,
pl-678418,Tha'anach,"settlement, archaeological-site, findspot",pin,32.52056,35.22067,-30,2100,0,765.8,https://pleiades.stoa.org/places/678418,
pl-581528584,Temple of Thelsae,temple-2,pin,33.63982,36.68883,,,0,766.1,https://pleiades.stoa.org/places/581528584,
pl-481845,Golemo selo,settlement,pin,42.29324,23.04209,-30,640,0,766.1,https://pleiades.stoa.org/places/481845,
pl-668315,Nazala,settlement,pin,34.24627,37.25064,-30,640,0,766.2,https://pleiades.stoa.org/places/668315,
pl-189103682,HaMa'apil,"settlement, settlement-modern",pin,32.37776,34.98405,1700,2100,0,766.3,https://pleiades.stoa.org/places/189103682,
pl-679502,Untitled,bridge,wash,32.25000,34.75000,-30,300,0,766.4,https://pleiades.stoa.org/places/679502,
pl-679503,Untitled,bridge,wash,32.25000,34.75000,-30,640,0,766.4,https://pleiades.stoa.org/places/679503,
pl-689317,Untitled,bridge,wash,32.25000,34.75000,-30,640,0,766.4,https://pleiades.stoa.org/places/689317,
pl-689318,Untitled,bridge,wash,32.25000,34.75000,-30,640,0,766.4,https://pleiades.stoa.org/places/689318,
pl-678265,Lebaba,settlement,pin,33.28022,36.30330,300,640,0,766.9,https://pleiades.stoa.org/places/678265,
pl-857187,Kilikon Nesos,island,pin,41.11761,37.72869,-30,2100,0,767.2,https://pleiades.stoa.org/places/857187,
pl-216692,Ad Putea,station,pin,43.52759,24.63061,-30,640,0,767.4,https://pleiades.stoa.org/places/216692,
pl-678161,Geth,settlement,pin,32.39790,35.04387,-30,640,0,767.5,https://pleiades.stoa.org/places/678161,
pl-616909246,Ohalo II,settlement,pin,32.72209,35.57214,-10000,2100,0,767.7,https://pleiades.stoa.org/places/616909246,
pl-678185,Hippos,settlement,pin,32.77856,35.65982,-330,640,0,767.9,https://pleiades.stoa.org/places/678185,
pl-857067,Boon,settlement,pin,41.05708,37.77656,-30,640,0,768.0,https://pleiades.stoa.org/places/857067,
pl-678386,Sennabris/Ginnabris,"settlement, archaeological-site",pin,32.70986,35.56604,-30,640,0,768.4,https://pleiades.stoa.org/places/678386,
pl-678333,Tel Bet Yerah/Khirbet el-Kerak,settlement,pin,32.71386,35.57339,-3000,2100,0,768.5,https://pleiades.stoa.org/places/678333,
pl-678197,Iezreel/Isdradela,settlement,pin,32.55893,35.33295,-330,2100,0,768.5,https://pleiades.stoa.org/places/678197,
pl-978851914,Qaqun,archaeological-site,pin,32.35930,34.99510,1700,2100,0,768.5,https://pleiades.stoa.org/places/978851914,
pl-491564,Damjan,fort,pin,41.57875,22.37725,-30,640,0,768.6,https://pleiades.stoa.org/places/491564,
pl-678174,Harran el-Awamid,temple-2,pin,33.44893,36.52955,-30,300,0,769.1,https://pleiades.stoa.org/places/678174,
pl-678246,Khirbet Jedora,church,pin,32.51200,35.26897,300,640,0,769.2,https://pleiades.stoa.org/places/678246,
pl-481993,Skombros (mountain),mountain,pin,42.56667,23.28333,1700,2100,0,769.4,https://pleiades.stoa.org/places/481993,
pl-959992687,Wingate,"findspot, settlement-modern",pin,32.26078,34.83445,2000,2099,0,769.5,https://pleiades.stoa.org/places/959992687,
pl-678295,Namara,settlement,pin,33.02325,36.02565,-30,640,0,769.6,https://pleiades.stoa.org/places/678295,
pl-678035,Asicha,settlement,pin,33.06116,36.07568,-30,640,0,769.6,https://pleiades.stoa.org/places/678035,
pl-857355,Thoaris (river),river,wash,41.50000,37.50000,-30,640,0,770.0,https://pleiades.stoa.org/places/857355,
pl-857157,Herakleios Akra,cape,wash,41.50000,37.50000,-330,300,0,770.0,https://pleiades.stoa.org/places/857157,
pl-678021,Apheka,settlement,pin,32.77991,35.70070,-30,640,0,770.2,https://pleiades.stoa.org/places/678021,
pl-678187,Horvat Gid'ona,settlement,pin,32.55347,35.36308,300,640,0,770.6,https://pleiades.stoa.org/places/678187,
pl-217054,Vicus Trullensium,settlement,pin,43.17185,24.01403,-30,300,0,771.1,https://pleiades.stoa.org/places/217054,
pl-678372,Sandala,settlement,pin,32.52323,35.32302,300,640,0,771.1,https://pleiades.stoa.org/places/678372,
pl-216715,Asamus,fort-2,pin,43.69455,24.85131,-30,640,0,771.1,https://pleiades.stoa.org/places/216715,
pl-678297,Narbata,"fortified-settlement, settlement",pin,32.40859,35.13346,-330,640,0,771.2,https://pleiades.stoa.org/places/678297,
pl-465843763,Sharon plain,plain,pin,32.28333,34.91667,-587,1599,0,771.5,https://pleiades.stoa.org/places/465843763,
pl-678089,Chasp(h)o,settlement,pin,32.86481,35.84410,-330,640,0,771.5,https://pleiades.stoa.org/places/678089,
pl-678167,Giv'at Qumi,fort,pin,32.56524,35.39762,-30,640,0,771.5,https://pleiades.stoa.org/places/678167,
pl-857135,Genetes Pr.,cape,pin,41.11642,37.78654,-330,2100,0,771.7,https://pleiades.stoa.org/places/857135,
pl-491666,Mrežičko,fort,pin,41.18492,22.05123,300,640,0,772.2,https://pleiades.stoa.org/places/491666,
pl-678311,Nurith,settlement,pin,32.53494,35.36616,-30,640,0,772.4,https://pleiades.stoa.org/places/678311,
pl-217033,Utus,fort,pin,43.64165,24.72817,-30,640,0,772.5,https://pleiades.stoa.org/places/217033,
pl-857200,Kotyora,"settlement, settlement-modern",pin,40.99843,37.87036,-550,2099,0,772.5,https://pleiades.stoa.org/places/857200,
pl-216909,Oitensioi?,"labeled feature, label",pin,43.48699,24.46544,-30,300,0,772.6,https://pleiades.stoa.org/places/216909,
pl-678125,Ebionitai,"labeled feature, label",pin,32.86544,35.86297,300,640,0,772.6,https://pleiades.stoa.org/places/678125,
pl-216978,Securisca,fort-2,pin,43.70259,24.83437,-30,640,0,772.7,https://pleiades.stoa.org/places/216978,
pl-678371,Samoulis?,settlement,pin,33.03932,36.09854,-30,640,0,772.8,https://pleiades.stoa.org/places/678371,
pl-491608,Grljane,settlement,pin,41.94466,22.61740,-30,300,0,773.0,https://pleiades.stoa.org/places/491608,
pl-112487386,Sha'ar Hagolan,settlement,pin,32.68025,35.60824,-10000,2100,0,773.3,https://pleiades.stoa.org/places/112487386,
pl-481801,Dentheletai,"label, people",pin,42.34541,22.98963,-330,300,0,773.3,https://pleiades.stoa.org/places/481801,
pl-678123,Drymus,label,pin,32.26548,34.92767,-330,300,0,773.7,https://pleiades.stoa.org/places/678123,
pl-251529383,Tel Dover,"settlement, tell",pin,32.68384,35.62972,-1400,-550,0,774.2,https://pleiades.stoa.org/places/251529383,
pl-678414,Tell el Firr,settlement,pin,32.54016,35.40991,-330,640,0,774.3,https://pleiades.stoa.org/places/678414,
pl-678025,Apollonia/Sozousa,settlement,pin,32.19640,34.81076,-30,1599,0,774.3,https://pleiades.stoa.org/places/678025,
pl-678148,Gasima,settlement,pin,32.99130,36.06065,-30,640,0,774.3,https://pleiades.stoa.org/places/678148,
pl-491727,Šopur,settlement,pin,41.60527,22.31693,-30,640,0,774.7,https://pleiades.stoa.org/places/491727,
pl-678250,Khirbet Umm 'Ulleiqa,settlement,pin,32.22757,34.88387,300,640,0,775.0,https://pleiades.stoa.org/places/678250,
pl-678163,Ginai(a)/Gema,settlement,pin,32.46185,35.30246,-30,640,0,775.4,https://pleiades.stoa.org/places/678163,
pl-678383,Seleukeia,unknown,wash,32.75000,35.75000,-330,640,0,775.5,https://pleiades.stoa.org/places/678383,
pl-678759,Untitled,aqueduct,wash,32.75000,35.75000,-30,640,0,775.5,https://pleiades.stoa.org/places/678759,
pl-678760,Untitled,aqueduct,wash,32.75000,35.75000,-30,300,0,775.5,https://pleiades.stoa.org/places/678760,
pl-678761,Untitled,aqueduct,wash,32.75000,35.75000,-30,640,0,775.5,https://pleiades.stoa.org/places/678761,
pl-678762,Untitled,aqueduct,wash,32.75000,35.75000,-30,640,0,775.5,https://pleiades.stoa.org/places/678762,
pl-678763,Untitled,aqueduct,wash,32.75000,35.75000,-30,640,0,775.5,https://pleiades.stoa.org/places/678763,
pl-678764,Untitled,aqueduct-group,wash,32.75000,35.75000,-330,640,0,775.5,https://pleiades.stoa.org/places/678764,
pl-678184,el-Hijan,fort,pin,33.35502,36.52307,-30,300,0,775.5,https://pleiades.stoa.org/places/678184,
pl-672708,Untitled,pass,wash,34.75000,37.75000,-30,300,0,775.6,https://pleiades.stoa.org/places/672708,
pl-678004,Aere,settlement,pin,33.07110,36.18527,-30,640,0,775.6,https://pleiades.stoa.org/places/678004,
pl-678258,Kokhav ha-Yarden,settlement,pin,32.60021,35.52724,300,640,0,775.6,https://pleiades.stoa.org/places/678258,
pl-802931429,Belvoir Fortress,castle,pin,32.59560,35.52148,640,2100,0,775.7,https://pleiades.stoa.org/places/802931429,
pl-867812307,Roman Amphitheater of Serdica,amphitheatre,pin,42.69746,23.32746,-30,2099,0,776.1,https://pleiades.stoa.org/places/867812307,
pl-678131,Emmatha,settlement,pin,32.68404,35.66562,-30,640,0,776.2,https://pleiades.stoa.org/places/678131,
pl-857932175,Dothan,settlement,pin,32.41353,35.23986,-30,2100,0,776.3,https://pleiades.stoa.org/places/857932175,
pl-678238,Khan esh-Shamat,fort,pin,33.67080,36.87194,-30,640,0,776.4,https://pleiades.stoa.org/places/678238,
pl-583980739,Western gate of Serdica,"city-gate, city-wall, archaeological-site",pin,42.69887,23.32021,-30,640,0,776.7,https://pleiades.stoa.org/places/583980739,
pl-491606,Gradec,settlement,pin,41.85451,22.48865,300,640,0,776.7,https://pleiades.stoa.org/places/491606,
pl-644616861,Gesher,"tomb, settlement, tell",pin,32.60305,35.55579,-10000,-1400,0,776.9,https://pleiades.stoa.org/places/644616861,
pl-361164677,Tel Michal,settlement,pin,32.15958,34.79719,-3300,2100,0,777.0,https://pleiades.stoa.org/places/361164677,
pl-207439,Serdica,"settlement, amphitheatre, archaeological-site",pin,42.72283,23.34289,-30,2100,0,777.0,https://pleiades.stoa.org/places/207439,
pl-491749,Vinica,settlement,pin,41.87816,22.50397,-30,640,0,777.1,https://pleiades.stoa.org/places/491749,
pl-678189,Horvat Paqu'it,settlement,pin,32.50405,35.40378,300,640,0,777.1,https://pleiades.stoa.org/places/678189,
pl-678061,Beth Alpha,"settlement, synagogue",pin,32.51719,35.42617,-587,640,0,777.2,https://pleiades.stoa.org/places/678061,
pl-678066,Bethther/Betthar,station,pin,32.23848,34.95549,-30,640,0,777.5,https://pleiades.stoa.org/places/678066,
pl-678432,Tibetha,settlement,pin,32.26652,35.00966,-30,640,0,777.7,https://pleiades.stoa.org/places/678432,
pl-491658,Majdan,settlement,pin,41.15947,21.96398,-30,640,0,777.7,https://pleiades.stoa.org/places/491658,
pl-678447,‘Valle Diocletiana’,"fort-2, fort",pin,33.75349,36.97387,-30,640,0,777.8,https://pleiades.stoa.org/places/678447,
pl-678325,Paqu'a,settlement,pin,32.49049,35.40025,-330,300,0,778.1,https://pleiades.stoa.org/places/678325,
pl-678141,Gabitha,settlement,pin,32.93209,36.05471,300,640,0,778.6,https://pleiades.stoa.org/places/678141,
pl-491690,Pešternica,settlement,pin,41.54935,22.22026,300,640,0,778.8,https://pleiades.stoa.org/places/491690,
pl-678142,Gadara/Pompeia,settlement,pin,32.65608,35.67726,-330,640,0,779.2,https://pleiades.stoa.org/places/678142,
pl-678256,Kochaba/Choba,settlement,pin,32.82512,35.92589,-30,640,0,779.6,https://pleiades.stoa.org/places/678256,
pl-216854,Izlaz,fort,pin,43.73334,24.75006,-30,300,0,779.7,https://pleiades.stoa.org/places/216854,
pl-482036,Vladaja,settlement,pin,42.62956,23.19617,-30,640,0,779.7,https://pleiades.stoa.org/places/482036,
pl-491752,Vojšanci,temple,pin,41.50212,22.16728,-30,300,0,780.1,https://pleiades.stoa.org/places/491752,
pl-491713,Rožden,"settlement, mine",pin,41.20938,21.95491,-30,640,0,780.9,https://pleiades.stoa.org/places/491713,
pl-678413,Tell Basul,settlement,pin,32.50769,35.48428,-30,640,0,781.2,https://pleiades.stoa.org/places/678413,
pl-678307,Neue,settlement,pin,32.88916,36.04224,-30,640,0,781.3,https://pleiades.stoa.org/places/678307,
pl-491524,Antigoneia?,"settlement, settlement-modern",pin,41.46459,22.12482,-330,2100,0,781.3,https://pleiades.stoa.org/places/491524,
pl-481887,Kralev dol,fort,pin,42.56090,23.09388,-30,640,0,781.5,https://pleiades.stoa.org/places/481887,
pl-678425,Tharsila,settlement,pin,32.83447,35.97206,300,640,0,781.6,https://pleiades.stoa.org/places/678425,
pl-586635002,Mugharet Abu Halimeh,"tomb, cave",pin,32.31951,35.18102,-30,2100,0,781.6,https://pleiades.stoa.org/places/586635002,
pl-678190,Horvat Tannin,settlement,pin,32.41446,35.34015,300,640,0,781.6,https://pleiades.stoa.org/places/678190,
pl-681767,Road: ‘Strata Diocletiana’,road,wash,33.25000,36.50000,,,0,781.8,https://pleiades.stoa.org/places/681767,
pl-681771,Roads: Via Nova Traiana → Umm el-Jimal,road,wash,33.25000,36.50000,-750,-550,0,781.8,https://pleiades.stoa.org/places/681771,
pl-681773,Untitled,road,wash,33.25000,36.50000,-750,-550,0,781.8,https://pleiades.stoa.org/places/681773,
pl-681774,Untitled,road,wash,33.25000,36.50000,-750,640,0,781.8,https://pleiades.stoa.org/places/681774,
pl-681775,Untitled,road,wash,33.25000,36.50000,-750,-550,0,781.8,https://pleiades.stoa.org/places/681775,
pl-681776,Untitled,road,wash,33.25000,36.50000,-750,-550,0,781.8,https://pleiades.stoa.org/places/681776,
pl-681777,Untitled,road,wash,33.25000,36.50000,-330,-30,0,781.8,https://pleiades.stoa.org/places/681777,
pl-681778,Untitled,road,wash,33.25000,36.50000,-750,-550,0,781.8,https://pleiades.stoa.org/places/681778,
pl-681779,Untitled,road,wash,33.25000,36.50000,,,0,781.8,https://pleiades.stoa.org/places/681779,
pl-681780,Untitled,road,wash,33.25000,36.50000,,,0,781.8,https://pleiades.stoa.org/places/681780,
pl-681781,Untitled,road,wash,33.25000,36.50000,,,0,781.8,https://pleiades.stoa.org/places/681781,
pl-681782,Untitled,road,wash,33.25000,36.50000,,,0,781.8,https://pleiades.stoa.org/places/681782,
pl-681783,Untitled,road,wash,33.25000,36.50000,-550,-330,0,781.8,https://pleiades.stoa.org/places/681783,
pl-681784,Untitled,road,wash,33.25000,36.50000,-750,-330,0,781.8,https://pleiades.stoa.org/places/681784,
pl-681785,Untitled,road,wash,33.25000,36.50000,-550,640,0,781.8,https://pleiades.stoa.org/places/681785,
pl-681786,Untitled,road,wash,33.25000,36.50000,-550,-330,0,781.8,https://pleiades.stoa.org/places/681786,
pl-681787,Untitled,road,wash,33.25000,36.50000,-550,-330,0,781.8,https://pleiades.stoa.org/places/681787,
pl-681788,Roads: Dionysias → Salamanestha,road,wash,33.25000,36.50000,,,0,781.8,https://pleiades.stoa.org/places/681788,
pl-681789,Untitled,road,wash,33.25000,36.50000,-550,-330,0,781.8,https://pleiades.stoa.org/places/681789,
pl-681790,Untitled,road,wash,33.25000,36.50000,-550,-330,0,781.8,https://pleiades.stoa.org/places/681790,
pl-681791,Untitled,road,wash,33.25000,36.50000,,,0,781.8,https://pleiades.stoa.org/places/681791,
pl-681792,Roads: Caesarea → Scythopolis via Ginai(a),road,wash,33.25000,36.50000,,,0,781.8,https://pleiades.stoa.org/places/681792,
pl-681793,Untitled,road,wash,33.25000,36.50000,-750,-550,0,781.8,https://pleiades.stoa.org/places/681793,
pl-681794,Untitled,road,wash,33.25000,36.50000,,,0,781.8,https://pleiades.stoa.org/places/681794,
pl-681795,Untitled,road,wash,33.25000,36.50000,,,0,781.8,https://pleiades.stoa.org/places/681795,
pl-681796,Untitled,road,wash,33.25000,36.50000,-330,-30,0,781.8,https://pleiades.stoa.org/places/681796,
pl-681797,Roads: Buraq → Dionysias,road,wash,33.25000,36.50000,-330,-30,0,781.8,https://pleiades.stoa.org/places/681797,
pl-681798,Untitled,road,wash,33.25000,36.50000,-750,-550,0,781.8,https://pleiades.stoa.org/places/681798,
pl-681799,Untitled,road,wash,33.25000,36.50000,,,0,781.8,https://pleiades.stoa.org/places/681799,
pl-681800,Untitled,road,wash,33.25000,36.50000,-750,-330,0,781.8,https://pleiades.stoa.org/places/681800,
pl-681801,Untitled,road,wash,33.25000,36.50000,,,0,781.8,https://pleiades.stoa.org/places/681801,
pl-681802,Untitled,road,wash,33.25000,36.50000,-750,-550,0,781.8,https://pleiades.stoa.org/places/681802,
pl-681803,Untitled,road,wash,33.25000,36.50000,,,0,781.8,https://pleiades.stoa.org/places/681803,
pl-681804,Untitled,road,wash,33.25000,36.50000,-330,-30,0,781.8,https://pleiades.stoa.org/places/681804,
pl-681805,Road: Adra(h)a → Kapitolias,road,wash,33.25000,36.50000,300,640,0,781.8,https://pleiades.stoa.org/places/681805,
pl-681806,Untitled,road,wash,33.25000,36.50000,,,0,781.8,https://pleiades.stoa.org/places/681806,
pl-681807,Roads: Ake → Bethsaida → Kochaba,road,wash,33.25000,36.50000,,,0,781.8,https://pleiades.stoa.org/places/681807,
pl-681808,Road: Adra(h)a → Gerasa → S,road,wash,33.25000,36.50000,,,0,781.8,https://pleiades.stoa.org/places/681808,
pl-678223,Kapharsaba,"settlement, settlement-modern",pin,32.18119,34.93542,-30,2100,0,781.8,https://pleiades.stoa.org/places/678223,
pl-743967163,Strata Diocletiana,road,wash,33.95066,37.21490,,,0,781.9,https://pleiades.stoa.org/places/743967163,
pl-308048142,Tell Qasile,settlement,pin,32.10192,34.79523,-1200,2100,0,782.3,https://pleiades.stoa.org/places/308048142,
pl-678315,Oneuatha/*Anabatha,fort,pin,34.01882,37.28314,-30,640,0,782.5,https://pleiades.stoa.org/places/678315,
pl-481891,Laiaioi,"label, people",pin,42.46599,22.97747,-550,-330,0,782.5,https://pleiades.stoa.org/places/481891,
pl-678378,Scythopolis/Nysa,"settlement, archaeological-site, theatre, findspot",pin,32.50370,35.50309,-750,2100,0,782.6,https://pleiades.stoa.org/places/678378,
pl-719634078,Roman theater of Scythopolis,theatre,pin,32.50128,35.50164,-30,300,0,782.7,https://pleiades.stoa.org/places/719634078,
pl-678115,Deir Serur,settlement,pin,32.27904,35.13400,-330,1999,0,782.8,https://pleiades.stoa.org/places/678115,
pl-181951763,Roman amphitheater at Scythopolis/Nysa,amphitheatre,pin,32.49845,35.50162,-30,300,0,782.9,https://pleiades.stoa.org/places/181951763,
pl-678369,Samaria (region),region,pin,32.33142,35.22859,-330,640,0,783.0,https://pleiades.stoa.org/places/678369,
pl-981527,Iudaea (province),"province, province-2",wash,32.33142,35.22859,-30,300,0,783.0,https://pleiades.stoa.org/places/981527,
pl-481799,Daskalovo,fort,pin,42.60280,23.11223,-30,640,0,783.3,https://pleiades.stoa.org/places/481799,
pl-678328,Phaine,settlement,pin,33.13114,36.38735,-30,640,0,783.6,https://pleiades.stoa.org/places/678328,
pl-678144,Galatis,"labeled feature, label",pin,32.58700,35.65128,-330,-30,0,783.6,https://pleiades.stoa.org/places/678144,
pl-678149,Gaulane,settlement,pin,32.78226,35.93730,-330,640,0,783.8,https://pleiades.stoa.org/places/678149,
pl-216946,Putineiu,fort,pin,43.89995,24.96663,-30,300,0,784.3,https://pleiades.stoa.org/places/216946,
pl-682522,Aenos,"unlocated, settlement",wash,33.15846,36.43496,-30,640,0,784.6,https://pleiades.stoa.org/places/682522,
pl-687931,Ioppe,"settlement, port",pin,32.05308,34.74993,-2000,2000,0,784.7,https://pleiades.stoa.org/places/687931,
pl-678227,Karnaia/Astaroth?,settlement,pin,32.83741,36.02936,-1000,640,0,784.7,https://pleiades.stoa.org/places/678227,
pl-668260,Heliaramia,"fort-2, fort-group, fort",pin,34.38071,37.60810,-30,640,0,784.8,https://pleiades.stoa.org/places/668260,
pl-799106375,Tẹl Ȧviv,"settlement, settlement-modern",pin,32.06667,34.78333,-3300,2100,0,785.0,https://pleiades.stoa.org/places/799106375,
pl-678077,Buraq,settlement,pin,33.18578,36.48257,-30,1999,0,785.5,https://pleiades.stoa.org/places/678077,
pl-217037,Valea Urluii,fort,pin,43.95853,25.05329,-30,300,0,785.6,https://pleiades.stoa.org/places/217037,
pl-678188,Horvat Ner,settlement,pin,32.42013,35.42569,-30,640,0,785.6,https://pleiades.stoa.org/places/678188,
pl-678275,Maked,settlement,pin,32.94334,36.18740,-330,-30,0,785.8,https://pleiades.stoa.org/places/678275,
pl-678114,Deir Jenube,fort,pin,33.40915,36.73895,-30,1999,0,785.8,https://pleiades.stoa.org/places/678114,
pl-678170,*Habiba,settlement,pin,33.01236,36.27611,-30,640,0,785.8,https://pleiades.stoa.org/places/678170,
pl-44836840,Samaria (province),province-2,pin,32.27653,35.19044,-1000,2099,0,786.0,https://pleiades.stoa.org/places/44836840,
pl-678370,Samaria/Sebaste,"settlement, archaeological-site, findspot",pin,32.27645,35.19008,-1000,2100,0,786.0,https://pleiades.stoa.org/places/678370,
pl-481999,Spinopara,settlement,pin,42.32428,22.78247,-30,300,0,786.1,https://pleiades.stoa.org/places/481999,
pl-678363,Roob,settlement,pin,32.45584,35.49781,-30,640,0,786.4,https://pleiades.stoa.org/places/678363,
pl-678448,Vallis Alba,"fort-2, fort",pin,33.91596,37.24746,-30,640,0,786.5,https://pleiades.stoa.org/places/678448,
pl-216883,Mezdra,fort,pin,43.14163,23.70807,-30,640,0,786.8,https://pleiades.stoa.org/places/216883,
pl-491633,Kavadarci,settlement,pin,41.44020,22.03056,-30,640,0,787.2,https://pleiades.stoa.org/places/491633,
pl-491541,Begnište,settlement,pin,41.38063,21.98198,-30,640,0,787.7,https://pleiades.stoa.org/places/491541,
pl-678183,Hieromyces (river),river,pin,32.68211,35.86673,300,2100,0,787.9,https://pleiades.stoa.org/places/678183,
pl-677992,Abila Dekapoleos/Seleukeia,settlement,pin,32.68241,35.86890,-330,640,0,788.0,https://pleiades.stoa.org/places/677992,
pl-491604,Glišič,settlement,pin,41.46692,22.03656,-30,640,0,788.1,https://pleiades.stoa.org/places/491604,
pl-678218,Kamous,settlement,pin,32.59199,35.73985,-330,-30,0,788.2,https://pleiades.stoa.org/places/678218,
pl-687938,Kapparetaia,settlement,pin,32.12268,34.95927,-30,640,0,788.3,https://pleiades.stoa.org/places/687938,
pl-491738,Teranci,settlement,pin,41.85480,22.32945,-30,640,0,788.4,https://pleiades.stoa.org/places/491738,
pl-687996,Pegai/Antipatris/Arethousa?,"settlement, archaeological-site",pin,32.10524,34.93097,-330,2100,0,788.5,https://pleiades.stoa.org/places/687996,
pl-216871,Ljutibrod,settlement,pin,43.10539,23.62927,-30,640,0,788.7,https://pleiades.stoa.org/places/216871,
pl-216726,Băneasa,fort,pin,43.93997,24.95132,-30,300,0,788.7,https://pleiades.stoa.org/places/216726,
pl-687847,Bene Beraq,settlement,pin,32.04404,34.81855,-330,640,0,788.8,https://pleiades.stoa.org/places/687847,
pl-107080283,Small Theater (Antipatris),"odeon, theatre",pin,32.10280,34.93144,,,0,788.8,https://pleiades.stoa.org/places/107080283,
pl-481949,Pautalia,"fort-2, settlement",pin,42.27473,22.69153,-30,1599,0,789.1,https://pleiades.stoa.org/places/481949,
pl-481958,Pernik,settlement,pin,42.61036,23.03258,-30,640,0,789.1,https://pleiades.stoa.org/places/481958,
pl-491711,Resava,settlement,pin,41.39635,21.97458,-30,640,0,789.1,https://pleiades.stoa.org/places/491711,
pl-678458,*Zizia,settlement,pin,32.71807,35.94138,-30,640,0,789.3,https://pleiades.stoa.org/places/678458,
pl-491538,Bargala,settlement,pin,41.80100,22.26784,-30,640,0,789.7,https://pleiades.stoa.org/places/491538,
pl-977603752,Azuru,"settlement, settlement-modern",pin,32.02430,34.80632,-720,2100,0,790.0,https://pleiades.stoa.org/places/977603752,
pl-678351,Qedumim,settlement,pin,32.21223,35.15769,-550,640,0,790.1,https://pleiades.stoa.org/places/678351,
pl-678433,Tirat Zevi,settlement,pin,32.42549,35.51889,-30,640,0,790.2,https://pleiades.stoa.org/places/678433,
pl-678143,Gala(a)ditis,"labeled feature, label",pin,32.71252,35.94823,-330,640,0,790.2,https://pleiades.stoa.org/places/678143,
pl-179964855,'Izbet Sartah,settlement,pin,32.10467,34.96447,-1200,-550,0,790.2,https://pleiades.stoa.org/places/179964855,
pl-491577,Doljani,settlement,pin,41.72071,22.19645,-30,640,0,790.3,https://pleiades.stoa.org/places/491577,
pl-89680549,Azor Cemetery Site,"settlement, cemetery",pin,32.01849,34.80355,-2000,1291,0,790.4,https://pleiades.stoa.org/places/89680549,
pl-491530,Astibos,station,pin,41.73069,22.19345,-30,640,0,791.1,https://pleiades.stoa.org/places/491530,
pl-678034,Aser,station,pin,32.33911,35.39631,-330,640,0,791.2,https://pleiades.stoa.org/places/678034,
pl-678756,Untitled,aqueduct,wash,32.25000,35.25000,-330,640,0,791.4,https://pleiades.stoa.org/places/678756,
pl-688564,Unnamed aqueduct (at Phasaelis),aqueduct,wash,32.25000,35.25000,-30,640,0,791.4,https://pleiades.stoa.org/places/688564,
pl-678102,Corra (river),river,wash,32.25000,35.25000,300,640,0,791.4,https://pleiades.stoa.org/places/678102,
pl-641191181,ʿĂfulȧ,settlement,wash,32.25000,35.25000,-3300,2000,0,791.4,https://pleiades.stoa.org/places/641191181,
pl-678245,Khirbet Jabaris,settlement,pin,32.36489,35.44642,300,640,0,791.6,https://pleiades.stoa.org/places/678245,
pl-678157,Gephrous/Ephron,settlement,pin,32.53786,35.71997,-330,-30,0,791.7,https://pleiades.stoa.org/places/678157,
pl-207435,Scretisca,station,pin,42.81860,23.22519,-30,640,0,791.8,https://pleiades.stoa.org/places/207435,
pl-678281,el Mekhobi,fort,pin,32.35776,35.43992,-30,300,0,791.9,https://pleiades.stoa.org/places/678281,
pl-687991,Ono,settlement,pin,32.03358,34.86419,-330,640,0,791.9,https://pleiades.stoa.org/places/687991,
pl-940312586,Roman baths at Oescus,bath,pin,43.70845,24.46615,-30,640,0,792.1,https://pleiades.stoa.org/places/940312586,
pl-802393070,Mirabel Fortress,"building, castle",pin,32.08081,34.95710,1081,1999,0,792.1,https://pleiades.stoa.org/places/802393070,
pl-678376,Sauara,settlement,pin,33.12865,36.51966,-30,640,0,792.2,https://pleiades.stoa.org/places/678376,
pl-216907,Oescus,"settlement, archaeological-site",pin,43.71042,24.46613,-30,640,0,792.3,https://pleiades.stoa.org/places/216907,
pl-481874,*Karistoron,temple,pin,42.33081,22.70003,-30,640,0,792.3,https://pleiades.stoa.org/places/481874,
pl-678054,Batanaia/Basanitis,"region, label",pin,32.87550,36.20481,-330,640,0,792.3,https://pleiades.stoa.org/places/678054,
pl-687828,Aphekou Pyrgos,"fortified-settlement, settlement",pin,32.07720,34.95927,-330,2099,0,792.5,https://pleiades.stoa.org/places/687828,
pl-687852,Beth Dagon,settlement,pin,32.01010,34.83204,-720,640,0,792.6,https://pleiades.stoa.org/places/687852,
pl-589744740,Tirzah,settlement,pin,32.28720,35.33789,-10000,2100,0,792.7,https://pleiades.stoa.org/places/589744740,
pl-861836423,Nahal Qanah cave,cave,pin,32.13511,35.07078,-10000,2099,0,792.7,https://pleiades.stoa.org/places/861836423,
pl-678368,Salem/Salumias,"archaeological-site, fort",pin,32.39915,35.52708,-330,640,0,792.9,https://pleiades.stoa.org/places/678368,
pl-678377,Saura,settlement,pin,32.96383,36.33257,-30,640,0,793.1,https://pleiades.stoa.org/places/678377,
pl-216938,Pons Constantini,bridge,pin,43.73331,24.48625,300,640,0,793.2,https://pleiades.stoa.org/places/216938,
pl-678326,Pella/Berenice/Philippeia,"settlement, archaeological-site",pin,32.44950,35.61492,-10000,2100,0,793.4,https://pleiades.stoa.org/places/678326,
pl-687946,Khirbet Zikhrin,settlement,pin,32.06612,34.95780,-30,640,0,793.4,https://pleiades.stoa.org/places/687946,
pl-216825,Gorna Bešovitsa,fort,pin,43.31904,23.83968,-30,300,0,793.5,https://pleiades.stoa.org/places/216825,
pl-678390,Sheikh Miskin,settlement,pin,32.82756,36.16129,-30,640,0,793.5,https://pleiades.stoa.org/places/678390,
pl-491536,Banja,villa,pin,41.91884,22.31091,-30,300,0,793.6,https://pleiades.stoa.org/places/491536,
pl-96505315,Tell Abu en-Ni'aj,settlement,pin,32.43882,35.60328,-3300,-2000,0,793.7,https://pleiades.stoa.org/places/96505315,
pl-678360,Raphon/Raphana,settlement,pin,32.85203,36.19934,-330,300,0,793.8,https://pleiades.stoa.org/places/678360,
pl-687926,Iamneia Paralios,settlement,pin,31.92964,34.69655,-330,640,0,793.8,https://pleiades.stoa.org/places/687926,
pl-374626658,Tell el-Hayyat,settlement,pin,32.42082,35.57722,-3300,-1400,0,793.8,https://pleiades.stoa.org/places/374626658,
pl-668258,Harbaqa,fort,pin,34.29801,37.66577,-30,300,0,793.9,https://pleiades.stoa.org/places/668258,
pl-216924,Pedonianis,fort,pin,43.66300,24.35488,300,640,0,794.0,https://pleiades.stoa.org/places/216924,
pl-671953,Harbaqa Dam,dam,pin,34.24654,37.62736,-30,640,0,794.0,https://pleiades.stoa.org/places/671953,
pl-296331453,Mount Ebal,mountain,pin,32.23357,35.27335,2000,2099,0,794.1,https://pleiades.stoa.org/places/296331453,
pl-678003,Aenon,settlement,pin,32.38864,35.53184,-30,640,0,794.1,https://pleiades.stoa.org/places/678003,
pl-678224,Kapitolias,settlement,pin,32.59860,35.85829,-30,1999,0,794.4,https://pleiades.stoa.org/places/678224,
pl-824009551,Mazor (West),cave,pin,32.04652,34.94467,-6200,-3750,0,794.6,https://pleiades.stoa.org/places/824009551,
pl-824009552,Mazor Mausoleum,tomb,pin,32.04662,34.94615,200,1150,0,794.7,https://pleiades.stoa.org/places/824009552,
pl-481912,Messapion (mountain),"mountain, label",pin,42.15867,22.50312,2000,2099,0,794.8,https://pleiades.stoa.org/places/481912,
pl-678301,Neapolis,"settlement, amphitheatre",pin,32.21869,35.26291,-750,2100,0,794.9,https://pleiades.stoa.org/places/678301,
pl-678344,el Qal'a,settlement,pin,32.22665,35.27982,300,640,0,795.1,https://pleiades.stoa.org/places/678344,
pl-491725,Sofilari,villa,pin,41.72168,22.12827,-30,640,0,795.5,https://pleiades.stoa.org/places/491725,
pl-678459,*Zoraa/Zerabene,settlement,pin,32.87319,36.25657,-30,640,0,795.6,https://pleiades.stoa.org/places/678459,
pl-668181,al-Basiri,fort,pin,34.18909,37.60747,-30,300,0,795.9,https://pleiades.stoa.org/places/668181,
pl-937740414,Quleh,cemetery,pin,32.03704,34.95266,-6200,-3750,0,795.9,https://pleiades.stoa.org/places/937740414,
pl-491646,Krupište,settlement,pin,41.87579,22.24334,300,640,0,796.0,https://pleiades.stoa.org/places/491646,
pl-678252,Khirbet Yarza,settlement,pin,32.30650,35.43212,300,640,0,796.0,https://pleiades.stoa.org/places/678252,
pl-678403,Sychem,"settlement, archaeological-site, findspot",pin,32.21353,35.28211,-750,2100,0,796.3,https://pleiades.stoa.org/places/678403,
pl-491533,Audaristos,station,pin,41.43375,21.90547,-750,640,0,796.4,https://pleiades.stoa.org/places/491533,
pl-678117,Dennaba,settlement,pin,32.84804,36.23839,300,640,0,796.5,https://pleiades.stoa.org/places/678117,
pl-247635336,Tananir,settlement,pin,32.20992,35.28101,-10000,850,0,796.6,https://pleiades.stoa.org/places/247635336,
pl-948243451,Tell Abu al-Kharaz,settlement,pin,32.39911,35.59436,-2000,-550,0,796.6,https://pleiades.stoa.org/places/948243451,
pl-678068,Bir Qesab,fort,pin,33.29258,36.77561,-30,300,0,796.7,https://pleiades.stoa.org/places/678068,
pl-491728,Spančevo,settlement,pin,41.93528,22.28194,-30,640,0,796.8,https://pleiades.stoa.org/places/491728,
pl-217038,Valeriana,fort,pin,43.66048,24.29641,-30,640,0,796.9,https://pleiades.stoa.org/places/217038,
pl-217010,Tia Mare,fort,pin,43.86110,24.63710,-30,300,0,797.0,https://pleiades.stoa.org/places/217010,
pl-678147,Garizein (mountain),"church-2, mountain, temple-2",pin,32.20082,35.27326,-550,2100,0,797.0,https://pleiades.stoa.org/places/678147,
pl-216996,Sucidava,fort,pin,43.76429,24.45944,-30,640,0,797.4,https://pleiades.stoa.org/places/216996,
pl-678028,Arbela,settlement,pin,32.55641,35.84871,300,2100,0,797.4,https://pleiades.stoa.org/places/678028,
pl-308912370,Roman theater of Stobi,theatre,pin,41.55146,21.97463,-30,300,0,797.5,https://pleiades.stoa.org/places/308912370,
pl-491731,Stobi,settlement,pin,41.55233,21.97440,-330,640,0,797.5,https://pleiades.stoa.org/places/491731,
pl-678434,Trachon(itis),"region, label",pin,33.02141,36.47574,-330,640,0,797.6,https://pleiades.stoa.org/places/678434,
pl-491578,Dolni Balvan,settlement,pin,41.81579,22.16824,-30,640,0,798.0,https://pleiades.stoa.org/places/491578,
pl-687881,Deir el Qal'a,church,pin,32.06485,35.05168,300,640,0,798.2,https://pleiades.stoa.org/places/687881,
pl-687835,Arous?,settlement,pin,32.11323,35.14309,-30,300,0,798.3,https://pleiades.stoa.org/places/687835,
pl-481704,Agrianes,"label, people",pin,42.66169,22.94726,-550,-30,0,798.5,https://pleiades.stoa.org/places/481704,
pl-687932,Iordanes (river),river,pin,32.35705,35.56435,-18000,2100,0,798.6,https://pleiades.stoa.org/places/687932,
pl-688014,Ramathaim/Arimathaia,settlement,pin,32.04060,35.02158,-330,640,0,798.9,https://pleiades.stoa.org/places/688014,
pl-716577,Kardamis/Ardanis Akron,station,pin,31.90925,25.02683,-330,300,0,799.2,https://pleiades.stoa.org/places/716577,
pl-491613,Hadži Hamzali,fort,pin,41.69815,22.05831,300,640,0,799.4,https://pleiades.stoa.org/places/491613,
pl-482041,Zlogoš,settlement,pin,42.44588,22.70756,-30,640,0,799.6,https://pleiades.stoa.org/places/482041,
pl-207321,Opletnja,fort,pin,43.10029,23.44512,-30,640,0,799.6,https://pleiades.stoa.org/places/207321,
pl-678244,Khirbet et Tira,settlement,pin,32.15852,35.25505,-330,300,0,799.9,https://pleiades.stoa.org/places/678244,
pl-716599,Menelaos,settlement,pin,31.96739,24.89277,-550,300,0,800.1,https://pleiades.stoa.org/places/716599,
pl-678415,Tell Miske,settlement,pin,32.23490,35.39238,-30,640,0,800.2,https://pleiades.stoa.org/places/678415,
pl-678107,Damatha,settlement,pin,32.95170,36.43044,-30,300,0,800.2,https://pleiades.stoa.org/places/678107,
pl-687953,Lydda/Diospolis/Georgioupolis,settlement,pin,31.95825,34.89238,-330,640,0,800.3,https://pleiades.stoa.org/places/687953,
pl-270427692,Khirbet ez-Zeraqōn,settlement,pin,32.58746,35.94796,-3300,-2000,0,800.5,https://pleiades.stoa.org/places/270427692,
pl-678005,Agraina,settlement,pin,32.91849,36.39337,-30,640,0,800.5,https://pleiades.stoa.org/places/678005,
pl-687925,Iamneia,settlement,pin,31.87646,34.73842,-330,640,0,800.7,https://pleiades.stoa.org/places/687925,
pl-491610,Gujinovci,settlement,pin,41.89959,22.19718,-30,640,0,800.8,https://pleiades.stoa.org/places/491610,
pl-218198,Roman bridge at Valeriana,bridge,pin,43.69115,24.27163,-30,300,0,800.9,https://pleiades.stoa.org/places/218198,
pl-177903359,Tell Johfiyeh,settlement,pin,32.49320,35.82085,,,0,801.2,https://pleiades.stoa.org/places/177903359,
pl-207564,Vratsa,settlement,pin,43.20375,23.54868,-30,640,0,801.4,https://pleiades.stoa.org/places/207564,
pl-678195,Iabeis,settlement,pin,32.39025,35.67086,300,640,0,801.6,https://pleiades.stoa.org/places/678195,
pl-99965183,Yibna Bridge,bridge,pin,31.86943,34.75226,1200,2099,0,802.0,https://pleiades.stoa.org/places/99965183,
pl-999180093,Tel Mor,settlement,pin,31.82310,34.65646,-1400,2099,0,802.0,https://pleiades.stoa.org/places/999180093,
pl-207575,Zasele,settlement,pin,43.03983,23.33004,-30,640,0,802.0,https://pleiades.stoa.org/places/207575,
pl-659771157,Tel Dalit,settlement,pin,31.97683,34.96954,-3300,2099,0,802.3,https://pleiades.stoa.org/places/659771157,
pl-329386245,Gabbutūnu,"settlement, settlement-modern",pin,31.88892,34.80008,-720,2100,0,802.4,https://pleiades.stoa.org/places/329386245,
pl-481847,Gorno Ujno,settlement,pin,42.44476,22.66454,-30,640,0,802.5,https://pleiades.stoa.org/places/481847,
pl-678032,Arrana?,settlement,pin,32.88621,36.38469,-30,640,0,802.5,https://pleiades.stoa.org/places/678032,
pl-687913,Hadid/Ad(d)ida,"settlement, archaeological-site",pin,31.96350,34.95170,-330,2100,0,802.6,https://pleiades.stoa.org/places/687913,
pl-216959,Roşiorii de Vede,fort,pin,44.11152,24.99432,-30,300,0,802.7,https://pleiades.stoa.org/places/216959,
pl-716579,Katanis Akron,cape,pin,32.02040,24.73862,-330,2100,0,802.7,https://pleiades.stoa.org/places/716579,
pl-207191,Iskrets,settlement,pin,42.98684,23.25218,-30,640,0,802.8,https://pleiades.stoa.org/places/207191,
pl-668932,Untitled,aqueduct,wash,34.25000,37.75000,-30,300,0,803.0,https://pleiades.stoa.org/places/668932,
pl-491652,Lezovo,settlement,pin,41.94082,22.20034,300,640,0,803.1,https://pleiades.stoa.org/places/491652,
pl-690074,Untitled,road,wash,32.02613,35.08393,-30,640,0,803.3,https://pleiades.stoa.org/places/690074,
pl-678064,Bethezoba,settlement,pin,32.43518,35.77377,-30,300,0,803.4,https://pleiades.stoa.org/places/678064,
pl-678072,Bosora?,settlement,pin,32.83836,36.33934,-330,-30,0,803.4,https://pleiades.stoa.org/places/678072,
pl-491644,Krivi Dol,settlement,pin,41.79819,22.07939,300,640,0,803.5,https://pleiades.stoa.org/places/491644,
pl-413309736,Ben Shemen Forest,"findspot, forest",pin,31.94454,34.94298,-10000,2100,0,804.0,https://pleiades.stoa.org/places/413309736,
pl-687843,Azotos Paralios,"settlement, citadel",pin,31.78043,34.62165,-720,640,0,804.5,https://pleiades.stoa.org/places/687843,
pl-687901,Gamzo,settlement,pin,31.93900,34.94703,-330,640,0,804.7,https://pleiades.stoa.org/places/687901,
pl-207574,Zanoge,settlement,pin,43.06816,23.31990,-30,640,0,804.8,https://pleiades.stoa.org/places/207574,
pl-679511,Untitled,bridge,wash,32.75000,36.25000,-30,640,0,805.0,https://pleiades.stoa.org/places/679511,
pl-679512,Untitled,bridge,wash,32.75000,36.25000,-30,640,0,805.0,https://pleiades.stoa.org/places/679512,
pl-678412,Tell Asfar,fort,pin,33.10798,36.69802,-30,300,0,805.3,https://pleiades.stoa.org/places/678412,
pl-807201016,Shuqba Cave,cave,pin,31.98209,35.04322,1900,2099,0,805.4,https://pleiades.stoa.org/places/807201016,
pl-678116,Dekapolis,"labeled feature, label",pin,32.38068,35.73224,-330,640,0,805.8,https://pleiades.stoa.org/places/678116,
pl-687825,Anouath Borkeos,settlement,pin,32.09537,35.26546,-330,640,0,806.1,https://pleiades.stoa.org/places/687825,
pl-688040,Thamna,"settlement, archaeological-site",pin,32.00860,35.10791,-330,640,0,806.1,https://pleiades.stoa.org/places/688040,
pl-481788,Chepino,fort,pin,42.61666,22.78334,-30,640,0,806.3,https://pleiades.stoa.org/places/481788,
pl-678428,Thena,settlement,pin,32.17017,35.40142,-30,640,0,806.4,https://pleiades.stoa.org/places/678428,
pl-678429,Thesbe,"settlement, archaeological-site",pin,32.36234,35.72253,300,640,0,806.8,https://pleiades.stoa.org/places/678429,
pl-678416,Tell Saidiyeh,settlement,pin,32.26777,35.57648,-330,300,0,807.1,https://pleiades.stoa.org/places/678416,
pl-716598,Marsa Lucch,settlement,pin,31.96642,24.74987,-30,1999,0,807.1,https://pleiades.stoa.org/places/716598,
pl-687820,Akraba,settlement,pin,32.12722,35.34285,-330,640,0,807.2,https://pleiades.stoa.org/places/687820,
pl-687905,Gedros,settlement,pin,31.82614,34.77587,-330,640,0,807.2,https://pleiades.stoa.org/places/687905,
pl-688022,Sapharea?,settlement,pin,31.79128,34.70422,300,640,0,807.2,https://pleiades.stoa.org/places/688022,
pl-221152517,Roman theater of Adraha,theatre,pin,32.61268,36.09940,-30,300,0,807.2,https://pleiades.stoa.org/places/221152517,
pl-678239,Khirbet Basaliyye,settlement,pin,32.19378,35.45583,300,640,0,807.2,https://pleiades.stoa.org/places/678239,
pl-678002,Adra(h)a,settlement,pin,32.61250,36.09966,-30,2099,0,807.3,https://pleiades.stoa.org/places/678002,
pl-687977,Modiin,settlement,pin,31.93020,35.00015,-330,640,0,808.1,https://pleiades.stoa.org/places/687977,
pl-668233,Cunna?,fort,pin,34.26696,37.83210,-30,640,0,808.1,https://pleiades.stoa.org/places/668233,
pl-678015,Amathous?,settlement,pin,32.28122,35.61637,-330,640,0,808.1,https://pleiades.stoa.org/places/678015,
pl-678008,*Airita,settlement,pin,32.88993,36.48140,-30,640,0,808.2,https://pleiades.stoa.org/places/678008,
pl-687838,Ashdod/Azotos (Mesogeios),"settlement, archaeological-site, tell",pin,31.75594,34.65806,-1000,2100,0,808.4,https://pleiades.stoa.org/places/687838,
pl-678113,Deir esh-Shair,fort,pin,32.98673,36.60415,-30,300,0,808.4,https://pleiades.stoa.org/places/678113,
pl-678241,Khirbet el Ghirur,settlement,pin,32.21702,35.53587,-30,300,0,809.4,https://pleiades.stoa.org/places/678241,
pl-678309,Norerathe,settlement,pin,32.84607,36.44767,300,640,0,809.5,https://pleiades.stoa.org/places/678309,
pl-481851,Grizilevci,settlement,pin,42.01775,22.17676,-30,640,0,809.5,https://pleiades.stoa.org/places/481851,
pl-481810,Dolno Ujno,settlement,pin,42.41634,22.52450,-30,640,0,810.2,https://pleiades.stoa.org/places/481810,
pl-678122,Doroa,settlement,pin,32.80096,36.40173,-30,640,0,810.2,https://pleiades.stoa.org/places/678122,
pl-491568,Delisinci,settlement,pin,41.79549,21.98737,-30,640,0,810.3,https://pleiades.stoa.org/places/491568,
pl-687837,Aser,settlement,pin,31.77539,34.74607,-30,640,0,810.6,https://pleiades.stoa.org/places/687837,
pl-687904,Gazara,"settlement, archaeological-site",pin,31.85979,34.92099,-1000,2100,0,810.8,https://pleiades.stoa.org/places/687904,
pl-678127,Eitha Caesarea,settlement,pin,32.95143,36.60105,-30,300,0,810.9,https://pleiades.stoa.org/places/678127,
pl-217053,Vicus Siamus,settlement,pin,43.65689,24.02862,-30,300,0,811.2,https://pleiades.stoa.org/places/217053,
pl-716619,Petras Megas,"settlement, port",pin,31.75602,25.08182,-330,640,0,811.2,https://pleiades.stoa.org/places/716619,
pl-688028,Silo,settlement,pin,32.05380,35.29834,-330,640,0,811.5,https://pleiades.stoa.org/places/688028,
pl-687870,Caphar Ruta,settlement,pin,31.91029,35.03680,300,640,0,811.7,https://pleiades.stoa.org/places/687870,
pl-10090234,Tell er-Rumeith,settlement,pin,32.50000,36.01667,-1200,2100,0,811.8,https://pleiades.stoa.org/places/10090234,
pl-216827,Gresia,fort,pin,44.17151,24.91797,-30,300,0,811.9,https://pleiades.stoa.org/places/216827,
pl-678248,Khirbet Khiraf,settlement,pin,32.18508,35.53333,-30,300,0,812.0,https://pleiades.stoa.org/places/678248,
pl-688024,Selebi,settlement,pin,31.87946,34.99000,-30,640,0,812.3,https://pleiades.stoa.org/places/688024,
pl-678037,Asophon,settlement,pin,32.23969,35.62748,-330,-30,0,812.3,https://pleiades.stoa.org/places/678037,
pl-678442,Umm ez-Zeitun,fort,pin,32.89676,36.55810,-30,640,0,812.4,https://pleiades.stoa.org/places/678442,
pl-216699,Altimir,fort,pin,43.52805,23.81339,-30,640,0,812.4,https://pleiades.stoa.org/places/216699,
pl-207240,Liljache,fort,pin,43.32258,23.52245,-30,640,0,812.5,https://pleiades.stoa.org/places/207240,
pl-195475336,Tell el-Mazar,tell,pin,32.22216,35.60633,-1200,2100,0,812.7,https://pleiades.stoa.org/places/195475336,
pl-688026,Shephela,labeled feature,wash,31.75000,34.75000,-30,640,0,813.2,https://pleiades.stoa.org/places/688026,
pl-688562,Untitled,aqueduct,wash,31.75000,34.75000,-30,640,0,813.2,https://pleiades.stoa.org/places/688562,
pl-688563,Untitled,aqueduct,wash,31.75000,34.75000,300,640,0,813.2,https://pleiades.stoa.org/places/688563,
pl-689319,Untitled,bridge,wash,31.75000,34.75000,-30,640,0,813.2,https://pleiades.stoa.org/places/689319,
pl-689320,Untitled,bridge,wash,31.75000,34.75000,-30,640,0,813.2,https://pleiades.stoa.org/places/689320,
pl-689321,Untitled,bridge,wash,31.75000,34.75000,-30,640,0,813.2,https://pleiades.stoa.org/places/689321,
pl-482019,Tranupara,station,pin,42.08061,22.17728,-30,2099,0,813.3,https://pleiades.stoa.org/places/482019,
pl-678260,Korea(i),station,pin,32.13459,35.47697,-330,640,0,813.5,https://pleiades.stoa.org/places/678260,
pl-716597,Marsa Gabes,settlement,pin,31.98313,24.58336,-30,2099,0,813.8,https://pleiades.stoa.org/places/716597,
pl-491659,Mečkuevi,settlement,pin,41.93432,22.04985,-30,640,0,813.8,https://pleiades.stoa.org/places/491659,
pl-687933,Isana,settlement,pin,32.00279,35.25329,-30,640,0,813.9,https://pleiades.stoa.org/places/687933,
pl-687888,Ekron/Akkaron,settlement,pin,31.78046,34.85102,-330,2099,0,815.0,https://pleiades.stoa.org/places/687888,
pl-678361,Reimea,settlement,pin,32.83195,36.52448,-30,640,0,815.4,https://pleiades.stoa.org/places/678361,
pl-687858,Bethoron Katotera,settlement,pin,31.89445,35.08328,-330,300,0,815.4,https://pleiades.stoa.org/places/687858,
pl-481809,Dolno Kobile,settlement,pin,42.51504,22.54567,-30,640,0,815.5,https://pleiades.stoa.org/places/481809,
pl-217039,Variana,fort,pin,43.69085,24.00003,-30,640,0,815.7,https://pleiades.stoa.org/places/217039,
pl-687910,Gophna,settlement,pin,31.96226,35.21523,-330,640,0,815.7,https://pleiades.stoa.org/places/687910,
pl-911351383,Tall Deir ‘Allā,settlement,pin,32.19696,35.62112,-1400,2100,0,815.7,https://pleiades.stoa.org/places/911351383,
pl-687891,Emmaus/Nicopolis,"settlement, archaeological-site",pin,31.83930,34.98941,-330,640,0,816.0,https://pleiades.stoa.org/places/687891,
pl-678355,Ragaba,settlement,pin,32.23864,35.69619,-330,640,0,816.1,https://pleiades.stoa.org/places/678355,
pl-688023,Sartaba/Alexandreion,"archaeological-site, fort",pin,32.09620,35.46177,-330,300,0,816.2,https://pleiades.stoa.org/places/688023,
pl-207086,Dolno Ozirovo,fort,pin,43.23916,23.34929,-30,640,0,816.4,https://pleiades.stoa.org/places/207086,
pl-790144354,Khirbet el-ʿAqd,fort-2,pin,31.83626,35.00853,-330,2099,0,817.2,https://pleiades.stoa.org/places/790144354,
pl-221217,Limes Transalutanus,frontier-system-limes,wash,44.24137,24.94411,-30,300,0,817.2,https://pleiades.stoa.org/places/221217,
pl-207563,Vorovum Minor,settlement,pin,43.30463,23.42113,-30,640,0,817.2,https://pleiades.stoa.org/places/207563,
pl-678314,Omra,settlement,pin,32.90272,36.64204,-30,2099,0,817.3,https://pleiades.stoa.org/places/678314,
pl-925655548,Tel Batash (Timnah),archaeological-site,pin,31.78534,34.91158,-2000,2099,0,817.3,https://pleiades.stoa.org/places/925655548,
pl-687817,Aialon,settlement,pin,31.84488,35.03127,-330,640,0,817.5,https://pleiades.stoa.org/places/687817,
pl-1136,Withdrawn duplicate: Moesia Superior,province-2,wash,42.50000,22.50000,,,0,817.6,https://pleiades.stoa.org/places/1136,
pl-222131,Ostaphos,unlocated,wash,42.50000,22.50000,-30,300,0,817.6,https://pleiades.stoa.org/places/222131,
pl-688018,Rujm Abu Muheir,fort,pin,32.04850,35.40676,-30,640,0,817.6,https://pleiades.stoa.org/places/688018,
pl-481732,Aquae?,people,wash,42.50000,22.50000,-30,640,0,817.6,https://pleiades.stoa.org/places/481732,
pl-482456,Untitled,quarry,wash,42.50000,22.50000,-30,640,0,817.6,https://pleiades.stoa.org/places/482456,
pl-991368,Macedonia,province,wash,42.50000,22.50000,,,0,817.6,https://pleiades.stoa.org/places/991368,
pl-991369,Moesia Superior,province,wash,42.50000,22.50000,,,0,817.6,https://pleiades.stoa.org/places/991369,
pl-991371,Thracia,province,wash,42.50000,22.50000,,,0,817.6,https://pleiades.stoa.org/places/991371,
pl-1001888,Rhodope,province,wash,42.50000,22.50000,,,0,817.6,https://pleiades.stoa.org/places/1001888,
pl-1001902,Dardania,province,wash,42.50000,22.50000,,,0,817.6,https://pleiades.stoa.org/places/1001902,
pl-981519,Dacia Inferior (province),province-2,wash,42.50000,22.50000,,,0,817.6,https://pleiades.stoa.org/places/981519,
pl-981536,Moesia Superior (province),province-2,wash,42.50000,22.50000,,,0,817.6,https://pleiades.stoa.org/places/981536,
pl-981552,Thracia (province),province-2,wash,42.50000,22.50000,,,0,817.6,https://pleiades.stoa.org/places/981552,
pl-991365,Dacia Mediterranea,province-2,wash,42.50000,22.50000,,,0,817.6,https://pleiades.stoa.org/places/991365,
pl-991366,Dacia Ripensis,province-2,wash,42.50000,22.50000,,,0,817.6,https://pleiades.stoa.org/places/991366,
pl-991370,Rhodope,province,wash,42.50000,22.50000,,,0,817.6,https://pleiades.stoa.org/places/991370,
pl-992077,Moesiae,diocese-roman,wash,42.50000,22.50000,,,0,817.6,https://pleiades.stoa.org/places/992077,
pl-992078,Thracia,province,wash,42.50000,22.50000,,,0,817.6,https://pleiades.stoa.org/places/992078,
pl-1001132,Thrakike,diocese-roman,wash,42.50000,22.50000,,,0,817.6,https://pleiades.stoa.org/places/1001132,
pl-1001893,Makedonia I,province,wash,42.50000,22.50000,,,0,817.6,https://pleiades.stoa.org/places/1001893,
pl-1001894,Makedonia II,province,wash,42.50000,22.50000,,,0,817.6,https://pleiades.stoa.org/places/1001894,
pl-1001899,Nea Epeiros,province-2,wash,42.50000,22.50000,,,0,817.6,https://pleiades.stoa.org/places/1001899,
pl-1001900,Dakia Mesogeios,province,wash,42.50000,22.50000,,,0,817.6,https://pleiades.stoa.org/places/1001900,
pl-1001901,Parapotamia Dakia,province,wash,42.50000,22.50000,,,0,817.6,https://pleiades.stoa.org/places/1001901,
pl-1001904,Mysia I (province),province-2,wash,42.50000,22.50000,,,0,817.6,https://pleiades.stoa.org/places/1001904,
pl-678094,Chrysoroas (river),river,wash,32.25000,35.75000,-30,640,0,818.0,https://pleiades.stoa.org/places/678094,
pl-229267414,Tell Um Hammad al-Gharbi,settlement,pin,32.13746,35.57261,-3300,-2000,0,818.3,https://pleiades.stoa.org/places/229267414,
pl-313779408,Dhahr Mirzbaneh,"tomb, cemetery",pin,31.99570,35.33578,-2000,2100,0,818.7,https://pleiades.stoa.org/places/313779408,
pl-207275,Meldia,station,pin,42.92213,22.93000,-30,640,0,818.7,https://pleiades.stoa.org/places/207275,
pl-687857,Bethoron Anotera,settlement,pin,31.87921,35.12412,-330,300,0,818.8,https://pleiades.stoa.org/places/687857,
pl-384940621,Tell Um Hammad Sharqi,settlement,pin,32.13779,35.58119,-3300,-2000,0,818.8,https://pleiades.stoa.org/places/384940621,
pl-491557,Bylazora,"settlement, archaeological-site",pin,41.84691,21.91228,-330,640,0,818.8,https://pleiades.stoa.org/places/491557,
pl-491640,Kneže,settlement,pin,41.84722,21.91253,-30,640,0,818.8,https://pleiades.stoa.org/places/491640,
pl-207489,Tautiomosis,settlement,pin,43.37259,23.48170,-30,640,0,819.0,https://pleiades.stoa.org/places/207489,
pl-216867,Krushovitsa,settlement,pin,43.62599,23.83978,-30,640,0,819.1,https://pleiades.stoa.org/places/216867,
pl-678382,*Selaima,settlement,pin,32.80412,36.55384,-30,640,0,819.4,https://pleiades.stoa.org/places/678382,
pl-689324,Damiya Roman Bridge,bridge,pin,32.10272,35.53513,-30,2099,0,819.4,https://pleiades.stoa.org/places/689324,
pl-494566508,Kataret es-Samra,tomb,pin,32.11052,35.55131,-2000,2100,0,819.6,https://pleiades.stoa.org/places/494566508,
pl-260940008,Beitin,"settlement, settlement-modern",pin,31.92833,35.23833,-30,2100,0,819.9,https://pleiades.stoa.org/places/260940008,
pl-688007,el Qasr,fort,pin,31.98544,35.34126,-30,640,0,819.9,https://pleiades.stoa.org/places/688007,
pl-198812461,Tall Dāmiyā,archaeological-site,pin,32.10380,35.54690,-2000,2100,0,819.9,https://pleiades.stoa.org/places/198812461,
pl-207104,Dushinci,fort,pin,42.70161,22.66883,-30,640,0,820.0,https://pleiades.stoa.org/places/207104,
pl-678332,Philippopolis,settlement,pin,32.85377,36.62752,-30,640,0,820.1,https://pleiades.stoa.org/places/678332,
pl-678277,Mardocha,settlement,pin,32.82769,36.59775,-30,640,0,820.3,https://pleiades.stoa.org/places/678277,
pl-678407,Tafha,settlement,pin,32.84160,36.61734,300,640,0,820.4,https://pleiades.stoa.org/places/678407,
pl-678316,*Orela?,settlement,pin,32.91320,36.70711,-30,640,0,820.6,https://pleiades.stoa.org/places/678316,
pl-687896,Ephraim/Apheraima,settlement,pin,31.95466,35.29920,-330,640,0,820.6,https://pleiades.stoa.org/places/687896,
pl-678366,Sakkaia/Maximianopolis,settlement,pin,32.89682,36.69760,-30,640,0,821.2,https://pleiades.stoa.org/places/678366,
pl-688003,Phasaelis,settlement,pin,32.02751,35.44336,-30,640,0,821.3,https://pleiades.stoa.org/places/688003,
pl-78089715,Khirbet el-Maqatir,fortified-settlement,pin,31.91548,35.25004,-330,750,0,821.7,https://pleiades.stoa.org/places/78089715,
pl-678069,Borechath Sabaon,settlement,pin,32.79100,36.57785,-30,2099,0,821.9,https://pleiades.stoa.org/places/678069,
pl-678296,Namara,settlement,pin,32.84342,36.64516,-30,640,0,822.0,https://pleiades.stoa.org/places/678296,
pl-687920,Horvat Mezad,station,pin,31.81808,35.07561,-330,640,0,822.1,https://pleiades.stoa.org/places/687920,
pl-716584,Kyrthanion,station,pin,31.98599,24.41492,-30,2099,0,822.1,https://pleiades.stoa.org/places/716584,
pl-665310877,Ai/Et-Tell,settlement,pin,31.91668,35.26158,-3300,2100,0,822.1,https://pleiades.stoa.org/places/665310877,
pl-889522884,Gimtu,"settlement, tell",pin,31.70198,34.84740,-2000,2100,0,822.2,https://pleiades.stoa.org/places/889522884,
pl-216987,Slăveni Roman Fort,fort-2,pin,44.08193,24.52904,-30,2099,0,822.5,https://pleiades.stoa.org/places/216987,
pl-666067876,Tell en-Nasbeh,"settlement, archaeological-site",pin,31.88544,35.21654,-4000,2100,0,822.7,https://pleiades.stoa.org/places/666067876,
pl-138349926,Bishop Genesius Church,church-2,pin,32.28192,35.88860,600,2099,0,822.9,https://pleiades.stoa.org/places/138349926,
pl-804496327,North Theater (Jerash),theatre,pin,32.28263,35.89243,-30,300,0,823.1,https://pleiades.stoa.org/places/804496327,
pl-491624944,"Temple of Artemis, Jerash",temple-2,pin,32.28189,35.89098,1900,1999,0,823.1,https://pleiades.stoa.org/places/491624944,
pl-138349927,Propylaeum of the Sanctuary of Artemis,gateway,pin,32.28126,35.89245,100,199,0,823.2,https://pleiades.stoa.org/places/138349927,
pl-678158,Gerasa/Antiochia ad Chrysorhoam,"urban, settlement, archaeological-site",pin,32.28009,35.89109,-330,2100,0,823.2,https://pleiades.stoa.org/places/678158,
pl-491624943,Macellum (Jerash),macellum,pin,32.27876,35.89099,100,2099,0,823.3,https://pleiades.stoa.org/places/491624943,
pl-734629072,Gerasa Nymphaeum,fountain,pin,32.28058,35.89222,100,799,0,823.3,https://pleiades.stoa.org/places/734629072,
pl-678213,Jize,settlement,pin,32.57179,36.31479,300,640,0,823.3,https://pleiades.stoa.org/places/678213,
pl-276676983,South Theater (Jerash),theatre,pin,32.27673,35.88922,-30,300,0,823.4,https://pleiades.stoa.org/places/276676983,
pl-491624945,Oval Forum (Jerash),forum,pin,32.27751,35.89076,-30,2099,0,823.4,https://pleiades.stoa.org/places/491624945,
pl-276676984,Temple of Zeus Olympius (Jerash),sanctuary,pin,32.27681,35.89034,2000,2099,0,823.5,https://pleiades.stoa.org/places/276676984,
pl-432223402,Beit Shemesh,"settlement, archaeological-site",pin,31.75060,34.97487,-3300,2100,0,823.6,https://pleiades.stoa.org/places/432223402,
pl-217041,Vicus ‘Bapeni’,settlement,pin,43.70528,23.87849,300,640,0,823.7,https://pleiades.stoa.org/places/217041,
pl-687947,Kiriath Ye'arim/Kariathiareim,station,pin,31.81424,35.10277,-30,640,0,823.7,https://pleiades.stoa.org/places/687947,
pl-678041,Aurana,"region, label",pin,32.73358,36.53481,-330,1999,0,823.7,https://pleiades.stoa.org/places/678041,
pl-312305084,Jerash Hippodrome,circus,pin,32.27360,35.89071,-30,640,0,823.8,https://pleiades.stoa.org/places/312305084,
pl-678435,Trachones,"hill, label",pin,32.93246,36.78199,-30,300,0,823.9,https://pleiades.stoa.org/places/678435,
pl-481846,Gorno Kobile,settlement,pin,42.56111,22.46540,-30,640,0,824.1,https://pleiades.stoa.org/places/481846,
pl-687900,Gabaon,settlement,pin,31.84906,35.18436,-1200,2100,0,824.5,https://pleiades.stoa.org/places/687900,
pl-678040,*Athela,settlement,pin,32.76097,36.58284,-30,640,0,824.5,https://pleiades.stoa.org/places/678040,
pl-678365,Saba Biyar,fort,pin,33.78316,37.66389,-30,300,0,824.8,https://pleiades.stoa.org/places/678365,
pl-678243,Khirbet el-Umbashi,fort,pin,33.05539,36.93942,-30,300,0,824.8,https://pleiades.stoa.org/places/678243,
pl-969006333,Khirbet el-Mastarah,archaeological-site,pin,31.96139,35.40893,-2000,-1000,0,825.5,https://pleiades.stoa.org/places/969006333,
pl-687934,Iudaea (region),region,wash,31.73417,35.00172,-1000,2100,0,826.4,https://pleiades.stoa.org/places/687934,
pl-687957,Machmas,settlement,pin,31.87127,35.27693,-330,640,0,827.0,https://pleiades.stoa.org/places/687957,
pl-805979806,odeion at Canatha,odeon,pin,32.75608,36.61894,-30,300,0,827.2,https://pleiades.stoa.org/places/805979806,
pl-678082,Canatha/*Gabinia/*Septimia,settlement,pin,32.75420,36.61836,-330,640,0,827.3,https://pleiades.stoa.org/places/678082,
pl-780954288,"Temple of Zeus Megistos, Canatha",temple-2,pin,32.75312,36.61720,-30,300,0,827.3,https://pleiades.stoa.org/places/780954288,
pl-841214212,Tel Yarmut,settlement,pin,31.70861,34.97506,-2000,2100,0,827.5,https://pleiades.stoa.org/places/841214212,
pl-678119,Dionysias/*Soada,settlement,pin,32.70708,36.56529,-30,640,0,827.7,https://pleiades.stoa.org/places/678119,
pl-45016675,Khirbet Qeiyafa,fort,pin,31.69643,34.95736,-1200,2100,0,827.8,https://pleiades.stoa.org/places/45016675,
pl-206955,Ballanstra,station,pin,42.99419,22.86822,-30,640,0,828.0,https://pleiades.stoa.org/places/206955,
pl-687831,Archelais,settlement,pin,31.96941,35.47298,-30,640,0,828.1,https://pleiades.stoa.org/places/687831,
pl-678381,Seia,settlement,pin,32.73515,36.60875,-30,640,0,828.2,https://pleiades.stoa.org/places/678381,
pl-216719,Augustae,fort,pin,43.73332,23.84040,-30,640,0,828.2,https://pleiades.stoa.org/places/216719,
pl-373773,Chersonesos Akra,unknown,wash,32.50000,23.50000,,,0,828.3,https://pleiades.stoa.org/places/373773,
pl-206910,Almus (river),river,wash,43.50000,23.50000,,,0,828.3,https://pleiades.stoa.org/places/206910,
pl-206935,Augusta (river),river,wash,43.50000,23.50000,-30,640,0,828.3,https://pleiades.stoa.org/places/206935,
pl-207154,Gradeshnitsa,fort,pin,43.48625,23.48079,-30,640,0,828.3,https://pleiades.stoa.org/places/207154,
pl-207209,Kebros (river),river,wash,43.50000,23.50000,,,0,828.3,https://pleiades.stoa.org/places/207209,
pl-687855,Bethletepha,settlement,pin,31.70682,34.99189,-330,640,0,828.5,https://pleiades.stoa.org/places/687855,
pl-678444,Umtaiyye,settlement,pin,32.49370,36.29563,300,640,0,828.6,https://pleiades.stoa.org/places/678444,
pl-687979,Moza/Ammaous/Kolonia,settlement,pin,31.79224,35.16760,-330,640,0,828.9,https://pleiades.stoa.org/places/687979,
pl-749935552,Tell al-Fūl,fort-group,pin,31.82348,35.23120,-1400,2100,0,829.1,https://pleiades.stoa.org/places/749935552,
pl-207160,Gromshin,settlement,pin,43.52564,23.49184,-30,640,0,830.9,https://pleiades.stoa.org/places/207160,
pl-601633374,Ein Karem,"settlement, settlement-modern",pin,31.76764,35.16390,-3300,2100,0,831.0,https://pleiades.stoa.org/places/601633374,
pl-991399,Pontus Polemoniacus,province,wash,42.50000,37.50000,,,0,831.5,https://pleiades.stoa.org/places/991399,
pl-981508,Armenia Minor (Roman eparcheia),province-2,wash,42.50000,37.50000,300,640,0,831.5,https://pleiades.stoa.org/places/981508,
pl-981545,Pontus Galaticus,"district, province-2",wash,42.50000,37.50000,,,0,831.5,https://pleiades.stoa.org/places/981545,
pl-981546,Pontus Polemoniacus,province-2,wash,42.50000,37.50000,1900,1999,0,831.5,https://pleiades.stoa.org/places/981546,
pl-1001925,Pontos Polemoniakos,province,wash,42.50000,37.50000,,,0,831.5,https://pleiades.stoa.org/places/1001925,
pl-687981,Na'aran/Neara,settlement,pin,31.89981,35.42366,-330,640,0,831.8,https://pleiades.stoa.org/places/687981,
pl-716556,el-Gara,settlement,pin,31.99479,24.20381,-30,2099,0,832.2,https://pleiades.stoa.org/places/716556,
pl-678031,Arra,"settlement, settlement-modern",pin,32.67865,36.60159,-30,2100,0,832.2,https://pleiades.stoa.org/places/678031,
pl-216780,Crîmpoaia/Ghioca,fort,pin,44.30353,24.74385,-30,300,0,832.5,https://pleiades.stoa.org/places/216780,
pl-678194,Iabakchos (river),river,pin,32.14819,35.86231,1700,2100,0,833.0,https://pleiades.stoa.org/places/678194,
pl-687851,Bethar,"fort-2, settlement, archaeological-site",pin,31.73000,35.13555,-330,300,0,833.1,https://pleiades.stoa.org/places/687851,
pl-678424,*Tharba,settlement,pin,32.80056,36.77124,-30,640,0,833.3,https://pleiades.stoa.org/places/678424,
pl-811589743,"Church of Saint Alexander Nevsky, Jerusalem",church-2,pin,31.77812,35.23069,300,2100,0,833.3,https://pleiades.stoa.org/places/811589743,
pl-937349656,Tower of David,fort-2,pin,31.77610,35.22803,-10000,2100,0,833.3,https://pleiades.stoa.org/places/937349656,
pl-678318,Orsoua,settlement,pin,32.64215,36.57403,-30,640,0,833.4,https://pleiades.stoa.org/places/678318,
pl-973646718,"Second Temple, Jerusalem",temple-2,pin,31.77825,35.23534,-330,300,0,833.5,https://pleiades.stoa.org/places/973646718,
pl-969121824,"Cathedral of St. James, Jerusalem",church-2,pin,31.77453,35.22914,1099,2100,0,833.5,https://pleiades.stoa.org/places/969121824,
pl-687928,Ierusalem/Hierosolyma/Col. Aelia Capitolina,"settlement, archaeological-site, findspot",pin,31.77719,35.23498,-3300,2000,0,833.6,https://pleiades.stoa.org/places/687928,
pl-62813056,Wilson's Arch,arch,pin,31.77704,35.23423,-330,2100,0,833.6,https://pleiades.stoa.org/places/62813056,
pl-481771,Božica,settlement,pin,42.64364,22.40981,-30,640,0,833.6,https://pleiades.stoa.org/places/481771,
pl-195824089,Al-Aqsa Mosque,mosque,pin,31.77608,35.23559,661,2099,0,833.7,https://pleiades.stoa.org/places/195824089,
pl-889522883,Gal'adi,settlement,pin,32.09545,35.79086,-1000,2100,0,833.7,https://pleiades.stoa.org/places/889522883,
pl-252614720,Ketef Hinnom,"tomb, cave, cemetery",pin,31.76886,35.22537,-600,2099,0,833.9,https://pleiades.stoa.org/places/252614720,
pl-687884,Douka,fort,pin,31.87076,35.41542,-330,640,0,834.0,https://pleiades.stoa.org/places/687884,
pl-122408432,Silwan necropolis,cemetery,pin,31.77330,35.23680,-1200,-550,0,834.0,https://pleiades.stoa.org/places/122408432,
pl-714055238,'Ir David/Wadi Hilweh,"settlement, settlement-modern",pin,31.77270,35.23560,-10000,2100,0,834.0,https://pleiades.stoa.org/places/714055238,
pl-687961,Maledomnei,fort,pin,31.83301,35.34890,-30,640,0,834.1,https://pleiades.stoa.org/places/687961,
pl-678126,Egla,settlement,pin,32.78026,36.76025,-30,640,0,834.1,https://pleiades.stoa.org/places/678126,
pl-716534,Bassachitai?,"label, people",pin,31.80285,24.49567,-30,300,0,834.7,https://pleiades.stoa.org/places/716534,
pl-678211,Usays,"fort-2, bath, palace-complex, archaeological-site, settlement",pin,33.30318,37.35958,-30,2099,0,835.2,https://pleiades.stoa.org/places/678211,
pl-156668177,Bethania,settlement,pin,31.77315,35.25959,-30,2100,0,835.2,https://pleiades.stoa.org/places/156668177,
pl-207509,‘Translitis’,station,pin,43.01663,22.78333,-30,640,0,835.2,https://pleiades.stoa.org/places/207509,
pl-678441,Umm es-Surab,settlement,pin,32.42492,36.31766,300,640,0,835.5,https://pleiades.stoa.org/places/678441,
pl-687917,Jericho,"settlement, archaeological-site",pin,31.87102,35.44414,-18000,2100,0,835.5,https://pleiades.stoa.org/places/687917,
pl-230339672,Tell es-Samarat,"tell, archaeological-site",pin,31.86505,35.44027,,,0,835.8,https://pleiades.stoa.org/places/230339672,
pl-678022,Aphetatha?,settlement,pin,32.60501,36.56667,-30,640,0,835.9,https://pleiades.stoa.org/places/678022,
pl-697665,Gadara,"settlement, settlement-modern",pin,32.02234,35.71699,-330,2100,0,836.1,https://pleiades.stoa.org/places/697665,
pl-671109966,Ramat Raḥel,settlement,pin,31.73999,35.21899,-1200,2100,0,836.2,https://pleiades.stoa.org/places/671109966,
pl-687876,Choziba,monastery,pin,31.84408,35.41178,300,2099,0,836.3,https://pleiades.stoa.org/places/687876,
pl-687967,Martyrios,church,pin,31.77912,35.30024,300,640,0,836.6,https://pleiades.stoa.org/places/687967,
pl-688565,Untitled,aqueduct,wash,31.75000,35.25000,-30,640,0,836.8,https://pleiades.stoa.org/places/688565,
pl-688566,Untitled,aqueduct,wash,31.75000,35.25000,-330,300,0,836.8,https://pleiades.stoa.org/places/688566,
pl-688567,Untitled,aqueduct,wash,31.75000,35.25000,-330,640,0,836.8,https://pleiades.stoa.org/places/688567,
pl-688568,Untitled,aqueduct,wash,31.75000,35.25000,-330,300,0,836.8,https://pleiades.stoa.org/places/688568,
pl-688569,Untitled,aqueduct,wash,31.75000,35.25000,-330,640,0,836.8,https://pleiades.stoa.org/places/688569,
pl-688570,Untitled,aqueduct,wash,31.75000,35.25000,-330,300,0,836.8,https://pleiades.stoa.org/places/688570,
pl-688571,Untitled,aqueduct,wash,31.75000,35.25000,-330,300,0,836.8,https://pleiades.stoa.org/places/688571,
pl-688572,Untitled,aqueduct,wash,31.75000,35.25000,-330,300,0,836.8,https://pleiades.stoa.org/places/688572,
pl-689322,Untitled,bridge,wash,31.75000,35.25000,-30,640,0,836.8,https://pleiades.stoa.org/places/689322,
pl-689323,Untitled,bridge,wash,31.75000,35.25000,-30,640,0,836.8,https://pleiades.stoa.org/places/689323,
pl-227999020,Rujm al-Ḥenū,building,pin,32.08458,35.83293,-700,2099,0,836.9,https://pleiades.stoa.org/places/227999020,
pl-207204,Kalimanitsa,settlement,pin,43.33259,23.13342,-30,640,0,837.1,https://pleiades.stoa.org/places/207204,
pl-687898,Euthymios,"archaeological-site, church",pin,31.79225,35.33629,300,640,0,837.2,https://pleiades.stoa.org/places/687898,
pl-687949,Kypros/Threx?,fort,pin,31.84079,35.42411,-330,300,0,837.2,https://pleiades.stoa.org/places/687949,
pl-969543392,Madrasa Gumushtakin,mosque,pin,32.52164,36.48053,850,1200,0,837.3,https://pleiades.stoa.org/places/969543392,
pl-716563,Giligamai,"label, people",pin,31.95341,24.17721,-550,-330,0,837.3,https://pleiades.stoa.org/places/716563,
pl-207293,Montana,settlement,pin,43.40874,23.22610,-30,640,0,837.4,https://pleiades.stoa.org/places/207293,
pl-216958,Romula/Malva,settlement,pin,44.17421,24.39721,-30,640,0,837.5,https://pleiades.stoa.org/places/216958,
pl-678073,Bostra/Col. Nova Traiana Alexandriana,"settlement, mosque, temple-2",pin,32.52045,36.48130,-1344,2000,0,837.5,https://pleiades.stoa.org/places/678073,
pl-207577,Zăvalu,fort,pin,43.80901,23.79012,-30,300,0,837.5,https://pleiades.stoa.org/places/207577,
pl-188349326,Roman Theater at Bosra,theatre,pin,32.51776,36.48173,-30,300,0,837.7,https://pleiades.stoa.org/places/188349326,
pl-619927065,Roman Circus (Bosra),circus,pin,32.51474,36.48000,-30,300,0,837.8,https://pleiades.stoa.org/places/619927065,
pl-678342,Qafr,settlement,pin,32.63788,36.64022,300,640,0,837.8,https://pleiades.stoa.org/places/678342,
pl-596637094,Ṣuwwānet eth-Thanīya ,settlement,pin,31.87428,35.49520,-6200,300,0,837.8,https://pleiades.stoa.org/places/596637094,
pl-716525,Antipyrgos,settlement,pin,32.07646,23.96137,-330,2099,0,837.9,https://pleiades.stoa.org/places/716525,
pl-678305,Nelkomia/Neela?,settlement,pin,32.74287,36.77586,-30,640,0,838.0,https://pleiades.stoa.org/places/678305,
pl-207438,Serdoi,"label, people",pin,43.07609,22.80450,-330,300,0,838.2,https://pleiades.stoa.org/places/207438,
pl-687856,Bethlehem,"settlement, settlement-modern",pin,31.70700,35.20315,-30,640,0,838.5,https://pleiades.stoa.org/places/687856,
pl-207123,Gaganitsa,fort,pin,43.32876,23.10610,-30,640,0,838.5,https://pleiades.stoa.org/places/207123,
pl-207266,Marchevo,fort,pin,43.51215,23.34514,-30,640,0,838.5,https://pleiades.stoa.org/places/207266,
pl-716566,Gonia,station,pin,32.06683,23.95762,-330,2099,0,839.0,https://pleiades.stoa.org/places/716566,
pl-211190325,Church of the Nativity,church-2,pin,31.70432,35.20734,500,2100,0,839.0,https://pleiades.stoa.org/places/211190325,
pl-207112,Erden,fort,pin,43.48132,23.28702,-30,640,0,839.5,https://pleiades.stoa.org/places/207112,
pl-207005,Căciulăteşti,fort-2,pin,43.93672,23.94942,-30,300,0,839.7,https://pleiades.stoa.org/places/207005,
pl-678120,Diyatheh,fort-2,pin,32.78509,36.85506,-30,1999,0,839.7,https://pleiades.stoa.org/places/678120,
pl-212723842,Shepherds' Field,"church-2, archaeological-site",pin,31.70725,35.22967,1900,2099,0,839.8,https://pleiades.stoa.org/places/212723842,
pl-420569585,Khirbet Beit-Bassa,"fort-2, settlement",pin,31.70000,35.21667,-30,2100,0,839.8,https://pleiades.stoa.org/places/420569585,
pl-216955,Regianum,station,pin,43.77620,23.69794,-30,640,0,839.9,https://pleiades.stoa.org/places/216955,
pl-678176,Hebran,settlement,pin,32.60544,36.63701,-30,300,0,840.1,https://pleiades.stoa.org/places/678176,
pl-58094152,Kokino,settlement,pin,42.26338,21.95312,-2000,-1000,0,840.9,https://pleiades.stoa.org/places/58094152,
pl-678347,Qasr el-Ba'iq,fort,pin,32.37144,36.33879,-30,300,0,841.1,https://pleiades.stoa.org/places/678347,
pl-688042,Theoktistos,church,pin,31.77617,35.38509,300,640,0,841.1,https://pleiades.stoa.org/places/688042,
pl-688043,Theodosios,church,pin,31.72126,35.28266,300,640,0,841.1,https://pleiades.stoa.org/places/688043,
pl-678042,Auranitis,mountain,pin,32.66665,36.73333,-30,2100,0,841.3,https://pleiades.stoa.org/places/678042,
pl-697642,Bethennabris,settlement,pin,31.89092,35.61125,-330,640,0,842.3,https://pleiades.stoa.org/places/697642,
pl-687908,Gerasimos,church,pin,31.82016,35.50140,300,640,0,843.0,https://pleiades.stoa.org/places/687908,
pl-678423,Thantia/Thainatha,fort,pin,32.26998,36.22899,-30,640,0,843.2,https://pleiades.stoa.org/places/678423,
pl-678071,Bosana,settlement,pin,32.68689,36.79034,-30,640,0,843.2,https://pleiades.stoa.org/places/678071,
pl-697641,Bethabara,church,pin,31.83876,35.54769,300,640,0,843.7,https://pleiades.stoa.org/places/697641,
pl-687969,Megiste Laura Saba,church,pin,31.70494,35.33115,300,2100,0,844.9,https://pleiades.stoa.org/places/687969,
pl-207151,Govezhda,fort,pin,43.30189,22.96654,-30,640,0,845.1,https://pleiades.stoa.org/places/207151,
pl-678367,Salamanestha,settlement,pin,32.64771,36.77527,-30,640,0,845.3,https://pleiades.stoa.org/places/678367,
pl-697622,Abila,settlement,pin,31.85862,35.63541,-330,640,0,846.4,https://pleiades.stoa.org/places/697622,
pl-687923,Hyrkania/Kastellion,church,pin,31.71639,35.38334,-330,640,0,846.5,https://pleiades.stoa.org/places/687923,
pl-678439,Umm el-Jimal,settlement,pin,32.32703,36.36929,-30,2100,0,846.6,https://pleiades.stoa.org/places/678439,
pl-207125,Gavril Genovo,fort,pin,43.39751,23.05842,-30,640,0,846.8,https://pleiades.stoa.org/places/207125,
pl-35763107,`Iraq al Amir,settlement,pin,31.91667,35.75000,,,0,847.2,https://pleiades.stoa.org/places/35763107,
pl-678020,Aouidenoi,"label, people",pin,32.73429,36.91156,-30,300,0,847.2,https://pleiades.stoa.org/places/678020,
pl-697757,Tyrus,"settlement, settlement-modern",pin,31.91507,35.75390,-330,2100,0,847.6,https://pleiades.stoa.org/places/697757,
pl-207127,Georgi Damjanovo,fort,pin,43.38565,23.03090,-30,640,0,847.6,https://pleiades.stoa.org/places/207127,
pl-947227732,Qasr al-Abd at Tyrus,palace,pin,31.91280,35.75192,-330,2100,0,847.7,https://pleiades.stoa.org/places/947227732,
pl-688011,Qumran,settlement,pin,31.74183,35.45941,-330,300,0,847.9,https://pleiades.stoa.org/places/688011,
pl-678398,Sounoua,settlement,pin,32.68646,36.87050,-30,640,0,848.3,https://pleiades.stoa.org/places/678398,
pl-678175,Hatita/Adeitha,settlement,pin,32.15748,36.16459,-30,2099,0,849.0,https://pleiades.stoa.org/places/678175,
pl-509457605,Teleilat Ghassul,"settlement, settlement-modern",pin,31.80323,35.60194,-10000,2100,0,849.6,https://pleiades.stoa.org/places/509457605,
pl-716601,Miceris,station,pin,32.12802,23.66811,-30,640,0,849.7,https://pleiades.stoa.org/places/716601,
pl-998604622,Khirbet al-Batrawy,settlement,pin,32.08722,36.07079,-3300,-2000,0,849.8,https://pleiades.stoa.org/places/998604622,
pl-347978438,Tell er-Rameh,"tell, archaeological-site",pin,31.82559,35.64455,,,0,849.8,https://pleiades.stoa.org/places/347978438,
pl-858395098,Tall el Hammam (Jordan),tell,pin,31.84049,35.67418,,,0,850.0,https://pleiades.stoa.org/places/858395098,
pl-207228,Krupac,settlement,pin,43.12831,22.68357,-30,640,0,850.0,https://pleiades.stoa.org/places/207228,
pl-697697,Livias,settlement,pin,31.83385,35.67251,-330,640,0,850.5,https://pleiades.stoa.org/places/697697,
pl-678346,Qasr el-Abyad,fort-2,pin,33.01551,37.29128,-30,300,0,850.9,https://pleiades.stoa.org/places/678346,
pl-373781,Dionysos,settlement,pin,32.51514,23.09799,-330,300,0,851.3,https://pleiades.stoa.org/places/373781,
pl-207020,Cebrus,station,pin,43.80065,23.53173,-30,640,0,851.4,https://pleiades.stoa.org/places/207020,
pl-373746,Aziris,settlement,pin,32.68378,22.88061,-750,640,0,851.6,https://pleiades.stoa.org/places/373746,
pl-677579162,Tell Iktanu,"settlement, hill",pin,31.81667,35.66667,1700,2100,0,851.8,https://pleiades.stoa.org/places/677579162,
pl-207328,Pakleštica,fort,pin,43.20656,22.74096,-30,640,0,852.1,https://pleiades.stoa.org/places/207328,
pl-357303540,'Ain Ghazal,settlement,pin,31.98846,35.97631,-10000,-3300,0,853.1,https://pleiades.stoa.org/places/357303540,
pl-678422,Thanouenoi,"label, people",pin,32.28457,36.42506,-30,300,0,853.4,https://pleiades.stoa.org/places/678422,
pl-240121542,Salkhad Castle,castle,pin,32.49387,36.71043,1200,2099,0,853.5,https://pleiades.stoa.org/places/240121542,
pl-697728,Amman/Philadelpheia,"settlement, hill",pin,31.95495,35.93462,-3300,2100,0,853.7,https://pleiades.stoa.org/places/697728,
pl-678436,Tricomia,settlement,pin,32.49134,36.71206,-30,640,0,853.8,https://pleiades.stoa.org/places/678436,
pl-696690497,Temple of Hercules at Amman/Philadelpheia,temple-2,pin,31.95375,35.93486,-140,640,0,853.9,https://pleiades.stoa.org/places/696690497,
pl-991530128,Cuneiform findspot close to the citadel of ‘Ammān,"findspot, archaeological-site",pin,31.95390,35.93770,1700,2100,0,854.0,https://pleiades.stoa.org/places/991530128,
pl-697666,Gadda?,fort,pin,32.05836,36.10705,-30,640,0,854.2,https://pleiades.stoa.org/places/697666,
pl-456828744,Roman theater at Amman/Philadelpheia,theatre,pin,31.95164,35.93932,-330,640,0,854.3,https://pleiades.stoa.org/places/456828744,
pl-373828,Hippon,station,pin,32.59919,22.93695,-30,300,0,854.6,https://pleiades.stoa.org/places/373828,
pl-859811421,‘Ammān al-Madanī civil airport,archaeological-site,pin,31.97130,35.98130,1700,2100,0,854.8,https://pleiades.stoa.org/places/859811421,
pl-373784,Errazen,settlement,pin,32.54107,23.00406,-330,300,0,855.0,https://pleiades.stoa.org/places/373784,
pl-207054,Crna Trava,fort,pin,42.87534,22.31455,-30,640,0,856.2,https://pleiades.stoa.org/places/207054,
pl-373875,Plateia? (island),"island, label",pin,32.38899,23.17370,-750,640,0,856.8,https://pleiades.stoa.org/places/373875,
pl-697686,Khirbet el-Muhatta,fort,pin,31.79024,35.71970,-30,640,0,856.9,https://pleiades.stoa.org/places/697686,
pl-481885,Korbevac,"fort-2, quarry",pin,42.61782,22.04600,-30,640,0,857.1,https://pleiades.stoa.org/places/481885,
pl-845034760,Rukeis,"fort-2, fortified-settlement",pin,32.34043,36.57060,-2000,2100,0,857.4,https://pleiades.stoa.org/places/845034760,
pl-373870,Phaia,settlement,pin,32.41468,23.12522,-750,-30,0,857.6,https://pleiades.stoa.org/places/373870,
pl-373837,Laia/Aphrodites Nesos,label,pin,32.84382,22.58995,,,0,858.1,https://pleiades.stoa.org/places/373837,
pl-207356,Pomodiana/Cumodina,fort,pin,43.82392,23.44623,-30,640,0,858.2,https://pleiades.stoa.org/places/207356,
pl-207521,Turres,station,pin,43.16645,22.60000,-30,640,0,858.2,https://pleiades.stoa.org/places/207521,
pl-482040,Zlatokop,settlement,pin,42.50393,21.91976,-30,640,0,858.6,https://pleiades.stoa.org/places/482040,
pl-4629903,Tall al-Umayri,"tell, archaeological-site",pin,31.86869,35.88798,-4000,-30,0,858.8,https://pleiades.stoa.org/places/4629903,
pl-875303419,Tell al-Mashhad,"settlement, archaeological-site",pin,31.77672,35.73796,-1200,-550,0,859.0,https://pleiades.stoa.org/places/875303419,
pl-697721,Nebo Mons (church),church-2,pin,31.76796,35.72568,-2000,640,0,859.2,https://pleiades.stoa.org/places/697721,
pl-716536,Batrachos,station,pin,32.13985,23.48291,-750,640,0,859.2,https://pleiades.stoa.org/places/716536,
pl-563265622,Mount Nebo,mountain,pin,31.76742,35.72513,1700,2100,0,859.2,https://pleiades.stoa.org/places/563265622,
pl-373874,Plateia,settlement,pin,32.39646,23.12217,-750,640,0,859.3,https://pleiades.stoa.org/places/373874,
pl-373816,Gasr Zeitun,temple,pin,32.62429,22.82728,-330,-30,0,859.5,https://pleiades.stoa.org/places/373816,
pl-678112,Deir el-Meyas,fort,pin,32.34954,36.62233,-30,300,0,859.7,https://pleiades.stoa.org/places/678112,
pl-678440,Umm el-Quttein,fort,pin,32.32241,36.58838,-30,300,0,859.9,https://pleiades.stoa.org/places/678440,
pl-697658,Elealeh,settlement,pin,31.81565,35.83325,-30,640,0,860.6,https://pleiades.stoa.org/places/697658,
pl-697662,Esbous,"settlement, tell",pin,31.80074,35.80901,-330,640,0,860.6,https://pleiades.stoa.org/places/697662,
pl-716620,Petras Mikros,settlement,pin,32.17278,23.41047,-330,300,0,860.6,https://pleiades.stoa.org/places/716620,
pl-482006,Stropsko,settlement,pin,42.52156,21.90741,-30,640,0,860.6,https://pleiades.stoa.org/places/482006,
pl-373780,Darnis,settlement,pin,32.76608,22.64048,-750,2100,0,860.7,https://pleiades.stoa.org/places/373780,
pl-206968,Bistreţu,fort,pin,43.89107,23.49516,-30,640,0,861.1,https://pleiades.stoa.org/places/206968,
pl-678306,Nemara,"fort-2, fort",pin,32.86474,37.28177,-30,300,0,861.3,https://pleiades.stoa.org/places/678306,
pl-481816,Dubnica,settlement,pin,42.55598,21.92263,-30,640,0,861.8,https://pleiades.stoa.org/places/481816,
pl-697724,Peraea,region,wash,31.75000,35.75000,-330,300,0,862.0,https://pleiades.stoa.org/places/697724,
pl-546227068,Tall Jawa (Al-Qwasmeh),settlement,pin,31.85760,35.93160,,,0,862.1,https://pleiades.stoa.org/places/546227068,
pl-678058,Berroka,settlement,pin,32.45900,36.80655,-30,640,0,862.1,https://pleiades.stoa.org/places/678058,
pl-481719,‘Anausaro’,station,pin,42.70760,22.05817,-30,640,0,862.3,https://pleiades.stoa.org/places/481719,
pl-716503,Aedonia (island),"island, label",pin,32.23090,23.28212,-750,2100,0,863.2,https://pleiades.stoa.org/places/716503,
pl-716560,Geziret el Marakeb,"island, monument",pin,32.23091,23.28211,-30,2100,0,863.2,https://pleiades.stoa.org/places/716560,
pl-697737,Qasr el-Hallabat,"fort-2, fort",pin,32.09291,36.32795,-30,2100,0,863.7,https://pleiades.stoa.org/places/697737,
pl-426595172,Sahab,settlement,pin,31.87867,36.00431,-4000,2100,0,864.2,https://pleiades.stoa.org/places/426595172,
pl-373916,Zephyrion Akron,cape,pin,32.80045,22.54638,1700,2100,0,864.2,https://pleiades.stoa.org/places/373916,
pl-206879,Ad Fines,"station, settlement-modern",pin,42.76821,22.08834,-30,2099,0,864.3,https://pleiades.stoa.org/places/206879,
pl-716519,Allem Dauhr,settlement,pin,32.19311,23.31260,-550,300,0,864.6,https://pleiades.stoa.org/places/716519,
pl-207235,Latina,station,pin,43.18557,22.51844,-30,640,0,865.0,https://pleiades.stoa.org/places/207235,
pl-373842,Libyarchai,"label, people",pin,32.50857,22.86775,-30,300,0,866.0,https://pleiades.stoa.org/places/373842,
pl-678289,Motha(na)/Motho?,settlement,pin,32.41855,36.81871,-330,640,0,866.1,https://pleiades.stoa.org/places/678289,
pl-207085,Dolno Linevo,fort-2,pin,43.84306,23.32577,-30,640,0,866.8,https://pleiades.stoa.org/places/207085,
pl-716646,Wadi ed-Sedd,cemetery,pin,32.15029,23.33116,-330,-30,0,867.0,https://pleiades.stoa.org/places/716646,
pl-207477,Svodje,fort,pin,42.97798,22.26009,-30,640,0,867.1,https://pleiades.stoa.org/places/207477,
pl-697701,Madaba,settlement,pin,31.71769,35.79408,-330,640,0,867.2,https://pleiades.stoa.org/places/697701,
pl-373853,Martuba,settlement,pin,32.57574,22.76150,300,640,0,867.4,https://pleiades.stoa.org/places/373853,
pl-716523,Aneiritai?,"label, people",pin,32.10969,23.37794,-30,300,0,867.7,https://pleiades.stoa.org/places/716523,
pl-373868,Paliouros,settlement,pin,32.33583,23.06123,-330,640,0,867.8,https://pleiades.stoa.org/places/373868,
pl-373772,Chersis,settlement,pin,32.85009,22.41682,-330,300,0,869.0,https://pleiades.stoa.org/places/373772,
pl-207138,Gjurgich,fort,pin,43.55105,22.87355,-30,640,0,870.3,https://pleiades.stoa.org/places/207138,
pl-206909,Almus,fort,pin,43.82562,23.23755,-30,640,0,870.5,https://pleiades.stoa.org/places/206909,
pl-206895,Afumaţi,settlement,pin,44.00204,23.47618,-30,300,0,871.5,https://pleiades.stoa.org/places/206895,
pl-207493,Temska,settlement,pin,43.29349,22.54222,-30,640,0,871.5,https://pleiades.stoa.org/places/207493,
pl-375264,Untitled,"numbered feature, church",pin,32.78820,22.43740,300,640,0,872.2,https://pleiades.stoa.org/places/375264,
pl-207146,Gorni Lom,fort,pin,43.48346,22.74508,-30,640,0,873.0,https://pleiades.stoa.org/places/207146,
pl-373890,Sidi Akreim,settlement,pin,32.79015,22.42007,-30,640,0,873.2,https://pleiades.stoa.org/places/373890,
pl-207158,Grdelica,fort,pin,42.90170,22.06998,300,640,0,874.7,https://pleiades.stoa.org/places/207158,
pl-207383,Remetodia,station,pin,43.77772,23.09500,-30,640,0,875.0,https://pleiades.stoa.org/places/207383,
pl-207384,Repište,settlement,pin,42.87116,22.03114,-30,640,0,875.3,https://pleiades.stoa.org/places/207384,
pl-678111,Deir el-Kahf,fort,pin,32.28563,36.80449,-30,640,0,875.8,https://pleiades.stoa.org/places/678111,
pl-373785,Erythron,settlement,pin,32.87316,22.27761,-30,640,0,876.6,https://pleiades.stoa.org/places/373785,
pl-697767,Ziza,settlement,pin,31.70371,35.95218,-30,640,0,876.7,https://pleiades.stoa.org/places/697767,
pl-53611473,Qasr al-Mshatta,architecturalcomplex,pin,31.73793,36.01022,661,750,0,876.8,https://pleiades.stoa.org/places/53611473,
pl-373759,Bir Tarakenet,tomb,pin,32.74768,22.39171,-550,640,0,878.2,https://pleiades.stoa.org/places/373759,
pl-373794,Gasr ar-Rakam,sanctuary,pin,32.56626,22.60268,-330,300,0,878.2,https://pleiades.stoa.org/places/373794,
pl-373829,Hydrax?,settlement,pin,32.74886,22.38599,-30,640,0,878.5,https://pleiades.stoa.org/places/373829,
pl-373908,Wadi Morgus,settlement,pin,32.85475,22.26685,-30,640,0,878.6,https://pleiades.stoa.org/places/373908,
pl-373850,el-Marazig,settlement,pin,32.83087,22.28666,-330,640,0,879.0,https://pleiades.stoa.org/places/373850,
pl-697765,Zabayir Zahr ed-Diyab,cemetery,pin,31.69559,35.98120,-30,300,0,879.0,https://pleiades.stoa.org/places/697765,
pl-375262,Siret el-Craat,church,pin,32.81350,22.30500,300,640,0,879.1,https://pleiades.stoa.org/places/375262,
pl-207487,Târgovishte,fort,pin,43.53240,22.70335,-30,1999,0,879.4,https://pleiades.stoa.org/places/207487,
pl-373735,el-Ardam,cemetery,pin,32.59997,22.53335,-330,300,0,880.0,https://pleiades.stoa.org/places/373735,
pl-373797,Gasr Bu Zayd,temple,pin,32.58268,22.54797,-330,300,0,880.4,https://pleiades.stoa.org/places/373797,
pl-375263,Untitled,"numbered feature, settlement",pin,32.83700,22.25930,300,640,0,880.4,https://pleiades.stoa.org/places/375263,
pl-373753,Beit Tamer,settlement,pin,32.78990,22.30882,-30,640,0,880.5,https://pleiades.stoa.org/places/373753,
pl-207336,Pelendava,fort,pin,44.30390,23.78188,-30,640,0,880.9,https://pleiades.stoa.org/places/207336,
pl-373862,Naustathmos,settlement,pin,32.91037,22.16636,-330,640,0,881.3,https://pleiades.stoa.org/places/373862,
pl-375257,Untitled,"numbered feature, church",pin,32.92370,22.15300,300,640,0,881.3,https://pleiades.stoa.org/places/375257,
pl-375265,Untitled,temple,pin,32.78940,22.29690,300,640,0,881.4,https://pleiades.stoa.org/places/375265,
pl-207382,Remesiana,settlement,pin,43.21450,22.29350,-30,640,0,881.9,https://pleiades.stoa.org/places/207382,
pl-373848,Ma(ra)ndis?,settlement,pin,32.58661,22.50405,-30,640,0,882.9,https://pleiades.stoa.org/places/373848,
pl-373896,Snibat el-Awila,cemetery,pin,32.87629,22.17428,-550,300,0,883.2,https://pleiades.stoa.org/places/373896,
pl-373882,Ruus el-Aslab,temple,pin,32.92380,22.11380,-330,300,0,883.9,https://pleiades.stoa.org/places/373882,
pl-546227067,Jawa (Dair El-Kahf),settlement,pin,32.33578,37.00386,-4000,-2000,0,884.0,https://pleiades.stoa.org/places/546227067,
pl-207075,Desa,settlement,pin,43.86657,23.03390,-30,640,0,885.9,https://pleiades.stoa.org/places/207075,
pl-373822,el-Gubba,settlement,pin,32.76663,22.24993,-330,640,0,886.1,https://pleiades.stoa.org/places/373822,
pl-373911,ez-Zauani,settlement,pin,32.84586,22.16104,-550,300,0,886.3,https://pleiades.stoa.org/places/373911,
pl-207326,Ovsinjac,fort,pin,43.13738,22.13736,-30,640,0,886.7,https://pleiades.stoa.org/places/207326,
pl-373809,Gasr Raqiq,settlement,pin,32.82695,22.16638,-330,300,0,887.3,https://pleiades.stoa.org/places/373809,
pl-375258,Untitled,"numbered feature, settlement",pin,32.83890,22.13670,300,640,0,888.4,https://pleiades.stoa.org/places/375258,
pl-207205,Kalna,settlement,pin,43.39971,22.40032,-30,640,0,888.6,https://pleiades.stoa.org/places/207205,
pl-697748,Saraceni,labeled feature,wash,31.75000,36.25000,-30,640,0,888.7,https://pleiades.stoa.org/places/697748,
pl-207376,Ratiaria,"settlement, fort",pin,43.81358,22.91227,-30,300,0,888.8,https://pleiades.stoa.org/places/207376,
pl-207526,‘Ulmo’,station,pin,43.26529,22.23438,-30,640,0,889.5,https://pleiades.stoa.org/places/207526,
pl-373770,Cherronesos,unknown,wash,32.50000,22.50000,-30,300,0,889.8,https://pleiades.stoa.org/places/373770,
pl-373863,Naustathmos Limen,unknown,wash,32.50000,22.50000,,,0,889.8,https://pleiades.stoa.org/places/373863,
pl-662332232,Haua Fteah,cave,pin,32.90020,22.05156,1700,2100,0,889.8,https://pleiades.stoa.org/places/662332232,
pl-207238,Leskovac,fort,pin,42.99670,21.94529,300,640,0,889.8,https://pleiades.stoa.org/places/207238,
pl-207513,Triballi,people,wash,43.50000,22.50000,-550,300,0,889.8,https://pleiades.stoa.org/places/207513,
pl-1001137,Aigyptiake,diocese-roman,wash,32.50000,22.50000,,,0,889.8,https://pleiades.stoa.org/places/1001137,
pl-1001949,Libye he Ano,province,wash,32.50000,22.50000,,,0,889.8,https://pleiades.stoa.org/places/1001949,
pl-207222,Krachimir,fort,pin,43.57404,22.56994,-30,640,0,891.0,https://pleiades.stoa.org/places/207222,
pl-375261,Untitled,"numbered feature, settlement",pin,32.63610,22.32020,300,640,0,891.1,https://pleiades.stoa.org/places/375261,
pl-373844,Limnias?,settlement,pin,32.77983,22.15578,-30,640,0,891.4,https://pleiades.stoa.org/places/373844,
pl-373881,Refaa,settlement,pin,32.78920,22.12570,-30,640,0,892.7,https://pleiades.stoa.org/places/373881,
pl-375259,Untitled,"numbered feature, settlement",pin,32.83060,22.05130,300,640,0,894.7,https://pleiades.stoa.org/places/375259,
pl-876619726,Theatre of Apollonia,theatre,pin,32.90284,21.97490,-330,2100,0,894.8,https://pleiades.stoa.org/places/876619726,
pl-373764,Buma,settlement,pin,32.77330,22.11090,-30,640,0,894.9,https://pleiades.stoa.org/places/373764,
pl-373732,Apollonia/Sozousa,port,wash,32.90234,21.97083,-750,2100,0,895.1,https://pleiades.stoa.org/places/373732,
pl-465308593,So-called East Church in Apollonia,"church-2, church",pin,32.90235,21.97083,300,2100,0,895.1,https://pleiades.stoa.org/places/465308593,
pl-321867660,So-called Residential Insula in Apollonia,architecturalcomplex,pin,32.90259,21.96990,300,2100,0,895.1,https://pleiades.stoa.org/places/321867660,
pl-589166546,So-called Palace of the Dux,architecturalcomplex,pin,32.90157,21.96979,300,2100,0,895.2,https://pleiades.stoa.org/places/589166546,
pl-305199887,So-called Roman Baths in Apollonia,bath,pin,32.90255,21.96868,-330,2100,0,895.2,https://pleiades.stoa.org/places/305199887,
pl-244211030,So-called Central Church in Apollonia,"basilica, church",pin,32.90209,21.96838,300,2100,0,895.3,https://pleiades.stoa.org/places/244211030,
pl-373806,Gasr Gebra,settlement,pin,32.81445,22.05814,-550,640,0,895.4,https://pleiades.stoa.org/places/373806,
pl-876619727,So-called West Church in Apollonia,"basilica, architecturalcomplex",pin,32.90142,21.96663,-30,2100,0,895.4,https://pleiades.stoa.org/places/876619727,
pl-190648274,So-called West Gate of Apollonia,architecturalcomplex,pin,32.90199,21.96612,-30,2100,0,895.4,https://pleiades.stoa.org/places/190648274,
pl-207256,Maglavit,settlement,pin,44.03333,23.10033,-30,300,0,895.7,https://pleiades.stoa.org/places/207256,
pl-373904,Tert,settlement,pin,32.79987,22.06691,-30,640,0,895.9,https://pleiades.stoa.org/places/373904,
pl-373791,Gabu Iunes,settlement,pin,32.80907,22.04578,-30,640,0,896.6,https://pleiades.stoa.org/places/373791,
pl-207409,Salash,fort,pin,43.61354,22.52769,-30,640,0,896.7,https://pleiades.stoa.org/places/207409,
pl-207043,Combustica,station,pin,43.71660,22.65141,-30,640,0,897.0,https://pleiades.stoa.org/places/207043,
pl-207176,Hunia Mare,settlement,pin,44.04909,23.09766,-30,300,0,897.1,https://pleiades.stoa.org/places/207176,
pl-207147,Gornja Kamenica,fort,pin,43.48826,22.36687,-30,640,0,897.4,https://pleiades.stoa.org/places/207147,
pl-206959,Basarabi,fort,pin,43.97585,22.98237,-30,300,0,897.8,https://pleiades.stoa.org/places/206959,
pl-207370,Rabisha,"settlement, quarry",pin,43.71239,22.63408,-30,640,0,897.8,https://pleiades.stoa.org/places/207370,
pl-375256,Bertelles,"church-2, basilica, ruin",pin,32.83499,21.99195,300,2099,0,898.4,https://pleiades.stoa.org/places/375256,
pl-373856,Mgarnes,settlement,pin,32.82213,21.99927,-550,640,0,898.8,https://pleiades.stoa.org/places/373856,
pl-373858,el-Mtaugat,settlement,pin,32.76310,22.04472,-550,640,0,900.0,https://pleiades.stoa.org/places/373858,
pl-207259,Makresh,fort,pin,43.76859,22.66005,-30,640,0,900.6,https://pleiades.stoa.org/places/207259,
pl-207373,*Radices,station,pin,43.28589,22.07697,-30,640,0,901.4,https://pleiades.stoa.org/places/207373,
pl-207095,Draškova kutina,fort,pin,43.23877,22.02250,-30,640,0,901.6,https://pleiades.stoa.org/places/207095,
pl-373807,Gasr Khuraybah,settlement,pin,32.86116,21.91537,-30,640,0,901.7,https://pleiades.stoa.org/places/373807,
pl-21815368,Kharaneh IV,archaeological-site,pin,31.72364,36.45432,-10000,2099,0,902.2,https://pleiades.stoa.org/places/21815368,
pl-318745558,Qasr Al-Kharanah,castle,pin,31.72896,36.46285,632,2100,0,902.3,https://pleiades.stoa.org/places/318745558,
pl-29677,Nabataea (region),region,wash,32.50000,37.50000,,,0,902.6,https://pleiades.stoa.org/places/29677,
pl-464208936,Maʿān,settlement,wash,32.50000,37.50000,-2600000,2000,0,902.6,https://pleiades.stoa.org/places/464208936,
pl-991408,Arabia (late Roman province),province-2,wash,32.50000,37.50000,,,0,902.6,https://pleiades.stoa.org/places/991408,
pl-1001942,Arabia,province,wash,32.50000,37.50000,,,0,902.6,https://pleiades.stoa.org/places/1001942,
pl-991409,Augusta Libanensis,province,wash,32.50000,37.50000,,,0,902.6,https://pleiades.stoa.org/places/991409,
pl-991410,Phoenice,province,wash,32.50000,37.50000,,,0,902.6,https://pleiades.stoa.org/places/991410,
pl-1001937,Phoinike,province,wash,32.50000,37.50000,,,0,902.6,https://pleiades.stoa.org/places/1001937,
pl-1001938,Phoinike Libanesia,province-2,wash,32.50000,37.50000,,,0,902.6,https://pleiades.stoa.org/places/1001938,
pl-1001940,Palaestina II (late Roman province),province,wash,32.50000,37.50000,300,640,0,902.6,https://pleiades.stoa.org/places/1001940,
pl-541446935,Quseir Amra,"archaeological-site, palace",pin,31.80179,36.58743,661,2099,0,903.1,https://pleiades.stoa.org/places/541446935,
pl-207218,Koshava,fort,pin,44.07326,23.02975,-30,640,0,903.1,https://pleiades.stoa.org/places/207218,
pl-373727,Agabis,settlement,pin,32.72478,22.02269,-30,640,0,904.2,https://pleiades.stoa.org/places/373727,
pl-207561,Vodna,fort,pin,43.85259,22.70557,-30,640,0,904.5,https://pleiades.stoa.org/places/207561,
pl-207026,Cetate,settlement,pin,44.10661,23.05177,-30,300,0,904.6,https://pleiades.stoa.org/places/207026,
pl-375260,Qasr Wurtij,fort-2,pin,32.58888,22.15722,-30,640,0,905.2,https://pleiades.stoa.org/places/375260,
pl-207155,Gradište,settlement,pin,43.50302,22.26054,-30,640,0,905.3,https://pleiades.stoa.org/places/207155,
pl-373884,Safsaf,"settlement, settlement-modern",pin,32.77772,21.94919,-30,2099,0,905.4,https://pleiades.stoa.org/places/373884,
pl-206975,Bononia,settlement,pin,43.99322,22.87590,-30,640,0,905.6,https://pleiades.stoa.org/places/206975,
pl-207512,Trgovište,settlement,pin,43.54351,22.29125,-30,640,0,906.4,https://pleiades.stoa.org/places/207512,
pl-207478,Svrljig,settlement,pin,43.41142,22.12294,-30,640,0,907.5,https://pleiades.stoa.org/places/207478,
pl-207141,Gomotartsi,fort,pin,44.09135,22.96791,-30,640,0,908.2,https://pleiades.stoa.org/places/207141,
pl-373754,el-Belgas,settlement,pin,32.69893,21.98794,-330,300,0,908.4,https://pleiades.stoa.org/places/373754,
pl-373769,Chaulan,settlement,pin,32.56513,22.13421,-30,300,0,908.5,https://pleiades.stoa.org/places/373769,
pl-207198,Jasen,fort,pin,44.07415,22.92024,-30,640,0,909.6,https://pleiades.stoa.org/places/207198,
pl-207500,Timacum Maius,station,pin,43.56996,22.26381,-30,640,0,910.2,https://pleiades.stoa.org/places/207500,
pl-697639,Basienis,fort,pin,31.88026,36.82735,-30,640,0,910.3,https://pleiades.stoa.org/places/697639,
pl-697740,Qasr el-'Uweinid,fort,pin,31.80473,36.73464,-30,300,0,911.2,https://pleiades.stoa.org/places/697740,
pl-207308,Niševac,settlement,pin,43.45454,22.10935,-30,640,0,911.6,https://pleiades.stoa.org/places/207308,
pl-207273,Mediana,"settlement, archaeological-site, villa",pin,43.31011,21.94879,300,640,0,911.7,https://pleiades.stoa.org/places/207273,
pl-697735,Qasr el-Aseikhin,fort,pin,31.94558,36.95276,-30,640,0,912.3,https://pleiades.stoa.org/places/697735,
pl-373855,Medinet Bu Hindi,"settlement, archaeological-site",pin,32.26387,22.41180,-30,2099,0,913.5,https://pleiades.stoa.org/places/373855,
pl-373888,Sheneishen,settlement,pin,32.63656,21.97795,-30,640,0,913.6,https://pleiades.stoa.org/places/373888,
pl-373840,Lesanikoi,"label, people",pin,32.61417,21.99848,-30,300,0,913.8,https://pleiades.stoa.org/places/373840,
pl-373788,Faidia,settlement,pin,32.68758,21.90688,-30,300,0,914.6,https://pleiades.stoa.org/places/373788,
pl-207411,Salcia,settlement,pin,44.14225,22.92860,-30,300,0,914.7,https://pleiades.stoa.org/places/207411,
pl-207501,Timacum Minus,fort,pin,43.64114,22.26537,-30,640,0,915.4,https://pleiades.stoa.org/places/207501,
pl-207518,Tsar Petrovo,fort,pin,43.95890,22.63583,-30,640,0,917.2,https://pleiades.stoa.org/places/207518,
pl-207174,Hum,fort,pin,43.35735,21.91247,-30,640,0,917.5,https://pleiades.stoa.org/places/207174,
pl-207017,Castra Martis,"fort-2, fort",pin,43.89055,22.52376,300,640,0,918.6,https://pleiades.stoa.org/places/207017,
pl-207342,Phlorentiana,fort,pin,44.13499,22.84999,300,640,0,918.7,https://pleiades.stoa.org/places/207342,
pl-207567,Vrbica,fort,pin,43.68951,22.27016,-30,640,0,918.8,https://pleiades.stoa.org/places/207567,
pl-375254,Gasr el-Maragh,fort,pin,32.52070,22.01070,300,640,0,919.8,https://pleiades.stoa.org/places/375254,
pl-375253,Gasr er-Remtiet,fort,pin,32.52250,21.95590,300,640,0,923.3,https://pleiades.stoa.org/places/375253,
pl-207566,Vratarnica,settlement,pin,43.79893,22.29785,-30,640,0,925.5,https://pleiades.stoa.org/places/207566,
pl-206992,Bučje,mine,pin,43.68318,22.13363,-30,640,0,927.1,https://pleiades.stoa.org/places/206992,
pl-373854,el-Mechili,settlement,pin,32.15841,22.27890,-30,640,0,930.0,https://pleiades.stoa.org/places/373854,
pl-207093,Dorticum,fort,pin,44.19265,22.73623,-30,640,0,930.1,https://pleiades.stoa.org/places/207093,
pl-207541,Veliki Jasenovac,mine-2,pin,44.03451,22.49704,-30,640,0,931.6,https://pleiades.stoa.org/places/207541,
pl-206997,Bukovče,fort,pin,44.17664,22.62953,-30,640,0,935.1,https://pleiades.stoa.org/places/206997,
pl-207220,Kostol,fort,pin,43.91248,22.27456,-30,640,0,935.7,https://pleiades.stoa.org/places/207220,
pl-207583,Zvezdan,settlement,pin,43.89869,22.24274,-30,640,0,936.6,https://pleiades.stoa.org/places/207583,
pl-164651501,Gruia,findspot,pin,44.26149,22.70532,-30,300,0,937.6,https://pleiades.stoa.org/places/164651501,
pl-207306,Negotin,bridge,pin,44.18173,22.57638,-30,640,0,938.7,https://pleiades.stoa.org/places/207306,
pl-207214,Koprivnica,settlement,pin,44.01620,22.35655,-30,640,0,938.8,https://pleiades.stoa.org/places/207214,
pl-207483,Tabakovac,settlement,pin,44.05958,22.40910,-30,640,0,939.0,https://pleiades.stoa.org/places/207483,
pl-32520249,"Defensive wall, Felix Romuliana",wall-2,pin,43.89926,22.18617,300,640,0,940.2,https://pleiades.stoa.org/places/32520249,
pl-207395,Romuliana,settlement,pin,43.89921,22.18575,300,640,0,940.3,https://pleiades.stoa.org/places/207395,
pl-207386,Rgotina,fort,pin,43.99037,22.29250,-30,640,0,940.7,https://pleiades.stoa.org/places/207386,
pl-207499,Timachi,"label, people",pin,43.78273,22.02911,-30,300,0,941.3,https://pleiades.stoa.org/places/207499,
pl-207260,Mala Jasikova,fort,pin,44.05220,22.33360,-30,640,0,943.0,https://pleiades.stoa.org/places/207260,
pl-207365,Prahovo,fort,pin,44.28729,22.60578,-30,640,0,945.6,https://pleiades.stoa.org/places/207365,
pl-206875,Ad Aquas?,fort,pin,44.22241,22.50186,-30,640,0,946.5,https://pleiades.stoa.org/places/206875,
pl-207452,Slatina,mine-2,pin,44.02288,22.20851,-30,640,0,948.5,https://pleiades.stoa.org/places/207452,
pl-207430,Savinac,fort,pin,43.89062,22.03192,-30,640,0,949.3,https://pleiades.stoa.org/places/207430,
pl-207535,Valakonje,mine-2,pin,43.85052,21.97155,-30,640,0,950.1,https://pleiades.stoa.org/places/207535,
pl-207325,Oštrelj,mine,pin,44.05461,22.21771,-30,640,0,950.4,https://pleiades.stoa.org/places/207325,
pl-810734826,Far Wadi al Qattafi,valley,pin,31.90583,37.53917,-10000,2099,0,950.8,https://pleiades.stoa.org/places/810734826,
pl-207402,Rusman,mine-2,pin,44.14290,22.30876,-30,640,0,951.8,https://pleiades.stoa.org/places/207402,
pl-207505,Topla,mine-2,pin,44.11071,22.22009,-30,640,0,954.6,https://pleiades.stoa.org/places/207505,
pl-207227,Krivelj,settlement,pin,44.12123,22.18729,-30,640,0,957.5,https://pleiades.stoa.org/places/207227,
pl-207247,Luka,settlement,pin,44.14340,22.21409,-30,640,0,957.6,https://pleiades.stoa.org/places/207247,
pl-207423,Šarkamen,fort,pin,44.24369,22.33033,-30,640,0,958.5,https://pleiades.stoa.org/places/207423,
pl-206976,Bor,settlement,pin,44.07773,22.09686,-30,1999,0,959.7,https://pleiades.stoa.org/places/206976,
pl-206984,Brestovačka Banja,bath,pin,44.06212,22.04978,-30,640,0,961.4,https://pleiades.stoa.org/places/206984,
pl-207581,Zlot,settlement,pin,44.01336,21.98491,-30,640,0,961.7,https://pleiades.stoa.org/places/207581,
pl-207486,Tanda,mine-2,pin,44.18949,22.14549,-30,640,0,965.4,https://pleiades.stoa.org/places/207486,
pl-207289,Miloševa kula,fort,pin,44.28701,22.14163,-30,640,0,973.4,https://pleiades.stoa.org/places/207289,
